view,frame,timestamp,image,track_id,class_id,class_name,score,x1,y1,x2,y2,filtered_x1,filtered_y1,filtered_x2,filtered_y2,association_status,source_detection_index,raw_label,mask_path,mask_score,cx,cy,depth_median,depth_weighted_mean,depth_iqr,conf_mean,x_cam,y_cam,z_cam,depth_source
right_rear,0,1772699910210538000,data\camera\right_rear_camera\1772699910210538000.jpg,-1,2,motorcycle,0.451504,1657.0,618.0,1740.0,677.0,1657.0,618.0,1740.0,677.0,unassigned,3,MOTOR,preprocessed/masks/right_rear_camera/masks/frame_000000_gt2d_003_track_-1_MOTOR.png,0.8372353911399841,1698.5,647.5,2.826777458190918,2.826211452484131,0.18892383575439453,1.0,1.8633257457586407,0.020149272480908656,2.826777458190918,da3_bbox_median
right_rear,0,1772699910210538000,data\camera\right_rear_camera\1772699910210538000.jpg,-1,3,person,0.324638,0.0,495.0,103.0,697.0,0.0,495.0,103.0,697.0,unassigned,4,PEDESTRIAN_NORMAL,preprocessed/masks/right_rear_camera/masks/frame_000000_gt2d_004_track_-1_PEDESTRIAN_NORMAL.png,0.7796964645385742,51.5,596.0,3.2442822456359863,3.393707513809204,1.010800838470459,1.0,-2.621916484483884,-0.12570151868466375,3.2442822456359863,da3_bbox_median
right_rear,0,1772699910210538000,data\camera\right_rear_camera\1772699910210538000.jpg,2000000,2,motorcycle,0.643753,1333.0,588.0,1373.0,682.0,1333.0,588.0,1373.0,682.0,matched,1,CYCLIST_MOTOR,preprocessed/masks/right_rear_camera/masks/frame_000000_gt2d_001_track_-1_CYCLIST_MOTOR.png,0.924551248550415,1353.0,635.0,2.948028326034546,2.9614439010620117,0.34003162384033203,1.0,1.035815970926617,-0.011810855269531488,2.948028326034546,da3_bbox_median
right_rear,0,1772699910210538000,data\camera\right_rear_camera\1772699910210538000.jpg,3000000,3,person,0.877983,1643.0,591.0,1673.0,676.0,1643.0,591.0,1673.0,676.0,matched,0,PEDESTRIAN_NORMAL,preprocessed/masks/right_rear_camera/masks/frame_000000_gt2d_000_track_-1_PEDESTRIAN_NORMAL.png,0.8947228789329529,1658.0,633.5,2.9152588844299316,2.925020933151245,0.3008260726928711,1.0,1.8164616208646118,-0.015574713654326671,2.9152588844299316,da3_bbox_median
right_rear,0,1772699910210538000,data\camera\right_rear_camera\1772699910210538000.jpg,3000001,3,person,0.586844,0.0,496.0,53.0,690.0,0.0,496.0,53.0,690.0,matched,2,PEDESTRIAN_NORMAL,preprocessed/masks/right_rear_camera/masks/frame_000000_gt2d_002_track_-1_PEDESTRIAN_NORMAL.png,0.859839141368866,26.5,593.0,3.213627815246582,3.3485662937164307,0.9524176120758057,1.0,-2.6687192659780945,-0.13310139989457895,3.213627815246582,da3_bbox_median
right_rear,1,1772699910310546000,data\camera\right_rear_camera\1772699910310546000.jpg,-1,3,person,0.361876,1464.0,597.0,1491.0,674.0,1464.0,597.0,1491.0,674.0,unassigned,3,PEDESTRIAN_NORMAL,preprocessed/masks/right_rear_camera/masks/frame_000001_gt2d_003_track_-1_PEDESTRIAN_NORMAL.png,0.8726823925971985,1477.5,635.5,2.8298230171203613,2.8342459201812744,0.26642322540283203,1.0,1.3081639481983436,-0.0100769519975608,2.8298230171203613,da3_bbox_median
right_rear,1,1772699910310546000,data\camera\right_rear_camera\1772699910310546000.jpg,-1,3,person,0.314982,1688.0,603.0,1720.0,679.0,1688.0,603.0,1720.0,679.0,unassigned,4,PEDESTRIAN_NORMAL,preprocessed/masks/right_rear_camera/masks/frame_000001_gt2d_004_track_-1_PEDESTRIAN_NORMAL.png,0.8895735740661621,1704.0,641.0,2.8298230171203613,2.8342459201812744,0.26642322540283203,1.0,1.8791994908270901,0.0037866840641225664,2.8298230171203613,da3_bbox_median
right_rear,1,1772699910310546000,data\camera\right_rear_camera\1772699910310546000.jpg,-1,2,motorcycle,0.309912,1662.0,617.0,1745.0,677.0,1662.0,617.0,1745.0,677.0,unassigned,5,MOTOR,preprocessed/masks/right_rear_camera/masks/frame_000001_gt2d_005_track_-1_MOTOR.png,0.8614568710327148,1703.5,647.0,2.7774083614349365,2.781566858291626,0.1968519687652588,1.0,1.8431552947897498,0.018560383102529072,2.7774083614349365,da3_bbox_median
right_rear,1,1772699910310546000,data\camera\right_rear_camera\1772699910310546000.jpg,2000000,2,motorcycle,0.773453,1321.0,588.0,1374.0,681.0,1324.168212890625,588.17822265625,1375.4490966796875,681.3104858398438,matched,1,CYCLIST_MOTOR,preprocessed/masks/right_rear_camera/masks/frame_000001_gt2d_001_track_-1_CYCLIST_MOTOR.png,0.894821286201477,1347.5,634.5,2.880136489868164,2.893728733062744,0.3421337604522705,1.0,0.9978488279530419,-0.012821595186035931,2.880136489868164,da3_bbox_median
right_rear,1,1772699910310546000,data\camera\right_rear_camera\1772699910310546000.jpg,3000000,3,person,0.825942,1654.0,592.0,1684.0,673.0,1654.1268310546875,592.0460205078125,1684.1268310546875,673.574951171875,matched,0,PEDESTRIAN_NORMAL,preprocessed/masks/right_rear_camera/masks/frame_000001_gt2d_000_track_-1_PEDESTRIAN_NORMAL.png,0.8997341394424438,1669.0,632.5,2.8499467372894287,2.8570008277893066,0.28461670875549316,1.0,1.8036960567131681,-0.017764371062986013,2.8499467372894287,da3_bbox_median
right_rear,1,1772699910310546000,data\camera\right_rear_camera\1772699910310546000.jpg,3000002,3,person,0.679535,112.0,502.0,213.0,718.0,112.0,502.0,213.0,718.0,tentative,2,PEDESTRIAN_NORMAL,preprocessed/masks/right_rear_camera/masks/frame_000001_gt2d_002_track_-1_PEDESTRIAN_NORMAL.png,0.9155833721160889,162.5,610.0,3.3136911392211914,3.488171339035034,1.1187105178833008,1.0,-2.3503147057174907,-0.08706748097347722,3.3136911392211914,da3_bbox_median
right_rear,2,1772699910410553000,data\camera\right_rear_camera\1772699910410553000.jpg,2000000,2,motorcycle,0.82448,1324.0,586.0,1378.0,681.0,1326.5770263671875,586.722900390625,1380.5670166015625,681.2719116210938,matched,0,CYCLIST_MOTOR,preprocessed/masks/right_rear_camera/masks/frame_000002_gt2d_000_track_-1_CYCLIST_MOTOR.png,0.9091936349868774,1351.0,633.5,2.8624565601348877,2.8765628337860107,0.3590683937072754,1.0,1.0006491661458845,-0.015292618268023092,2.8624565601348877,da3_bbox_median
right_rear,2,1772699910410553000,data\camera\right_rear_camera\1772699910410553000.jpg,3000000,3,person,0.808405,1666.0,592.0,1694.0,672.0,1666.2657470703125,592.2894897460938,1694.7066650390625,672.434814453125,matched,2,PEDESTRIAN_NORMAL,preprocessed/masks/right_rear_camera/masks/frame_000002_gt2d_002_track_-1_PEDESTRIAN_NORMAL.png,0.8668047189712524,1680.0,632.0,2.805237293243408,2.812652111053467,0.2983677387237549,1.0,1.8028914714162632,-0.01873506755390867,2.805237293243408,da3_bbox_median
right_rear,2,1772699910410553000,data\camera\right_rear_camera\1772699910410553000.jpg,3000003,3,person,0.812437,252.0,511.0,340.0,718.0,252.0,511.0,340.0,718.0,tentative,1,PEDESTRIAN_NORMAL,preprocessed/masks/right_rear_camera/masks/frame_000002_gt2d_001_track_-1_PEDESTRIAN_NORMAL.png,0.9027960300445557,296.0,614.5,3.2855005264282227,3.4463796615600586,1.1110095977783203,1.0,-1.9395523123134624,-0.07315727194874118,3.2855005264282227,da3_bbox_median
right_rear,3,1772699910510561000,data\camera\right_rear_camera\1772699910510561000.jpg,-1,3,person,0.377374,1696.0,597.0,1725.0,670.0,1696.0,597.0,1725.0,670.0,unassigned,3,PEDESTRIAN_NORMAL,preprocessed/masks/right_rear_camera/masks/frame_000003_gt2d_003_track_-1_PEDESTRIAN_NORMAL.png,0.8467167615890503,1710.5,633.5,2.8261027336120605,2.8295419216156006,0.2597377300262451,1.0,1.8930947530945506,-0.015098398659824276,2.8261027336120605,da3_bbox_median
right_rear,3,1772699910510561000,data\camera\right_rear_camera\1772699910510561000.jpg,-1,2,motorcycle,0.329344,1686.0,603.0,1758.0,674.0,1686.0,603.0,1758.0,674.0,unassigned,4,CYCLIST_MOTOR,preprocessed/masks/right_rear_camera/masks/frame_000003_gt2d_004_track_-1_CYCLIST_MOTOR.png,0.8590335845947266,1722.0,638.5,2.819181442260742,2.8208584785461426,0.24552178382873535,1.0,1.9173423992397527,-0.0025055111288475977,2.819181442260742,da3_bbox_median
right_rear,3,1772699910510561000,data\camera\right_rear_camera\1772699910510561000.jpg,2000000,2,motorcycle,0.810667,1327.0,586.0,1381.0,681.0,1327.5875244140625,586.0576171875,1382.3675537109375,681.061767578125,matched,0,CYCLIST_MOTOR,preprocessed/masks/right_rear_camera/masks/frame_000003_gt2d_000_track_-1_CYCLIST_MOTOR.png,0.9282939434051514,1354.0,633.5,2.902529239654541,2.9164390563964844,0.353773832321167,1.0,1.022415365473059,-0.015506705775727317,2.902529239654541,da3_bbox_median
right_rear,3,1772699910510561000,data\camera\right_rear_camera\1772699910510561000.jpg,3000000,3,person,0.792408,1676.0,593.0,1703.0,670.0,1675.8153076171875,592.9154663085938,1702.987060546875,670.3834228515625,matched,2,PEDESTRIAN_NORMAL,preprocessed/masks/right_rear_camera/masks/frame_000003_gt2d_002_track_-1_PEDESTRIAN_NORMAL.png,0.8177564144134521,1689.5,631.5,2.8463916778564453,2.8532001972198486,0.29295873641967773,1.0,1.8534318377065215,-0.020277631177634516,2.8463916778564453,da3_bbox_median
right_rear,3,1772699910510561000,data\camera\right_rear_camera\1772699910510561000.jpg,3000004,3,person,0.810149,356.0,519.0,451.0,712.0,356.0,519.0,451.0,712.0,tentative,1,PEDESTRIAN_NORMAL,preprocessed/masks/right_rear_camera/masks/frame_000003_gt2d_001_track_-1_PEDESTRIAN_NORMAL.png,0.9094901084899902,403.5,615.5,3.2577319145202637,3.3847334384918213,0.9622924327850342,1.0,-1.6111559747835609,-0.06963713606572897,3.2577319145202637,da3_bbox_median
right_rear,4,1772699910610537000,data\camera\right_rear_camera\1772699910610537000.jpg,-1,2,motorcycle,0.313443,1695.0,612.0,1766.0,673.0,1695.0,612.0,1766.0,673.0,unassigned,3,CYCLIST_MOTOR,preprocessed/masks/right_rear_camera/masks/frame_000004_gt2d_003_track_-1_CYCLIST_MOTOR.png,0.8265616297721863,1730.5,642.5,2.658376455307007,2.660565137863159,0.1940298080444336,1.0,1.8281092172771687,0.007109183445954344,2.658376455307007,da3_bbox_median
right_rear,4,1772699910610537000,data\camera\right_rear_camera\1772699910610537000.jpg,-1,2,motorcycle,0.304068,0.0,616.0,42.0,780.0,0.0,616.0,42.0,780.0,unassigned,4,MOTOR,preprocessed/masks/right_rear_camera/masks/frame_000004_gt2d_004_track_-1_MOTOR.png,0.9304898381233215,21.0,698.0,2.8702845573425293,2.925359010696411,0.5832693576812744,1.0,-2.3976583801744744,0.14957285048151597,2.8702845573425293,da3_bbox_median
right_rear,4,1772699910610537000,data\camera\right_rear_camera\1772699910610537000.jpg,-1,3,person,0.302619,1703.0,600.0,1733.0,670.0,1703.0,600.0,1733.0,670.0,unassigned,5,PEDESTRIAN_NORMAL,preprocessed/masks/right_rear_camera/masks/frame_000004_gt2d_005_track_-1_PEDESTRIAN_NORMAL.png,0.8124063611030579,1718.0,635.0,2.6893134117126465,2.6902849674224854,0.23201394081115723,1.0,1.8194345787824788,-0.010774350843118664,2.6893134117126465,da3_bbox_median
right_rear,4,1772699910610537000,data\camera\right_rear_camera\1772699910610537000.jpg,2000000,2,motorcycle,0.730031,1334.0,587.0,1383.0,681.0,1333.0147705078125,586.6104125976562,1384.38037109375,681.000244140625,matched,1,CYCLIST_MOTOR,preprocessed/masks/right_rear_camera/masks/frame_000004_gt2d_001_track_-1_CYCLIST_MOTOR.png,0.9132439494132996,1358.5,634.0,2.7696797847747803,2.783015727996826,0.33208465576171875,1.0,0.9867231266462296,-0.013563415858805264,2.7696797847747803,da3_bbox_median
right_rear,4,1772699910610537000,data\camera\right_rear_camera\1772699910610537000.jpg,3000000,3,person,0.701601,1686.0,593.0,1713.0,670.0,1685.998779296875,593.0918579101562,1712.83349609375,669.8052978515625,matched,2,PEDESTRIAN_NORMAL,preprocessed/masks/right_rear_camera/masks/frame_000004_gt2d_002_track_-1_PEDESTRIAN_NORMAL.png,0.8185162544250488,1699.5,631.5,2.716169834136963,2.7226972579956055,0.27719783782958984,1.0,1.7928364363024727,-0.019349933651409384,2.716169834136963,da3_bbox_median
right_rear,4,1772699910610537000,data\camera\right_rear_camera\1772699910610537000.jpg,3000005,3,person,0.815045,447.0,529.0,552.0,709.0,447.0,529.0,552.0,709.0,tentative,0,PEDESTRIAN_NORMAL,preprocessed/masks/right_rear_camera/masks/frame_000004_gt2d_000_track_-1_PEDESTRIAN_NORMAL.png,0.9092473387718201,499.5,619.0,3.0692148208618164,3.1776254177093506,0.8383595943450928,1.0,-1.2554193174354327,-0.05603875623149636,3.0692148208618164,da3_bbox_median
right_rear,5,1772699910710545000,data\camera\right_rear_camera\1772699910710545000.jpg,-1,3,person,0.461544,1353.0,588.0,1385.0,677.0,1353.0,588.0,1385.0,677.0,unassigned,3,PEDESTRIAN_NORMAL,preprocessed/masks/right_rear_camera/masks/frame_000005_gt2d_003_track_-1_PEDESTRIAN_NORMAL.png,0.8742110729217529,1369.0,632.5,2.7933170795440674,2.8017003536224365,0.31642866134643555,1.0,1.0212744718438966,-0.01741138542988773,2.7933170795440674,da3_bbox_median
right_rear,5,1772699910710545000,data\camera\right_rear_camera\1772699910710545000.jpg,-1,3,person,0.419506,1714.0,601.0,1740.0,672.0,1714.0,601.0,1740.0,672.0,unassigned,4,PEDESTRIAN_NORMAL,preprocessed/masks/right_rear_camera/masks/frame_000005_gt2d_004_track_-1_PEDESTRIAN_NORMAL.png,0.8735148310661316,1727.0,636.5,2.7337698936462402,2.7321832180023193,0.23469066619873047,1.0,1.8714312528222894,-0.0072998065365227115,2.7337698936462402,da3_bbox_median
right_rear,5,1772699910710545000,data\camera\right_rear_camera\1772699910710545000.jpg,2000001,2,motorcycle,0.644301,0.0,592.0,215.0,766.0,0.0,592.0,215.0,766.0,tentative,2,MOTOR,preprocessed/masks/right_rear_camera/masks/frame_000005_gt2d_002_track_-1_MOTOR.png,0.9451852440834045,107.5,679.0,2.9713311195373535,3.0415210723876953,0.6646583080291748,1.0,-2.2530836578655107,0.10455099270961424,2.9713311195373535,da3_bbox_median
right_rear,5,1772699910710545000,data\camera\right_rear_camera\1772699910710545000.jpg,3000000,3,person,0.757744,1695.0,594.0,1722.0,672.0,1696.1690673828125,594.2505493164062,1722.9351806640625,671.5267944335938,matched,1,PEDESTRIAN_NORMAL,preprocessed/masks/right_rear_camera/masks/frame_000005_gt2d_001_track_-1_PEDESTRIAN_NORMAL.png,0.8721822500228882,1708.5,633.0,2.7601561546325684,2.7656965255737305,0.2790687084197998,1.0,1.8440016188084332,-0.015975383067926143,2.7601561546325684,da3_bbox_median
right_rear,5,1772699910710545000,data\camera\right_rear_camera\1772699910710545000.jpg,3000006,3,person,0.802313,539.0,538.0,630.0,704.0,539.0,538.0,630.0,704.0,tentative,0,PEDESTRIAN_NORMAL,preprocessed/masks/right_rear_camera/masks/frame_000005_gt2d_000_track_-1_PEDESTRIAN_NORMAL.png,0.9042022228240967,584.5,621.0,3.066662311553955,3.1527884006500244,0.7466070652008057,1.0,-1.0221440627214178,-0.05052890087875111,3.066662311553955,da3_bbox_median
right_rear,6,1772699910810552000,data\camera\right_rear_camera\1772699910810552000.jpg,-1,0,bicycle,0.450003,0.0,606.0,102.0,765.0,0.0,606.0,102.0,765.0,unassigned,3,BICYCLE,preprocessed/masks/right_rear_camera/masks/frame_000006_gt2d_003_track_-1_BICYCLE.png,0.901318371295929,51.0,685.5,2.8911142349243164,2.9405040740966797,0.5462422370910645,1.0,-2.3377862035170187,0.11846759966809457,2.8911142349243164,da3_bbox_median
right_rear,6,1772699910810552000,data\camera\right_rear_camera\1772699910810552000.jpg,-1,1,car,0.389778,1695.0,0.0,1919.0,82.0,1695.0,0.0,1919.0,82.0,unassigned,4,VEHICLE_CAR,preprocessed/masks/right_rear_camera/masks/frame_000006_gt2d_004_track_-1_VEHICLE_CAR.png,0.9575842618942261,1807.0,41.0,13.657088279724121,14.14148235321045,14.38461685180664,0.9983108043670654,10.322488031291563,-7.28074494899024,13.657088279724121,da3_bbox_median
right_rear,6,1772699910810552000,data\camera\right_rear_camera\1772699910810552000.jpg,2000002,2,motorcycle,0.691096,176.0,583.0,355.0,756.0,176.0,583.0,355.0,756.0,tentative,2,MOTOR,preprocessed/masks/right_rear_camera/masks/frame_000006_gt2d_002_track_-1_MOTOR.png,0.953099250793457,265.5,669.5,3.0110340118408203,3.082359790802002,0.6702389717102051,1.0,-1.859343024680073,0.08046829359641941,3.0110340118408203,da3_bbox_median
right_rear,6,1772699910810552000,data\camera\right_rear_camera\1772699910810552000.jpg,3000000,3,person,0.780458,1704.0,594.0,1731.0,673.0,1704.3953857421875,594.3092041015625,1731.16943359375,672.5357666015625,matched,1,PEDESTRIAN_NORMAL,preprocessed/masks/right_rear_camera/masks/frame_000006_gt2d_001_track_-1_PEDESTRIAN_NORMAL.png,0.8624093532562256,1717.5,633.5,2.771671772003174,2.7783541679382324,0.2748136520385742,1.0,1.873918842157663,-0.014807602310479187,2.771671772003174,da3_bbox_median
right_rear,6,1772699910810552000,data\camera\right_rear_camera\1772699910810552000.jpg,3000007,3,person,0.799516,626.0,540.0,700.0,701.0,626.0,540.0,700.0,701.0,tentative,0,PEDESTRIAN_NORMAL,preprocessed/masks/right_rear_camera/masks/frame_000006_gt2d_000_track_-1_PEDESTRIAN_NORMAL.png,0.8899966478347778,663.0,620.5,3.051915168762207,3.125659465789795,0.6873688697814941,1.0,-0.8037877531588328,-0.051645159278615134,3.051915168762207,da3_bbox_median
right_rear,7,1772699910910560000,data\camera\right_rear_camera\1772699910910560000.jpg,-1,0,bicycle,0.497808,130.0,615.0,270.0,745.0,130.0,615.0,270.0,745.0,unassigned,4,BICYCLE,preprocessed/masks/right_rear_camera/masks/frame_000007_gt2d_004_track_-1_BICYCLE.png,0.8732177019119263,200.0,680.0,2.826955556869507,2.858158826828003,0.45076608657836914,1.0,-1.9106393423233752,0.10198901672891028,2.826955556869507,da3_bbox_median
right_rear,7,1772699910910560000,data\camera\right_rear_camera\1772699910910560000.jpg,-1,3,person,0.333622,1729.0,601.0,1755.0,669.0,1729.0,601.0,1755.0,669.0,unassigned,5,PEDESTRIAN_NORMAL,preprocessed/masks/right_rear_camera/masks/frame_000007_gt2d_005_track_-1_PEDESTRIAN_NORMAL.png,0.7632508277893066,1742.0,635.0,2.6988768577575684,2.698406457901001,0.23627233505249023,1.0,1.883611851389891,-0.010812665426502088,2.6988768577575684,da3_bbox_median
right_rear,7,1772699910910560000,data\camera\right_rear_camera\1772699910910560000.jpg,2000000,2,motorcycle,0.702033,1340.0,585.0,1391.0,678.0,1340.75634765625,585.38671875,1391.8994140625,678.5523681640625,matched,2,CYCLIST_MOTOR,preprocessed/masks/right_rear_camera/masks/frame_000007_gt2d_002_track_-1_CYCLIST_MOTOR.png,0.8914296627044678,1365.5,631.5,2.7797932624816895,2.793266534805298,0.3383216857910156,1.0,1.0076620354754326,-0.01980318554371487,2.7797932624816895,da3_bbox_median
right_rear,7,1772699910910560000,data\camera\right_rear_camera\1772699910910560000.jpg,2000003,2,motorcycle,0.602217,336.0,588.0,484.0,744.0,336.0,588.0,484.0,744.0,tentative,3,MOTOR,preprocessed/masks/right_rear_camera/masks/frame_000007_gt2d_003_track_-1_MOTOR.png,0.94157874584198,410.0,666.0,2.9445738792419434,2.999676465988159,0.6097705364227295,1.0,-1.4392275269820094,0.06951211817399576,2.9445738792419434,da3_bbox_median
right_rear,7,1772699910910560000,data\camera\right_rear_camera\1772699910910560000.jpg,3000000,3,person,0.760077,1712.0,597.0,1737.0,669.0,1712.13525390625,596.3395385742188,1737.540283203125,670.1035766601562,matched,1,PEDESTRIAN_NORMAL,preprocessed/masks/right_rear_camera/masks/frame_000007_gt2d_001_track_-1_PEDESTRIAN_NORMAL.png,0.8668229579925537,1724.5,633.0,2.706585645675659,2.7095987796783447,0.24774622917175293,1.0,1.8467936508962848,-0.01566532474014131,2.706585645675659,da3_bbox_median
right_rear,7,1772699910910560000,data\camera\right_rear_camera\1772699910910560000.jpg,3000008,3,person,0.838708,705.0,541.0,766.0,697.0,705.0,541.0,766.0,697.0,tentative,0,PEDESTRIAN_NORMAL,preprocessed/masks/right_rear_camera/masks/frame_000007_gt2d_000_track_-1_PEDESTRIAN_NORMAL.png,0.9211641550064087,735.5,619.0,3.0001883506774902,3.071556568145752,0.698002815246582,1.0,-0.596378473319995,-0.05477844772852427,3.0001883506774902,da3_bbox_median
right_rear,8,1772699911010523000,data\camera\right_rear_camera\1772699911010523000.jpg,-1,3,person,0.379255,1735.0,603.0,1766.0,673.0,1735.0,603.0,1766.0,673.0,unassigned,5,PEDESTRIAN_NORMAL,preprocessed/masks/right_rear_camera/masks/frame_000008_gt2d_005_track_-1_PEDESTRIAN_NORMAL.png,0.8084702491760254,1750.5,638.0,2.7680044174194336,2.7659709453582764,0.2220442295074463,1.0,1.9528191099444254,-0.003692826341579037,2.7680044174194336,da3_bbox_median
right_rear,8,1772699911010523000,data\camera\right_rear_camera\1772699911010523000.jpg,-1,3,person,0.307795,1591.0,595.0,1615.0,666.0,1591.0,595.0,1615.0,666.0,unassigned,6,PEDESTRIAN_NORMAL,preprocessed/masks/right_rear_camera/masks/frame_000008_gt2d_006_track_-1_PEDESTRIAN_NORMAL.png,0.750059187412262,1603.0,630.5,2.7740607261657715,2.775604724884033,0.23325872421264648,1.0,1.5925531155225117,-0.02223333799751129,2.7740607261657715,da3_bbox_median
right_rear,8,1772699911010523000,data\camera\right_rear_camera\1772699911010523000.jpg,0,0,bicycle,0.533257,283.0,609.0,415.0,743.0,283.0,609.0,415.0,743.0,tentative,4,BICYCLE,preprocessed/masks/right_rear_camera/masks/frame_000008_gt2d_004_track_-1_BICYCLE.png,0.8508068323135376,349.0,676.0,2.9125053882598877,2.9462103843688965,0.4481344223022461,1.0,-1.5818355780174245,0.09469818521727931,2.9125053882598877,da3_bbox_median
right_rear,8,1772699911010523000,data\camera\right_rear_camera\1772699911010523000.jpg,2000000,2,motorcycle,0.765944,1341.0,583.0,1394.0,679.0,1341.964599609375,583.8335571289062,1394.374755859375,678.9483032226562,matched,0,CYCLIST_MOTOR,preprocessed/masks/right_rear_camera/masks/frame_000008_gt2d_000_track_-1_CYCLIST_MOTOR.png,0.8843927383422852,1367.5,631.0,2.8421053886413574,2.853698253631592,0.3178119659423828,1.0,1.035314030816228,-0.02151289655247916,2.8421053886413574,da3_bbox_median
right_rear,8,1772699911010523000,data\camera\right_rear_camera\1772699911010523000.jpg,2000004,2,motorcycle,0.573423,471.0,591.0,598.0,738.0,471.0,591.0,598.0,738.0,tentative,3,MOTOR,preprocessed/masks/right_rear_camera/masks/frame_000008_gt2d_003_track_-1_MOTOR.png,0.9289761781692505,534.5,664.5,2.9673995971679688,3.0115137100219727,0.5258567333221436,1.0,-1.1212438286501878,0.06608615061878845,2.9673995971679688,da3_bbox_median
right_rear,8,1772699911010523000,data\camera\right_rear_camera\1772699911010523000.jpg,3000000,3,person,0.688796,1721.0,598.0,1747.0,671.0,1721.1846923828125,597.9489135742188,1746.831298828125,670.8121948242188,matched,2,PEDESTRIAN_NORMAL,preprocessed/masks/right_rear_camera/masks/frame_000008_gt2d_002_track_-1_PEDESTRIAN_NORMAL.png,0.8419677019119263,1734.0,634.5,2.7740607261657715,2.775604724884033,0.23325872421264648,1.0,1.9163129125184022,-0.012349374336077554,2.7740607261657715,da3_bbox_median
right_rear,8,1772699911010523000,data\camera\right_rear_camera\1772699911010523000.jpg,3000009,3,person,0.762057,771.0,548.0,819.0,693.0,771.0,548.0,819.0,693.0,tentative,1,PEDESTRIAN_NORMAL,preprocessed/masks/right_rear_camera/masks/frame_000008_gt2d_001_track_-1_PEDESTRIAN_NORMAL.png,0.8710241317749023,795.0,620.5,3.0152907371520996,3.0689971446990967,0.5816693305969238,1.0,-0.4395418750056317,-0.05102539283708593,3.0152907371520996,da3_bbox_median
right_rear,9,1772699911110653000,data\camera\right_rear_camera\1772699911110653000.jpg,-1,1,car,0.440238,0.0,617.0,75.0,763.0,0.0,617.0,75.0,763.0,unassigned,4,VEHICLE_CAR,preprocessed/masks/right_rear_camera/masks/frame_000009_gt2d_004_track_-1_VEHICLE_CAR.png,0.9517650008201599,37.5,690.0,2.9412403106689453,2.98275089263916,0.5041930675506592,1.0,-2.4136939740788312,0.13231116492444916,2.9412403106689453,da3_bbox_median
right_rear,9,1772699911110653000,data\camera\right_rear_camera\1772699911110653000.jpg,-1,0,bicycle,0.400472,391.0,616.0,540.0,733.0,391.0,616.0,540.0,733.0,unassigned,5,BICYCLE,preprocessed/masks/right_rear_camera/masks/frame_000009_gt2d_005_track_-1_BICYCLE.png,0.7985751032829285,465.5,674.5,2.9540653228759766,2.9788384437561035,0.40821075439453125,1.0,-1.2978008203803282,0.0921024843301817,2.9540653228759766,da3_bbox_median
right_rear,9,1772699911110653000,data\camera\right_rear_camera\1772699911110653000.jpg,2000000,2,motorcycle,0.564114,1348.0,584.0,1394.0,677.0,1346.614013671875,583.7556762695312,1394.731201171875,677.4786376953125,matched,3,CYCLIST_MOTOR,preprocessed/masks/right_rear_camera/masks/frame_000009_gt2d_003_track_-1_CYCLIST_MOTOR.png,0.8833678960800171,1371.0,630.5,2.92083740234375,2.933215379714966,0.33569979667663574,1.0,1.0731020534893763,-0.02340971291275215,2.92083740234375,da3_bbox_median
right_rear,9,1772699911110653000,data\camera\right_rear_camera\1772699911110653000.jpg,2000005,2,motorcycle,0.564722,589.0,595.0,691.0,729.0,589.0,595.0,691.0,729.0,tentative,2,MOTOR,preprocessed/masks/right_rear_camera/masks/frame_000009_gt2d_002_track_-1_MOTOR.png,0.9378300905227661,640.0,662.0,3.023498058319092,3.060285806655884,0.4965658187866211,1.0,-0.8582580411117247,0.06060256199232968,3.023498058319092,da3_bbox_median
right_rear,9,1772699911110653000,data\camera\right_rear_camera\1772699911110653000.jpg,3000000,3,person,0.727334,1729.0,597.0,1755.0,670.0,1729.0623779296875,597.5247802734375,1754.80712890625,670.1196899414062,matched,1,PEDESTRIAN_NORMAL,preprocessed/masks/right_rear_camera/masks/frame_000009_gt2d_001_track_-1_PEDESTRIAN_NORMAL.png,0.8443347215652466,1742.0,633.5,2.848198890686035,2.8505423069000244,0.24901103973388672,1.0,1.9878273327629046,-0.015216446947448472,2.848198890686035,da3_bbox_median
right_rear,9,1772699911110653000,data\camera\right_rear_camera\1772699911110653000.jpg,3000010,3,person,0.823975,824.0,553.0,878.0,692.0,824.0,553.0,878.0,692.0,tentative,0,PEDESTRIAN_NORMAL,preprocessed/masks/right_rear_camera/masks/frame_000009_gt2d_000_track_-1_PEDESTRIAN_NORMAL.png,0.89888596534729,851.0,622.5,3.0791893005371094,3.128413200378418,0.5769548416137695,1.0,-0.2952320748893401,-0.046621130375284425,3.0791893005371094,da3_bbox_median
right_rear,10,1772699911210630000,data\camera\right_rear_camera\1772699911210630000.jpg,-1,0,bicycle,0.443986,502.0,612.0,644.0,728.0,502.0,612.0,644.0,728.0,unassigned,5,BICYCLE,preprocessed/masks/right_rear_camera/masks/frame_000010_gt2d_005_track_-1_BICYCLE.png,0.6925404071807861,573.0,670.0,3.041872978210449,3.0649001598358154,0.4068431854248047,1.0,-1.0450471058326463,0.08264722084606846,3.041872978210449,da3_bbox_median
right_rear,10,1772699911210630000,data\camera\right_rear_camera\1772699911210630000.jpg,-1,1,car,0.336973,1691.0,0.0,1919.0,91.0,1691.0,0.0,1919.0,91.0,unassigned,6,VEHICLE_CAR,preprocessed/masks/right_rear_camera/masks/frame_000010_gt2d_006_track_-1_VEHICLE_CAR.png,0.916557788848877,1805.0,45.5,15.508806228637695,14.562984466552734,13.1793794631958,1.0,11.694444905811151,-8.205751267820114,15.508806228637695,da3_bbox_median
right_rear,10,1772699911210630000,data\camera\right_rear_camera\1772699911210630000.jpg,2000000,2,motorcycle,0.648951,1345.0,584.0,1396.0,681.0,1345.8826904296875,583.5874633789062,1395.8331298828125,679.4906616210938,matched,3,CYCLIST_MOTOR,preprocessed/masks/right_rear_camera/masks/frame_000010_gt2d_003_track_-1_CYCLIST_MOTOR.png,0.8507502675056458,1370.5,632.5,3.02327036857605,3.0381174087524414,0.3589799404144287,1.0,1.1093887114856853,-0.018844736972942675,3.02327036857605,da3_bbox_median
right_rear,10,1772699911210630000,data\camera\right_rear_camera\1772699911210630000.jpg,2000006,2,motorcycle,0.654494,1.0,575.0,236.0,763.0,1.0,575.0,236.0,763.0,tentative,2,MOTOR,preprocessed/masks/right_rear_camera/masks/frame_000010_gt2d_002_track_-1_MOTOR.png,0.9602034091949463,118.5,669.0,3.183290958404541,3.273441791534424,0.7643589973449707,1.0,-2.382610915758541,0.08365401340935637,3.183290958404541,da3_bbox_median
right_rear,10,1772699911210630000,data\camera\right_rear_camera\1772699911210630000.jpg,3000000,3,person,0.710882,1737.0,598.0,1761.0,666.0,1736.7210693359375,597.8628540039062,1761.1612548828125,666.99560546875,matched,1,PEDESTRIAN_NORMAL,preprocessed/masks/right_rear_camera/masks/frame_000010_gt2d_001_track_-1_PEDESTRIAN_NORMAL.png,0.7960284352302551,1749.0,632.0,2.931415557861328,2.927373170852661,0.24126052856445312,1.0,2.0641877392322323,-0.019577762151312402,2.931415557861328,da3_bbox_median
right_rear,10,1772699911210630000,data\camera\right_rear_camera\1772699911210630000.jpg,3000011,3,person,0.833551,876.0,558.0,931.0,690.0,876.0,558.0,931.0,690.0,tentative,0,PEDESTRIAN_NORMAL,preprocessed/masks/right_rear_camera/masks/frame_000010_gt2d_000_track_-1_PEDESTRIAN_NORMAL.png,0.8806051015853882,903.5,624.0,3.1524057388305664,3.193441390991211,0.546119213104248,1.0,-0.15480466860896672,-0.04351767781511502,3.1524057388305664,da3_bbox_median
right_rear,10,1772699911210630000,data\camera\right_rear_camera\1772699911210630000.jpg,3000012,3,person,0.518169,692.0,594.0,775.0,722.0,692.0,594.0,775.0,722.0,tentative,4,PEDESTRIAN_NORMAL,preprocessed/masks/right_rear_camera/masks/frame_000010_gt2d_004_track_-1_PEDESTRIAN_NORMAL.png,0.9256569147109985,733.5,658.0,3.1004674434661865,3.129988670349121,0.4717092514038086,1.0,-0.6218364840371217,0.05109837625823053,3.1004674434661865,da3_bbox_median
right_rear,11,1772699911310637000,data\camera\right_rear_camera\1772699911310637000.jpg,-1,3,person,0.469461,226.0,579.0,373.0,741.0,226.0,579.0,373.0,741.0,unassigned,4,PEDESTRIAN_NORMAL,preprocessed/masks/right_rear_camera/masks/frame_000011_gt2d_004_track_-1_PEDESTRIAN_NORMAL.png,0.9368854761123657,299.5,660.0,3.1857247352600098,3.246295928955078,0.6169888973236084,1.0,-1.8707172566723702,0.05817885009567799,3.1857247352600098,da3_bbox_median
right_rear,11,1772699911310637000,data\camera\right_rear_camera\1772699911310637000.jpg,-1,0,bicycle,0.417209,501.0,595.0,704.0,727.0,501.0,595.0,704.0,727.0,unassigned,5,BICYCLE,preprocessed/masks/right_rear_camera/masks/frame_000011_gt2d_005_track_-1_BICYCLE.png,0.7674039006233215,602.5,661.0,3.0920567512512207,3.124263048171997,0.45221471786499023,1.0,-0.9810226352385997,0.0592224971597897,3.0920567512512207,da3_bbox_median
right_rear,11,1772699911310637000,data\camera\right_rear_camera\1772699911310637000.jpg,-1,0,bicycle,0.339594,118.0,669.0,286.0,747.0,118.0,669.0,286.0,747.0,unassigned,6,BICYCLE,preprocessed/masks/right_rear_camera/masks/frame_000011_gt2d_006_track_-1_BICYCLE.png,0.8396940231323242,202.0,708.0,2.89892578125,2.908525228500366,0.2184581756591797,1.0,-1.954116087547243,0.1768875108083689,2.89892578125,da3_bbox_median
right_rear,11,1772699911310637000,data\camera\right_rear_camera\1772699911310637000.jpg,-1,3,person,0.325051,1887.0,589.0,1903.0,636.0,1887.0,589.0,1903.0,636.0,unassigned,7,PEDESTRIAN_NORMAL,preprocessed/masks/right_rear_camera/masks/frame_000011_gt2d_007_track_-1_PEDESTRIAN_NORMAL.png,0.8500065803527832,1895.0,612.5,2.8774144649505615,2.8569653034210205,0.14892888069152832,1.0,2.4004373922488966,-0.06919664612769233,2.8774144649505615,da3_bbox_median
right_rear,11,1772699911310637000,data\camera\right_rear_camera\1772699911310637000.jpg,-1,0,bicycle,0.323834,601.0,613.0,704.0,721.0,601.0,613.0,704.0,721.0,unassigned,8,BICYCLE,preprocessed/masks/right_rear_camera/masks/frame_000011_gt2d_008_track_-1_BICYCLE.png,0.8726712465286255,652.5,667.0,3.0300087928771973,3.0457956790924072,0.35304784774780273,1.0,-0.8263627391616754,0.074227943806072,3.0300087928771973,da3_bbox_median
right_rear,11,1772699911310637000,data\camera\right_rear_camera\1772699911310637000.jpg,-1,1,car,0.316521,1705.0,0.0,1919.0,78.0,1705.0,0.0,1919.0,78.0,unassigned,9,VEHICLE_CAR,preprocessed/masks/right_rear_camera/masks/frame_000011_gt2d_009_track_-1_VEHICLE_CAR.png,0.9596081376075745,1812.0,39.0,15.591146469116211,14.033513069152832,13.033239364624023,1.0,11.853766288025364,-8.339588366327332,15.591146469116211,da3_bbox_median
right_rear,11,1772699911310637000,data\camera\right_rear_camera\1772699911310637000.jpg,2000000,2,motorcycle,0.732287,1346.0,585.0,1403.0,678.0,1347.3140869140625,584.8477172851562,1401.893798828125,678.8920288085938,matched,2,CYCLIST_MOTOR,preprocessed/masks/right_rear_camera/masks/frame_000011_gt2d_002_track_-1_CYCLIST_MOTOR.png,0.8890525698661804,1374.5,631.5,3.0162062644958496,3.0276358127593994,0.3183162212371826,1.0,1.1175452577941134,-0.02148738652622009,3.0162062644958496,da3_bbox_median
right_rear,11,1772699911310637000,data\camera\right_rear_camera\1772699911310637000.jpg,2000007,2,motorcycle,0.678816,778.0,599.0,856.0,719.0,778.0,599.0,856.0,719.0,tentative,3,MOTOR,preprocessed/masks/right_rear_camera/masks/frame_000011_gt2d_003_track_-1_MOTOR.png,0.8992679715156555,817.0,659.0,3.077155113220215,3.098750114440918,0.4071316719055176,1.0,-0.388247350183284,0.05345514079807739,3.077155113220215,da3_bbox_median
right_rear,11,1772699911310637000,data\camera\right_rear_camera\1772699911310637000.jpg,3000000,3,person,0.768212,1743.0,599.0,1767.0,667.0,1744.2169189453125,599.2526245117188,1768.1962890625,667.1738891601562,matched,1,PEDESTRIAN_NORMAL,preprocessed/masks/right_rear_camera/masks/frame_000011_gt2d_001_track_-1_PEDESTRIAN_NORMAL.png,0.8590044975280762,1755.0,633.0,2.942200183868408,2.937303066253662,0.22278547286987305,1.0,2.087509328944445,-0.017029027477641952,2.942200183868408,da3_bbox_median
right_rear,11,1772699911310637000,data\camera\right_rear_camera\1772699911310637000.jpg,3000013,3,person,0.823173,932.0,559.0,981.0,688.0,932.0,559.0,981.0,688.0,tentative,0,PEDESTRIAN_NORMAL,preprocessed/masks/right_rear_camera/masks/frame_000011_gt2d_000_track_-1_PEDESTRIAN_NORMAL.png,0.879949688911438,956.5,623.5,3.130465507507324,3.168755531311035,0.4999244213104248,1.0,-0.0059115915004259,-0.04460903085501555,3.130465507507324,da3_bbox_median
right_rear,12,1772699911410645000,data\camera\right_rear_camera\1772699911410645000.jpg,-1,2,motorcycle,0.445934,272.0,587.0,495.0,744.0,272.0,587.0,495.0,744.0,unassigned,4,MOTOR,preprocessed/masks/right_rear_camera/masks/frame_000012_gt2d_004_track_-1_MOTOR.png,0.9180199503898621,383.5,665.5,3.2692441940307617,3.3259849548339844,0.6196138858795166,1.0,-1.675101822226672,0.0757205246014508,3.2692441940307617,da3_bbox_median
right_rear,12,1772699911410645000,data\camera\right_rear_camera\1772699911410645000.jpg,-1,2,motorcycle,0.392055,369.0,588.0,497.0,738.0,369.0,588.0,497.0,738.0,unassigned,5,MOTOR,preprocessed/masks/right_rear_camera/masks/frame_000012_gt2d_005_track_-1_MOTOR.png,0.9403330087661743,433.0,663.0,3.264894723892212,3.3155462741851807,0.587512731552124,1.0,-1.528890622516638,0.06834928282752786,3.264894723892212,da3_bbox_median
right_rear,12,1772699911410645000,data\camera\right_rear_camera\1772699911410645000.jpg,-1,0,bicycle,0.390147,648.0,608.0,820.0,727.0,648.0,608.0,820.0,727.0,unassigned,6,BICYCLE,preprocessed/masks/right_rear_camera/masks/frame_000012_gt2d_006_track_-1_BICYCLE.png,0.8567137718200684,734.0,667.5,3.1643872261047363,3.1886515617370605,0.42540740966796875,1.0,-0.6332467764256422,0.07892922979366021,3.1643872261047363,da3_bbox_median
right_rear,12,1772699911410645000,data\camera\right_rear_camera\1772699911410645000.jpg,-1,2,motorcycle,0.388273,604.0,588.0,710.0,725.0,604.0,588.0,710.0,725.0,unassigned,7,MOTOR,preprocessed/masks/right_rear_camera/masks/frame_000012_gt2d_007_track_-1_MOTOR.png,0.8819611072540283,657.0,656.5,3.238913059234619,3.2804923057556152,0.5289032459259033,1.0,-0.8703512380509049,0.04905249308211066,3.238913059234619,da3_bbox_median
right_rear,12,1772699911410645000,data\camera\right_rear_camera\1772699911410645000.jpg,-1,2,motorcycle,0.370671,0.0,530.0,110.0,775.0,0.0,530.0,110.0,775.0,unassigned,8,CYCLIST_MOTOR,preprocessed/masks/right_rear_camera/masks/frame_000012_gt2d_008_track_-1_CYCLIST_MOTOR.png,0.9260704517364502,55.0,652.5,3.5412631034851074,3.7471511363983154,1.2437121868133545,1.0,-2.8508837623922103,0.04101400393879718,3.5412631034851074,da3_bbox_median
right_rear,12,1772699911410645000,data\camera\right_rear_camera\1772699911410645000.jpg,2000000,2,motorcycle,0.715528,1348.0,584.0,1401.0,678.0,1349.0479736328125,584.5435180664062,1402.762939453125,678.5390014648438,matched,2,CYCLIST_MOTOR,preprocessed/masks/right_rear_camera/masks/frame_000012_gt2d_002_track_-1_CYCLIST_MOTOR.png,0.9028120636940002,1374.5,631.0,3.1246423721313477,3.1368520259857178,0.3470122814178467,1.0,1.1577223038032523,-0.023651518477746786,3.1246423721313477,da3_bbox_median
right_rear,12,1772699911410645000,data\camera\right_rear_camera\1772699911410645000.jpg,2000008,2,motorcycle,0.683664,857.0,601.0,927.0,714.0,857.0,601.0,927.0,714.0,tentative,3,MOTOR,preprocessed/masks/right_rear_camera/masks/frame_000012_gt2d_003_track_-1_MOTOR.png,0.9167040586471558,892.0,657.5,3.167588710784912,3.1867363452911377,0.40986132621765137,1.0,-0.18800381202040184,0.050793829883166386,3.167588710784912,da3_bbox_median
right_rear,12,1772699911410645000,data\camera\right_rear_camera\1772699911410645000.jpg,3000000,3,person,0.762978,1750.0,598.0,1775.0,667.0,1751.2520751953125,598.9243774414062,1775.7725830078125,667.1551513671875,matched,1,PEDESTRIAN_NORMAL,preprocessed/masks/right_rear_camera/masks/frame_000012_gt2d_001_track_-1_PEDESTRIAN_NORMAL.png,0.7592917680740356,1762.5,632.5,3.0441551208496094,3.0398428440093994,0.24152302742004395,1.0,2.180187588129615,-0.018974916419488723,3.0441551208496094,da3_bbox_median
right_rear,12,1772699911410645000,data\camera\right_rear_camera\1772699911410645000.jpg,3000014,3,person,0.796518,977.0,561.0,1020.0,685.0,977.0,561.0,1020.0,685.0,tentative,0,PEDESTRIAN_NORMAL,preprocessed/masks/right_rear_camera/masks/frame_000012_gt2d_000_track_-1_PEDESTRIAN_NORMAL.png,0.9298977851867676,998.5,623.0,3.224149465560913,3.25974440574646,0.4870452880859375,1.0,0.11455393632258716,-0.047379977617745796,3.224149465560913,da3_bbox_median
right_rear,13,1772699911510652000,data\camera\right_rear_camera\1772699911510652000.jpg,-1,0,bicycle,0.424782,6.0,575.0,135.0,754.0,6.0,575.0,135.0,754.0,unassigned,6,BICYCLE,preprocessed/masks/right_rear_camera/masks/frame_000013_gt2d_006_track_-1_BICYCLE.png,0.8041388392448425,70.5,664.5,3.259643077850342,3.3417611122131348,0.7333803176879883,1.0,-2.5791534211181677,0.07259462581712928,3.259643077850342,da3_bbox_median
right_rear,13,1772699911510652000,data\camera\right_rear_camera\1772699911510652000.jpg,-1,3,person,0.422968,379.0,549.0,496.0,734.0,379.0,549.0,496.0,734.0,unassigned,7,PEDESTRIAN_NORMAL,preprocessed/masks/right_rear_camera/masks/frame_000013_gt2d_007_track_-1_PEDESTRIAN_NORMAL.png,0.9264440536499023,437.5,641.5,3.377279281616211,3.48165225982666,0.8477392196655273,1.0,-1.5679783697377943,0.006023407750504026,3.377279281616211,da3_bbox_median
right_rear,13,1772699911510652000,data\camera\right_rear_camera\1772699911510652000.jpg,-1,3,person,0.34321,1611.0,595.0,1640.0,665.0,1611.0,595.0,1640.0,665.0,unassigned,8,PEDESTRIAN_NORMAL,preprocessed/masks/right_rear_camera/masks/frame_000013_gt2d_008_track_-1_PEDESTRIAN_NORMAL.png,0.6718790531158447,1625.5,630.0,3.011235475540161,3.008620023727417,0.24129557609558105,1.0,1.7890740333505215,-0.025475355749508686,3.011235475540161,da3_bbox_median
right_rear,13,1772699911510652000,data\camera\right_rear_camera\1772699911510652000.jpg,-1,0,bicycle,0.32767,744.0,614.0,891.0,718.0,744.0,614.0,891.0,718.0,unassigned,9,BICYCLE,preprocessed/masks/right_rear_camera/masks/frame_000013_gt2d_009_track_-1_BICYCLE.png,0.9088282585144043,817.5,666.0,3.088663101196289,3.106663465499878,0.3714332580566406,1.0,-0.38832345687846664,0.07291361103335242,3.088663101196289,da3_bbox_median
right_rear,13,1772699911510652000,data\camera\right_rear_camera\1772699911510652000.jpg,-1,2,motorcycle,0.310141,431.0,583.0,599.0,733.0,431.0,583.0,599.0,733.0,unassigned,10,MOTOR,preprocessed/masks/right_rear_camera/masks/frame_000013_gt2d_010_track_-1_MOTOR.png,0.9196450710296631,515.0,658.0,3.2420096397399902,3.29581356048584,0.609520435333252,1.0,-1.2813291771954325,0.053431113670731605,3.2420096397399902,da3_bbox_median
right_rear,13,1772699911510652000,data\camera\right_rear_camera\1772699911510652000.jpg,2000000,2,motorcycle,0.593767,1359.0,585.0,1399.0,675.0,1353.9083251953125,584.4578857421875,1398.6392822265625,675.7695922851562,matched,4,CYCLIST_MOTOR,preprocessed/masks/right_rear_camera/masks/frame_000013_gt2d_004_track_-1_CYCLIST_MOTOR.png,0.9097880721092224,1379.0,630.0,3.079901695251465,3.0916030406951904,0.3478429317474365,1.0,1.1534929476686493,-0.026056278891962565,3.079901695251465,da3_bbox_median
right_rear,13,1772699911510652000,data\camera\right_rear_camera\1772699911510652000.jpg,2000009,2,motorcycle,0.6494,926.0,602.0,993.0,709.0,926.0,602.0,993.0,709.0,tentative,2,MOTOR,preprocessed/masks/right_rear_camera/masks/frame_000013_gt2d_002_track_-1_MOTOR.png,0.8781158924102783,959.5,655.5,3.1207399368286133,3.1413776874542236,0.40312623977661133,1.0,0.0024477046490872113,0.04448299701795256,3.1207399368286133,da3_bbox_median
right_rear,13,1772699911510652000,data\camera\right_rear_camera\1772699911510652000.jpg,2000010,2,motorcycle,0.60098,498.0,589.0,602.0,730.0,498.0,589.0,602.0,730.0,tentative,3,MOTOR,preprocessed/masks/right_rear_camera/masks/frame_000013_gt2d_003_track_-1_MOTOR.png,0.9347639679908752,550.0,659.5,3.215837001800537,3.2600905895233154,0.5508787631988525,1.0,-1.1707088799990886,0.05729651985618556,3.215837001800537,da3_bbox_median
right_rear,13,1772699911510652000,data\camera\right_rear_camera\1772699911510652000.jpg,2000011,2,motorcycle,0.524786,692.0,613.0,793.0,718.0,692.0,613.0,793.0,718.0,tentative,5,MOTOR,preprocessed/masks/right_rear_camera/masks/frame_000013_gt2d_005_track_-1_MOTOR.png,0.9163780212402344,742.5,665.5,3.1046302318573,3.1228888034820557,0.3820667266845703,1.0,-0.597777762180866,0.07190782208285129,3.1046302318573,da3_bbox_median
right_rear,13,1772699911510652000,data\camera\right_rear_camera\1772699911510652000.jpg,3000000,3,person,0.725884,1758.0,600.0,1782.0,666.0,1756.0572509765625,599.5082397460938,1780.1123046875,665.8667602539062,matched,1,PEDESTRIAN_NORMAL,preprocessed/masks/right_rear_camera/masks/frame_000013_gt2d_001_track_-1_PEDESTRIAN_NORMAL.png,0.7365953922271729,1770.0,633.0,2.997368335723877,2.995236396789551,0.23752355575561523,1.0,2.1667074255575733,-0.017348332730557237,2.997368335723877,da3_bbox_median
right_rear,13,1772699911510652000,data\camera\right_rear_camera\1772699911510652000.jpg,3000015,3,person,0.832743,1019.0,562.0,1062.0,685.0,1019.0,562.0,1062.0,685.0,tentative,0,PEDESTRIAN_NORMAL,preprocessed/masks/right_rear_camera/masks/frame_000013_gt2d_000_track_-1_PEDESTRIAN_NORMAL.png,0.89019775390625,1040.5,623.5,3.192601442337036,3.2270894050598145,0.4869382381439209,1.0,0.23289500136353303,-0.04549446588931847,3.192601442337036,da3_bbox_median
right_rear,14,1772699911610660000,data\camera\right_rear_camera\1772699911610660000.jpg,-1,2,motorcycle,0.477827,771.0,602.0,887.0,721.0,771.0,602.0,887.0,721.0,unassigned,3,MOTOR,preprocessed/masks/right_rear_camera/masks/frame_000014_gt2d_003_track_-1_MOTOR.png,0.9192317724227905,829.0,661.5,3.217668056488037,3.2440881729125977,0.4514889717102051,1.0,-0.3715760146458611,0.06306141084407625,3.217668056488037,da3_bbox_median
right_rear,14,1772699911610660000,data\camera\right_rear_camera\1772699911610660000.jpg,-1,2,motorcycle,0.384739,604.0,609.0,691.0,728.0,604.0,609.0,691.0,728.0,unassigned,4,MOTOR,preprocessed/masks/right_rear_camera/masks/frame_000014_gt2d_004_track_-1_MOTOR.png,0.8931930661201477,647.5,668.5,3.205693006515503,3.230670690536499,0.4345412254333496,1.0,-0.8885564043628248,0.08281498561694192,3.205693006515503,da3_bbox_median
right_rear,14,1772699911610660000,data\camera\right_rear_camera\1772699911610660000.jpg,-1,2,motorcycle,0.369669,989.0,614.0,1045.0,708.0,989.0,614.0,1045.0,708.0,unassigned,5,MOTOR,preprocessed/masks/right_rear_camera/masks/frame_000014_gt2d_005_track_-1_MOTOR.png,0.8446424603462219,1017.0,661.0,3.1442620754241943,3.1587934494018555,0.3541910648345947,1.0,0.16353896628511064,0.0602223913762554,3.1442620754241943,da3_bbox_median
right_rear,14,1772699911610660000,data\camera\right_rear_camera\1772699911610660000.jpg,-1,0,bicycle,0.328227,516.0,637.0,680.0,734.0,516.0,637.0,680.0,734.0,unassigned,6,BICYCLE,preprocessed/masks/right_rear_camera/masks/frame_000014_gt2d_006_track_-1_BICYCLE.png,0.892412543296814,598.0,685.5,3.1128005981445312,3.128618001937866,0.3299741744995117,1.0,-1.000083640165265,0.12755151998248357,3.1128005981445312,da3_bbox_median
right_rear,14,1772699911610660000,data\camera\right_rear_camera\1772699911610660000.jpg,-1,2,motorcycle,0.318013,1.0,550.0,336.0,775.0,1.0,550.0,336.0,775.0,unassigned,7,VEHICLE_TRIKE,preprocessed/masks/right_rear_camera/masks/frame_000014_gt2d_007_track_-1_VEHICLE_TRIKE.png,0.8661654591560364,168.5,662.5,3.4719130992889404,3.627173900604248,1.045154094696045,1.0,-2.4439783650257576,0.07113682983807576,3.4719130992889404,da3_bbox_median
right_rear,14,1772699911610660000,data\camera\right_rear_camera\1772699911610660000.jpg,2000000,2,motorcycle,0.576013,1352.0,587.0,1402.0,679.0,1356.378173828125,587.0565185546875,1404.640869140625,678.7079467773438,matched,2,CYCLIST_MOTOR,preprocessed/masks/right_rear_camera/masks/frame_000014_gt2d_002_track_-1_CYCLIST_MOTOR.png,0.903265118598938,1377.0,633.0,3.147653579711914,3.1599390506744385,0.3558778762817383,1.0,1.1732589873647705,-0.018218161902409016,3.147653579711914,da3_bbox_median
right_rear,14,1772699911610660000,data\camera\right_rear_camera\1772699911610660000.jpg,3000000,3,person,0.731284,1764.0,601.0,1786.0,664.0,1767.464111328125,601.6234741210938,1790.0093994140625,665.3025512695312,matched,0,PEDESTRIAN_NORMAL,preprocessed/masks/right_rear_camera/masks/frame_000014_gt2d_000_track_-1_PEDESTRIAN_NORMAL.png,0.7254855036735535,1775.0,632.5,3.0578794479370117,3.050067186355591,0.22618412971496582,1.0,2.224070622897894,-0.019060463295077806,3.0578794479370117,da3_bbox_median
right_rear,14,1772699911610660000,data\camera\right_rear_camera\1772699911610660000.jpg,3000016,3,person,0.728354,1061.0,566.0,1097.0,660.0,1061.0,566.0,1097.0,660.0,tentative,1,PEDESTRIAN_NORMAL,preprocessed/masks/right_rear_camera/masks/frame_000014_gt2d_001_track_-1_PEDESTRIAN_NORMAL.png,0.9024690389633179,1079.0,613.0,3.170454263687134,3.1857385635375977,0.3704872131347656,1.0,0.3400265506717687,-0.07483168762203314,3.170454263687134,da3_bbox_median
right_rear,15,1772699911710637000,data\camera\right_rear_camera\1772699911710637000.jpg,-1,3,person,0.490016,1370.0,588.0,1399.0,672.0,1370.0,588.0,1399.0,672.0,unassigned,3,PEDESTRIAN_NORMAL,preprocessed/masks/right_rear_camera/masks/frame_000015_gt2d_003_track_-1_PEDESTRIAN_NORMAL.png,0.8354336023330688,1384.5,630.0,3.0702106952667236,3.080073595046997,0.3282203674316406,1.0,1.1649075596701104,-0.02597429205493665,3.0702106952667236,da3_bbox_median
right_rear,15,1772699911710637000,data\camera\right_rear_camera\1772699911710637000.jpg,-1,0,bicycle,0.415974,698.0,611.0,770.0,725.0,698.0,611.0,770.0,725.0,unassigned,4,BICYCLE,preprocessed/masks/right_rear_camera/masks/frame_000015_gt2d_004_track_-1_BICYCLE.png,0.8952903747558594,734.0,668.0,3.1484272480010986,3.1697583198547363,0.4372067451477051,1.0,-0.6300529180373333,0.07993336916654765,3.1484272480010986,da3_bbox_median
right_rear,15,1772699911710637000,data\camera\right_rear_camera\1772699911710637000.jpg,-1,3,person,0.36394,1044.0,573.0,1098.0,708.0,1044.0,573.0,1098.0,708.0,unassigned,5,PEDESTRIAN_NORMAL,preprocessed/masks/right_rear_camera/masks/frame_000015_gt2d_005_track_-1_PEDESTRIAN_NORMAL.png,0.8697050213813782,1071.0,640.5,3.239089250564575,3.2811849117279053,0.5768370628356934,1.0,0.32430155884400014,0.0028917301392251973,3.239089250564575,da3_bbox_median
right_rear,15,1772699911710637000,data\camera\right_rear_camera\1772699911710637000.jpg,2000012,2,motorcycle,0.507181,832.0,623.0,955.0,714.0,832.0,623.0,955.0,714.0,tentative,2,MOTOR,preprocessed/masks/right_rear_camera/masks/frame_000015_gt2d_002_track_-1_MOTOR.png,0.9201031923294067,893.5,668.5,3.057612895965576,3.0729427337646484,0.3345060348510742,1.0,-0.17739038568797924,0.0789895250377715,3.057612895965576,da3_bbox_median
right_rear,15,1772699911710637000,data\camera\right_rear_camera\1772699911710637000.jpg,3000016,3,person,0.7145,1095.0,571.0,1131.0,668.0,1093.1168212890625,570.9725952148438,1129.1168212890625,667.37255859375,matched,0,PEDESTRIAN_NORMAL,preprocessed/masks/right_rear_camera/masks/frame_000015_gt2d_000_track_-1_PEDESTRIAN_NORMAL.png,0.8877729177474976,1113.0,619.5,3.1165027618408203,3.13281512260437,0.3842470645904541,1.0,0.42864252660788027,-0.0555141450061974,3.1165027618408203,da3_bbox_median
right_rear,15,1772699911710637000,data\camera\right_rear_camera\1772699911710637000.jpg,3000017,3,person,0.68858,1771.0,603.0,1794.0,668.0,1771.0,603.0,1794.0,668.0,tentative,1,PEDESTRIAN_NORMAL,preprocessed/masks/right_rear_camera/masks/frame_000015_gt2d_001_track_-1_PEDESTRIAN_NORMAL.png,0.7333276271820068,1782.5,635.5,3.0044448375701904,3.003523349761963,0.25458383560180664,1.0,2.2052815809656128,-0.010698777352628497,3.0044448375701904,da3_bbox_median
right_rear,16,1772699911810644000,data\camera\right_rear_camera\1772699911810644000.jpg,-1,2,motorcycle,0.446362,678.0,598.0,774.0,720.0,678.0,598.0,774.0,720.0,unassigned,2,MOTOR,preprocessed/masks/right_rear_camera/masks/frame_000016_gt2d_002_track_-1_MOTOR.png,0.932670533657074,726.0,659.0,3.2246015071868896,3.2569243907928467,0.4910578727722168,1.0,-0.6682793950014302,0.05601652215834596,3.2246015071868896,da3_bbox_median
right_rear,16,1772699911810644000,data\camera\right_rear_camera\1772699911810644000.jpg,-1,2,motorcycle,0.425637,679.0,642.0,768.0,719.0,679.0,642.0,768.0,719.0,unassigned,3,MOTOR,preprocessed/masks/right_rear_camera/masks/frame_000016_gt2d_003_track_-1_MOTOR.png,0.788335919380188,723.5,680.5,3.058852195739746,3.070431709289551,0.27767276763916016,1.0,-0.6407417742423617,0.11171756323838478,3.058852195739746,da3_bbox_median
right_rear,16,1772699911810644000,data\camera\right_rear_camera\1772699911810644000.jpg,-1,3,person,0.415272,1129.0,573.0,1166.0,675.0,1129.0,573.0,1166.0,675.0,unassigned,4,PEDESTRIAN_NORMAL,preprocessed/masks/right_rear_camera/masks/frame_000016_gt2d_004_track_-1_PEDESTRIAN_NORMAL.png,0.8281489014625549,1147.5,624.0,3.1871371269226074,3.2067015171051025,0.4348752498626709,1.0,0.5363190660527242,-0.04399713048786071,3.1871371269226074,da3_bbox_median
right_rear,16,1772699911810644000,data\camera\right_rear_camera\1772699911810644000.jpg,-1,2,motorcycle,0.410719,1348.0,591.0,1390.0,676.0,1348.0,591.0,1390.0,676.0,unassigned,5,CYCLIST_MOTOR,preprocessed/masks/right_rear_camera/masks/frame_000016_gt2d_005_track_-1_CYCLIST_MOTOR.png,0.8402063846588135,1369.0,633.5,3.115234375,3.1259381771087646,0.32904052734375,1.0,1.138971785300282,-0.016643078807125566,3.115234375,da3_bbox_median
right_rear,16,1772699911810644000,data\camera\right_rear_camera\1772699911810644000.jpg,-1,2,motorcycle,0.379726,785.0,598.0,851.0,716.0,785.0,598.0,851.0,716.0,unassigned,6,MOTOR,preprocessed/masks/right_rear_camera/masks/frame_000016_gt2d_006_track_-1_MOTOR.png,0.9043527841567993,818.0,657.0,3.220801591873169,3.2463064193725586,0.47396183013916016,1.0,-0.4035018955373017,0.05021266200985034,3.220801591873169,da3_bbox_median
right_rear,16,1772699911810644000,data\camera\right_rear_camera\1772699911810644000.jpg,-1,2,motorcycle,0.325739,1091.0,607.0,1153.0,705.0,1091.0,607.0,1153.0,705.0,unassigned,7,MOTOR,preprocessed/masks/right_rear_camera/masks/frame_000016_gt2d_007_track_-1_MOTOR.png,0.8347459435462952,1122.0,656.0,3.1488037109375,3.16379714012146,0.3753960132598877,1.0,0.45833299862766236,0.046285414150144255,3.1488037109375,da3_bbox_median
right_rear,16,1772699911810644000,data\camera\right_rear_camera\1772699911810644000.jpg,2000012,2,motorcycle,0.554881,897.0,622.0,1010.0,711.0,886.58642578125,622.8252563476562,1001.58642578125,712.2252807617188,matched,0,MOTOR,preprocessed/masks/right_rear_camera/masks/frame_000016_gt2d_000_track_-1_MOTOR.png,0.9307510852813721,953.5,666.5,3.1050939559936523,3.1199939250946045,0.3351571559906006,1.0,-0.014162792357105655,0.07468442094493362,3.1050939559936523,da3_bbox_median
right_rear,16,1772699911810644000,data\camera\right_rear_camera\1772699911810644000.jpg,3000017,3,person,0.457044,1779.0,605.0,1801.0,667.0,1779.9864501953125,605.2252807617188,1802.1864013671875,667.8252563476562,matched,1,PEDESTRIAN_NORMAL,preprocessed/masks/right_rear_camera/masks/frame_000016_gt2d_001_track_-1_PEDESTRIAN_NORMAL.png,0.8169461488723755,1790.0,636.0,3.044667959213257,3.0368149280548096,0.23569703102111816,1.0,2.255149631577915,-0.009485994235068167,3.044667959213257,da3_bbox_median
right_rear,17,1772699911910651000,data\camera\right_rear_camera\1772699911910651000.jpg,-1,2,motorcycle,0.418075,170.0,572.0,287.0,777.0,170.0,572.0,287.0,777.0,unassigned,4,MOTOR,preprocessed/masks/right_rear_camera/masks/frame_000017_gt2d_004_track_-1_MOTOR.png,0.8695000410079956,228.5,674.5,3.428368091583252,3.5500004291534424,0.917475700378418,1.0,-2.2300629803035688,0.10689039811947257,3.428368091583252,da3_bbox_median
right_rear,17,1772699911910651000,data\camera\right_rear_camera\1772699911910651000.jpg,-1,0,bicycle,0.378665,1134.0,621.0,1188.0,704.0,1134.0,621.0,1188.0,704.0,unassigned,5,BICYCLE,preprocessed/masks/right_rear_camera/masks/frame_000017_gt2d_005_track_-1_BICYCLE.png,0.812450647354126,1161.0,662.5,3.0527801513671875,3.063932180404663,0.30086755752563477,1.0,0.5504268069498733,0.06254911800797633,3.0527801513671875,da3_bbox_median
right_rear,17,1772699911910651000,data\camera\right_rear_camera\1772699911910651000.jpg,-1,2,motorcycle,0.353454,753.0,634.0,838.0,716.0,753.0,634.0,838.0,716.0,unassigned,6,MOTOR,preprocessed/masks/right_rear_camera/masks/frame_000017_gt2d_006_track_-1_MOTOR.png,0.9504031538963318,795.5,675.0,3.042771816253662,3.0501303672790527,0.2797536849975586,1.0,-0.44219239512200564,0.09622336695107402,3.042771816253662,da3_bbox_median
right_rear,17,1772699911910651000,data\camera\right_rear_camera\1772699911910651000.jpg,-1,2,motorcycle,0.3323,568.0,597.0,712.0,737.0,568.0,597.0,712.0,737.0,unassigned,7,MOTOR,preprocessed/masks/right_rear_camera/masks/frame_000017_gt2d_007_track_-1_MOTOR.png,0.9206352233886719,640.0,667.0,3.2297728061676025,3.269758462905884,0.5341663360595703,1.0,-0.9168117287954869,0.07912168272453744,3.2297728061676025,da3_bbox_median
right_rear,17,1772699911910651000,data\camera\right_rear_camera\1772699911910651000.jpg,2000012,2,motorcycle,0.680532,950.0,620.0,1070.0,711.0,939.9213256835938,621.4114990234375,1058.858154296875,712.0517578125,matched,1,MOTOR,preprocessed/masks/right_rear_camera/masks/frame_000017_gt2d_001_track_-1_MOTOR.png,0.9239896535873413,1010.0,665.5,3.0720155239105225,3.085193634033203,0.3169980049133301,1.0,0.14062298167451004,0.07115241727094943,3.0720155239105225,da3_bbox_median
right_rear,17,1772699911910651000,data\camera\right_rear_camera\1772699911910651000.jpg,2000013,2,motorcycle,0.710437,1359.0,588.0,1403.0,674.0,1359.0,588.0,1403.0,674.0,tentative,0,CYCLIST_MOTOR,preprocessed/masks/right_rear_camera/masks/frame_000017_gt2d_000_track_-1_CYCLIST_MOTOR.png,0.8771904706954956,1381.0,631.0,3.077204942703247,3.087454319000244,0.3144237995147705,1.0,1.1579660011181243,-0.023292447869006937,3.077204942703247,da3_bbox_median
right_rear,17,1772699911910651000,data\camera\right_rear_camera\1772699911910651000.jpg,2000014,2,motorcycle,0.590946,0.0,563.0,125.0,755.0,0.0,563.0,125.0,755.0,tentative,2,MOTOR,preprocessed/masks/right_rear_camera/masks/frame_000017_gt2d_002_track_-1_MOTOR.png,0.9253815412521362,62.5,659.0,3.3230855464935303,3.425513982772827,0.8270697593688965,1.0,-2.653036172907257,0.057727348552791394,3.3230855464935303,da3_bbox_median
right_rear,17,1772699911910651000,data\camera\right_rear_camera\1772699911910651000.jpg,3000018,3,person,0.509065,1783.0,607.0,1804.0,667.0,1783.0,607.0,1804.0,667.0,tentative,3,PEDESTRIAN_NORMAL,preprocessed/masks/right_rear_camera/masks/frame_000017_gt2d_003_track_-1_PEDESTRIAN_NORMAL.png,0.7916164398193359,1793.5,637.0,2.9930412769317627,2.989201068878174,0.20722317695617676,1.0,2.226243252836849,-0.006659098139576932,2.9930412769317627,da3_bbox_median
right_rear,18,1772699912010645000,data\camera\right_rear_camera\1772699912010645000.jpg,-1,2,motorcycle,0.38896,153.0,579.0,275.0,748.0,153.0,579.0,275.0,748.0,unassigned,5,MOTOR,preprocessed/masks/right_rear_camera/masks/frame_000018_gt2d_005_track_-1_MOTOR.png,0.9320089817047119,214.0,663.5,3.4410009384155273,3.516214609146118,0.7396852970123291,1.0,-2.2827320218308014,0.07356853045577155,3.4410009384155273,da3_bbox_median
right_rear,18,1772699912010645000,data\camera\right_rear_camera\1772699912010645000.jpg,-1,2,motorcycle,0.381117,0.0,585.0,28.0,770.0,0.0,585.0,28.0,770.0,unassigned,6,MOTOR,preprocessed/masks/right_rear_camera/masks/frame_000018_gt2d_006_track_-1_MOTOR.png,0.8640117645263672,14.0,677.5,3.4084155559539795,3.4988505840301514,0.7984240055084229,1.0,-2.868435998158578,0.11537643858781921,3.4084155559539795,da3_bbox_median
right_rear,18,1772699912010645000,data\camera\right_rear_camera\1772699912010645000.jpg,-1,2,motorcycle,0.375021,1170.0,616.0,1229.0,704.0,1170.0,616.0,1229.0,704.0,unassigned,7,MOTOR,preprocessed/masks/right_rear_camera/masks/frame_000018_gt2d_007_track_-1_MOTOR.png,0.857873797416687,1199.5,660.0,3.2000153064727783,3.2132606506347656,0.33809375762939453,1.0,0.6867349125019039,0.05843982964333543,3.2000153064727783,da3_bbox_median
right_rear,18,1772699912010645000,data\camera\right_rear_camera\1772699912010645000.jpg,-1,2,motorcycle,0.359714,922.0,610.0,977.0,706.0,922.0,610.0,977.0,706.0,unassigned,8,MOTOR,preprocessed/masks/right_rear_camera/masks/frame_000018_gt2d_008_track_-1_MOTOR.png,0.8971430063247681,949.5,658.0,3.222355842590332,3.2393574714660645,0.38355088233947754,1.0,-0.026181005602385645,0.05310720215094688,3.222355842590332,da3_bbox_median
right_rear,18,1772699912010645000,data\camera\right_rear_camera\1772699912010645000.jpg,-1,2,motorcycle,0.355626,52.0,581.0,177.0,754.0,52.0,581.0,177.0,754.0,unassigned,9,MOTOR,preprocessed/masks/right_rear_camera/masks/frame_000018_gt2d_009_track_-1_MOTOR.png,0.8679348230361938,114.5,667.5,3.413264274597168,3.490852117538452,0.7435481548309326,1.0,-2.566903688682971,0.0851369636603551,3.413264274597168,da3_bbox_median
right_rear,18,1772699912010645000,data\camera\right_rear_camera\1772699912010645000.jpg,-1,0,bicycle,0.334964,1062.0,619.0,1125.0,705.0,1062.0,619.0,1125.0,705.0,unassigned,10,BICYCLE,preprocessed/masks/right_rear_camera/masks/frame_000018_gt2d_010_track_-1_BICYCLE.png,0.8877027034759521,1093.5,662.0,3.1921262741088867,3.199913740158081,0.32806944847106934,1.0,0.38358752491435866,0.06398252179516098,3.1921262741088867,da3_bbox_median
right_rear,18,1772699912010645000,data\camera\right_rear_camera\1772699912010645000.jpg,-1,0,bicycle,0.316346,827.0,609.0,975.0,712.0,827.0,609.0,975.0,712.0,unassigned,11,BICYCLE,preprocessed/masks/right_rear_camera/masks/frame_000018_gt2d_011_track_-1_BICYCLE.png,0.911279559135437,901.0,660.5,3.240828514099121,3.2613186836242676,0.4018290042877197,1.0,-0.1663650779239651,0.06062855696159569,3.240828514099121,da3_bbox_median
right_rear,18,1772699912010645000,data\camera\right_rear_camera\1772699912010645000.jpg,-1,0,bicycle,0.302997,821.0,624.0,906.0,713.0,821.0,624.0,906.0,713.0,unassigned,12,BICYCLE,preprocessed/masks/right_rear_camera/masks/frame_000018_gt2d_012_track_-1_BICYCLE.png,0.9443013668060303,863.5,668.5,3.1966729164123535,3.210965394973755,0.3393886089324951,1.0,-0.27089688325123856,0.0825819631064777,3.1966729164123535,da3_bbox_median
right_rear,18,1772699912010645000,data\camera\right_rear_camera\1772699912010645000.jpg,2000012,2,motorcycle,0.505734,999.0,619.0,1116.0,705.0,992.3253784179688,619.5946044921875,1110.1998291015625,706.7722778320312,matched,3,MOTOR,preprocessed/masks/right_rear_camera/masks/frame_000018_gt2d_003_track_-1_MOTOR.png,0.9046529531478882,1057.5,662.0,3.1897807121276855,3.197476387023926,0.33098864555358887,1.0,0.2810001649455636,0.06393550768679021,3.1897807121276855,da3_bbox_median
right_rear,18,1772699912010645000,data\camera\right_rear_camera\1772699912010645000.jpg,2000013,2,motorcycle,0.645324,1349.0,588.0,1403.0,680.0,1353.3548583984375,588.5021362304688,1405.3548583984375,679.3021240234375,matched,0,CYCLIST_MOTOR,preprocessed/masks/right_rear_camera/masks/frame_000018_gt2d_000_track_-1_CYCLIST_MOTOR.png,0.8674700856208801,1376.0,634.0,3.2259950637817383,3.2399916648864746,0.3824756145477295,1.0,1.1995859733049141,-0.015798040209938115,3.2259950637817383,da3_bbox_median
right_rear,18,1772699912010645000,data\camera\right_rear_camera\1772699912010645000.jpg,2000014,2,motorcycle,0.496818,54.0,573.0,265.0,754.0,45.55484390258789,571.5021362304688,239.35484313964844,754.7021484375,matched,4,MOTOR,preprocessed/masks/right_rear_camera/masks/frame_000018_gt2d_004_track_-1_MOTOR.png,0.8718460202217102,159.5,663.5,3.427335739135742,3.514465808868408,0.7862188816070557,1.0,-2.4400802382073397,0.07327636877160125,3.427335739135742,da3_bbox_median
right_rear,18,1772699912010645000,data\camera\right_rear_camera\1772699912010645000.jpg,2000015,2,motorcycle,0.627969,317.0,580.0,423.0,732.0,317.0,580.0,423.0,732.0,tentative,1,MOTOR,preprocessed/masks/right_rear_camera/masks/frame_000018_gt2d_001_track_-1_MOTOR.png,0.9093586206436157,370.0,656.0,3.415010929107666,3.4707376956939697,0.6594080924987793,1.0,-1.7908635533680552,0.050198491138704913,3.415010929107666,da3_bbox_median
right_rear,18,1772699912010645000,data\camera\right_rear_camera\1772699912010645000.jpg,3000018,3,person,0.60078,1789.0,606.0,1811.0,667.0,1790.15478515625,606.7021484375,1811.954833984375,667.5021362304688,matched,2,PEDESTRIAN_NORMAL,preprocessed/masks/right_rear_camera/masks/frame_000018_gt2d_002_track_-1_PEDESTRIAN_NORMAL.png,0.8054414391517639,1800.0,636.5,3.1134285926818848,3.110076904296875,0.2264096736907959,1.0,2.333817784732536,-0.008313584272282187,3.1134285926818848,da3_bbox_median
right_rear,19,1772699912110561000,data\camera\right_rear_camera\1772699912110561000.jpg,-1,0,bicycle,0.482429,884.0,638.0,962.0,701.0,884.0,638.0,962.0,701.0,unassigned,5,BICYCLE,preprocessed/masks/right_rear_camera/masks/frame_000019_gt2d_005_track_-1_BICYCLE.png,0.8614017963409424,923.0,669.5,3.0960631370544434,3.1004269123077393,0.19623947143554688,1.0,-0.09825052024054871,0.08274065205701134,3.0960631370544434,da3_bbox_median
right_rear,19,1772699912110561000,data\camera\right_rear_camera\1772699912110561000.jpg,-1,2,motorcycle,0.387439,217.0,558.0,412.0,736.0,217.0,558.0,412.0,736.0,unassigned,6,MOTOR,preprocessed/masks/right_rear_camera/masks/frame_000019_gt2d_006_track_-1_MOTOR.png,0.8338947296142578,314.5,647.0,3.441107749938965,3.527956485748291,0.7406773567199707,1.0,-1.9746969951829474,0.022995638316200544,3.441107749938965,da3_bbox_median
right_rear,19,1772699912110561000,data\camera\right_rear_camera\1772699912110561000.jpg,-1,0,bicycle,0.382822,766.0,619.0,876.0,707.0,766.0,619.0,876.0,707.0,unassigned,7,BICYCLE,preprocessed/masks/right_rear_camera/masks/frame_000019_gt2d_007_track_-1_BICYCLE.png,0.8960359692573547,821.0,663.0,3.172104835510254,3.1849405765533447,0.29555702209472656,1.0,-0.3889229524326393,0.06640676312600667,3.172104835510254,da3_bbox_median
right_rear,19,1772699912110561000,data\camera\right_rear_camera\1772699912110561000.jpg,-1,2,motorcycle,0.341405,294.0,562.0,416.0,734.0,294.0,562.0,416.0,734.0,unassigned,8,MOTOR,preprocessed/masks/right_rear_camera/masks/frame_000019_gt2d_008_track_-1_MOTOR.png,0.9007481336593628,355.0,648.0,3.4335708618164062,3.5113208293914795,0.7059471607208252,1.0,-1.8464817871863048,0.02600372080149805,3.4335708618164062,da3_bbox_median
right_rear,19,1772699912110561000,data\camera\right_rear_camera\1772699912110561000.jpg,-1,0,bicycle,0.339616,979.0,609.0,1037.0,697.0,979.0,609.0,1037.0,697.0,unassigned,9,BICYCLE,preprocessed/masks/right_rear_camera/masks/frame_000019_gt2d_009_track_-1_BICYCLE.png,0.8683850765228271,1008.0,653.0,3.176008462905884,3.187135934829712,0.29322266578674316,1.0,0.13972420906375752,0.038198230733727176,3.176008462905884,da3_bbox_median
right_rear,19,1772699912110561000,data\camera\right_rear_camera\1772699912110561000.jpg,-1,0,bicycle,0.31277,1212.0,616.0,1263.0,701.0,1212.0,616.0,1263.0,701.0,unassigned,10,BICYCLE,preprocessed/masks/right_rear_camera/masks/frame_000019_gt2d_010_track_-1_BICYCLE.png,0.8734827041625977,1237.5,658.5,3.169145107269287,3.1761324405670166,0.2817976474761963,1.0,0.7874005832185571,0.05364169926410312,3.169145107269287,da3_bbox_median
right_rear,19,1772699912110561000,data\camera\right_rear_camera\1772699912110561000.jpg,-1,1,car,0.306238,632.0,578.0,825.0,695.0,632.0,578.0,825.0,695.0,unassigned,11,VEHICLE_CAR,preprocessed/masks/right_rear_camera/masks/frame_000019_gt2d_011_track_-1_VEHICLE_CAR.png,0.8704283833503723,728.5,636.5,3.2634758949279785,3.2892885208129883,0.419492244720459,1.0,-0.6690671907489102,-0.008714245747218076,3.2634758949279785,da3_bbox_median
right_rear,19,1772699912110561000,data\camera\right_rear_camera\1772699912110561000.jpg,2000012,2,motorcycle,0.504308,1048.0,616.0,1157.0,698.0,1049.2171630859375,615.9127197265625,1160.5731201171875,698.8917236328125,matched,4,MOTOR,preprocessed/masks/right_rear_camera/masks/frame_000019_gt2d_004_track_-1_MOTOR.png,0.8612492084503174,1102.5,657.0,3.151339292526245,3.1637604236602783,0.2767062187194824,1.0,0.4039544282440673,0.04912973688700673,3.151339292526245,da3_bbox_median
right_rear,19,1772699912110561000,data\camera\right_rear_camera\1772699912110561000.jpg,2000014,2,motorcycle,0.304183,121.0,563.0,299.0,736.0,106.94450378417969,564.65966796875,290.241455078125,739.8795166015625,matched,12,MOTOR,preprocessed/masks/right_rear_camera/masks/frame_000019_gt2d_012_track_-1_MOTOR.png,0.9041649103164673,210.0,649.5,3.401458501815796,3.4789419174194336,0.6906096935272217,1.0,-2.2686215156993876,0.03030528882580509,3.401458501815796,da3_bbox_median
right_rear,19,1772699912110561000,data\camera\right_rear_camera\1772699912110561000.jpg,2000016,2,motorcycle,0.699209,437.0,566.0,540.0,718.0,437.0,566.0,540.0,718.0,tentative,0,MOTOR,preprocessed/masks/right_rear_camera/masks/frame_000019_gt2d_000_track_-1_MOTOR.png,0.9013707637786865,488.5,642.0,3.380967140197754,3.4356918334960938,0.5979313850402832,1.0,-1.4160708865518783,0.007535781078869713,3.380967140197754,da3_bbox_median
right_rear,19,1772699912110561000,data\camera\right_rear_camera\1772699912110561000.jpg,2000017,2,motorcycle,0.676629,1349.0,587.0,1405.0,677.0,1349.0,587.0,1405.0,677.0,tentative,2,CYCLIST_MOTOR,preprocessed/masks/right_rear_camera/masks/frame_000019_gt2d_002_track_-1_CYCLIST_MOTOR.png,0.8898296356201172,1377.0,632.0,3.1987390518188477,3.2103235721588135,0.331758975982666,1.0,1.192300628306312,-0.021363109768821942,3.1987390518188477,da3_bbox_median
right_rear,19,1772699912110561000,data\camera\right_rear_camera\1772699912110561000.jpg,3000019,3,person,0.689193,1793.0,608.0,1815.0,667.0,1793.0,608.0,1815.0,667.0,tentative,1,PEDESTRIAN_NORMAL,preprocessed/masks/right_rear_camera/masks/frame_000019_gt2d_001_track_-1_PEDESTRIAN_NORMAL.png,0.8543436527252197,1804.0,637.5,3.100436210632324,3.0956809520721436,0.19232988357543945,1.0,2.335127614685007,-0.005517182120601988,3.100436210632324,da3_bbox_median
right_rear,19,1772699912110561000,data\camera\right_rear_camera\1772699912110561000.jpg,3000020,3,person,0.515145,1221.0,574.0,1255.0,666.0,1221.0,574.0,1255.0,666.0,tentative,3,PEDESTRIAN_NORMAL,preprocessed/masks/right_rear_camera/masks/frame_000019_gt2d_003_track_-1_PEDESTRIAN_NORMAL.png,0.8916686177253723,1238.0,620.0,3.2113170623779297,3.2219696044921875,0.32744932174682617,1.0,0.7993090611095236,-0.05577283032203805,3.2113170623779297,da3_bbox_median
right_rear,20,1772699912210538000,data\camera\right_rear_camera\1772699912210538000.jpg,-1,3,person,0.459242,1249.0,585.0,1279.0,664.0,1249.0,585.0,1279.0,664.0,unassigned,3,PEDESTRIAN_NORMAL,preprocessed/masks/right_rear_camera/masks/frame_000020_gt2d_003_track_-1_PEDESTRIAN_NORMAL.png,0.8532494902610779,1264.0,624.5,3.0277819633483887,3.035311222076416,0.2568798065185547,1.0,0.8237612819828513,-0.04044880094593421,3.0277819633483887,da3_bbox_median
right_rear,20,1772699912210538000,data\camera\right_rear_camera\1772699912210538000.jpg,-1,2,motorcycle,0.388955,304.0,582.0,444.0,740.0,304.0,582.0,444.0,740.0,unassigned,4,MOTOR,preprocessed/masks/right_rear_camera/masks/frame_000020_gt2d_004_track_-1_MOTOR.png,0.8828234672546387,374.0,661.0,3.2305028438568115,3.2864198684692383,0.5792529582977295,1.0,-1.6825933966032627,0.061874170135326374,3.2305028438568115,da3_bbox_median
right_rear,20,1772699912210538000,data\camera\right_rear_camera\1772699912210538000.jpg,-1,2,motorcycle,0.386053,1251.0,619.0,1302.0,701.0,1251.0,619.0,1302.0,701.0,unassigned,5,MOTOR,preprocessed/masks/right_rear_camera/masks/frame_000020_gt2d_005_track_-1_MOTOR.png,0.8448899984359741,1276.5,660.0,3.0265817642211914,3.036349296569824,0.2613053321838379,1.0,0.8571400379210456,0.055272523961040196,3.0265817642211914,da3_bbox_median
right_rear,20,1772699912210538000,data\camera\right_rear_camera\1772699912210538000.jpg,-1,2,motorcycle,0.379725,0.0,570.0,125.0,772.0,0.0,570.0,125.0,772.0,unassigned,6,MOTOR,preprocessed/masks/right_rear_camera/masks/frame_000020_gt2d_006_track_-1_MOTOR.png,0.9026669859886169,62.5,671.0,3.236176013946533,3.3330445289611816,0.7449996471405029,1.0,-2.5836506183099814,0.09080902393029511,3.236176013946533,da3_bbox_median
right_rear,20,1772699912210538000,data\camera\right_rear_camera\1772699912210538000.jpg,-1,2,motorcycle,0.367559,857.0,605.0,1022.0,712.0,857.0,605.0,1022.0,712.0,unassigned,7,MOTOR,preprocessed/masks/right_rear_camera/masks/frame_000020_gt2d_007_track_-1_MOTOR.png,0.8940503597259521,939.5,658.5,3.0876588821411133,3.1061224937438965,0.3443634510040283,1.0,-0.05259499676586981,0.05226244415443134,3.0876588821411133,da3_bbox_median
right_rear,20,1772699912210538000,data\camera\right_rear_camera\1772699912210538000.jpg,-1,2,motorcycle,0.34723,428.0,579.0,540.0,739.0,428.0,579.0,540.0,739.0,unassigned,8,MOTOR,preprocessed/masks/right_rear_camera/masks/frame_000020_gt2d_008_track_-1_MOTOR.png,0.9049931168556213,484.0,659.0,3.245234489440918,3.3009867668151855,0.5870857238769531,1.0,-1.372231668747503,0.05637495029436511,3.245234489440918,da3_bbox_median
right_rear,20,1772699912210538000,data\camera\right_rear_camera\1772699912210538000.jpg,2000017,2,motorcycle,0.77166,1350.0,589.0,1402.0,681.0,1351.0267333984375,590.4775390625,1403.8267822265625,682.0775146484375,matched,0,CYCLIST_MOTOR,preprocessed/masks/right_rear_camera/masks/frame_000020_gt2d_000_track_-1_CYCLIST_MOTOR.png,0.8905792832374573,1376.0,635.0,3.0671632289886475,3.0789361000061035,0.31243228912353516,1.0,1.1405243698724774,-0.012288152276454509,3.0671632289886475,da3_bbox_median
right_rear,20,1772699912210538000,data\camera\right_rear_camera\1772699912210538000.jpg,2000018,2,motorcycle,0.635333,536.0,580.0,641.0,741.0,536.0,580.0,641.0,741.0,tentative,1,MOTOR,preprocessed/masks/right_rear_camera/masks/frame_000020_gt2d_001_track_-1_MOTOR.png,0.8933227062225342,588.5,660.5,3.250145435333252,3.3061351776123047,0.5931720733642578,1.0,-1.0717181174617492,0.060802855443386,3.250145435333252,da3_bbox_median
right_rear,20,1772699912210538000,data\camera\right_rear_camera\1772699912210538000.jpg,3000019,3,person,0.587705,1799.0,608.0,1821.0,668.0,1799.0267333984375,609.8775634765625,1821.0267333984375,669.6775512695312,matched,2,PEDESTRIAN_NORMAL,preprocessed/masks/right_rear_camera/masks/frame_000020_gt2d_002_track_-1_PEDESTRIAN_NORMAL.png,0.8147158026695251,1810.0,638.0,2.9745962619781494,2.9701178073883057,0.17785906791687012,1.0,2.256250526199922,-0.0039684428834966525,2.9745962619781494,da3_bbox_median
right_rear,21,1772699912310546000,data\camera\right_rear_camera\1772699912310546000.jpg,-1,2,motorcycle,0.412662,99.0,577.0,271.0,759.0,99.0,577.0,271.0,759.0,unassigned,3,MOTOR,preprocessed/masks/right_rear_camera/masks/frame_000021_gt2d_003_track_-1_MOTOR.png,0.907347559928894,185.0,668.0,3.265403985977173,3.345736026763916,0.6908259391784668,1.0,-2.250609038065295,0.0829032153926202,3.265403985977173,da3_bbox_median
right_rear,21,1772699912310546000,data\camera\right_rear_camera\1772699912310546000.jpg,-1,2,motorcycle,0.410136,575.0,583.0,733.0,738.0,575.0,583.0,733.0,738.0,unassigned,4,MOTOR,preprocessed/masks/right_rear_camera/masks/frame_000021_gt2d_004_track_-1_MOTOR.png,0.917381227016449,654.0,660.5,3.2412471771240234,3.2967476844787598,0.5859391689300537,1.0,-0.879641470367774,0.0606363891979953,3.2412471771240234,da3_bbox_median
right_rear,21,1772699912310546000,data\camera\right_rear_camera\1772699912310546000.jpg,-1,2,motorcycle,0.401001,0.0,594.0,78.0,795.0,0.0,594.0,78.0,795.0,unassigned,5,MOTOR,preprocessed/masks/right_rear_camera/masks/frame_000021_gt2d_005_track_-1_MOTOR.png,0.846745491027832,39.0,694.5,3.264064311981201,3.3564107418060303,0.7460227012634277,1.0,-2.6742536620071906,0.15991691872244782,3.264064311981201,da3_bbox_median
right_rear,21,1772699912310546000,data\camera\right_rear_camera\1772699912310546000.jpg,-1,2,motorcycle,0.365452,469.0,584.0,645.0,735.0,469.0,584.0,645.0,735.0,unassigned,6,MOTOR,preprocessed/masks/right_rear_camera/masks/frame_000021_gt2d_006_track_-1_MOTOR.png,0.9362756013870239,557.0,659.5,3.2259902954101562,3.275843620300293,0.5623345375061035,1.0,-1.154286580507249,0.05747742093686331,3.2259902954101562,da3_bbox_median
right_rear,21,1772699912310546000,data\camera\right_rear_camera\1772699912310546000.jpg,2000017,2,motorcycle,0.545446,1355.0,588.0,1402.0,677.0,1356.617919921875,589.2062377929688,1404.86328125,678.8135986328125,matched,1,CYCLIST_MOTOR,preprocessed/masks/right_rear_camera/masks/frame_000021_gt2d_001_track_-1_CYCLIST_MOTOR.png,0.8825505971908569,1378.5,632.5,3.058208703994751,3.0671677589416504,0.3062758445739746,1.0,1.1440061309898328,-0.01906251562353289,3.058208703994751,da3_bbox_median
right_rear,21,1772699912310546000,data\camera\right_rear_camera\1772699912310546000.jpg,2000019,2,motorcycle,0.536469,627.0,587.0,733.0,737.0,627.0,587.0,733.0,737.0,tentative,2,MOTOR,preprocessed/masks/right_rear_camera/masks/frame_000021_gt2d_002_track_-1_MOTOR.png,0.9249662756919861,680.0,662.0,3.2265970706939697,3.271780252456665,0.5515050888061523,1.0,-0.8009254689749068,0.06467344950428405,3.2265970706939697,da3_bbox_median
right_rear,21,1772699912310546000,data\camera\right_rear_camera\1772699912310546000.jpg,3000019,3,person,0.630633,1802.0,606.0,1824.0,664.0,1803.95654296875,607.5264892578125,1825.95654296875,665.9451293945312,matched,0,PEDESTRIAN_NORMAL,preprocessed/masks/right_rear_camera/masks/frame_000021_gt2d_000_track_-1_PEDESTRIAN_NORMAL.png,0.8040366172790527,1813.0,635.0,2.9636361598968506,2.955683708190918,0.1794910430908203,1.0,2.255858250376288,-0.011873385831124338,2.9636361598968506,da3_bbox_median
right_rear,22,1772699912410553000,data\camera\right_rear_camera\1772699912410553000.jpg,-1,0,bicycle,0.456632,64.0,601.0,272.0,765.0,64.0,601.0,272.0,765.0,unassigned,2,BICYCLE,preprocessed/masks/right_rear_camera/masks/frame_000022_gt2d_002_track_-1_BICYCLE.png,0.8793771266937256,168.0,683.0,3.0410354137420654,3.095672607421875,0.5448856353759766,1.0,-2.1420259589738575,0.1178388417867434,3.0410354137420654,da3_bbox_median
right_rear,22,1772699912410553000,data\camera\right_rear_camera\1772699912410553000.jpg,-1,2,motorcycle,0.447319,203.0,579.0,398.0,748.0,203.0,579.0,398.0,748.0,unassigned,3,MOTOR,preprocessed/masks/right_rear_camera/masks/frame_000022_gt2d_003_track_-1_MOTOR.png,0.886829674243927,300.5,663.5,3.093562602996826,3.1580748558044434,0.5944778919219971,1.0,-1.813841828284906,0.06614030587280381,3.093562602996826,da3_bbox_median
right_rear,22,1772699912410553000,data\camera\right_rear_camera\1772699912410553000.jpg,-1,0,bicycle,0.404683,59.0,605.0,165.0,762.0,59.0,605.0,165.0,762.0,unassigned,4,BICYCLE,preprocessed/masks/right_rear_camera/masks/frame_000022_gt2d_004_track_-1_BICYCLE.png,0.7745527625083923,112.0,683.5,3.033101797103882,3.081331729888916,0.5129671096801758,1.0,-2.2877627231583793,0.11888228318563415,3.033101797103882,da3_bbox_median
right_rear,22,1772699912410553000,data\camera\right_rear_camera\1772699912410553000.jpg,-1,0,bicycle,0.397336,302.0,592.0,489.0,740.0,302.0,592.0,489.0,740.0,unassigned,5,BICYCLE,preprocessed/masks/right_rear_camera/masks/frame_000022_gt2d_005_track_-1_BICYCLE.png,0.8897788524627686,395.5,666.0,3.0527851581573486,3.0989840030670166,0.5054521560668945,1.0,-1.5315548931253553,0.07206664576141814,3.0527851581573486,da3_bbox_median
right_rear,22,1772699912410553000,data\camera\right_rear_camera\1772699912410553000.jpg,-1,2,motorcycle,0.379389,603.0,581.0,749.0,727.0,603.0,581.0,749.0,727.0,unassigned,7,MOTOR,preprocessed/masks/right_rear_camera/masks/frame_000022_gt2d_007_track_-1_MOTOR.png,0.9054552912712097,676.0,654.0,3.0713515281677246,3.118220090866089,0.5105941295623779,1.0,-0.7733347172343392,0.03967531166147311,3.0713515281677246,da3_bbox_median
right_rear,22,1772699912410553000,data\camera\right_rear_camera\1772699912410553000.jpg,2000017,2,motorcycle,0.390018,1359.0,586.0,1403.0,680.0,1359.775634765625,586.20703125,1404.144287109375,679.0650024414062,matched,6,CYCLIST_MOTOR,preprocessed/masks/right_rear_camera/masks/frame_000022_gt2d_006_track_-1_CYCLIST_MOTOR.png,0.8695396184921265,1381.0,633.0,2.9453582763671875,2.9536867141723633,0.3007807731628418,1.0,1.108351510104145,-0.017047306058492265,2.9453582763671875,da3_bbox_median
right_rear,22,1772699912410553000,data\camera\right_rear_camera\1772699912410553000.jpg,2000019,2,motorcycle,0.53755,670.0,578.0,816.0,731.0,663.3108520507812,579.7151489257812,801.3108520507812,732.1151123046875,matched,1,MOTOR,preprocessed/masks/right_rear_camera/masks/frame_000022_gt2d_001_track_-1_MOTOR.png,0.876579999923706,743.0,654.5,3.094470739364624,3.1480278968811035,0.5492384433746338,1.0,-0.5944431601272967,0.04135216042020495,3.094470739364624,da3_bbox_median
right_rear,22,1772699912410553000,data\camera\right_rear_camera\1772699912410553000.jpg,3000019,3,person,0.566379,1806.0,604.0,1826.0,660.0,1806.988525390625,604.1670532226562,1827.432373046875,660.5485229492188,matched,0,PEDESTRIAN_NORMAL,preprocessed/masks/right_rear_camera/masks/frame_000022_gt2d_000_track_-1_PEDESTRIAN_NORMAL.png,0.7612764239311218,1816.0,632.0,2.8411855697631836,2.829799175262451,0.17079782485961914,1.0,2.170245159943909,-0.018975151838638068,2.8411855697631836,da3_bbox_median
right_rear,23,1772699912510561000,data\camera\right_rear_camera\1772699912510561000.jpg,-1,0,bicycle,0.484264,211.0,600.0,315.0,735.0,211.0,600.0,315.0,735.0,unassigned,2,BICYCLE,preprocessed/masks/right_rear_camera/masks/frame_000023_gt2d_002_track_-1_BICYCLE.png,0.8899660706520081,263.0,667.5,2.90059494972229,2.9307680130004883,0.40340352058410645,1.0,-1.797606270774665,0.0723494657784917,2.90059494972229,da3_bbox_median
right_rear,23,1772699912510561000,data\camera\right_rear_camera\1772699912510561000.jpg,-1,2,motorcycle,0.415512,748.0,568.0,889.0,704.0,748.0,568.0,889.0,704.0,unassigned,4,MOTOR,preprocessed/masks/right_rear_camera/masks/frame_000023_gt2d_004_track_-1_MOTOR.png,0.9013607501983643,818.5,636.0,2.9329943656921387,2.9669132232666016,0.4393167495727539,1.0,-0.36613889517161924,-0.009138063006263696,2.9329943656921387,da3_bbox_median
right_rear,23,1772699912510561000,data\camera\right_rear_camera\1772699912510561000.jpg,-1,2,motorcycle,0.381531,350.0,577.0,522.0,726.0,350.0,577.0,522.0,726.0,unassigned,5,MOTOR,preprocessed/masks/right_rear_camera/masks/frame_000023_gt2d_005_track_-1_MOTOR.png,0.9246833324432373,436.0,651.5,2.947741985321045,2.9927258491516113,0.48458242416381836,1.0,-1.372495230778959,0.031514296815435223,2.947741985321045,da3_bbox_median
right_rear,23,1772699912510561000,data\camera\right_rear_camera\1772699912510561000.jpg,-1,2,motorcycle,0.35336,743.0,567.0,827.0,704.0,743.0,567.0,827.0,704.0,unassigned,6,MOTOR,preprocessed/masks/right_rear_camera/masks/frame_000023_gt2d_006_track_-1_MOTOR.png,0.8760913610458374,785.0,635.5,2.93607497215271,2.9698879718780518,0.43778157234191895,1.0,-0.45415241109981763,-0.01045531341593583,2.93607497215271,da3_bbox_median
right_rear,23,1772699912510561000,data\camera\right_rear_camera\1772699912510561000.jpg,-1,0,bicycle,0.352643,895.0,596.0,973.0,689.0,895.0,596.0,973.0,689.0,unassigned,7,BICYCLE,preprocessed/masks/right_rear_camera/masks/frame_000023_gt2d_007_track_-1_BICYCLE.png,0.8030932545661926,934.0,642.5,2.8153457641601562,2.825935125350952,0.28201866149902344,1.0,-0.06175169771693314,0.007528959813516563,2.8153457641601562,da3_bbox_median
right_rear,23,1772699912510561000,data\camera\right_rear_camera\1772699912510561000.jpg,-1,3,person,0.336248,1313.0,568.0,1341.0,649.0,1313.0,568.0,1341.0,649.0,unassigned,8,PEDESTRIAN_NORMAL,preprocessed/masks/right_rear_camera/masks/frame_000023_gt2d_008_track_-1_PEDESTRIAN_NORMAL.png,0.8284882307052612,1327.0,608.5,2.7985568046569824,2.8049066066741943,0.24559998512268066,1.0,0.91847273169938,-0.07727150419260394,2.7985568046569824,da3_bbox_median
right_rear,23,1772699912510561000,data\camera\right_rear_camera\1772699912510561000.jpg,-1,3,person,0.304382,1816.0,595.0,1839.0,650.0,1816.0,595.0,1839.0,650.0,unassigned,9,PEDESTRIAN_NORMAL,preprocessed/masks/right_rear_camera/masks/frame_000023_gt2d_009_track_-1_PEDESTRIAN_NORMAL.png,0.8418704271316528,1827.5,622.5,2.726844310760498,2.7184503078460693,0.15192484855651855,1.0,2.110843270800172,-0.04128637498931699,2.726844310760498,da3_bbox_median
right_rear,23,1772699912510561000,data\camera\right_rear_camera\1772699912510561000.jpg,-1,3,person,0.300119,1822.0,597.0,1846.0,650.0,1822.0,597.0,1846.0,650.0,unassigned,10,PEDESTRIAN_NORMAL,preprocessed/masks/right_rear_camera/masks/frame_000023_gt2d_010_track_-1_PEDESTRIAN_NORMAL.png,0.8340005874633789,1834.0,623.5,2.715507745742798,2.709367036819458,0.15302467346191406,1.0,2.117793005198241,-0.03869589635355239,2.715507745742798,da3_bbox_median
right_rear,23,1772699912510561000,data\camera\right_rear_camera\1772699912510561000.jpg,2000017,2,motorcycle,0.416415,1368.0,572.0,1406.0,661.0,1367.5762939453125,572.3945922851562,1406.2681884765625,662.59619140625,matched,3,CYCLIST_MOTOR,preprocessed/masks/right_rear_camera/masks/frame_000023_gt2d_003_track_-1_CYCLIST_MOTOR.png,0.8544926643371582,1387.0,616.5,2.8156051635742188,2.825050115585327,0.28235387802124023,1.0,1.0745756007185707,-0.057678257251574286,2.8156051635742188,da3_bbox_median
right_rear,23,1772699912510561000,data\camera\right_rear_camera\1772699912510561000.jpg,2000020,2,motorcycle,0.704112,0.0,576.0,97.0,741.0,0.0,576.0,97.0,741.0,tentative,0,MOTOR,preprocessed/masks/right_rear_camera/masks/frame_000023_gt2d_000_track_-1_MOTOR.png,0.9255109429359436,48.5,658.5,2.9301347732543945,2.9863405227661133,0.5328207015991211,1.0,-2.375864875720446,0.049596153849085216,2.9301347732543945,da3_bbox_median
right_rear,23,1772699912510561000,data\camera\right_rear_camera\1772699912510561000.jpg,3000019,3,person,0.679307,1811.0,592.0,1833.0,649.0,1811.4498291015625,591.7704467773438,1832.9710693359375,648.3482666015625,matched,1,PEDESTRIAN_NORMAL,preprocessed/masks/right_rear_camera/masks/frame_000023_gt2d_001_track_-1_PEDESTRIAN_NORMAL.png,0.7440199255943298,1822.0,620.5,2.726844310760498,2.7184503078460693,0.15192484855651855,1.0,2.097481663868269,-0.046144240901141574,2.726844310760498,da3_bbox_median
right_rear,24,1772699912610537000,data\camera\right_rear_camera\1772699912610537000.jpg,-1,2,motorcycle,0.497548,832.0,583.0,947.0,705.0,832.0,583.0,947.0,705.0,unassigned,3,MOTOR,preprocessed/masks/right_rear_camera/masks/frame_000024_gt2d_003_track_-1_MOTOR.png,0.9075465798377991,889.5,644.0,2.7948379516601562,2.8173234462738037,0.37728071212768555,1.0,-0.1721050799367385,0.01120836394217459,2.7948379516601562,da3_bbox_median
right_rear,24,1772699912610537000,data\camera\right_rear_camera\1772699912610537000.jpg,-1,3,person,0.488623,1334.0,578.0,1365.0,658.0,1334.0,578.0,1365.0,658.0,unassigned,4,PEDESTRIAN_NORMAL,preprocessed/masks/right_rear_camera/masks/frame_000024_gt2d_004_track_-1_PEDESTRIAN_NORMAL.png,0.8433833122253418,1349.5,618.0,2.6911215782165527,2.6941888332366943,0.23652338981628418,1.0,0.9371580500380529,-0.05153251565159461,2.6911215782165527,da3_bbox_median
right_rear,24,1772699912610537000,data\camera\right_rear_camera\1772699912610537000.jpg,-1,2,motorcycle,0.442645,955.0,599.0,1037.0,695.0,955.0,599.0,1037.0,695.0,unassigned,5,MOTOR,preprocessed/masks/right_rear_camera/masks/frame_000024_gt2d_005_track_-1_MOTOR.png,0.8420113325119019,996.0,647.0,2.7227959632873535,2.7329225540161133,0.28028035163879395,1.0,0.09067642015782108,0.018195428835867576,2.7227959632873535,da3_bbox_median
right_rear,24,1772699912610537000,data\camera\right_rear_camera\1772699912610537000.jpg,-1,2,motorcycle,0.417369,360.0,591.0,572.0,744.0,360.0,591.0,572.0,744.0,unassigned,6,MOTOR,preprocessed/masks/right_rear_camera/masks/frame_000024_gt2d_006_track_-1_MOTOR.png,0.8938946723937988,466.0,667.5,2.8425333499908447,2.8857908248901367,0.4836101531982422,1.0,-1.2475355811093718,0.07090123677870776,2.8425333499908447,da3_bbox_median
right_rear,24,1772699912610537000,data\camera\right_rear_camera\1772699912610537000.jpg,-1,2,motorcycle,0.403473,488.0,584.0,615.0,730.0,488.0,584.0,615.0,730.0,unassigned,7,MOTOR,preprocessed/masks/right_rear_camera/masks/frame_000024_gt2d_007_track_-1_MOTOR.png,0.9369335174560547,551.5,657.0,2.84431791305542,2.885117769241333,0.4718654155731201,1.0,-1.031658208365176,0.044343238769250705,2.84431791305542,da3_bbox_median
right_rear,24,1772699912610537000,data\camera\right_rear_camera\1772699912610537000.jpg,-1,3,person,0.381926,1618.0,589.0,1648.0,663.0,1618.0,589.0,1648.0,663.0,unassigned,8,PEDESTRIAN_NORMAL,preprocessed/masks/right_rear_camera/masks/frame_000024_gt2d_008_track_-1_PEDESTRIAN_NORMAL.png,0.8802568912506104,1633.0,626.0,2.6745543479919434,2.6751937866210938,0.2206575870513916,1.0,1.6069116815176772,-0.03215642242599916,2.6745543479919434,da3_bbox_median
right_rear,24,1772699912610537000,data\camera\right_rear_camera\1772699912610537000.jpg,-1,2,motorcycle,0.342343,41.0,575.0,266.0,742.0,41.0,575.0,266.0,742.0,unassigned,9,MOTOR,preprocessed/masks/right_rear_camera/masks/frame_000024_gt2d_009_track_-1_MOTOR.png,0.7995111346244812,153.5,658.5,2.8438196182250977,2.899374485015869,0.5354573726654053,1.0,-2.0398494717691014,0.04813516313035933,2.8438196182250977,da3_bbox_median
right_rear,24,1772699912610537000,data\camera\right_rear_camera\1772699912610537000.jpg,-1,2,motorcycle,0.30415,440.0,594.0,573.0,746.0,440.0,594.0,573.0,746.0,unassigned,10,MOTOR,preprocessed/masks/right_rear_camera/masks/frame_000024_gt2d_010_track_-1_MOTOR.png,0.93692946434021,506.5,670.0,2.8428196907043457,2.8832736015319824,0.4700329303741455,1.0,-1.1450866116633889,0.0772389736475509,2.8428196907043457,da3_bbox_median
right_rear,24,1772699912610537000,data\camera\right_rear_camera\1772699912610537000.jpg,1,0,bicycle,0.576578,358.0,591.0,451.0,739.0,358.0,591.0,451.0,739.0,tentative,2,BICYCLE,preprocessed/masks/right_rear_camera/masks/frame_000024_gt2d_002_track_-1_BICYCLE.png,0.9203659296035767,404.5,665.0,2.84431791305542,2.885117769241333,0.4718654155731201,1.0,-1.4041623714218856,0.06461181806099676,2.84431791305542,da3_bbox_median
right_rear,24,1772699912610537000,data\camera\right_rear_camera\1772699912610537000.jpg,2000021,2,motorcycle,0.639568,622.0,588.0,748.0,716.0,622.0,588.0,748.0,716.0,tentative,0,MOTOR,preprocessed/masks/right_rear_camera/masks/frame_000024_gt2d_000_track_-1_MOTOR.png,0.8752288222312927,685.0,652.0,2.798011302947998,2.8265621662139893,0.39563870429992676,1.0,-0.6820753800322993,0.0311596891677458,2.798011302947998,da3_bbox_median
right_rear,24,1772699912610537000,data\camera\right_rear_camera\1772699912610537000.jpg,3000019,3,person,0.605964,1815.0,598.0,1837.0,653.0,1815.2415771484375,598.3224487304688,1837.0855712890625,653.5457153320312,matched,1,PEDESTRIAN_NORMAL,preprocessed/masks/right_rear_camera/masks/frame_000024_gt2d_001_track_-1_PEDESTRIAN_NORMAL.png,0.6981155872344971,1826.0,625.5,2.625309467315674,2.618699550628662,0.15718770027160645,1.0,2.028737019355069,-0.03273359198560565,2.625309467315674,da3_bbox_median
right_rear,25,1772699912710545000,data\camera\right_rear_camera\1772699912710545000.jpg,-1,2,motorcycle,0.470487,897.0,592.0,1004.0,704.0,897.0,592.0,1004.0,704.0,unassigned,3,MOTOR,preprocessed/masks/right_rear_camera/masks/frame_000025_gt2d_003_track_-1_MOTOR.png,0.8961837887763977,950.5,648.0,2.73111891746521,2.748274803161621,0.32990193367004395,1.0,-0.019756611099197015,0.020683788587338128,2.73111891746521,da3_bbox_median
right_rear,25,1772699912710545000,data\camera\right_rear_camera\1772699912710545000.jpg,-1,2,motorcycle,0.440848,552.0,598.0,688.0,740.0,552.0,598.0,688.0,740.0,unassigned,4,MOTOR,preprocessed/masks/right_rear_camera/masks/frame_000025_gt2d_004_track_-1_MOTOR.png,0.9256256818771362,620.0,669.0,2.799516201019287,2.8361427783966064,0.44454360008239746,1.0,-0.8445605164661213,0.07356875914891355,2.799516201019287,da3_bbox_median
right_rear,25,1772699912710545000,data\camera\right_rear_camera\1772699912710545000.jpg,-1,2,motorcycle,0.427407,1012.0,609.0,1098.0,698.0,1012.0,609.0,1098.0,698.0,unassigned,5,MOTOR,preprocessed/masks/right_rear_camera/masks/frame_000025_gt2d_005_track_-1_MOTOR.png,0.8554449081420898,1055.0,653.5,2.6685597896575928,2.677821159362793,0.24917030334472656,1.0,0.22914014912849592,0.033283593361090796,2.6685597896575928,da3_bbox_median
right_rear,25,1772699912710545000,data\camera\right_rear_camera\1772699912710545000.jpg,2,0,bicycle,0.692112,461.0,602.0,567.0,739.0,461.0,602.0,567.0,739.0,tentative,0,BICYCLE,preprocessed/masks/right_rear_camera/masks/frame_000025_gt2d_000_track_-1_BICYCLE.png,0.8716001510620117,514.0,670.5,2.779418706893921,2.8121843338012695,0.41646814346313477,1.0,-1.1009770537691996,0.07675426043603654,2.779418706893921,da3_bbox_median
right_rear,25,1772699912710545000,data\camera\right_rear_camera\1772699912710545000.jpg,3,0,bicycle,0.557634,698.0,606.0,800.0,721.0,698.0,606.0,800.0,721.0,tentative,2,BICYCLE,preprocessed/masks/right_rear_camera/masks/frame_000025_gt2d_002_track_-1_BICYCLE.png,0.8881796598434448,749.0,663.5,2.729659080505371,2.747223138809204,0.33081507682800293,1.0,-0.5097720461108923,0.05836005592329268,2.729659080505371,da3_bbox_median
right_rear,25,1772699912710545000,data\camera\right_rear_camera\1772699912710545000.jpg,3000019,3,person,0.565578,1821.0,608.0,1842.0,663.0,1820.775634765625,607.291748046875,1842.0369873046875,662.1000366210938,matched,1,PEDESTRIAN_NORMAL,preprocessed/masks/right_rear_camera/masks/frame_000025_gt2d_001_track_-1_PEDESTRIAN_NORMAL.png,0.7727364897727966,1831.5,635.5,2.587188243865967,2.58139967918396,0.1565418243408203,1.0,2.011955709598308,-0.00921293366559047,2.587188243865967,da3_bbox_median
right_rear,26,1772699912810552000,data\camera\right_rear_camera\1772699912810552000.jpg,-1,3,person,0.4772,1373.0,592.0,1406.0,677.0,1373.0,592.0,1406.0,677.0,unassigned,4,PEDESTRIAN_NORMAL,preprocessed/masks/right_rear_camera/masks/frame_000026_gt2d_004_track_-1_PEDESTRIAN_NORMAL.png,0.8302236199378967,1389.5,634.5,2.540764570236206,2.548299789428711,0.23898863792419434,1.0,0.9753417042044334,-0.01131080242106247,2.540764570236206,da3_bbox_median
right_rear,26,1772699912810552000,data\camera\right_rear_camera\1772699912810552000.jpg,-1,2,motorcycle,0.413219,1059.0,610.0,1140.0,702.0,1059.0,610.0,1140.0,702.0,unassigned,5,MOTOR,preprocessed/masks/right_rear_camera/masks/frame_000026_gt2d_005_track_-1_MOTOR.png,0.8400943279266357,1099.5,656.0,2.5474507808685303,2.5580193996429443,0.25655698776245117,1.0,0.31973630242890627,0.03744590811108475,2.5474507808685303,da3_bbox_median
right_rear,26,1772699912810552000,data\camera\right_rear_camera\1772699912810552000.jpg,-1,3,person,0.351491,1833.0,616.0,1854.0,667.0,1833.0,616.0,1854.0,667.0,unassigned,6,PEDESTRIAN_NORMAL,preprocessed/masks/right_rear_camera/masks/frame_000026_gt2d_006_track_-1_PEDESTRIAN_NORMAL.png,0.9153010249137878,1843.5,641.5,2.4547247886657715,2.44582462310791,0.13495993614196777,1.0,1.9351874072246729,0.0043780235759264645,2.4547247886657715,da3_bbox_median
right_rear,26,1772699912810552000,data\camera\right_rear_camera\1772699912810552000.jpg,-1,0,bicycle,0.3335,423.0,599.0,516.0,739.0,423.0,599.0,516.0,739.0,unassigned,7,BICYCLE,preprocessed/masks/right_rear_camera/masks/frame_000026_gt2d_007_track_-1_BICYCLE.png,0.8778259754180908,469.5,669.0,2.6597540378570557,2.692046880722046,0.4187886714935303,1.0,-1.159023464371196,0.06989593563888359,2.6597540378570557,da3_bbox_median
right_rear,26,1772699912810552000,data\camera\right_rear_camera\1772699912810552000.jpg,-1,2,motorcycle,0.333294,962.0,601.0,1060.0,706.0,962.0,601.0,1060.0,706.0,unassigned,8,MOTOR,preprocessed/masks/right_rear_camera/masks/frame_000026_gt2d_008_track_-1_MOTOR.png,0.8554248809814453,1011.0,653.5,2.581986904144287,2.5967142581939697,0.30034470558166504,1.0,0.1204920145730861,0.032203813650443634,2.581986904144287,da3_bbox_median
right_rear,26,1772699912810552000,data\camera\right_rear_camera\1772699912810552000.jpg,2,0,bicycle,0.656189,557.0,606.0,656.0,738.0,545.743896484375,606.5979614257812,646.1439208984375,739.5979614257812,matched,0,BICYCLE,preprocessed/masks/right_rear_camera/masks/frame_000026_gt2d_000_track_-1_BICYCLE.png,0.8811489343643188,606.5,672.0,2.6408896446228027,2.6704471111297607,0.3882277011871338,1.0,-0.8284687829839531,0.07645730326304123,2.6408896446228027,da3_bbox_median
right_rear,26,1772699912810552000,data\camera\right_rear_camera\1772699912810552000.jpg,2000019,2,motorcycle,0.561401,772.0,603.0,927.0,722.0,770.0877075195312,602.7542114257812,924.2560424804688,722.8596801757812,matched,2,MOTOR,preprocessed/masks/right_rear_camera/masks/frame_000026_gt2d_002_track_-1_MOTOR.png,0.8741272687911987,849.5,662.5,2.6122121810913086,2.635438919067383,0.348341703414917,1.0,-0.253949282557228,0.05352221905130593,2.6122121810913086,da3_bbox_median
right_rear,26,1772699912810552000,data\camera\right_rear_camera\1772699912810552000.jpg,2000022,2,motorcycle,0.50429,649.0,608.0,776.0,744.0,649.0,608.0,776.0,744.0,tentative,3,MOTOR,preprocessed/masks/right_rear_camera/masks/frame_000026_gt2d_003_track_-1_MOTOR.png,0.9291819930076599,712.5,676.0,2.649545431137085,2.681368589401245,0.404360294342041,1.0,-0.580969431262042,0.08614821623706022,2.649545431137085,da3_bbox_median
right_rear,26,1772699912810552000,data\camera\right_rear_camera\1772699912810552000.jpg,3000021,3,person,0.610926,1824.0,611.0,1845.0,665.0,1824.0,611.0,1845.0,665.0,tentative,1,PEDESTRIAN_NORMAL,preprocessed/masks/right_rear_camera/masks/frame_000026_gt2d_001_track_-1_PEDESTRIAN_NORMAL.png,0.7577356100082397,1834.5,638.0,2.461773157119751,2.456285238265991,0.1512746810913086,1.0,1.9210049552991775,-0.0032842797158825735,2.461773157119751,da3_bbox_median
right_rear,27,1772699912910560000,data\camera\right_rear_camera\1772699912910560000.jpg,-1,2,motorcycle,0.498558,125.0,616.0,229.0,751.0,125.0,616.0,229.0,751.0,unassigned,3,MOTOR,preprocessed/masks/right_rear_camera/masks/frame_000027_gt2d_003_track_-1_MOTOR.png,0.8855192065238953,177.0,683.5,2.6965184211730957,2.726419687271118,0.40915346145629883,1.0,-1.8777358951113419,0.10568991349623331,2.6965184211730957,da3_bbox_median
right_rear,27,1772699912910560000,data\camera\right_rear_camera\1772699912910560000.jpg,-1,2,motorcycle,0.45906,730.0,614.0,866.0,736.0,730.0,614.0,866.0,736.0,unassigned,4,MOTOR,preprocessed/masks/right_rear_camera/masks/frame_000027_gt2d_004_track_-1_MOTOR.png,0.8867772221565247,798.0,675.0,2.6896533966064453,2.7132632732391357,0.3731222152709961,1.0,-0.3848846543632234,0.08505649499261991,2.6896533966064453,da3_bbox_median
right_rear,27,1772699912910560000,data\camera\right_rear_camera\1772699912910560000.jpg,-1,0,bicycle,0.340308,652.0,619.0,759.0,726.0,652.0,619.0,759.0,726.0,unassigned,5,BICYCLE,preprocessed/masks/right_rear_camera/masks/frame_000027_gt2d_005_track_-1_BICYCLE.png,0.7539761662483215,705.5,672.5,2.6523540019989014,2.6689887046813965,0.32250189781188965,1.0,-0.5981264008856102,0.07797050221756537,2.6523540019989014,da3_bbox_median
right_rear,27,1772699912910560000,data\camera\right_rear_camera\1772699912910560000.jpg,-1,0,bicycle,0.339028,249.0,620.0,388.0,752.0,249.0,620.0,388.0,752.0,unassigned,6,BICYCLE,preprocessed/masks/right_rear_camera/masks/frame_000027_gt2d_006_track_-1_BICYCLE.png,0.9118326902389526,318.5,686.0,2.6950204372406006,2.722123146057129,0.39789295196533203,1.0,-1.5369469140723366,0.11163266479288424,2.6950204372406006,da3_bbox_median
right_rear,27,1772699912910560000,data\camera\right_rear_camera\1772699912910560000.jpg,-1,2,motorcycle,0.322452,1063.0,609.0,1190.0,710.0,1063.0,609.0,1190.0,710.0,unassigned,7,MOTOR,preprocessed/masks/right_rear_camera/masks/frame_000027_gt2d_007_track_-1_MOTOR.png,0.8690675497055054,1126.5,659.5,2.6457836627960205,2.659578800201416,0.30426836013793945,1.0,0.3957217404743311,0.04713988802469977,2.6457836627960205,da3_bbox_median
right_rear,27,1772699912910560000,data\camera\right_rear_camera\1772699912910560000.jpg,-1,3,person,0.305716,1375.0,590.0,1421.0,681.0,1375.0,590.0,1421.0,681.0,unassigned,8,PEDESTRIAN_NORMAL,preprocessed/masks/right_rear_camera/masks/frame_000027_gt2d_008_track_-1_PEDESTRIAN_NORMAL.png,0.8135982751846313,1398.0,635.5,2.6289637088775635,2.639261245727539,0.2925987243652344,1.0,1.0291078757763399,-0.009361695391341794,2.6289637088775635,da3_bbox_median
right_rear,27,1772699912910560000,data\camera\right_rear_camera\1772699912910560000.jpg,2000019,2,motorcycle,0.595498,842.0,605.0,979.0,715.0,824.7269897460938,605.2235717773438,968.082275390625,715.8601684570312,matched,1,MOTOR,preprocessed/masks/right_rear_camera/masks/frame_000027_gt2d_001_track_-1_MOTOR.png,0.8694619536399841,910.5,660.0,2.6626439094543457,2.6799638271331787,0.3365447521209717,1.0,-0.11414871283314544,0.048626160054494195,2.6626439094543457,da3_bbox_median
right_rear,27,1772699912910560000,data\camera\right_rear_camera\1772699912910560000.jpg,2000023,2,motorcycle,0.564683,0.0,580.0,57.0,761.0,0.0,580.0,57.0,761.0,tentative,2,MOTOR,preprocessed/masks/right_rear_camera/masks/frame_000027_gt2d_002_track_-1_MOTOR.png,0.9036840796470642,28.5,670.5,2.7887511253356934,2.8615128993988037,0.6275882720947266,1.0,-2.3109163632470597,0.0770119772290484,2.7887511253356934,da3_bbox_median
right_rear,27,1772699912910560000,data\camera\right_rear_camera\1772699912910560000.jpg,3000021,3,person,0.608044,1830.0,610.0,1850.0,662.0,1830.6944580078125,610.5792846679688,1850.89453125,662.979248046875,matched,0,PEDESTRIAN_NORMAL,preprocessed/masks/right_rear_camera/masks/frame_000027_gt2d_000_track_-1_PEDESTRIAN_NORMAL.png,0.6502607464790344,1840.0,636.0,2.5195932388305664,2.5092663764953613,0.14450931549072266,1.0,1.9784699943409463,-0.007850066824508336,2.5195932388305664,da3_bbox_median
right_rear,28,1772699913010523000,data\camera\right_rear_camera\1772699913010523000.jpg,-1,0,bicycle,0.47379,894.0,605.0,1037.0,722.0,894.0,605.0,1037.0,722.0,unassigned,1,BICYCLE,preprocessed/masks/right_rear_camera/masks/frame_000028_gt2d_001_track_-1_BICYCLE.png,0.841951847076416,965.5,663.5,2.8557896614074707,2.8780033588409424,0.36563849449157715,1.0,0.01750546853510275,0.061056725191500745,2.8557896614074707,da3_bbox_median
right_rear,28,1772699913010523000,data\camera\right_rear_camera\1772699913010523000.jpg,-1,2,motorcycle,0.448887,47.0,578.0,203.0,748.0,47.0,578.0,203.0,748.0,unassigned,2,MOTOR,preprocessed/masks/right_rear_camera/masks/frame_000028_gt2d_002_track_-1_MOTOR.png,0.8717083930969238,125.0,663.0,2.9636402130126953,3.031252384185791,0.6150739192962646,1.0,-2.201045755505759,0.06204263850711748,2.9636402130126953,da3_bbox_median
right_rear,28,1772699913010523000,data\camera\right_rear_camera\1772699913010523000.jpg,-1,2,motorcycle,0.436546,284.0,595.0,373.0,741.0,284.0,595.0,373.0,741.0,unassigned,3,MOTOR,preprocessed/masks/right_rear_camera/masks/frame_000028_gt2d_003_track_-1_MOTOR.png,0.9245241284370422,328.5,668.0,2.9336965084075928,2.97413969039917,0.4985978603363037,1.0,-1.646925113719777,0.07448171025010586,2.9336965084075928,da3_bbox_median
right_rear,28,1772699913010523000,data\camera\right_rear_camera\1772699913010523000.jpg,-1,0,bicycle,0.425523,699.0,615.0,824.0,719.0,699.0,615.0,824.0,719.0,unassigned,4,BICYCLE,preprocessed/masks/right_rear_camera/masks/frame_000028_gt2d_004_track_-1_BICYCLE.png,0.6886590719223022,761.5,667.0,2.815664529800415,2.8313727378845215,0.318011999130249,1.0,-0.4944773946275715,0.06897702375850694,2.815664529800415,da3_bbox_median
right_rear,28,1772699913010523000,data\camera\right_rear_camera\1772699913010523000.jpg,-1,3,person,0.409165,1409.0,590.0,1440.0,670.0,1409.0,590.0,1440.0,670.0,unassigned,5,PEDESTRIAN_NORMAL,preprocessed/masks/right_rear_camera/masks/frame_000028_gt2d_005_track_-1_PEDESTRIAN_NORMAL.png,0.8041808605194092,1424.5,630.0,2.777024745941162,2.78155255317688,0.2539236545562744,1.0,1.1526297427602359,-0.023493909361355935,2.777024745941162,da3_bbox_median
right_rear,28,1772699913010523000,data\camera\right_rear_camera\1772699913010523000.jpg,-1,2,motorcycle,0.36105,1124.0,606.0,1230.0,700.0,1124.0,606.0,1230.0,700.0,unassigned,6,MOTOR,preprocessed/masks/right_rear_camera/masks/frame_000028_gt2d_006_track_-1_MOTOR.png,0.8843666911125183,1177.0,653.0,2.800446033477783,2.8123433589935303,0.3009309768676758,1.0,0.5448493876602375,0.03368129682068337,2.800446033477783,da3_bbox_median
right_rear,28,1772699913010523000,data\camera\right_rear_camera\1772699913010523000.jpg,3000021,3,person,0.554085,1835.0,609.0,1857.0,662.0,1836.5625,609.4998168945312,1858.167236328125,662.3667602539062,matched,0,PEDESTRIAN_NORMAL,preprocessed/masks/right_rear_camera/masks/frame_000028_gt2d_000_track_-1_PEDESTRIAN_NORMAL.png,0.7553937435150146,1846.0,635.5,2.696645736694336,2.6905293464660645,0.16630816459655762,1.0,2.1319124880876763,-0.009602709949948792,2.696645736694336,da3_bbox_median
right_rear,29,1772699913110653000,data\camera\right_rear_camera\1772699913110653000.jpg,-1,0,bicycle,0.499464,840.0,608.0,1010.0,724.0,840.0,608.0,1010.0,724.0,unassigned,0,BICYCLE,preprocessed/masks/right_rear_camera/masks/frame_000029_gt2d_000_track_-1_BICYCLE.png,0.9045432209968567,925.0,666.0,2.7503554821014404,2.7698302268981934,0.3273167610168457,1.0,-0.08237916863093157,0.06492723332231383,2.7503554821014404,da3_bbox_median
right_rear,29,1772699913110653000,data\camera\right_rear_camera\1772699913110653000.jpg,-1,2,motorcycle,0.489422,63.0,575.0,348.0,772.0,63.0,575.0,348.0,772.0,unassigned,1,MOTOR,preprocessed/masks/right_rear_camera/masks/frame_000029_gt2d_001_track_-1_MOTOR.png,0.7865850925445557,205.5,673.5,2.913536548614502,3.001711368560791,0.6673822402954102,1.0,-1.9548799707673161,0.08824364066540072,2.913536548614502,da3_bbox_median
right_rear,29,1772699913110653000,data\camera\right_rear_camera\1772699913110653000.jpg,-1,2,motorcycle,0.463901,189.0,583.0,350.0,751.0,189.0,583.0,350.0,751.0,unassigned,3,MOTOR,preprocessed/masks/right_rear_camera/masks/frame_000029_gt2d_003_track_-1_MOTOR.png,0.8704155683517456,269.5,667.0,2.8641045093536377,2.9213528633117676,0.5432229042053223,1.0,-1.75840593598578,0.07016368700803158,2.8641045093536377,da3_bbox_median
right_rear,29,1772699913110653000,data\camera\right_rear_camera\1772699913110653000.jpg,-1,2,motorcycle,0.43704,62.0,576.0,221.0,768.0,62.0,576.0,221.0,768.0,unassigned,4,MOTOR,preprocessed/masks/right_rear_camera/masks/frame_000029_gt2d_004_track_-1_MOTOR.png,0.8829992413520813,141.5,672.0,2.9077749252319336,2.992166519165039,0.6487853527069092,1.0,-2.116811030866619,0.08418399069866433,2.9077749252319336,da3_bbox_median
right_rear,29,1772699913110653000,data\camera\right_rear_camera\1772699913110653000.jpg,-1,2,motorcycle,0.436268,966.0,604.0,1092.0,710.0,966.0,604.0,1092.0,710.0,unassigned,5,MOTOR,preprocessed/masks/right_rear_camera/masks/frame_000029_gt2d_005_track_-1_MOTOR.png,0.8281486630439758,1029.0,657.0,2.726766347885132,2.7409119606018066,0.29775381088256836,1.0,0.17097599410196615,0.04251059653959019,2.726766347885132,da3_bbox_median
right_rear,29,1772699913110653000,data\camera\right_rear_camera\1772699913110653000.jpg,-1,3,person,0.429635,1836.0,610.0,1855.0,662.0,1836.0,610.0,1855.0,662.0,unassigned,6,PEDESTRIAN_NORMAL,preprocessed/masks/right_rear_camera/masks/frame_000029_gt2d_006_track_-1_PEDESTRIAN_NORMAL.png,0.6021791696548462,1845.5,636.0,2.602808952331543,2.5918331146240234,0.135667085647583,1.0,2.0565676230709697,-0.008109334432376264,2.602808952331543,da3_bbox_median
right_rear,29,1772699913110653000,data\camera\right_rear_camera\1772699913110653000.jpg,-1,2,motorcycle,0.372611,0.0,600.0,35.0,761.0,0.0,600.0,35.0,761.0,unassigned,8,MOTOR,preprocessed/masks/right_rear_camera/masks/frame_000029_gt2d_008_track_-1_MOTOR.png,0.7565993666648865,17.5,680.5,2.8001585006713867,2.8459560871124268,0.4810831546783447,1.0,-2.34781085407635,0.1022693691483197,2.8001585006713867,da3_bbox_median
right_rear,29,1772699913110653000,data\camera\right_rear_camera\1772699913110653000.jpg,-1,3,person,0.36419,1841.0,614.0,1861.0,664.0,1841.0,614.0,1861.0,664.0,unassigned,9,PEDESTRIAN_NORMAL,preprocessed/masks/right_rear_camera/masks/frame_000029_gt2d_009_track_-1_PEDESTRIAN_NORMAL.png,0.7537587881088257,1851.0,639.0,2.602808952331543,2.5918331146240234,0.135667085647583,1.0,2.069321453571177,-0.001153988558047506,2.602808952331543,da3_bbox_median
right_rear,29,1772699913110653000,data\camera\right_rear_camera\1772699913110653000.jpg,-1,3,person,0.308945,1426.0,593.0,1458.0,667.0,1426.0,593.0,1458.0,667.0,unassigned,10,PEDESTRIAN_NORMAL,preprocessed/masks/right_rear_camera/masks/frame_000029_gt2d_010_track_-1_PEDESTRIAN_NORMAL.png,0.7899014353752136,1442.0,630.0,2.6648199558258057,2.6660921573638916,0.21161317825317383,1.0,1.1476052921186464,-0.02254464552323816,2.6648199558258057,da3_bbox_median
right_rear,29,1772699913110653000,data\camera\right_rear_camera\1772699913110653000.jpg,2000014,2,motorcycle,0.478423,411.0,590.0,499.0,733.0,409.7913513183594,589.7428588867188,498.9085998535156,732.9328002929688,matched,2,MOTOR,preprocessed/masks/right_rear_camera/masks/frame_000029_gt2d_002_track_-1_MOTOR.png,0.9255844354629517,455.0,661.5,2.812840461730957,2.8489573001861572,0.4244418144226074,1.0,-1.2620698993851744,0.05512740434439419,2.812840461730957,da3_bbox_median
right_rear,29,1772699913110653000,data\camera\right_rear_camera\1772699913110653000.jpg,3000021,3,person,0.3796,1848.0,616.0,1866.0,664.0,1847.27734375,614.9110107421875,1866.324462890625,664.0406494140625,matched,7,PEDESTRIAN_NORMAL,preprocessed/masks/right_rear_camera/masks/frame_000029_gt2d_007_track_-1_PEDESTRIAN_NORMAL.png,0.8430898189544678,1857.0,640.0,2.5946590900421143,2.5830881595611572,0.12391853332519531,1.0,2.0767117411442957,0.0011608139331249425,2.5946590900421143,da3_bbox_median
right_rear,30,1772699913210660000,data\camera\right_rear_camera\1772699913210660000.jpg,-1,3,person,0.497632,1841.0,612.0,1861.0,662.0,1841.0,612.0,1861.0,662.0,unassigned,3,PEDESTRIAN_NORMAL,preprocessed/masks/right_rear_camera/masks/frame_000030_gt2d_003_track_-1_PEDESTRIAN_NORMAL.png,0.6403751373291016,1851.0,637.0,2.582388401031494,2.5717685222625732,0.14359593391418457,1.0,2.05308642223663,-0.005745452937622793,2.582388401031494,da3_bbox_median
right_rear,30,1772699913210660000,data\camera\right_rear_camera\1772699913210660000.jpg,-1,2,motorcycle,0.478286,529.0,592.0,610.0,728.0,529.0,592.0,610.0,728.0,unassigned,4,MOTOR,preprocessed/masks/right_rear_camera/masks/frame_000030_gt2d_004_track_-1_MOTOR.png,0.9319314956665039,569.5,660.0,2.798093318939209,2.831768274307251,0.43935441970825195,1.0,-0.9700206800086558,0.0510997858523379,2.798093318939209,da3_bbox_median
right_rear,30,1772699913210660000,data\camera\right_rear_camera\1772699913210660000.jpg,-1,0,bicycle,0.472729,1025.0,609.0,1132.0,707.0,1025.0,609.0,1132.0,707.0,unassigned,5,BICYCLE,preprocessed/masks/right_rear_camera/masks/frame_000030_gt2d_005_track_-1_BICYCLE.png,0.8369097709655762,1078.5,658.0,2.6960678100585938,2.708425760269165,0.2816591262817383,1.0,0.2879483202106418,0.04443352168280237,2.6960678100585938,da3_bbox_median
right_rear,30,1772699913210660000,data\camera\right_rear_camera\1772699913210660000.jpg,-1,3,person,0.457284,1440.0,592.0,1469.0,664.0,1440.0,592.0,1469.0,664.0,unassigned,6,PEDESTRIAN_NORMAL,preprocessed/masks/right_rear_camera/masks/frame_000030_gt2d_006_track_-1_PEDESTRIAN_NORMAL.png,0.7549936771392822,1454.5,628.0,2.6384313106536865,2.6401052474975586,0.20618867874145508,1.0,1.1656237003682153,-0.027021753310766186,2.6384313106536865,da3_bbox_median
right_rear,30,1772699913210660000,data\camera\right_rear_camera\1772699913210660000.jpg,-1,2,motorcycle,0.392727,112.0,585.0,196.0,749.0,112.0,585.0,196.0,749.0,unassigned,7,MOTOR,preprocessed/masks/right_rear_camera/masks/frame_000030_gt2d_007_track_-1_MOTOR.png,0.9152880311012268,154.0,667.0,2.8536136150360107,2.909191131591797,0.5484366416931152,1.0,-2.0456034669451015,0.06990668527400533,2.8536136150360107,da3_bbox_median
right_rear,30,1772699913210660000,data\camera\right_rear_camera\1772699913210660000.jpg,-1,2,motorcycle,0.38937,1216.0,604.0,1304.0,698.0,1216.0,604.0,1304.0,698.0,unassigned,8,MOTOR,preprocessed/masks/right_rear_camera/masks/frame_000030_gt2d_008_track_-1_MOTOR.png,0.865222156047821,1260.0,651.0,2.688190221786499,2.699151039123535,0.2848477363586426,1.0,0.721789599505393,0.02754217909541227,2.688190221786499,da3_bbox_median
right_rear,30,1772699913210660000,data\camera\right_rear_camera\1772699913210660000.jpg,-1,2,motorcycle,0.313971,15.0,581.0,195.0,762.0,15.0,581.0,195.0,762.0,unassigned,9,MOTOR,preprocessed/masks/right_rear_camera/masks/frame_000030_gt2d_009_track_-1_MOTOR.png,0.8550546169281006,105.0,671.5,2.8616905212402344,2.933736562728882,0.6138916015625,1.0,-2.1763198220299538,0.08157526176883668,2.8616905212402344,da3_bbox_median
right_rear,30,1772699913210660000,data\camera\right_rear_camera\1772699913210660000.jpg,2000019,2,motorcycle,0.5219,925.0,608.0,1066.0,720.0,921.6138916015625,607.9666137695312,1063.0263671875,719.1834106445312,matched,1,MOTOR,preprocessed/masks/right_rear_camera/masks/frame_000030_gt2d_001_track_-1_MOTOR.png,0.8302662372589111,995.5,664.0,2.73355770111084,2.7497761249542236,0.32838892936706543,1.0,0.08981713287278263,0.05966086480270771,2.73355770111084,da3_bbox_median
right_rear,30,1772699913210660000,data\camera\right_rear_camera\1772699913210660000.jpg,2000024,2,motorcycle,0.581916,273.0,583.0,479.0,744.0,273.0,583.0,479.0,744.0,tentative,0,MOTOR,preprocessed/masks/right_rear_camera/masks/frame_000030_gt2d_000_track_-1_MOTOR.png,0.9291762113571167,376.0,663.5,2.842545747756958,2.895228624343872,0.5300734043121338,1.0,-1.4754626993826643,0.06077357058556216,2.842545747756958,da3_bbox_median
right_rear,30,1772699913210660000,data\camera\right_rear_camera\1772699913210660000.jpg,2000025,2,motorcycle,0.503871,213.0,567.0,376.0,749.0,213.0,567.0,376.0,749.0,tentative,2,MOTOR,preprocessed/masks/right_rear_camera/masks/frame_000030_gt2d_002_track_-1_MOTOR.png,0.8976081609725952,294.5,658.0,2.903719186782837,2.9832184314727783,0.643775463104248,1.0,-1.7180531312462166,0.0478557953792269,2.903719186782837,da3_bbox_median
right_rear,31,1772699913310637000,data\camera\right_rear_camera\1772699913310637000.jpg,-1,3,person,0.48243,1845.0,612.0,1866.0,664.0,1845.0,612.0,1866.0,664.0,unassigned,4,PEDESTRIAN_NORMAL,preprocessed/masks/right_rear_camera/masks/frame_000031_gt2d_004_track_-1_PEDESTRIAN_NORMAL.png,0.6777635812759399,1855.5,638.0,2.7003302574157715,2.6886281967163086,0.14404559135437012,1.0,2.15768012692655,-0.0036025414709577883,2.7003302574157715,da3_bbox_median
right_rear,31,1772699913310637000,data\camera\right_rear_camera\1772699913310637000.jpg,-1,3,person,0.451653,1455.0,595.0,1483.0,666.0,1455.0,595.0,1483.0,666.0,unassigned,5,PEDESTRIAN_NORMAL,preprocessed/masks/right_rear_camera/masks/frame_000031_gt2d_005_track_-1_PEDESTRIAN_NORMAL.png,0.8169783353805542,1469.0,630.5,2.7569327354431152,2.7580790519714355,0.2080390453338623,1.0,1.253590790925876,-0.022096061836480236,2.7569327354431152,da3_bbox_median
right_rear,31,1772699913310637000,data\camera\right_rear_camera\1772699913310637000.jpg,-1,2,motorcycle,0.372365,0.0,606.0,32.0,768.0,0.0,606.0,32.0,768.0,unassigned,6,MOTOR,preprocessed/masks/right_rear_camera/masks/frame_000031_gt2d_006_track_-1_MOTOR.png,0.8055579662322998,16.0,687.0,2.9005255699157715,2.9483625888824463,0.5062901973724365,1.0,-2.435840444151322,0.1227287017325745,2.9005255699157715,da3_bbox_median
right_rear,31,1772699913310637000,data\camera\right_rear_camera\1772699913310637000.jpg,-1,3,person,0.33244,1379.0,590.0,1413.0,673.0,1379.0,590.0,1413.0,673.0,unassigned,7,PEDESTRIAN_NORMAL,preprocessed/masks/right_rear_camera/masks/frame_000031_gt2d_007_track_-1_PEDESTRIAN_NORMAL.png,0.8613274693489075,1396.0,631.5,2.783033847808838,2.787382125854492,0.2385091781616211,1.0,1.0844597473137212,-0.019826271401706508,2.783033847808838,da3_bbox_median
right_rear,31,1772699913310637000,data\camera\right_rear_camera\1772699913310637000.jpg,-1,3,person,0.328418,993.0,574.0,1052.0,703.0,993.0,574.0,1052.0,703.0,unassigned,8,PEDESTRIAN_NORMAL,preprocessed/masks/right_rear_camera/masks/frame_000031_gt2d_008_track_-1_PEDESTRIAN_NORMAL.png,0.8758822679519653,1022.5,638.5,2.913492202758789,2.941812038421631,0.42198657989501953,1.0,0.1658123788768719,-0.002589328600279464,2.913492202758789,da3_bbox_median
right_rear,31,1772699913310637000,data\camera\right_rear_camera\1772699913310637000.jpg,2000014,2,motorcycle,0.690718,420.0,585.0,589.0,733.0,423.0723571777344,586.0494995117188,585.273681640625,732.830322265625,matched,0,MOTOR,preprocessed/masks/right_rear_camera/masks/frame_000031_gt2d_000_track_-1_MOTOR.png,0.9354751110076904,504.5,659.0,2.9370877742767334,2.9788894653320312,0.48490142822265625,1.0,-1.188291141009073,0.05102194550926388,2.9370877742767334,da3_bbox_median
right_rear,31,1772699913310637000,data\camera\right_rear_camera\1772699913310637000.jpg,2000019,2,motorcycle,0.591368,976.0,611.0,1121.0,718.0,968.2811279296875,610.1453857421875,1112.098388671875,718.8884887695312,matched,2,MOTOR,preprocessed/masks/right_rear_camera/masks/frame_000031_gt2d_002_track_-1_MOTOR.png,0.8429250717163086,1048.5,664.5,2.832273006439209,2.8466897010803223,0.3151123523712158,1.0,0.22679612481244693,0.06307678301085765,2.832273006439209,da3_bbox_median
right_rear,31,1772699913310637000,data\camera\right_rear_camera\1772699913310637000.jpg,2000024,2,motorcycle,0.675818,343.0,591.0,477.0,746.0,331.3550109863281,589.9218139648438,479.7550048828125,746.121826171875,matched,1,MOTOR,preprocessed/masks/right_rear_camera/masks/frame_000031_gt2d_001_track_-1_MOTOR.png,0.8854265213012695,410.0,668.5,2.947779655456543,2.9927196502685547,0.499570369720459,1.0,-1.4407944230975802,0.0761521235103855,2.947779655456543,da3_bbox_median
right_rear,31,1772699913310637000,data\camera\right_rear_camera\1772699913310637000.jpg,2000025,2,motorcycle,0.507711,185.0,602.0,337.0,758.0,192.9550018310547,595.5218505859375,347.1549987792969,756.7218627929688,matched,3,MOTOR,preprocessed/masks/right_rear_camera/masks/frame_000031_gt2d_003_track_-1_MOTOR.png,0.9001170992851257,261.0,680.0,2.934523344039917,2.979271411895752,0.4980001449584961,1.0,-1.8238617694745154,0.10586977559636257,2.934523344039917,da3_bbox_median
right_rear,32,1772699913410645000,data\camera\right_rear_camera\1772699913410645000.jpg,-1,2,motorcycle,0.459554,313.0,616.0,467.0,750.0,313.0,616.0,467.0,750.0,unassigned,2,MOTOR,preprocessed/masks/right_rear_camera/masks/frame_000032_gt2d_002_track_-1_MOTOR.png,0.9000685811042786,390.0,683.0,2.9608001708984375,2.989442825317383,0.41387462615966797,1.0,-1.4999148478809892,0.11472975991139069,2.9608001708984375,da3_bbox_median
right_rear,32,1772699913410645000,data\camera\right_rear_camera\1772699913410645000.jpg,-1,3,person,0.409066,1851.0,615.0,1871.0,665.0,1851.0,615.0,1871.0,665.0,unassigned,4,PEDESTRIAN_NORMAL,preprocessed/masks/right_rear_camera/masks/frame_000032_gt2d_004_track_-1_PEDESTRIAN_NORMAL.png,0.7017923593521118,1861.0,640.0,2.764308452606201,2.75256609916687,0.14721345901489258,1.0,2.2223466413792483,0.0012367126685564865,2.764308452606201,da3_bbox_median
right_rear,32,1772699913410645000,data\camera\right_rear_camera\1772699913410645000.jpg,-1,2,motorcycle,0.361642,8.0,633.0,209.0,757.0,8.0,633.0,209.0,757.0,unassigned,5,MOTOR,preprocessed/masks/right_rear_camera/masks/frame_000032_gt2d_005_track_-1_MOTOR.png,0.8535012006759644,108.5,695.0,2.8783528804779053,2.9010112285614014,0.3510146141052246,1.0,-2.180016296061624,0.1423016302869828,2.8783528804779053,da3_bbox_median
right_rear,32,1772699913410645000,data\camera\right_rear_camera\1772699913410645000.jpg,-1,3,person,0.330978,1855.0,616.0,1874.0,667.0,1855.0,616.0,1874.0,667.0,unassigned,6,PEDESTRIAN_NORMAL,preprocessed/masks/right_rear_camera/masks/frame_000032_gt2d_006_track_-1_PEDESTRIAN_NORMAL.png,0.7355474829673767,1864.5,641.5,2.764308452606201,2.75256609916687,0.14721345901489258,1.0,2.2309663027703746,0.004930168804471447,2.764308452606201,da3_bbox_median
right_rear,32,1772699913410645000,data\camera\right_rear_camera\1772699913410645000.jpg,-1,2,motorcycle,0.31419,309.0,625.0,407.0,750.0,309.0,625.0,407.0,750.0,unassigned,7,MOTOR,preprocessed/masks/right_rear_camera/masks/frame_000032_gt2d_007_track_-1_MOTOR.png,0.8748754262924194,358.0,687.5,2.9343416690826416,2.9586009979248047,0.3709743022918701,1.0,-1.5701670583106162,0.12546642839475367,2.9343416690826416,da3_bbox_median
right_rear,32,1772699913410645000,data\camera\right_rear_camera\1772699913410645000.jpg,2000014,2,motorcycle,0.639775,468.0,598.0,616.0,735.0,467.7558288574219,593.857666015625,628.33154296875,734.231689453125,matched,0,MOTOR,preprocessed/masks/right_rear_camera/masks/frame_000032_gt2d_000_track_-1_MOTOR.png,0.8888609409332275,542.0,666.5,2.9735684394836426,3.006795644760132,0.4294731616973877,1.0,-1.1037058029674236,0.07152093952400188,2.9735684394836426,da3_bbox_median
right_rear,32,1772699913410645000,data\camera\right_rear_camera\1772699913410645000.jpg,2000019,2,motorcycle,0.430006,1041.0,612.0,1168.0,712.0,1036.055908203125,611.4666748046875,1168.62939453125,714.4805908203125,matched,3,MOTOR,preprocessed/masks/right_rear_camera/masks/frame_000032_gt2d_003_track_-1_MOTOR.png,0.8313208818435669,1104.5,662.0,2.8841123580932617,2.8967883586883545,0.2925593852996826,1.0,0.3748389342535747,0.05780873498273791,2.8841123580932617,da3_bbox_median
right_rear,32,1772699913410645000,data\camera\right_rear_camera\1772699913410645000.jpg,2000026,2,motorcycle,0.512227,546.0,589.0,702.0,726.0,546.0,589.0,702.0,726.0,tentative,1,MOTOR,preprocessed/masks/right_rear_camera/masks/frame_000032_gt2d_001_track_-1_MOTOR.png,0.8433226346969604,624.0,657.5,2.988259792327881,3.0202999114990234,0.4479365348815918,1.0,-0.8908517226509334,0.04791820321287763,2.988259792327881,da3_bbox_median
right_rear,33,1772699913510652000,data\camera\right_rear_camera\1772699913510652000.jpg,-1,2,motorcycle,0.424575,433.0,610.0,544.0,742.0,433.0,610.0,544.0,742.0,unassigned,3,MOTOR,preprocessed/masks/right_rear_camera/masks/frame_000033_gt2d_003_track_-1_MOTOR.png,0.9132717847824097,488.5,676.0,3.112144708633423,3.141571044921875,0.4064362049102783,1.0,-1.3034783639969065,0.10118932559888737,3.112144708633423,da3_bbox_median
right_rear,33,1772699913510652000,data\camera\right_rear_camera\1772699913510652000.jpg,-1,3,person,0.405468,1481.0,598.0,1512.0,668.0,1481.0,598.0,1512.0,668.0,unassigned,4,PEDESTRIAN_NORMAL,preprocessed/masks/right_rear_camera/masks/frame_000033_gt2d_004_track_-1_PEDESTRIAN_NORMAL.png,0.813590943813324,1496.5,633.0,2.965141773223877,2.9633166790008545,0.19956684112548828,1.0,1.4209108111409394,-0.01716181006587543,2.965141773223877,da3_bbox_median
right_rear,33,1772699913510652000,data\camera\right_rear_camera\1772699913510652000.jpg,-1,0,bicycle,0.370458,734.0,618.0,866.0,716.0,734.0,618.0,866.0,716.0,unassigned,5,BICYCLE,preprocessed/masks/right_rear_camera/masks/frame_000033_gt2d_005_track_-1_BICYCLE.png,0.8224009275436401,800.0,667.0,3.019085645675659,3.0321362018585205,0.28951549530029297,1.0,-0.426646338022452,0.07396035291373955,3.019085645675659,da3_bbox_median
right_rear,33,1772699913510652000,data\camera\right_rear_camera\1772699913510652000.jpg,-1,2,motorcycle,0.318409,438.0,601.0,598.0,741.0,438.0,601.0,598.0,741.0,unassigned,7,MOTOR,preprocessed/masks/right_rear_camera/masks/frame_000033_gt2d_007_track_-1_MOTOR.png,0.8979966640472412,518.0,671.0,3.1322410106658936,3.163614273071289,0.4393043518066406,1.0,-1.2295740007068081,0.08789254591444179,3.1322410106658936,da3_bbox_median
right_rear,33,1772699913510652000,data\camera\right_rear_camera\1772699913510652000.jpg,2000014,2,motorcycle,0.557228,567.0,589.0,721.0,732.0,544.42626953125,590.400634765625,705.3198852539062,732.5119018554688,matched,0,MOTOR,preprocessed/masks/right_rear_camera/masks/frame_000033_gt2d_000_track_-1_MOTOR.png,0.9205076694488525,644.0,660.5,3.1532986164093018,3.1916558742523193,0.47144055366516113,1.0,-0.8838662975968541,0.05899107094070852,3.1532986164093018,da3_bbox_median
right_rear,33,1772699913510652000,data\camera\right_rear_camera\1772699913510652000.jpg,2000019,2,motorcycle,0.354985,1098.0,613.0,1210.0,710.0,1095.290771484375,612.4473876953125,1213.2276611328125,711.2442016601562,matched,6,MOTOR,preprocessed/masks/right_rear_camera/masks/frame_000033_gt2d_006_track_-1_MOTOR.png,0.802534818649292,1154.0,661.5,3.020531177520752,3.032992362976074,0.29058194160461426,1.0,0.5257749763479262,0.059197827186959165,3.020531177520752,da3_bbox_median
right_rear,33,1772699913510652000,data\camera\right_rear_camera\1772699913510652000.jpg,2000026,2,motorcycle,0.518574,646.0,587.0,789.0,728.0,632.548095703125,587.7205810546875,778.1480712890625,727.9205932617188,matched,1,MOTOR,preprocessed/masks/right_rear_camera/masks/frame_000033_gt2d_001_track_-1_MOTOR.png,0.885669469833374,717.5,657.5,3.14473557472229,3.1800050735473633,0.4500136375427246,1.0,-0.6755420069791165,0.05042736870040316,3.14473557472229,da3_bbox_median
right_rear,33,1772699913510652000,data\camera\right_rear_camera\1772699913510652000.jpg,3000022,3,person,0.506791,1854.0,614.0,1874.0,664.0,1854.0,614.0,1874.0,664.0,tentative,2,PEDESTRIAN_NORMAL,preprocessed/masks/right_rear_camera/masks/frame_000033_gt2d_002_track_-1_PEDESTRIAN_NORMAL.png,0.6456911563873291,1864.0,639.0,2.9134156703948975,2.900500535964966,0.14510321617126465,1.0,2.350007162956936,-0.0012917000095071757,2.9134156703948975,da3_bbox_median
right_rear,34,1772699913610660000,data\camera\right_rear_camera\1772699913610660000.jpg,-1,2,motorcycle,0.43363,746.0,601.0,860.0,716.0,746.0,601.0,860.0,716.0,unassigned,4,MOTOR,preprocessed/masks/right_rear_camera/masks/frame_000034_gt2d_004_track_-1_MOTOR.png,0.8325580358505249,803.0,658.5,3.003725528717041,3.0236055850982666,0.34414196014404297,1.0,-0.416447520387321,0.05084176837272779,3.003725528717041,da3_bbox_median
right_rear,34,1772699913610660000,data\camera\right_rear_camera\1772699913610660000.jpg,-1,2,motorcycle,0.42948,318.0,608.0,491.0,757.0,318.0,608.0,491.0,757.0,unassigned,5,MOTOR,preprocessed/masks/right_rear_camera/masks/frame_000034_gt2d_005_track_-1_MOTOR.png,0.8907417058944702,404.5,682.5,3.0696635246276855,3.1082684993743896,0.46560025215148926,1.0,-1.5154093691229693,0.11758101967089442,3.0696635246276855,da3_bbox_median
right_rear,34,1772699913610660000,data\camera\right_rear_camera\1772699913610660000.jpg,2000026,2,motorcycle,0.67015,646.0,606.0,805.0,729.0,650.0762329101562,602.2529907226562,806.2324829101562,729.29443359375,matched,0,MOTOR,preprocessed/masks/right_rear_camera/masks/frame_000034_gt2d_000_track_-1_MOTOR.png,0.8675130605697632,725.5,667.5,3.0193848609924316,3.043836832046509,0.3784644603729248,1.0,-0.6270944770085116,0.0753124395025865,3.0193848609924316,da3_bbox_median
right_rear,34,1772699913610660000,data\camera\right_rear_camera\1772699913610660000.jpg,2000027,2,motorcycle,0.565489,538.0,620.0,639.0,736.0,538.0,620.0,639.0,736.0,tentative,1,MOTOR,preprocessed/masks/right_rear_camera/masks/frame_000034_gt2d_001_track_-1_MOTOR.png,0.9046206474304199,588.5,678.0,2.9952754974365234,3.0115296840667725,0.3327193260192871,1.0,-0.9876761151960051,0.10272547589968144,2.9952754974365234,da3_bbox_median
right_rear,34,1772699913610660000,data\camera\right_rear_camera\1772699913610660000.jpg,2000028,2,motorcycle,0.548655,812.0,619.0,928.0,710.0,812.0,619.0,928.0,710.0,tentative,2,MOTOR,preprocessed/masks/right_rear_camera/masks/frame_000034_gt2d_002_track_-1_MOTOR.png,0.8911405801773071,870.0,664.5,2.9289631843566895,2.9404609203338623,0.25412869453430176,1.0,-0.23124880624668376,0.06523014370663668,2.9289631843566895,da3_bbox_median
right_rear,34,1772699913610660000,data\camera\right_rear_camera\1772699913610660000.jpg,3000023,3,person,0.548541,1855.0,614.0,1875.0,664.0,1855.0,614.0,1875.0,664.0,tentative,3,PEDESTRIAN_NORMAL,preprocessed/masks/right_rear_camera/masks/frame_000034_gt2d_003_track_-1_PEDESTRIAN_NORMAL.png,0.6315532326698303,1865.0,639.0,2.8457558155059814,2.834291696548462,0.14138245582580566,1.0,2.2979669767602635,-0.0012617021495754958,2.8457558155059814,da3_bbox_median
right_rear,35,1772699913710637000,data\camera\right_rear_camera\1772699913710637000.jpg,-1,3,person,0.484252,1861.0,614.0,1882.0,663.0,1861.0,614.0,1882.0,663.0,unassigned,2,PEDESTRIAN_NORMAL,preprocessed/masks/right_rear_camera/masks/frame_000035_gt2d_002_track_-1_PEDESTRIAN_NORMAL.png,0.7363397479057312,1871.5,638.5,2.887354612350464,2.874314785003662,0.13857483863830566,1.0,2.3482787806590664,-0.002566099154076525,2.887354612350464,da3_bbox_median
right_rear,35,1772699913710637000,data\camera\right_rear_camera\1772699913710637000.jpg,-1,2,motorcycle,0.321538,817.0,596.0,929.0,715.0,817.0,596.0,929.0,715.0,unassigned,3,MOTOR,preprocessed/masks/right_rear_camera/masks/frame_000035_gt2d_003_track_-1_MOTOR.png,0.8755519390106201,873.0,655.5,3.0794010162353516,3.098388433456421,0.38302159309387207,1.0,-0.23489579889181844,0.04389375244176267,3.0794010162353516,da3_bbox_median
right_rear,35,1772699913710637000,data\camera\right_rear_camera\1772699913710637000.jpg,-1,2,motorcycle,0.309268,635.0,607.0,754.0,728.0,635.0,607.0,754.0,728.0,unassigned,4,MOTOR,preprocessed/masks/right_rear_camera/masks/frame_000035_gt2d_004_track_-1_MOTOR.png,0.8364645838737488,694.5,667.5,3.0782899856567383,3.097667694091797,0.379183292388916,1.0,-0.7243456685176557,0.07678170852323554,3.0782899856567383,da3_bbox_median
right_rear,35,1772699913710637000,data\camera\right_rear_camera\1772699913710637000.jpg,-1,2,motorcycle,0.301838,293.0,596.0,404.0,743.0,293.0,596.0,404.0,743.0,unassigned,5,MOTOR,preprocessed/masks/right_rear_camera/masks/frame_000035_gt2d_005_track_-1_MOTOR.png,0.9170885682106018,348.5,669.5,3.143005609512329,3.182245969772339,0.484877347946167,1.0,-1.7084245874905761,0.08399516483934077,3.143005609512329,da3_bbox_median
right_rear,35,1772699913710637000,data\camera\right_rear_camera\1772699913710637000.jpg,2000026,2,motorcycle,0.542325,727.0,597.0,889.0,722.0,713.9069213867188,599.1707763671875,875.7265625,723.4310913085938,matched,1,MOTOR,preprocessed/masks/right_rear_camera/masks/frame_000035_gt2d_001_track_-1_MOTOR.png,0.8292593955993652,808.0,659.5,3.0964365005493164,3.121457099914551,0.4006171226501465,1.0,-0.4155080202412937,0.05516916290776165,3.0964365005493164,da3_bbox_median
right_rear,35,1772699913710637000,data\camera\right_rear_camera\1772699913710637000.jpg,2000029,2,motorcycle,0.663134,158.0,578.0,265.0,742.0,158.0,578.0,265.0,742.0,tentative,0,MOTOR,preprocessed/masks/right_rear_camera/masks/frame_000035_gt2d_000_track_-1_MOTOR.png,0.9161953330039978,211.5,660.0,3.187288999557495,3.245471954345703,0.5730187892913818,1.0,-2.1215205850936485,0.05820741725249043,3.187288999557495,da3_bbox_median
right_rear,36,1772699913810644000,data\camera\right_rear_camera\1772699913810644000.jpg,-1,2,motorcycle,0.482576,0.0,581.0,181.0,759.0,0.0,581.0,181.0,759.0,unassigned,3,MOTOR,preprocessed/masks/right_rear_camera/masks/frame_000036_gt2d_003_track_-1_MOTOR.png,0.8966293334960938,90.5,670.0,3.3117029666900635,3.3799893856048584,0.6280808448791504,1.0,-2.56133634878271,0.08997846012151198,3.3117029666900635,da3_bbox_median
right_rear,36,1772699913810644000,data\camera\right_rear_camera\1772699913810644000.jpg,-1,2,motorcycle,0.346223,61.0,584.0,182.0,755.0,61.0,584.0,182.0,755.0,unassigned,5,MOTOR,preprocessed/masks/right_rear_camera/masks/frame_000036_gt2d_005_track_-1_MOTOR.png,0.8795014023780823,121.5,669.5,3.3186450004577637,3.3778295516967773,0.5946156978607178,1.0,-2.4750500346511504,0.08868903479302255,3.3186450004577637,da3_bbox_median
right_rear,36,1772699913810644000,data\camera\right_rear_camera\1772699913810644000.jpg,2000025,2,motorcycle,0.462086,413.0,606.0,528.0,736.0,411.8719482421875,605.9627075195312,527.6404418945312,736.5073852539062,matched,4,MOTOR,preprocessed/masks/right_rear_camera/masks/frame_000036_gt2d_004_track_-1_MOTOR.png,0.9040637612342834,470.5,671.0,3.228803873062134,3.2539615631103516,0.4105551242828369,1.0,-1.4041179699347717,0.09060215727189833,3.228803873062134,da3_bbox_median
right_rear,36,1772699913810644000,data\camera\right_rear_camera\1772699913810644000.jpg,2000026,2,motorcycle,0.703469,806.0,600.0,960.0,717.0,791.2021484375,600.5087280273438,948.7304077148438,718.0953979492188,matched,1,MOTOR,preprocessed/masks/right_rear_camera/masks/frame_000036_gt2d_001_track_-1_MOTOR.png,0.9008552432060242,883.0,658.5,3.1972153186798096,3.218641996383667,0.3660697937011719,1.0,-0.21539820829268577,0.054116822298169706,3.1972153186798096,da3_bbox_median
right_rear,36,1772699913810644000,data\camera\right_rear_camera\1772699913810644000.jpg,2000030,2,motorcycle,0.794565,304.0,586.0,404.0,738.0,304.0,586.0,404.0,738.0,tentative,0,MOTOR,preprocessed/masks/right_rear_camera/masks/frame_000036_gt2d_000_track_-1_MOTOR.png,0.9157242774963379,354.0,662.0,3.3020272254943848,3.3458783626556396,0.5347867012023926,1.0,-1.7786829894714713,0.06618536072241943,3.3020272254943848,da3_bbox_median
right_rear,36,1772699913810644000,data\camera\right_rear_camera\1772699913810644000.jpg,3000024,3,person,0.553318,1864.0,612.0,1884.0,660.0,1864.0,612.0,1884.0,660.0,tentative,2,PEDESTRIAN_NORMAL,preprocessed/masks/right_rear_camera/masks/frame_000036_gt2d_002_track_-1_PEDESTRIAN_NORMAL.png,0.7642775177955627,1874.0,636.0,3.0143685340881348,3.0003952980041504,0.14321494102478027,1.0,2.4582927632557645,-0.009391593080028241,3.0143685340881348,da3_bbox_median
right_rear,37,1772699913910651000,data\camera\right_rear_camera\1772699913910651000.jpg,-1,2,motorcycle,0.437727,96.0,587.0,213.0,753.0,96.0,587.0,213.0,753.0,unassigned,3,MOTOR,preprocessed/masks/right_rear_camera/masks/frame_000037_gt2d_003_track_-1_MOTOR.png,0.8451194167137146,154.5,670.0,3.328608512878418,3.3833889961242676,0.5744626522064209,1.0,-2.384619234437625,0.09043778121064382,3.328608512878418,da3_bbox_median
right_rear,37,1772699913910651000,data\camera\right_rear_camera\1772699913910651000.jpg,-1,2,motorcycle,0.392142,214.0,586.0,336.0,748.0,214.0,586.0,336.0,748.0,unassigned,4,MOTOR,preprocessed/masks/right_rear_camera/masks/frame_000037_gt2d_004_track_-1_MOTOR.png,0.9106432199478149,275.0,667.0,3.3280935287475586,3.37813401222229,0.5576059818267822,1.0,-2.0269624644743165,0.08153030447104641,3.3280935287475586,da3_bbox_median
right_rear,37,1772699913910651000,data\camera\right_rear_camera\1772699913910651000.jpg,-1,2,motorcycle,0.375713,0.0,569.0,104.0,757.0,0.0,569.0,104.0,757.0,unassigned,5,MOTOR,preprocessed/masks/right_rear_camera/masks/frame_000037_gt2d_005_track_-1_MOTOR.png,0.8823521137237549,52.0,663.0,3.3655965328216553,3.4474587440490723,0.6923832893371582,1.0,-2.7184592592897605,0.0704574354639341,3.3655965328216553,da3_bbox_median
right_rear,37,1772699913910651000,data\camera\right_rear_camera\1772699913910651000.jpg,-1,2,motorcycle,0.353701,519.0,598.0,640.0,733.0,519.0,598.0,640.0,733.0,unassigned,6,MOTOR,preprocessed/masks/right_rear_camera/masks/frame_000037_gt2d_006_track_-1_MOTOR.png,0.9161397218704224,579.5,665.5,3.258810043334961,3.2863893508911133,0.4424870014190674,1.0,-1.1007050936805232,0.07547885425883791,3.258810043334961,da3_bbox_median
right_rear,37,1772699913910651000,data\camera\right_rear_camera\1772699913910651000.jpg,-1,2,motorcycle,0.328791,974.0,609.0,1096.0,699.0,974.0,609.0,1096.0,699.0,unassigned,7,MOTOR,preprocessed/masks/right_rear_camera/masks/frame_000037_gt2d_007_track_-1_MOTOR.png,0.8859375715255737,1035.0,654.0,3.134791851043701,3.146160125732422,0.28453874588012695,1.0,0.21331732685124546,0.040494825337756994,3.134791851043701,da3_bbox_median
right_rear,37,1772699913910651000,data\camera\right_rear_camera\1772699913910651000.jpg,2000025,2,motorcycle,0.814252,420.0,588.0,529.0,734.0,425.807861328125,592.1802368164062,534.796630859375,733.7960205078125,matched,0,MOTOR,preprocessed/masks/right_rear_camera/masks/frame_000037_gt2d_000_track_-1_MOTOR.png,0.9310771822929382,474.5,661.0,3.2859363555908203,3.3257224559783936,0.48695850372314453,1.0,-1.417253371228541,0.06293589417706527,3.2859363555908203,da3_bbox_median
right_rear,37,1772699913910651000,data\camera\right_rear_camera\1772699913910651000.jpg,2000026,2,motorcycle,0.676056,870.0,599.0,1024.0,713.0,862.0443115234375,600.0449829101562,1017.6953125,713.6160888671875,matched,1,MOTOR,preprocessed/masks/right_rear_camera/masks/frame_000037_gt2d_001_track_-1_MOTOR.png,0.9045907258987427,947.0,656.0,3.202906370162964,3.2247252464294434,0.36179494857788086,1.0,-0.03315676575287891,0.04708068886992955,3.202906370162964,da3_bbox_median
right_rear,37,1772699913910651000,data\camera\right_rear_camera\1772699913910651000.jpg,3000025,3,person,0.58946,1866.0,611.0,1887.0,659.0,1866.0,611.0,1887.0,659.0,tentative,2,PEDESTRIAN_NORMAL,preprocessed/masks/right_rear_camera/masks/frame_000037_gt2d_002_track_-1_PEDESTRIAN_NORMAL.png,0.7638599872589111,1876.5,635.0,3.0202863216400146,3.00630521774292,0.13652706146240234,1.0,2.4698459031818674,-0.012100346629104208,3.0202863216400146,da3_bbox_median
right_rear,38,1772699914010645000,data\camera\right_rear_camera\1772699914010645000.jpg,-1,2,motorcycle,0.47425,310.0,590.0,467.0,741.0,310.0,590.0,467.0,741.0,unassigned,5,MOTOR,preprocessed/masks/right_rear_camera/masks/frame_000038_gt2d_005_track_-1_MOTOR.png,0.8610662221908569,388.5,665.5,3.286815881729126,3.3339192867279053,0.5374388694763184,1.0,-1.669463891168594,0.07612751084404547,3.286815881729126,da3_bbox_median
right_rear,38,1772699914010645000,data\camera\right_rear_camera\1772699914010645000.jpg,-1,2,motorcycle,0.463048,835.0,619.0,956.0,714.0,835.0,619.0,956.0,714.0,unassigned,6,MOTOR,preprocessed/masks/right_rear_camera/masks/frame_000038_gt2d_006_track_-1_MOTOR.png,0.7973290681838989,895.5,666.5,3.1317622661590576,3.1470327377319336,0.326657772064209,1.0,-0.17611197340836288,0.07532585316260892,3.1317622661590576,da3_bbox_median
right_rear,38,1772699914010645000,data\camera\right_rear_camera\1772699914010645000.jpg,-1,2,motorcycle,0.377733,667.0,598.0,796.0,719.0,667.0,598.0,796.0,719.0,unassigned,7,MOTOR,preprocessed/masks/right_rear_camera/masks/frame_000038_gt2d_007_track_-1_MOTOR.png,0.873348593711853,731.5,658.5,3.2117919921875,3.2311410903930664,0.4112052917480469,1.0,-0.6498868365702195,0.05436355051985227,3.2117919921875,da3_bbox_median
right_rear,38,1772699914010645000,data\camera\right_rear_camera\1772699914010645000.jpg,-1,2,motorcycle,0.358124,245.0,589.0,386.0,743.0,245.0,589.0,386.0,743.0,unassigned,8,MOTOR,preprocessed/masks/right_rear_camera/masks/frame_000038_gt2d_008_track_-1_MOTOR.png,0.8727035522460938,315.5,666.0,3.3005099296569824,3.3470101356506348,0.5569844245910645,1.0,-1.8910737589754572,0.07791464764464538,3.3005099296569824,da3_bbox_median
right_rear,38,1772699914010645000,data\camera\right_rear_camera\1772699914010645000.jpg,-1,3,person,0.319929,1675.0,602.0,1701.0,664.0,1675.0,602.0,1701.0,664.0,unassigned,9,PEDESTRIAN_NORMAL,preprocessed/masks/right_rear_camera/masks/frame_000038_gt2d_009_track_-1_PEDESTRIAN_NORMAL.png,0.6661813259124756,1688.0,633.0,3.0539779663085938,3.045797824859619,0.20801711082458496,1.0,1.9845206871915073,-0.017675981053064928,3.0539779663085938,da3_bbox_median
right_rear,38,1772699914010645000,data\camera\right_rear_camera\1772699914010645000.jpg,-1,3,person,0.316118,1387.0,586.0,1422.0,675.0,1387.0,586.0,1422.0,675.0,unassigned,10,PEDESTRIAN_NORMAL,preprocessed/masks/right_rear_camera/masks/frame_000038_gt2d_010_track_-1_PEDESTRIAN_NORMAL.png,0.8306950330734253,1404.5,630.5,3.1271822452545166,3.1353490352630615,0.30783843994140625,1.0,1.242244850600486,-0.02506351039209554,3.1271822452545166,da3_bbox_median
right_rear,38,1772699914010645000,data\camera\right_rear_camera\1772699914010645000.jpg,2000024,2,motorcycle,0.799729,523.0,596.0,637.0,728.0,523.1439208984375,596.0647583007812,637.3609619140625,728.3289184570312,matched,0,MOTOR,preprocessed/masks/right_rear_camera/masks/frame_000038_gt2d_000_track_-1_MOTOR.png,0.9072160720825195,580.0,662.0,3.236828327178955,3.270106554031372,0.45382022857666016,1.0,-1.0918386183105895,0.06487852334373459,3.236828327178955,da3_bbox_median
right_rear,38,1772699914010645000,data\camera\right_rear_camera\1772699914010645000.jpg,2000026,2,motorcycle,0.677748,931.0,599.0,1076.0,711.0,925.0289306640625,599.8758544921875,1073.567138671875,710.9730224609375,matched,1,MOTOR,preprocessed/masks/right_rear_camera/masks/frame_000038_gt2d_001_track_-1_MOTOR.png,0.8489452004432678,1003.5,655.0,3.1902732849121094,3.2063064575195312,0.3790421485900879,1.0,0.12756160822228843,0.04405325884194962,3.1902732849121094,da3_bbox_median
right_rear,38,1772699914010645000,data\camera\right_rear_camera\1772699914010645000.jpg,2000031,2,motorcycle,0.574064,0.0,585.0,129.0,754.0,0.0,585.0,129.0,754.0,tentative,3,MOTOR,preprocessed/masks/right_rear_camera/masks/frame_000038_gt2d_003_track_-1_MOTOR.png,0.8843909502029419,64.5,669.5,3.2972116470336914,3.3608450889587402,0.6247799396514893,1.0,-2.6265042871732014,0.08811623974344765,3.2972116470336914,da3_bbox_median
right_rear,38,1772699914010645000,data\camera\right_rear_camera\1772699914010645000.jpg,2000032,2,motorcycle,0.503579,153.0,575.0,283.0,754.0,153.0,575.0,283.0,754.0,tentative,4,MOTOR,preprocessed/masks/right_rear_camera/masks/frame_000038_gt2d_004_track_-1_MOTOR.png,0.8749672174453735,218.0,664.5,3.3756422996520996,3.4518165588378906,0.6961078643798828,1.0,-2.2273440082231204,0.07517801298580364,3.3756422996520996,da3_bbox_median
right_rear,38,1772699914010645000,data\camera\right_rear_camera\1772699914010645000.jpg,3000026,3,person,0.586917,1870.0,611.0,1889.0,657.0,1870.0,611.0,1889.0,657.0,tentative,2,PEDESTRIAN_NORMAL,preprocessed/masks/right_rear_camera/masks/frame_000038_gt2d_002_track_-1_PEDESTRIAN_NORMAL.png,0.7518064975738525,1879.5,634.0,2.9975855350494385,2.9780220985412598,0.1501617431640625,1.0,2.459294054581276,-0.014679494506084545,2.9975855350494385,da3_bbox_median
right_rear,39,1772699914110561000,data\camera\right_rear_camera\1772699914110561000.jpg,-1,3,person,0.44045,1677.0,602.0,1702.0,660.0,1677.0,602.0,1702.0,660.0,unassigned,4,PEDESTRIAN_NORMAL,preprocessed/masks/right_rear_camera/masks/frame_000039_gt2d_004_track_-1_PEDESTRIAN_NORMAL.png,0.6730255484580994,1689.5,631.0,2.926718235015869,2.9180948734283447,0.18194341659545898,1.0,1.905736585366811,-0.022153360983650675,2.926718235015869,da3_bbox_median
right_rear,39,1772699914110561000,data\camera\right_rear_camera\1772699914110561000.jpg,-1,2,motorcycle,0.397013,0.0,571.0,202.0,754.0,0.0,571.0,202.0,754.0,unassigned,5,MOTOR,preprocessed/masks/right_rear_camera/masks/frame_000039_gt2d_005_track_-1_MOTOR.png,0.9250845313072205,101.0,662.5,3.2322614192962646,3.314079761505127,0.7007009983062744,1.0,-2.4696581958775035,0.0662265511840566,3.2322614192962646,da3_bbox_median
right_rear,39,1772699914110561000,data\camera\right_rear_camera\1772699914110561000.jpg,-1,2,motorcycle,0.377221,904.0,609.0,1015.0,715.0,904.0,609.0,1015.0,715.0,unassigned,6,MOTOR,preprocessed/masks/right_rear_camera/masks/frame_000039_gt2d_006_track_-1_MOTOR.png,0.7900352478027344,959.5,662.0,3.0585622787475586,3.071004629135132,0.3534862995147705,1.0,0.002398936553752419,0.06130538420396697,3.0585622787475586,da3_bbox_median
right_rear,39,1772699914110561000,data\camera\right_rear_camera\1772699914110561000.jpg,-1,2,motorcycle,0.35086,745.0,594.0,865.0,717.0,745.0,594.0,865.0,717.0,unassigned,7,MOTOR,preprocessed/masks/right_rear_camera/masks/frame_000039_gt2d_007_track_-1_MOTOR.png,0.8555794358253479,805.0,655.5,3.105560541152954,3.1321353912353516,0.4283773899078369,1.0,-0.4250327267392902,0.04426663005811519,3.105560541152954,da3_bbox_median
right_rear,39,1772699914110561000,data\camera\right_rear_camera\1772699914110561000.jpg,-1,2,motorcycle,0.347125,1074.0,612.0,1180.0,695.0,1074.0,612.0,1180.0,695.0,unassigned,8,MOTOR,preprocessed/masks/right_rear_camera/masks/frame_000039_gt2d_008_track_-1_MOTOR.png,0.8872945308685303,1127.0,653.5,2.9981040954589844,3.003847122192383,0.275160551071167,1.0,0.449752752116676,0.03739383241635433,2.9981040954589844,da3_bbox_median
right_rear,39,1772699914110561000,data\camera\right_rear_camera\1772699914110561000.jpg,-1,2,motorcycle,0.329021,1387.0,586.0,1421.0,672.0,1387.0,586.0,1421.0,672.0,unassigned,9,CYCLIST_MOTOR,preprocessed/masks/right_rear_camera/masks/frame_000039_gt2d_009_track_-1_CYCLIST_MOTOR.png,0.7783723473548889,1404.0,629.0,3.0064311027526855,3.0149903297424316,0.28502750396728516,1.0,1.192938316461755,-0.02811268479163789,3.0064311027526855,da3_bbox_median
right_rear,39,1772699914110561000,data\camera\right_rear_camera\1772699914110561000.jpg,-1,2,motorcycle,0.325379,289.0,584.0,431.0,741.0,289.0,584.0,431.0,741.0,unassigned,10,MOTOR,preprocessed/masks/right_rear_camera/masks/frame_000039_gt2d_010_track_-1_MOTOR.png,0.9023289680480957,360.0,662.5,3.1980061531066895,3.251389980316162,0.5707972049713135,1.0,-1.705555703117205,0.06552468711882846,3.1980061531066895,da3_bbox_median
right_rear,39,1772699914110561000,data\camera\right_rear_camera\1772699914110561000.jpg,-1,2,motorcycle,0.315526,192.0,581.0,396.0,742.0,192.0,581.0,396.0,742.0,unassigned,11,MOTOR,preprocessed/masks/right_rear_camera/masks/frame_000039_gt2d_011_track_-1_MOTOR.png,0.8804951906204224,294.0,661.5,3.198853015899658,3.255671977996826,0.5892388820648193,1.0,-1.8941008907243726,0.06269266460184059,3.198853015899658,da3_bbox_median
right_rear,39,1772699914110561000,data\camera\right_rear_camera\1772699914110561000.jpg,-1,3,person,0.305563,1417.0,588.0,1445.0,664.0,1417.0,588.0,1445.0,664.0,unassigned,12,PEDESTRIAN_NORMAL,preprocessed/masks/right_rear_camera/masks/frame_000039_gt2d_012_track_-1_PEDESTRIAN_NORMAL.png,0.7615402936935425,1431.0,626.0,2.98189640045166,2.9820072650909424,0.2540302276611328,1.0,1.2549315943858304,-0.035851625283098855,2.98189640045166,da3_bbox_median
right_rear,39,1772699914110561000,data\camera\right_rear_camera\1772699914110561000.jpg,2000025,2,motorcycle,0.676838,426.0,591.0,579.0,738.0,433.58978271484375,590.9288330078125,579.0609741210938,736.5262451171875,matched,1,MOTOR,preprocessed/masks/right_rear_camera/masks/frame_000039_gt2d_001_track_-1_MOTOR.png,0.918157696723938,502.5,664.5,3.168735980987549,3.210075616836548,0.5132236480712891,1.0,-1.287657842195529,0.0705700585490994,3.168735980987549,da3_bbox_median
right_rear,39,1772699914110561000,data\camera\right_rear_camera\1772699914110561000.jpg,2000026,2,motorcycle,0.58822,1003.0,606.0,1116.0,702.0,995.1676025390625,605.0680541992188,1118.4678955078125,704.0794677734375,matched,3,MOTOR,preprocessed/masks/right_rear_camera/masks/frame_000039_gt2d_003_track_-1_MOTOR.png,0.8453646898269653,1059.5,654.0,3.0224194526672363,3.0366227626800537,0.32148146629333496,1.0,0.27164209201138306,0.03904321360043391,3.0224194526672363,da3_bbox_median
right_rear,39,1772699914110561000,data\camera\right_rear_camera\1772699914110561000.jpg,2000033,2,motorcycle,0.764103,609.0,592.0,733.0,723.0,609.0,592.0,733.0,723.0,tentative,0,MOTOR,preprocessed/masks/right_rear_camera/masks/frame_000039_gt2d_000_track_-1_MOTOR.png,0.8507728576660156,671.0,657.5,3.1245970726013184,3.1576356887817383,0.4459657669067383,1.0,-0.8006601299483151,0.05010443799688359,3.1245970726013184,da3_bbox_median
right_rear,39,1772699914110561000,data\camera\right_rear_camera\1772699914110561000.jpg,3000027,3,person,0.609354,1871.0,611.0,1892.0,655.0,1871.0,611.0,1892.0,655.0,tentative,2,PEDESTRIAN_NORMAL,preprocessed/masks/right_rear_camera/masks/frame_000039_gt2d_002_track_-1_PEDESTRIAN_NORMAL.png,0.7781877517700195,1881.5,633.0,2.8914742469787598,2.872802257537842,0.14786458015441895,1.0,2.377389811422718,-0.016735433119970746,2.8914742469787598,da3_bbox_median
right_rear,40,1772699914210538000,data\camera\right_rear_camera\1772699914210538000.jpg,-1,2,motorcycle,0.418968,406.0,590.0,546.0,734.0,406.0,590.0,546.0,734.0,unassigned,4,MOTOR,preprocessed/masks/right_rear_camera/masks/frame_000040_gt2d_004_track_-1_MOTOR.png,0.8738962411880493,476.0,662.0,3.17036509513855,3.210162878036499,0.5068697929382324,1.0,-1.3631696831189544,0.06354634384097066,3.17036509513855,da3_bbox_median
right_rear,40,1772699914210538000,data\camera\right_rear_camera\1772699914210538000.jpg,-1,0,bicycle,0.393208,297.0,595.0,412.0,739.0,297.0,595.0,412.0,739.0,unassigned,5,BICYCLE,preprocessed/masks/right_rear_camera/masks/frame_000040_gt2d_005_track_-1_BICYCLE.png,0.8417645692825317,354.5,667.0,3.1566457748413086,3.1950082778930664,0.4852418899536133,1.0,-1.698965095159783,0.0773302459522241,3.1566457748413086,da3_bbox_median
right_rear,40,1772699914210538000,data\camera\right_rear_camera\1772699914210538000.jpg,-1,2,motorcycle,0.348137,171.0,576.0,343.0,749.0,171.0,576.0,343.0,749.0,unassigned,6,MOTOR,preprocessed/masks/right_rear_camera/masks/frame_000040_gt2d_006_track_-1_MOTOR.png,0.9474338293075562,257.0,662.5,3.227595329284668,3.2961020469665527,0.6329958438873291,1.0,-2.0175135884007807,0.06613094658749223,3.227595329284668,da3_bbox_median
right_rear,40,1772699914210538000,data\camera\right_rear_camera\1772699914210538000.jpg,-1,2,motorcycle,0.339325,819.0,597.0,927.0,712.0,819.0,597.0,927.0,712.0,unassigned,7,MOTOR,preprocessed/masks/right_rear_camera/masks/frame_000040_gt2d_007_track_-1_MOTOR.png,0.8854267001152039,873.0,654.5,3.0919909477233887,3.1127119064331055,0.3742485046386719,1.0,-0.235856155142688,0.04131902236514029,3.0919909477233887,da3_bbox_median
right_rear,40,1772699914210538000,data\camera\right_rear_camera\1772699914210538000.jpg,-1,3,person,0.338459,1381.0,586.0,1418.0,669.0,1381.0,586.0,1418.0,669.0,unassigned,8,PEDESTRIAN_NORMAL,preprocessed/masks/right_rear_camera/masks/frame_000040_gt2d_008_track_-1_PEDESTRIAN_NORMAL.png,0.7395501732826233,1399.5,627.5,3.015655994415283,3.023240566253662,0.2702138423919678,1.0,1.1845086097136268,-0.032228232735829664,3.015655994415283,da3_bbox_median
right_rear,40,1772699914210538000,data\camera\right_rear_camera\1772699914210538000.jpg,2000024,2,motorcycle,0.520859,529.0,588.0,682.0,730.0,533.0546264648438,589.5623168945312,680.34228515625,729.5829467773438,matched,2,MOTOR,preprocessed/masks/right_rear_camera/masks/frame_000040_gt2d_002_track_-1_MOTOR.png,0.8950896263122559,605.5,659.0,3.1590614318847656,3.198075771331787,0.48447561264038086,1.0,-0.9938379819687027,0.05487798548265486,3.1590614318847656,da3_bbox_median
right_rear,40,1772699914210538000,data\camera\right_rear_camera\1772699914210538000.jpg,2000026,2,motorcycle,0.496081,1017.0,605.0,1161.0,705.0,1025.2867431640625,605.6058959960938,1162.860107421875,703.7937622070312,matched,3,MOTOR,preprocessed/masks/right_rear_camera/masks/frame_000040_gt2d_003_track_-1_MOTOR.png,0.7546398639678955,1089.0,655.0,3.0503289699554443,3.0658087730407715,0.3253824710845947,1.0,0.3543190899057397,0.04212082153026172,3.0503289699554443,da3_bbox_median
right_rear,40,1772699914210538000,data\camera\right_rear_camera\1772699914210538000.jpg,2000033,2,motorcycle,0.638472,694.0,599.0,814.0,720.0,681.539794921875,598.0195922851562,802.3397827148438,721.0195922851562,matched,0,MOTOR,preprocessed/masks/right_rear_camera/masks/frame_000040_gt2d_000_track_-1_MOTOR.png,0.8183279037475586,754.0,659.5,3.1020631790161133,3.123826742172241,0.3965787887573242,1.0,-0.5655012783444976,0.05526941335401147,3.1020631790161133,da3_bbox_median
right_rear,40,1772699914210538000,data\camera\right_rear_camera\1772699914210538000.jpg,3000028,3,person,0.593998,1875.0,610.0,1895.0,654.0,1875.0,610.0,1895.0,654.0,tentative,1,PEDESTRIAN_NORMAL,preprocessed/masks/right_rear_camera/masks/frame_000040_gt2d_001_track_-1_PEDESTRIAN_NORMAL.png,0.8225201368331909,1885.0,632.0,2.9036498069763184,2.885195732116699,0.13939309120178223,1.0,2.3964547950845136,-0.019392325710777203,2.9036498069763184,da3_bbox_median
right_rear,41,1772699914310546000,data\camera\right_rear_camera\1772699914310546000.jpg,-1,2,motorcycle,0.446456,763.0,598.0,883.0,718.0,763.0,598.0,883.0,718.0,unassigned,1,MOTOR,preprocessed/masks/right_rear_camera/masks/frame_000041_gt2d_001_track_-1_MOTOR.png,0.7246719598770142,823.0,658.0,3.2313413619995117,3.251626491546631,0.40830349922180176,1.0,-0.3904280853397935,0.05325529125686976,3.2313413619995117,da3_bbox_median
right_rear,41,1772699914310546000,data\camera\right_rear_camera\1772699914310546000.jpg,-1,2,motorcycle,0.442162,635.0,603.0,769.0,721.0,635.0,603.0,769.0,721.0,unassigned,2,MOTOR,preprocessed/masks/right_rear_camera/masks/frame_000041_gt2d_002_track_-1_MOTOR.png,0.8311516046524048,702.0,662.0,3.21515154838562,3.238598346710205,0.38289666175842285,1.0,-0.7350670925107786,0.06444403709460254,3.21515154838562,da3_bbox_median
right_rear,41,1772699914310546000,data\camera\right_rear_camera\1772699914310546000.jpg,-1,2,motorcycle,0.362022,499.0,587.0,645.0,729.0,499.0,587.0,645.0,729.0,unassigned,4,MOTOR,preprocessed/masks/right_rear_camera/masks/frame_000041_gt2d_004_track_-1_MOTOR.png,0.8124641180038452,572.0,658.0,3.293921947479248,3.3305883407592773,0.49518704414367676,1.0,-1.134574094398239,0.05428667325381438,3.293921947479248,da3_bbox_median
right_rear,41,1772699914310546000,data\camera\right_rear_camera\1772699914310546000.jpg,-1,2,motorcycle,0.30457,320.0,584.0,459.0,741.0,320.0,584.0,459.0,741.0,unassigned,5,MOTOR,preprocessed/masks/right_rear_camera/masks/frame_000041_gt2d_005_track_-1_MOTOR.png,0.8954133987426758,389.5,662.5,3.3311822414398193,3.386796236038208,0.5759372711181641,1.0,-1.6890309854780068,0.06825336276920538,3.3311822414398193,da3_bbox_median
right_rear,41,1772699914310546000,data\camera\right_rear_camera\1772699914310546000.jpg,2000026,2,motorcycle,0.399758,1063.0,607.0,1212.0,710.0,1067.447998046875,607.4122314453125,1212.3006591796875,707.5856323242188,matched,3,MOTOR,preprocessed/masks/right_rear_camera/masks/frame_000041_gt2d_003_track_-1_MOTOR.png,0.8319608569145203,1137.5,658.5,3.1730594635009766,3.1907505989074707,0.33222055435180664,1.0,0.5056809085733232,0.053707954583025325,3.1730594635009766,da3_bbox_median
right_rear,41,1772699914310546000,data\camera\right_rear_camera\1772699914310546000.jpg,3000029,3,person,0.515037,1878.0,611.0,1897.0,653.0,1878.0,611.0,1897.0,653.0,tentative,0,PEDESTRIAN_NORMAL,preprocessed/masks/right_rear_camera/masks/frame_000041_gt2d_000_track_-1_PEDESTRIAN_NORMAL.png,0.8577249646186829,1887.5,632.0,3.010096311569214,2.9917805194854736,0.14068174362182617,1.0,2.491012097601497,-0.02010323970697592,3.010096311569214,da3_bbox_median
right_rear,42,1772699914410553000,data\camera\right_rear_camera\1772699914410553000.jpg,-1,2,motorcycle,0.467092,829.0,597.0,948.0,716.0,829.0,597.0,948.0,716.0,unassigned,2,MOTOR,preprocessed/masks/right_rear_camera/masks/frame_000042_gt2d_002_track_-1_MOTOR.png,0.7893259525299072,888.5,656.5,3.0968093872070312,3.1182546615600586,0.41583681106567383,1.0,-0.19345935849854312,0.046900370051453276,3.0968093872070312,da3_bbox_median
right_rear,42,1772699914410553000,data\camera\right_rear_camera\1772699914410553000.jpg,-1,0,bicycle,0.41009,0.0,584.0,91.0,710.0,0.0,584.0,91.0,710.0,unassigned,3,BICYCLE,preprocessed/masks/right_rear_camera/masks/frame_000042_gt2d_003_track_-1_BICYCLE.png,0.9366971254348755,45.5,647.0,3.0481715202331543,3.0812649726867676,0.4473862648010254,1.0,-2.4797205396165785,0.020369792200278545,3.0481715202331543,da3_bbox_median
right_rear,42,1772699914410553000,data\camera\right_rear_camera\1772699914410553000.jpg,-1,3,person,0.33084,1387.0,587.0,1418.0,669.0,1387.0,587.0,1418.0,669.0,unassigned,4,PEDESTRIAN_NORMAL,preprocessed/masks/right_rear_camera/masks/frame_000042_gt2d_004_track_-1_PEDESTRIAN_NORMAL.png,0.8076283931732178,1402.5,628.0,2.996894359588623,3.002580404281616,0.2720458507537842,1.0,1.1851492181723569,-0.030692987820542045,2.996894359588623,da3_bbox_median
right_rear,42,1772699914410553000,data\camera\right_rear_camera\1772699914410553000.jpg,2000034,2,motorcycle,0.598872,75.0,558.0,269.0,773.0,75.0,558.0,269.0,773.0,tentative,0,MOTOR,preprocessed/masks/right_rear_camera/masks/frame_000042_gt2d_000_track_-1_MOTOR.png,0.8433385491371155,172.0,665.5,3.3431880474090576,3.47436785697937,0.9320387840270996,1.0,-2.342940417668825,0.07743317346967563,3.3431880474090576,da3_bbox_median
right_rear,42,1772699914410553000,data\camera\right_rear_camera\1772699914410553000.jpg,3000030,3,person,0.545959,1880.0,611.0,1900.0,655.0,1880.0,611.0,1900.0,655.0,tentative,1,PEDESTRIAN_NORMAL,preprocessed/masks/right_rear_camera/masks/frame_000042_gt2d_001_track_-1_PEDESTRIAN_NORMAL.png,0.7861220240592957,1890.0,633.0,2.889120101928711,2.8704047203063965,0.1446213722229004,1.0,2.3973328502325937,-0.016721807670226217,2.889120101928711,da3_bbox_median
right_rear,43,1772699914510561000,data\camera\right_rear_camera\1772699914510561000.jpg,-1,3,person,0.416428,1388.0,588.0,1424.0,674.0,1388.0,588.0,1424.0,674.0,unassigned,5,PEDESTRIAN_NORMAL,preprocessed/masks/right_rear_camera/masks/frame_000043_gt2d_005_track_-1_PEDESTRIAN_NORMAL.png,0.8389738202095032,1406.0,631.0,3.0861072540283203,3.096059799194336,0.30626440048217773,1.0,1.2300523650626254,-0.02335983259843311,3.0861072540283203,da3_bbox_median
right_rear,43,1772699914510561000,data\camera\right_rear_camera\1772699914510561000.jpg,-1,0,bicycle,0.403231,325.0,591.0,487.0,732.0,325.0,591.0,487.0,732.0,unassigned,6,BICYCLE,preprocessed/masks/right_rear_camera/masks/frame_000043_gt2d_006_track_-1_BICYCLE.png,0.8013619184494019,406.0,661.5,3.2391409873962402,3.2836101055145264,0.547468900680542,1.0,-1.5947470888590782,0.06348224770302392,3.2391409873962402,da3_bbox_median
right_rear,43,1772699914510561000,data\camera\right_rear_camera\1772699914510561000.jpg,-1,2,motorcycle,0.339504,103.0,566.0,361.0,772.0,103.0,566.0,361.0,772.0,unassigned,7,MOTOR,preprocessed/masks/right_rear_camera/masks/frame_000043_gt2d_007_track_-1_MOTOR.png,0.8873690366744995,232.0,669.0,3.4189071655273438,3.536672830581665,0.9081947803497314,1.0,-2.213248067686412,0.0898457946846663,3.4189071655273438,da3_bbox_median
right_rear,43,1772699914510561000,data\camera\right_rear_camera\1772699914510561000.jpg,-1,3,person,0.312125,1693.0,605.0,1716.0,662.0,1693.0,605.0,1716.0,662.0,unassigned,8,PEDESTRIAN_NORMAL,preprocessed/masks/right_rear_camera/masks/frame_000043_gt2d_008_track_-1_PEDESTRIAN_NORMAL.png,0.8443773984909058,1704.5,633.5,2.9981229305267334,2.9892401695251465,0.19296693801879883,1.0,1.9922978845471526,-0.016017413202243144,2.9981229305267334,da3_bbox_median
right_rear,43,1772699914510561000,data\camera\right_rear_camera\1772699914510561000.jpg,2000034,2,motorcycle,0.494134,101.0,580.0,220.0,773.0,100.99076080322266,576.217041015625,234.9907684326172,773.6170654296875,matched,4,MOTOR,preprocessed/masks/right_rear_camera/masks/frame_000043_gt2d_004_track_-1_MOTOR.png,0.9051370620727539,160.5,676.5,3.3898983001708984,3.4915413856506348,0.8317968845367432,1.0,-2.4104066715197288,0.11173007352085954,3.3898983001708984,da3_bbox_median
right_rear,43,1772699914510561000,data\camera\right_rear_camera\1772699914510561000.jpg,2000035,2,motorcycle,0.712351,0.0,568.0,96.0,774.0,0.0,568.0,96.0,774.0,tentative,0,MOTOR,preprocessed/masks/right_rear_camera/masks/frame_000043_gt2d_000_track_-1_MOTOR.png,0.8891202211380005,48.0,671.0,3.3926665782928467,3.5081918239593506,0.8925623893737793,1.0,-2.7524145665792354,0.09520024225134671,3.3926665782928467,da3_bbox_median
right_rear,43,1772699914510561000,data\camera\right_rear_camera\1772699914510561000.jpg,2000036,2,motorcycle,0.636324,215.0,557.0,376.0,764.0,215.0,557.0,376.0,764.0,tentative,1,MOTOR,preprocessed/masks/right_rear_camera/masks/frame_000043_gt2d_001_track_-1_MOTOR.png,0.906842827796936,295.5,660.5,3.458089828491211,3.5845954418182373,0.9394807815551758,1.0,-2.04297858187205,0.0646930237847758,3.458089828491211,da3_bbox_median
right_rear,43,1772699914510561000,data\camera\right_rear_camera\1772699914510561000.jpg,2000037,2,motorcycle,0.573655,872.0,596.0,1003.0,713.0,872.0,596.0,1003.0,713.0,tentative,2,MOTOR,preprocessed/masks/right_rear_camera/masks/frame_000043_gt2d_002_track_-1_MOTOR.png,0.8026553988456726,937.5,654.5,3.1857638359069824,3.208632469177246,0.4477815628051758,1.0,-0.05994259226513937,0.0425721321347386,3.1857638359069824,da3_bbox_median
right_rear,43,1772699914510561000,data\camera\right_rear_camera\1772699914510561000.jpg,3000031,3,person,0.515845,1883.0,612.0,1901.0,655.0,1883.0,612.0,1901.0,655.0,tentative,3,PEDESTRIAN_NORMAL,preprocessed/masks/right_rear_camera/masks/frame_000043_gt2d_003_track_-1_PEDESTRIAN_NORMAL.png,0.797701358795166,1892.0,633.5,2.9596939086914062,2.9420411586761475,0.15598392486572266,1.0,2.461167217584528,-0.015812106903616386,2.9596939086914062,da3_bbox_median
right_rear,44,1772699914610537000,data\camera\right_rear_camera\1772699914610537000.jpg,-1,2,motorcycle,0.477668,344.0,572.0,491.0,756.0,344.0,572.0,491.0,756.0,unassigned,6,MOTOR,preprocessed/masks/right_rear_camera/masks/frame_000044_gt2d_006_track_-1_MOTOR.png,0.9191673994064331,417.5,664.0,3.526427745819092,3.6156842708587646,0.7475268840789795,1.0,-1.7000587800691167,0.076965534290472,3.526427745819092,da3_bbox_median
right_rear,44,1772699914610537000,data\camera\right_rear_camera\1772699914610537000.jpg,-1,2,motorcycle,0.337567,266.0,569.0,483.0,759.0,266.0,569.0,483.0,759.0,unassigned,7,MOTOR,preprocessed/masks/right_rear_camera/masks/frame_000044_gt2d_007_track_-1_MOTOR.png,0.9092838764190674,374.5,664.0,3.5458288192749023,3.6439452171325684,0.7985055446624756,1.0,-1.8452500496182935,0.07738896958872969,3.5458288192749023,da3_bbox_median
right_rear,44,1772699914610537000,data\camera\right_rear_camera\1772699914610537000.jpg,-1,3,person,0.328445,1386.0,589.0,1419.0,670.0,1386.0,589.0,1419.0,670.0,unassigned,8,PEDESTRIAN_NORMAL,preprocessed/masks/right_rear_camera/masks/frame_000044_gt2d_008_track_-1_PEDESTRIAN_NORMAL.png,0.8730779886245728,1402.5,629.5,3.2363173961639404,3.2405941486358643,0.27738142013549805,1.0,1.2798312424825629,-0.028820944209026807,3.2363173961639404,da3_bbox_median
right_rear,44,1772699914610537000,data\camera\right_rear_camera\1772699914610537000.jpg,-1,2,motorcycle,0.313421,163.0,579.0,349.0,763.0,163.0,579.0,349.0,763.0,unassigned,9,MOTOR,preprocessed/masks/right_rear_camera/masks/frame_000044_gt2d_009_track_-1_MOTOR.png,0.8778019547462463,256.0,671.0,3.5144176483154297,3.602339744567871,0.7443535327911377,1.0,-2.199932264153408,0.09861664969753405,3.5144176483154297,da3_bbox_median
right_rear,44,1772699914610537000,data\camera\right_rear_camera\1772699914610537000.jpg,4,0,bicycle,0.549863,424.0,592.0,605.0,734.0,424.0,592.0,605.0,734.0,tentative,2,BICYCLE,preprocessed/masks/right_rear_camera/masks/frame_000044_gt2d_002_track_-1_BICYCLE.png,0.9247108697891235,514.5,663.0,3.394878625869751,3.4365813732147217,0.5201516151428223,1.0,-1.3432593732718539,0.07107044452817135,3.394878625869751,da3_bbox_median
right_rear,44,1772699914610537000,data\camera\right_rear_camera\1772699914610537000.jpg,5,0,bicycle,0.509967,0.0,582.0,94.0,721.0,0.0,582.0,94.0,721.0,tentative,4,BICYCLE,preprocessed/masks/right_rear_camera/masks/frame_000044_gt2d_004_track_-1_BICYCLE.png,0.9053145051002502,47.0,651.5,3.363863945007324,3.408668041229248,0.5147743225097656,1.0,-2.7320443767864067,0.03596305488662229,3.363863945007324,da3_bbox_median
right_rear,44,1772699914610537000,data\camera\right_rear_camera\1772699914610537000.jpg,2000034,2,motorcycle,0.710862,45.0,577.0,256.0,779.0,56.635128021240234,577.5042724609375,256.55889892578125,778.5464477539062,matched,0,MOTOR,preprocessed/masks/right_rear_camera/masks/frame_000044_gt2d_000_track_-1_MOTOR.png,0.8899807929992676,150.5,678.0,3.560317039489746,3.665174722671509,0.838564395904541,1.0,-2.5633032495729444,0.12210404770724428,3.560317039489746,da3_bbox_median
right_rear,44,1772699914610537000,data\camera\right_rear_camera\1772699914610537000.jpg,2000036,2,motorcycle,0.48499,254.0,586.0,370.0,762.0,251.17893981933594,580.8409423828125,376.1789245605469,763.0409545898438,matched,5,MOTOR,preprocessed/masks/right_rear_camera/masks/frame_000044_gt2d_005_track_-1_MOTOR.png,0.9322222471237183,312.0,674.0,3.4901537895202637,3.5620789527893066,0.6857450008392334,1.0,-2.0106158767200393,0.10726234097433912,3.4901537895202637,da3_bbox_median
right_rear,44,1772699914610537000,data\camera\right_rear_camera\1772699914610537000.jpg,2000037,2,motorcycle,0.618801,916.0,602.0,1062.0,722.0,912.178955078125,601.4409790039062,1055.178955078125,720.8409423828125,matched,1,MOTOR,preprocessed/masks/right_rear_camera/masks/frame_000044_gt2d_001_track_-1_MOTOR.png,0.8297104835510254,989.0,662.0,3.33831524848938,3.360762357711792,0.42329978942871094,1.0,0.09035580930607291,0.06691271265740162,3.33831524848938,da3_bbox_median
right_rear,44,1772699914610537000,data\camera\right_rear_camera\1772699914610537000.jpg,3000032,3,person,0.514939,1887.0,614.0,1905.0,658.0,1887.0,614.0,1905.0,658.0,tentative,3,PEDESTRIAN_NORMAL,preprocessed/masks/right_rear_camera/masks/frame_000044_gt2d_003_track_-1_PEDESTRIAN_NORMAL.png,0.8315373659133911,1896.0,636.0,3.1250438690185547,3.1027441024780273,0.15088224411010742,1.0,2.6098024406459017,-0.009736414125599821,3.1250438690185547,da3_bbox_median
right_rear,45,1772699914710545000,data\camera\right_rear_camera\1772699914710545000.jpg,-1,3,person,0.486124,1888.0,615.0,1906.0,658.0,1888.0,615.0,1906.0,658.0,unassigned,4,PEDESTRIAN_NORMAL,preprocessed/masks/right_rear_camera/masks/frame_000045_gt2d_004_track_-1_PEDESTRIAN_NORMAL.png,0.8096286058425903,1897.0,636.5,3.2034659385681152,3.1834192276000977,0.14837265014648438,1.0,2.678148687821962,-0.00855400509466341,3.2034659385681152,da3_bbox_median
right_rear,45,1772699914710545000,data\camera\right_rear_camera\1772699914710545000.jpg,-1,2,motorcycle,0.465354,0.0,587.0,55.0,784.0,0.0,587.0,55.0,784.0,unassigned,5,MOTOR,preprocessed/masks/right_rear_camera/masks/frame_000045_gt2d_005_track_-1_MOTOR.png,0.9602158069610596,27.5,685.5,3.653404712677002,3.7502920627593994,0.8167197704315186,1.0,-3.030671928173252,0.14970355778358901,3.653404712677002,da3_bbox_median
right_rear,45,1772699914710545000,data\camera\right_rear_camera\1772699914710545000.jpg,-1,2,motorcycle,0.37644,324.0,593.0,494.0,754.0,324.0,593.0,494.0,754.0,unassigned,6,MOTOR,preprocessed/masks/right_rear_camera/masks/frame_000045_gt2d_006_track_-1_MOTOR.png,0.8452789783477783,409.0,673.5,3.560431957244873,3.623382329940796,0.6271967887878418,1.0,-1.7434142225356941,0.1078364636950009,3.560431957244873,da3_bbox_median
right_rear,45,1772699914710545000,data\camera\right_rear_camera\1772699914710545000.jpg,-1,2,motorcycle,0.376061,197.0,583.0,319.0,769.0,197.0,583.0,319.0,769.0,unassigned,7,MOTOR,preprocessed/masks/right_rear_camera/masks/frame_000045_gt2d_007_track_-1_MOTOR.png,0.9306643009185791,258.0,676.0,3.632906436920166,3.728137493133545,0.7757012844085693,1.0,-2.2676298915644004,0.11812154855653567,3.632906436920166,da3_bbox_median
right_rear,45,1772699914710545000,data\camera\right_rear_camera\1772699914710545000.jpg,-1,2,motorcycle,0.349837,385.0,596.0,500.0,752.0,385.0,596.0,500.0,752.0,unassigned,8,MOTOR,preprocessed/masks/right_rear_camera/masks/frame_000045_gt2d_008_track_-1_MOTOR.png,0.8916481733322144,442.5,674.0,3.5403971672058105,3.592543601989746,0.6027712821960449,1.0,-1.627938598685648,0.10880646270478883,3.5403971672058105,da3_bbox_median
right_rear,45,1772699914710545000,data\camera\right_rear_camera\1772699914710545000.jpg,-1,2,motorcycle,0.327641,1384.0,591.0,1418.0,672.0,1384.0,591.0,1418.0,672.0,unassigned,9,CYCLIST_MOTOR,preprocessed/masks/right_rear_camera/masks/frame_000045_gt2d_009_track_-1_CYCLIST_MOTOR.png,0.7826144099235535,1401.0,631.5,3.3315558433532715,3.336773633956909,0.2889895439147949,1.0,1.3130419620369156,-0.02373392993127556,3.3315558433532715,da3_bbox_median
right_rear,45,1772699914710545000,data\camera\right_rear_camera\1772699914710545000.jpg,-1,2,motorcycle,0.319377,838.0,589.0,969.0,715.0,838.0,589.0,969.0,715.0,unassigned,10,MOTOR,preprocessed/masks/right_rear_camera/masks/frame_000045_gt2d_010_track_-1_MOTOR.png,0.8397070169448853,903.5,652.0,3.4629578590393066,3.490013599395752,0.4565880298614502,1.0,-0.17005490034866663,0.038564780054668964,3.4629578590393066,da3_bbox_median
right_rear,45,1772699914710545000,data\camera\right_rear_camera\1772699914710545000.jpg,-1,2,motorcycle,0.310894,2.0,572.0,195.0,777.0,2.0,572.0,195.0,777.0,unassigned,11,MOTOR,preprocessed/masks/right_rear_camera/masks/frame_000045_gt2d_011_track_-1_MOTOR.png,0.8972351551055908,98.5,674.5,3.690383195877075,3.8108599185943604,0.8837370872497559,1.0,-2.827912596975446,0.11505956142490634,3.690383195877075,da3_bbox_median
right_rear,45,1772699914710545000,data\camera\right_rear_camera\1772699914710545000.jpg,4,0,bicycle,0.573098,515.0,587.0,717.0,738.0,501.3437805175781,588.4804077148438,699.143798828125,737.680419921875,matched,2,BICYCLE,preprocessed/masks/right_rear_camera/masks/frame_000045_gt2d_002_track_-1_BICYCLE.png,0.8884660005569458,616.0,662.5,3.5394287109375,3.591829299926758,0.6011347770690918,1.0,-1.0803912777604914,0.07252017280776034,3.5394287109375,da3_bbox_median
right_rear,45,1772699914710545000,data\camera\right_rear_camera\1772699914710545000.jpg,2000034,2,motorcycle,0.642276,70.0,574.0,199.0,776.0,59.9392204284668,575.0910034179688,226.45066833496094,777.2704467773438,matched,1,MOTOR,preprocessed/masks/right_rear_camera/masks/frame_000045_gt2d_001_track_-1_MOTOR.png,0.9276614785194397,134.5,675.0,3.688091993331909,3.802539587020874,0.8739557266235352,1.0,-2.707869079211331,0.11663070734651157,3.688091993331909,da3_bbox_median
right_rear,45,1772699914710545000,data\camera\right_rear_camera\1772699914710545000.jpg,2000036,2,motorcycle,0.66614,199.0,580.0,389.0,763.0,211.6532440185547,580.6422729492188,390.6721496582031,763.4838256835938,matched,0,MOTOR,preprocessed/masks/right_rear_camera/masks/frame_000045_gt2d_000_track_-1_MOTOR.png,0.9337822198867798,294.0,671.5,3.6266989707946777,3.708756923675537,0.7426044940948486,1.0,-2.147436508282143,0.10338256904563105,3.6266989707946777,da3_bbox_median
right_rear,45,1772699914710545000,data\camera\right_rear_camera\1772699914710545000.jpg,2000038,2,motorcycle,0.539738,407.0,581.0,588.0,749.0,407.0,581.0,588.0,749.0,tentative,3,MOTOR,preprocessed/masks/right_rear_camera/masks/frame_000045_gt2d_003_track_-1_MOTOR.png,0.9104388952255249,497.5,665.0,3.586272716522217,3.657538890838623,0.686692476272583,1.0,-1.4733047240919892,0.08146613963701999,3.586272716522217,da3_bbox_median
right_rear,46,1772699914810552000,data\camera\right_rear_camera\1772699914810552000.jpg,-1,2,motorcycle,0.468334,337.0,576.0,509.0,751.0,337.0,576.0,509.0,751.0,unassigned,7,MOTOR,preprocessed/masks/right_rear_camera/masks/frame_000046_gt2d_007_track_-1_MOTOR.png,0.890322208404541,423.0,663.5,3.8379569053649902,3.930119276046753,0.8396627902984619,1.0,-1.831438070677223,0.08205544099918137,3.8379569053649902,da3_bbox_median
right_rear,46,1772699914810552000,data\camera\right_rear_camera\1772699914810552000.jpg,-1,2,motorcycle,0.451711,148.0,577.0,328.0,767.0,148.0,577.0,328.0,767.0,unassigned,8,MOTOR,preprocessed/masks/right_rear_camera/masks/frame_000046_gt2d_008_track_-1_MOTOR.png,0.8973121047019958,238.0,672.0,3.8657946586608887,3.9747512340545654,0.9036521911621094,1.0,-2.4818785687596137,0.11191994908673907,3.8657946586608887,da3_bbox_median
right_rear,46,1772699914810552000,data\camera\right_rear_camera\1772699914810552000.jpg,-1,2,motorcycle,0.349639,239.0,578.0,443.0,760.0,239.0,578.0,443.0,760.0,unassigned,9,MOTOR,preprocessed/masks/right_rear_camera/masks/frame_000046_gt2d_009_track_-1_MOTOR.png,0.9333918690681458,341.0,669.0,3.842927932739258,3.940368413925171,0.8557472229003906,1.0,-2.1145550197760214,0.10098867776060386,3.842927932739258,da3_bbox_median
right_rear,46,1772699914810552000,data\camera\right_rear_camera\1772699914810552000.jpg,-1,2,motorcycle,0.31715,1381.0,592.0,1422.0,675.0,1381.0,592.0,1422.0,675.0,unassigned,10,CYCLIST_MOTOR,preprocessed/masks/right_rear_camera/masks/frame_000046_gt2d_010_track_-1_CYCLIST_MOTOR.png,0.8139781951904297,1401.5,633.5,3.5279757976531982,3.5357415676116943,0.3334536552429199,1.0,1.3920270963113892,-0.018848141796706342,3.5279757976531982,da3_bbox_median
right_rear,46,1772699914810552000,data\camera\right_rear_camera\1772699914810552000.jpg,4,0,bicycle,0.5205,619.0,589.0,806.0,731.0,595.8010864257812,589.5206298828125,785.515869140625,733.259765625,matched,4,BICYCLE,preprocessed/masks/right_rear_camera/masks/frame_000046_gt2d_004_track_-1_BICYCLE.png,0.8858457803726196,712.5,660.0,3.7176706790924072,3.768186569213867,0.6224179267883301,1.0,-0.8151787075132197,0.06789343810847537,3.7176706790924072,da3_bbox_median
right_rear,46,1772699914810552000,data\camera\right_rear_camera\1772699914810552000.jpg,2000025,2,motorcycle,0.712682,514.0,582.0,679.0,742.0,517.429931640625,582.2052612304688,681.8079223632812,741.5941162109375,matched,1,MOTOR,preprocessed/masks/right_rear_camera/masks/frame_000046_gt2d_001_track_-1_MOTOR.png,0.8993260860443115,596.5,662.0,3.7877564430236816,3.8583638668060303,0.7425868511199951,1.0,-1.2219959648009313,0.07592124758228073,3.7877564430236816,da3_bbox_median
right_rear,46,1772699914810552000,data\camera\right_rear_camera\1772699914810552000.jpg,2000034,2,motorcycle,0.714992,1.0,562.0,224.0,783.0,12.4116849899292,565.2855834960938,225.3642578125,781.99072265625,matched,0,MOTOR,preprocessed/masks/right_rear_camera/masks/frame_000046_gt2d_000_track_-1_MOTOR.png,0.9044700860977173,112.5,672.5,3.956237316131592,4.11501932144165,1.1244254112243652,1.0,-2.982289262018723,0.11630039210383686,3.956237316131592,da3_bbox_median
right_rear,46,1772699914810552000,data\camera\right_rear_camera\1772699914810552000.jpg,2000036,2,motorcycle,0.488595,330.0,584.0,448.0,760.0,286.6047668457031,583.5874633789062,435.4773254394531,761.0809936523438,matched,6,MOTOR,preprocessed/masks/right_rear_camera/masks/frame_000046_gt2d_006_track_-1_MOTOR.png,0.920729398727417,389.0,672.0,3.8449935913085938,3.936365842819214,0.8458576202392578,1.0,-1.9512648729381559,0.11131773024053032,3.8449935913085938,da3_bbox_median
right_rear,46,1772699914810552000,data\camera\right_rear_camera\1772699914810552000.jpg,2000038,2,motorcycle,0.502923,436.0,592.0,601.0,746.0,435.27313232421875,590.3350219726562,603.47314453125,747.135009765625,matched,5,MOTOR,preprocessed/masks/right_rear_camera/masks/frame_000046_gt2d_005_track_-1_MOTOR.png,0.8607396483421326,518.5,669.0,3.757580041885376,3.8185739517211914,0.6844472885131836,1.0,-1.473379551421454,0.09874581221697498,3.757580041885376,da3_bbox_median
right_rear,46,1772699914810552000,data\camera\right_rear_camera\1772699914810552000.jpg,2000039,2,motorcycle,0.535533,233.0,580.0,329.0,765.0,233.0,580.0,329.0,765.0,tentative,3,MOTOR,preprocessed/masks/right_rear_camera/masks/frame_000046_gt2d_003_track_-1_MOTOR.png,0.8962415456771851,281.0,672.5,3.8703746795654297,3.9760384559631348,0.8883013725280762,1.0,-2.3365476775610534,0.11377631240341128,3.8703746795654297,da3_bbox_median
right_rear,46,1772699914810552000,data\camera\right_rear_camera\1772699914810552000.jpg,3000033,3,person,0.542783,1890.0,616.0,1909.0,660.0,1890.0,616.0,1909.0,660.0,tentative,2,PEDESTRIAN_NORMAL,preprocessed/masks/right_rear_camera/masks/frame_000046_gt2d_002_track_-1_PEDESTRIAN_NORMAL.png,0.7940723896026611,1899.5,638.0,3.3969874382019043,3.373441219329834,0.17834687232971191,1.0,2.847501809291094,-0.004531959781155301,3.3969874382019043,da3_bbox_median
right_rear,47,1772699914910560000,data\camera\right_rear_camera\1772699914910560000.jpg,-1,3,person,0.409689,1892.0,620.0,1909.0,661.0,1892.0,620.0,1909.0,661.0,unassigned,7,PEDESTRIAN_NORMAL,preprocessed/masks/right_rear_camera/masks/frame_000047_gt2d_007_track_-1_PEDESTRIAN_NORMAL.png,0.6801460981369019,1900.5,640.5,3.496877908706665,3.4736363887786865,0.16951823234558105,1.0,2.9343497390818167,0.003121873606920621,3.496877908706665,da3_bbox_median
right_rear,47,1772699914910560000,data\camera\right_rear_camera\1772699914910560000.jpg,-1,2,motorcycle,0.365417,936.0,602.0,1074.0,714.0,936.0,602.0,1074.0,714.0,unassigned,8,MOTOR,preprocessed/masks/right_rear_camera/masks/frame_000047_gt2d_008_track_-1_MOTOR.png,0.8775869607925415,1005.0,658.0,3.7366836071014404,3.758002758026123,0.44994449615478516,1.0,0.15440316752364674,0.06158376709163913,3.7366836071014404,da3_bbox_median
right_rear,47,1772699914910560000,data\camera\right_rear_camera\1772699914910560000.jpg,-1,3,person,0.364845,1386.0,593.0,1419.0,673.0,1386.0,593.0,1419.0,673.0,unassigned,9,PEDESTRIAN_NORMAL,preprocessed/masks/right_rear_camera/masks/frame_000047_gt2d_009_track_-1_PEDESTRIAN_NORMAL.png,0.7981992363929749,1402.5,633.0,3.6265556812286377,3.6346945762634277,0.3201286792755127,1.0,1.434154532846669,-0.020989977732801035,3.6265556812286377,da3_bbox_median
right_rear,47,1772699914910560000,data\camera\right_rear_camera\1772699914910560000.jpg,-1,2,motorcycle,0.360595,381.0,586.0,558.0,755.0,381.0,586.0,558.0,755.0,unassigned,10,MOTOR,preprocessed/masks/right_rear_camera/masks/frame_000047_gt2d_010_track_-1_MOTOR.png,0.909636378288269,469.5,670.5,3.920482635498047,4.001020908355713,0.7681801319122314,1.0,-1.7084028453484654,0.1082649924221945,3.920482635498047,da3_bbox_median
right_rear,47,1772699914910560000,data\camera\right_rear_camera\1772699914910560000.jpg,-1,3,person,0.332925,1897.0,620.0,1912.0,661.0,1897.0,620.0,1912.0,661.0,unassigned,11,PEDESTRIAN_NORMAL,preprocessed/masks/right_rear_camera/masks/frame_000047_gt2d_011_track_-1_PEDESTRIAN_NORMAL.png,0.7336416840553284,1904.5,640.5,3.5011141300201416,3.465710401535034,0.1701967716217041,1.0,2.950381259947884,0.0031256555369327294,3.5011141300201416,da3_bbox_median
right_rear,47,1772699914910560000,data\camera\right_rear_camera\1772699914910560000.jpg,-1,2,motorcycle,0.31281,1061.0,613.0,1180.0,706.0,1061.0,613.0,1180.0,706.0,unassigned,12,MOTOR,preprocessed/masks/right_rear_camera/masks/frame_000047_gt2d_012_track_-1_MOTOR.png,0.8784581422805786,1120.5,659.5,3.663668632507324,3.6748335361480713,0.3618028163909912,1.0,0.5283795942487279,0.06527552933541379,3.663668632507324,da3_bbox_median
right_rear,47,1772699914910560000,data\camera\right_rear_camera\1772699914910560000.jpg,-1,2,motorcycle,0.306617,140.0,575.0,277.0,771.0,140.0,575.0,277.0,771.0,unassigned,13,MOTOR,preprocessed/masks/right_rear_camera/masks/frame_000047_gt2d_013_track_-1_MOTOR.png,0.9307394623756409,208.5,673.0,4.01326847076416,4.1340508460998535,0.9549648761749268,1.0,-2.682034764284837,0.11976432765061983,4.01326847076416,da3_bbox_median
right_rear,47,1772699914910560000,data\camera\right_rear_camera\1772699914910560000.jpg,4,0,bicycle,0.51434,703.0,593.0,887.0,729.0,691.104248046875,592.9388427734375,875.5708618164062,730.061767578125,matched,5,BICYCLE,preprocessed/masks/right_rear_camera/masks/frame_000047_gt2d_005_track_-1_BICYCLE.png,0.9113658666610718,795.0,661.0,3.8189797401428223,3.863490104675293,0.5880069732666016,1.0,-0.556696405725808,0.07314533173506008,3.8189797401428223,da3_bbox_median
right_rear,47,1772699914910560000,data\camera\right_rear_camera\1772699914910560000.jpg,2000024,2,motorcycle,0.602432,617.0,592.0,758.0,739.0,618.6889038085938,591.9154052734375,760.3868408203125,738.6630859375,matched,2,MOTOR,preprocessed/masks/right_rear_camera/masks/frame_000047_gt2d_002_track_-1_MOTOR.png,0.9014087915420532,687.5,665.5,3.8466410636901855,3.899273157119751,0.6321868896484375,1.0,-0.9291338541512281,0.08909388898752998,3.8466410636901855,da3_bbox_median
right_rear,47,1772699914910560000,data\camera\right_rear_camera\1772699914910560000.jpg,2000025,2,motorcycle,0.610858,539.0,589.0,695.0,742.0,536.5411987304688,586.8425903320312,695.5450439453125,742.312744140625,matched,1,MOTOR,preprocessed/masks/right_rear_camera/masks/frame_000047_gt2d_001_track_-1_MOTOR.png,0.8099309206008911,617.0,665.5,3.872483253479004,3.932091236114502,0.6745350360870361,1.0,-1.1786043088009228,0.08969243227506794,3.872483253479004,da3_bbox_median
right_rear,47,1772699914910560000,data\camera\right_rear_camera\1772699914910560000.jpg,2000034,2,motorcycle,0.569832,0.0,589.0,146.0,760.0,-3.5937609672546387,581.3731079101562,173.8799591064453,767.7545166015625,matched,3,MOTOR,preprocessed/masks/right_rear_camera/masks/frame_000047_gt2d_003_track_-1_MOTOR.png,0.8833818435668945,73.0,674.5,3.8680472373962402,3.9442732334136963,0.7466251850128174,1.0,-3.0519306613230084,0.1205988091434114,3.8680472373962402,da3_bbox_median
right_rear,47,1772699914910560000,data\camera\right_rear_camera\1772699914910560000.jpg,2000036,2,motorcycle,0.516246,365.0,588.0,468.0,757.0,352.06488037109375,587.744873046875,466.5919189453125,758.21142578125,matched,4,MOTOR,preprocessed/masks/right_rear_camera/masks/frame_000047_gt2d_004_track_-1_MOTOR.png,0.9035155773162842,416.5,672.5,3.928276538848877,4.007997989654541,0.7728519439697266,1.0,-1.8972861881176089,0.11547843702337483,3.928276538848877,da3_bbox_median
right_rear,47,1772699914910560000,data\camera\right_rear_camera\1772699914910560000.jpg,2000038,2,motorcycle,0.501587,450.0,593.0,564.0,752.0,451.47412109375,593.2682495117188,576.9189453125,751.8013305664062,matched,6,MOTOR,preprocessed/masks/right_rear_camera/masks/frame_000047_gt2d_006_track_-1_MOTOR.png,0.914566159248352,507.0,672.5,3.88663649559021,3.9519379138946533,0.7010080814361572,1.0,-1.563804265898519,0.11425435642071298,3.88663649559021,da3_bbox_median
right_rear,47,1772699914910560000,data\camera\right_rear_camera\1772699914910560000.jpg,2000039,2,motorcycle,0.619248,168.0,576.0,369.0,772.0,185.34158325195312,577.5857543945312,365.3415832519531,771.3858032226562,matched,0,MOTOR,preprocessed/masks/right_rear_camera/masks/frame_000047_gt2d_000_track_-1_MOTOR.png,0.8869100213050842,268.5,674.0,4.009807586669922,4.129995346069336,0.9527177810668945,1.0,-2.465378321751557,0.12323277842206497,4.009807586669922,da3_bbox_median
right_rear,48,1772699915010523000,data\camera\right_rear_camera\1772699915010523000.jpg,-1,3,person,0.475442,1895.0,620.0,1913.0,660.0,1895.0,620.0,1913.0,660.0,unassigned,8,PEDESTRIAN_NORMAL,preprocessed/masks/right_rear_camera/masks/frame_000048_gt2d_008_track_-1_PEDESTRIAN_NORMAL.png,0.7081015110015869,1904.0,640.0,3.459287643432617,3.4277703762054443,0.14175963401794434,1.0,2.9135932072472808,0.0015476365702896068,3.459287643432617,da3_bbox_median
right_rear,48,1772699915010523000,data\camera\right_rear_camera\1772699915010523000.jpg,-1,2,motorcycle,0.312604,271.0,573.0,434.0,758.0,271.0,573.0,434.0,758.0,unassigned,9,MOTOR,preprocessed/masks/right_rear_camera/masks/frame_000048_gt2d_009_track_-1_MOTOR.png,0.8913595676422119,352.5,665.5,3.929455041885376,4.028402805328369,0.8337154388427734,1.0,-2.1219069362762633,0.09101198304875749,3.929455041885376,da3_bbox_median
right_rear,48,1772699915010523000,data\camera\right_rear_camera\1772699915010523000.jpg,4,0,bicycle,0.581057,781.0,596.0,957.0,726.0,776.7491455078125,596.0712890625,953.7724609375,726.7713012695312,matched,6,BICYCLE,preprocessed/masks/right_rear_camera/masks/frame_000048_gt2d_006_track_-1_BICYCLE.png,0.8393053412437439,869.0,661.0,3.748802661895752,3.7877142429351807,0.5114355087280273,1.0,-0.29931699775423104,0.07180122257034709,3.748802661895752,da3_bbox_median
right_rear,48,1772699915010523000,data\camera\right_rear_camera\1772699915010523000.jpg,2000024,2,motorcycle,0.707541,621.0,595.0,775.0,736.0,624.9756469726562,594.4531860351562,775.1743774414062,737.4074096679688,matched,0,MOTOR,preprocessed/masks/right_rear_camera/masks/frame_000048_gt2d_000_track_-1_MOTOR.png,0.768696129322052,698.0,665.5,3.7902565002441406,3.834925651550293,0.571141242980957,1.0,-0.8800581776893577,0.08778793921132365,3.7902565002441406,da3_bbox_median
right_rear,48,1772699915010523000,data\camera\right_rear_camera\1772699915010523000.jpg,2000025,2,motorcycle,0.581591,536.0,595.0,671.0,745.0,542.2593383789062,592.504638671875,685.3797607421875,744.5641479492188,matched,5,MOTOR,preprocessed/masks/right_rear_camera/masks/frame_000048_gt2d_005_track_-1_MOTOR.png,0.8951350450515747,603.5,670.0,3.8162589073181152,3.868288993835449,0.621680498123169,1.0,-1.207391651820144,0.10368716740580326,3.8162589073181152,da3_bbox_median
right_rear,48,1772699915010523000,data\camera\right_rear_camera\1772699915010523000.jpg,2000034,2,motorcycle,0.667853,30.0,556.0,149.0,742.0,16.148174285888672,563.0625,153.4656982421875,748.4152221679688,matched,1,MOTOR,preprocessed/masks/right_rear_camera/masks/frame_000048_gt2d_001_track_-1_MOTOR.png,0.9158626794815063,89.5,649.0,3.9360551834106445,4.046322345733643,0.8777754306793213,1.0,-3.04772934497092,0.03331525909615574,3.9360551834106445,da3_bbox_median
right_rear,48,1772699915010523000,data\camera\right_rear_camera\1772699915010523000.jpg,2000036,2,motorcycle,0.618114,332.0,580.0,496.0,761.0,342.2426452636719,582.8562622070312,496.3363952636719,760.2902221679688,matched,3,MOTOR,preprocessed/masks/right_rear_camera/masks/frame_000048_gt2d_003_track_-1_MOTOR.png,0.9031602144241333,414.0,670.5,3.9139795303344727,4.010350227355957,0.8140027523040771,1.0,-1.8990985382028183,0.1080854077392067,3.9139795303344727,da3_bbox_median
right_rear,48,1772699915010523000,data\camera\right_rear_camera\1772699915010523000.jpg,2000038,2,motorcycle,0.608849,434.0,590.0,575.0,750.0,438.2923278808594,591.4865112304688,575.4194946289062,751.3490600585938,matched,4,MOTOR,preprocessed/masks/right_rear_camera/masks/frame_000048_gt2d_004_track_-1_MOTOR.png,0.8794053792953491,504.5,670.0,3.852936267852783,3.919314384460449,0.6834321022033691,1.0,-1.558826424616973,0.10468368564896241,3.852936267852783,da3_bbox_median
right_rear,48,1772699915010523000,data\camera\right_rear_camera\1772699915010523000.jpg,2000039,2,motorcycle,0.627615,146.0,574.0,312.0,743.0,170.2236328125,575.8316040039062,341.4631652832031,750.8034057617188,matched,2,MOTOR,preprocessed/masks/right_rear_camera/masks/frame_000048_gt2d_002_track_-1_MOTOR.png,0.9170352220535278,229.0,658.5,3.881521701812744,3.9626808166503906,0.7578864097595215,1.0,-2.523098396016995,0.06569955390750018,3.881521701812744,da3_bbox_median
right_rear,48,1772699915010523000,data\camera\right_rear_camera\1772699915010523000.jpg,2000040,2,motorcycle,0.569449,699.0,595.0,835.0,732.0,699.0,595.0,835.0,732.0,tentative,7,MOTOR,preprocessed/masks/right_rear_camera/masks/frame_000048_gt2d_007_track_-1_MOTOR.png,0.8993105292320251,767.0,663.5,3.775862455368042,3.8196027278900146,0.5720236301422119,1.0,-0.6446022543847022,0.08072786291434701,3.775862455368042,da3_bbox_median
right_rear,49,1772699915110653000,data\camera\right_rear_camera\1772699915110653000.jpg,-1,3,person,0.329052,1898.0,619.0,1915.0,659.0,1898.0,619.0,1915.0,659.0,unassigned,8,PEDESTRIAN_NORMAL,preprocessed/masks/right_rear_camera/masks/frame_000049_gt2d_008_track_-1_PEDESTRIAN_NORMAL.png,0.7029617428779602,1906.5,639.0,3.412043333053589,3.382050037384033,0.13351130485534668,1.0,2.881401165748576,-0.0015127729456973868,3.412043333053589,da3_bbox_median
right_rear,49,1772699915110653000,data\camera\right_rear_camera\1772699915110653000.jpg,4,0,bicycle,0.555604,855.0,598.0,1014.0,721.0,855.3715209960938,598.5587768554688,1017.6613159179688,722.2778930664062,matched,5,BICYCLE,preprocessed/masks/right_rear_camera/masks/frame_000049_gt2d_005_track_-1_BICYCLE.png,0.9015122652053833,934.5,659.5,3.658909320831299,3.6875827312469482,0.45618343353271484,1.0,-0.07862450561839165,0.06519073275032738,3.658909320831299,da3_bbox_median
right_rear,49,1772699915110653000,data\camera\right_rear_camera\1772699915110653000.jpg,2000024,2,motorcycle,0.708575,615.0,592.0,769.0,740.0,624.8309326171875,593.587158203125,777.5238647460938,739.926025390625,matched,0,MOTOR,preprocessed/masks/right_rear_camera/masks/frame_000049_gt2d_000_track_-1_MOTOR.png,0.8723803758621216,692.0,666.0,3.739732503890991,3.7894487380981445,0.5772290229797363,1.0,-0.8883177052476801,0.08828330971153198,3.739732503890991,da3_bbox_median
right_rear,49,1772699915110653000,data\camera\right_rear_camera\1772699915110653000.jpg,2000025,2,motorcycle,0.585281,531.0,593.0,675.0,743.0,540.8637084960938,593.5428466796875,684.1632080078125,744.312255859375,matched,3,MOTOR,preprocessed/masks/right_rear_camera/masks/frame_000049_gt2d_003_track_-1_MOTOR.png,0.892454206943512,603.0,668.0,3.7390894889831543,3.7887837886810303,0.5772414207458496,1.0,-1.1846423203743368,0.09492930816788059,3.7390894889831543,da3_bbox_median
right_rear,49,1772699915110653000,data\camera\right_rear_camera\1772699915110653000.jpg,2000034,2,motorcycle,0.303732,0.0,584.0,121.0,741.0,2.1942873001098633,577.56689453125,126.66548156738281,742.0894165039062,matched,9,MOTOR,preprocessed/masks/right_rear_camera/masks/frame_000049_gt2d_009_track_-1_MOTOR.png,0.8797581195831299,60.5,662.5,3.7158119678497314,3.7716212272644043,0.6004889011383057,1.0,-2.973196254095924,0.07613413012017717,3.7158119678497314,da3_bbox_median
right_rear,49,1772699915110653000,data\camera\right_rear_camera\1772699915110653000.jpg,2000036,2,motorcycle,0.396445,365.0,591.0,541.0,745.0,366.3018798828125,589.2476196289062,537.2044677734375,749.9348754882812,matched,7,MOTOR,preprocessed/masks/right_rear_camera/masks/frame_000049_gt2d_007_track_-1_MOTOR.png,0.9307102560997009,453.0,668.0,3.746548891067505,3.799679756164551,0.5953006744384766,1.0,-1.687683441833151,0.09511869006989172,3.746548891067505,da3_bbox_median
right_rear,49,1772699915110653000,data\camera\right_rear_camera\1772699915110653000.jpg,2000038,2,motorcycle,0.490948,458.0,592.0,602.0,745.0,455.4197692871094,592.4317016601562,596.3208618164062,747.40283203125,matched,6,MOTOR,preprocessed/masks/right_rear_camera/masks/frame_000049_gt2d_006_track_-1_MOTOR.png,0.9419087171554565,530.0,668.5,3.7511918544769287,3.8036561012268066,0.6037297248840332,1.0,-1.4324418215940684,0.09690725183088245,3.7511918544769287,da3_bbox_median
right_rear,49,1772699915110653000,data\camera\right_rear_camera\1772699915110653000.jpg,2000040,2,motorcycle,0.557195,777.0,595.0,906.0,727.0,767.1590576171875,595.9786987304688,897.5590209960938,728.9786987304688,matched,4,MOTOR,preprocessed/masks/right_rear_camera/masks/frame_000049_gt2d_004_track_-1_MOTOR.png,0.913628876209259,841.5,661.0,3.6811435222625732,3.7161452770233154,0.4739694595336914,1.0,-0.3841033522558641,0.07050533975605582,3.6811435222625732,da3_bbox_median
right_rear,49,1772699915110653000,data\camera\right_rear_camera\1772699915110653000.jpg,2000041,2,motorcycle,0.680779,703.0,596.0,847.0,732.0,703.0,596.0,847.0,732.0,tentative,1,MOTOR,preprocessed/masks/right_rear_camera/masks/frame_000049_gt2d_001_track_-1_MOTOR.png,0.844243049621582,775.0,664.0,3.6957125663757324,3.7297844886779785,0.5002825260162354,1.0,-0.6045788519450972,0.08066023544431124,3.6957125663757324,da3_bbox_median
right_rear,49,1772699915110653000,data\camera\right_rear_camera\1772699915110653000.jpg,2000042,2,motorcycle,0.635311,276.0,588.0,433.0,734.0,276.0,588.0,433.0,734.0,tentative,2,MOTOR,preprocessed/masks/right_rear_camera/masks/frame_000049_gt2d_002_track_-1_MOTOR.png,0.9311563372612,354.5,661.0,3.7195255756378174,3.7667415142059326,0.5584926605224609,1.0,-2.001917406738625,0.07124047537285279,3.7195255756378174,da3_bbox_median
right_rear,50,1772699915210660000,data\camera\right_rear_camera\1772699915210660000.jpg,-1,2,motorcycle,0.430102,1086.0,613.0,1201.0,705.0,1086.0,613.0,1201.0,705.0,unassigned,9,MOTOR,preprocessed/masks/right_rear_camera/masks/frame_000050_gt2d_009_track_-1_MOTOR.png,0.7624305486679077,1143.5,659.0,3.5547103881835938,3.5678794384002686,0.3333868980407715,1.0,0.5855051064756749,0.06175104513918725,3.5547103881835938,da3_bbox_median
right_rear,50,1772699915210660000,data\camera\right_rear_camera\1772699915210660000.jpg,-1,2,motorcycle,0.415173,576.0,592.0,696.0,738.0,576.0,592.0,696.0,738.0,unassigned,10,MOTOR,preprocessed/masks/right_rear_camera/masks/frame_000050_gt2d_010_track_-1_MOTOR.png,0.8981930613517761,636.0,665.0,3.7304258346557617,3.7789323329925537,0.5768547058105469,1.0,-1.0722223532794601,0.08474073668505697,3.7304258346557617,da3_bbox_median
right_rear,50,1772699915210660000,data\camera\right_rear_camera\1772699915210660000.jpg,-1,3,person,0.317739,1902.0,620.0,1917.0,658.0,1902.0,620.0,1917.0,658.0,unassigned,11,PEDESTRIAN_NORMAL,preprocessed/masks/right_rear_camera/masks/frame_000050_gt2d_011_track_-1_PEDESTRIAN_NORMAL.png,0.6932017803192139,1909.5,639.0,3.398339033126831,3.358320951461792,0.13826560974121094,1.0,2.8789110441888823,-0.0015066969694727916,3.398339033126831,da3_bbox_median
right_rear,50,1772699915210660000,data\camera\right_rear_camera\1772699915210660000.jpg,4,0,bicycle,0.508717,920.0,606.0,1054.0,715.0,923.8912353515625,604.4593505859375,1063.130615234375,715.8944702148438,matched,6,BICYCLE,preprocessed/masks/right_rear_camera/masks/frame_000050_gt2d_006_track_-1_BICYCLE.png,0.8720799684524536,987.0,660.5,3.610795736312866,3.6320834159851074,0.41619038581848145,1.0,0.09129703015630478,0.06754980524990402,3.610795736312866,da3_bbox_median
right_rear,50,1772699915210660000,data\camera\right_rear_camera\1772699915210660000.jpg,2000024,2,motorcycle,0.745349,690.0,590.0,845.0,733.0,673.4591064453125,591.1660766601562,827.762939453125,735.4495849609375,matched,0,MOTOR,preprocessed/masks/right_rear_camera/masks/frame_000050_gt2d_000_track_-1_MOTOR.png,0.8280931115150452,767.5,661.5,3.71610164642334,3.762465238571167,0.5565574169158936,1.0,-0.6327447315617717,0.07282995279482823,3.71610164642334,da3_bbox_median
right_rear,50,1772699915210660000,data\camera\right_rear_camera\1772699915210660000.jpg,2000025,2,motorcycle,0.517006,634.0,598.0,760.0,736.0,609.2915649414062,596.4385986328125,740.6141357421875,738.7572021484375,matched,5,MOTOR,preprocessed/masks/right_rear_camera/masks/frame_000050_gt2d_005_track_-1_MOTOR.png,0.86890709400177,697.0,667.0,3.70591139793396,3.74727463722229,0.5551767349243164,1.0,-0.8637757687029667,0.09078593555331392,3.70591139793396,da3_bbox_median
right_rear,50,1772699915210660000,data\camera\right_rear_camera\1772699915210660000.jpg,2000034,2,motorcycle,0.533422,17.0,566.0,148.0,740.0,11.336403846740723,569.0228881835938,139.7661590576172,738.8567504882812,matched,4,MOTOR,preprocessed/masks/right_rear_camera/masks/frame_000050_gt2d_004_track_-1_MOTOR.png,0.9370476007461548,82.5,653.0,3.775977373123169,3.854717254638672,0.7352406978607178,1.0,-2.9473278868197146,0.04541412802531504,3.775977373123169,da3_bbox_median
right_rear,50,1772699915210660000,data\camera\right_rear_camera\1772699915210660000.jpg,2000036,2,motorcycle,0.602135,399.0,594.0,562.0,727.0,396.74639892578125,592.9728393554688,566.0621337890625,732.2880859375,matched,1,MOTOR,preprocessed/masks/right_rear_camera/masks/frame_000050_gt2d_001_track_-1_MOTOR.png,0.8878980875015259,480.5,660.5,3.683206796646118,3.725594997406006,0.5254256725311279,1.0,-1.5689111037308168,0.06890445208695967,3.683206796646118,da3_bbox_median
right_rear,50,1772699915210660000,data\camera\right_rear_camera\1772699915210660000.jpg,2000038,2,motorcycle,0.491296,478.0,585.0,647.0,737.0,475.32958984375,586.8642578125,636.1337890625,739.4307250976562,matched,8,MOTOR,preprocessed/masks/right_rear_camera/masks/frame_000050_gt2d_008_track_-1_MOTOR.png,0.9402893781661987,562.5,661.0,3.7547409534454346,3.807155132293701,0.6294612884521484,1.0,-1.3250797059834425,0.0719149593102348,3.7547409534454346,da3_bbox_median
right_rear,50,1772699915210660000,data\camera\right_rear_camera\1772699915210660000.jpg,2000039,2,motorcycle,0.500692,151.0,579.0,323.0,732.0,159.725341796875,578.5494995117188,331.232177734375,732.7556762695312,matched,7,MOTOR,preprocessed/masks/right_rear_camera/masks/frame_000050_gt2d_007_track_-1_MOTOR.png,0.9107177257537842,237.0,655.5,3.746161937713623,3.8041129112243652,0.6433885097503662,1.0,-2.408410680795304,0.05339775619798278,3.746161937713623,da3_bbox_median
right_rear,50,1772699915210660000,data\camera\right_rear_camera\1772699915210660000.jpg,2000040,2,motorcycle,0.56399,842.0,604.0,967.0,723.0,832.0416259765625,602.82177734375,958.2232666015625,724.92822265625,matched,3,MOTOR,preprocessed/masks/right_rear_camera/masks/frame_000050_gt2d_003_track_-1_MOTOR.png,0.8785498142242432,904.5,663.5,3.647582530975342,3.673565626144409,0.45232295989990234,1.0,-0.17587155224350567,0.07798524072578869,3.647582530975342,da3_bbox_median
right_rear,50,1772699915210660000,data\camera\right_rear_camera\1772699915210660000.jpg,2000041,2,motorcycle,0.570852,775.0,600.0,913.0,725.0,766.4666748046875,599.7422485351562,905.6666870117188,726.9422607421875,matched,2,MOTOR,preprocessed/masks/right_rear_camera/masks/frame_000050_gt2d_002_track_-1_MOTOR.png,0.881303608417511,844.0,662.5,3.6570286750793457,3.687570810317993,0.47931742668151855,1.0,-0.37344188221920205,0.07492970564999525,3.6570286750793457,da3_bbox_median
right_rear,51,1772699915310637000,data\camera\right_rear_camera\1772699915310637000.jpg,-1,3,person,0.489744,1903.0,621.0,1918.0,656.0,1903.0,621.0,1918.0,656.0,unassigned,9,PEDESTRIAN_NORMAL,preprocessed/masks/right_rear_camera/masks/frame_000051_gt2d_009_track_-1_PEDESTRIAN_NORMAL.png,0.729488730430603,1910.5,638.5,3.4453818798065186,3.398799419403076,0.13109230995178223,1.0,2.9218330424033168,-0.0030620386873938163,3.4453818798065186,da3_bbox_median
right_rear,51,1772699915310637000,data\camera\right_rear_camera\1772699915310637000.jpg,-1,2,motorcycle,0.410479,590.0,590.0,751.0,729.0,590.0,590.0,751.0,729.0,unassigned,10,MOTOR,preprocessed/masks/right_rear_camera/masks/frame_000051_gt2d_010_track_-1_MOTOR.png,0.9310435056686401,670.5,659.5,3.759351968765259,3.801447868347168,0.5673437118530273,1.0,-0.9649870710307291,0.0669803179091939,3.759351968765259,da3_bbox_median
right_rear,51,1772699915310637000,data\camera\right_rear_camera\1772699915310637000.jpg,-1,2,motorcycle,0.397816,270.0,583.0,426.0,726.0,270.0,583.0,426.0,726.0,unassigned,11,MOTOR,preprocessed/masks/right_rear_camera/masks/frame_000051_gt2d_011_track_-1_MOTOR.png,0.917691707611084,348.0,654.5,3.779506206512451,3.828886032104492,0.5947253704071045,1.0,-2.0560869820005143,0.050506454939998474,3.779506206512451,da3_bbox_median
right_rear,51,1772699915310637000,data\camera\right_rear_camera\1772699915310637000.jpg,-1,2,motorcycle,0.352418,638.0,592.0,770.0,731.0,638.0,592.0,770.0,731.0,unassigned,12,MOTOR,preprocessed/masks/right_rear_camera/masks/frame_000051_gt2d_012_track_-1_MOTOR.png,0.8838164210319519,704.0,661.5,3.7596936225891113,3.8025729656219482,0.5673532485961914,1.0,-0.852864418688108,0.07368428937344203,3.7596936225891113,da3_bbox_median
right_rear,51,1772699915310637000,data\camera\right_rear_camera\1772699915310637000.jpg,-1,3,person,0.325873,1386.0,592.0,1419.0,670.0,1386.0,592.0,1419.0,670.0,unassigned,13,PEDESTRIAN_NORMAL,preprocessed/masks/right_rear_camera/masks/frame_000051_gt2d_013_track_-1_PEDESTRIAN_NORMAL.png,0.7918000221252441,1402.5,631.0,3.5739285945892334,3.582681179046631,0.2997708320617676,1.0,1.4133426712654218,-0.027052324114588813,3.5739285945892334,da3_bbox_median
right_rear,51,1772699915310637000,data\camera\right_rear_camera\1772699915310637000.jpg,4,0,bicycle,0.520667,973.0,602.0,1110.0,712.0,982.8876953125,604.4713745117188,1117.789306640625,713.0673217773438,matched,6,BICYCLE,preprocessed/masks/right_rear_camera/masks/frame_000051_gt2d_006_track_-1_BICYCLE.png,0.8618534803390503,1041.5,657.0,3.6626200675964355,3.6852996349334717,0.42444515228271484,1.0,0.27044516221601367,0.05710066214223268,3.6626200675964355,da3_bbox_median
right_rear,51,1772699915310637000,data\camera\right_rear_camera\1772699915310637000.jpg,2000024,2,motorcycle,0.743556,771.0,592.0,908.0,727.0,749.4498291015625,593.1812133789062,892.5322265625,731.34814453125,matched,1,MOTOR,preprocessed/masks/right_rear_camera/masks/frame_000051_gt2d_001_track_-1_MOTOR.png,0.8373706340789795,839.5,659.5,3.7551746368408203,3.7871553897857666,0.5358867645263672,1.0,-0.39851909031954613,0.06690589044865393,3.7551746368408203,da3_bbox_median
right_rear,51,1772699915310637000,data\camera\right_rear_camera\1772699915310637000.jpg,2000025,2,motorcycle,0.52174,716.0,598.0,833.0,730.0,695.0531616210938,599.0897827148438,815.6906127929688,734.128173828125,matched,5,MOTOR,preprocessed/masks/right_rear_camera/masks/frame_000051_gt2d_005_track_-1_MOTOR.png,0.8621132373809814,774.5,664.0,3.73323392868042,3.771958351135254,0.5073258876800537,1.0,-0.6123799382254967,0.08147915246324362,3.73323392868042,da3_bbox_median
right_rear,51,1772699915310637000,data\camera\right_rear_camera\1772699915310637000.jpg,2000034,2,motorcycle,0.75572,43.0,537.0,173.0,745.0,36.707672119140625,547.7599487304688,165.68670654296875,742.8069458007812,matched,0,MOTOR,preprocessed/masks/right_rear_camera/masks/frame_000051_gt2d_000_track_-1_MOTOR.png,0.855361819267273,108.0,641.0,4.011238098144531,4.157016754150391,1.0482521057128906,1.0,-3.039831432157569,0.005367576449746277,4.011238098144531,da3_bbox_median
right_rear,51,1772699915310637000,data\camera\right_rear_camera\1772699915310637000.jpg,2000037,2,motorcycle,0.490988,1126.0,595.0,1238.0,700.0,1125.771484375,595.4129638671875,1238.1883544921875,700.5849609375,matched,8,MOTOR,preprocessed/masks/right_rear_camera/masks/frame_000051_gt2d_008_track_-1_MOTOR.png,0.5974122881889343,1182.0,647.5,3.6589295864105225,3.672196388244629,0.40097856521606445,1.0,0.7281732479134304,0.026080853663035235,3.6589295864105225,da3_bbox_median
right_rear,51,1772699915310637000,data\camera\right_rear_camera\1772699915310637000.jpg,2000038,2,motorcycle,0.51018,511.0,591.0,659.0,723.0,508.74725341796875,590.7064819335938,662.2931518554688,728.1911010742188,matched,7,MOTOR,preprocessed/masks/right_rear_camera/masks/frame_000051_gt2d_007_track_-1_MOTOR.png,0.8386145830154419,585.0,657.0,3.752068519592285,3.7854886054992676,0.5369186401367188,1.0,-1.2489242696527882,0.058495173651015114,3.752068519592285,da3_bbox_median
right_rear,51,1772699915310637000,data\camera\right_rear_camera\1772699915310637000.jpg,2000039,2,motorcycle,0.584662,174.0,569.0,295.0,734.0,176.31004333496094,571.6129760742188,312.278076171875,733.3395385742188,matched,3,MOTOR,preprocessed/masks/right_rear_camera/masks/frame_000051_gt2d_003_track_-1_MOTOR.png,0.927078366279602,234.5,651.5,3.8583786487579346,3.9318859577178955,0.7313346862792969,1.0,-2.489148605749165,0.04124990944553526,3.8583786487579346,da3_bbox_median
right_rear,51,1772699915310637000,data\camera\right_rear_camera\1772699915310637000.jpg,2000040,2,motorcycle,0.531568,906.0,601.0,1020.0,718.0,903.2477416992188,603.0779418945312,1019.3201904296875,720.0698852539062,matched,4,MOTOR,preprocessed/masks/right_rear_camera/masks/frame_000051_gt2d_004_track_-1_MOTOR.png,0.8511124849319458,963.0,659.5,3.686563491821289,3.713332414627075,0.4349665641784668,1.0,0.014386935013161982,0.06568344670204421,3.686563491821289,da3_bbox_median
right_rear,51,1772699915310637000,data\camera\right_rear_camera\1772699915310637000.jpg,2000041,2,motorcycle,0.601066,848.0,596.0,971.0,721.0,839.6058959960938,598.3903198242188,966.1834106445312,723.8582763671875,matched,2,MOTOR,preprocessed/masks/right_rear_camera/masks/frame_000051_gt2d_002_track_-1_MOTOR.png,0.8730595111846924,909.5,658.5,3.730362892150879,3.756969451904297,0.48661136627197266,1.0,-0.16324572573981708,0.06314100416157573,3.730362892150879,da3_bbox_median
right_rear,52,1772699915410645000,data\camera\right_rear_camera\1772699915410645000.jpg,-1,3,person,0.371726,1905.0,617.0,1919.0,655.0,1905.0,617.0,1919.0,655.0,unassigned,11,PEDESTRIAN_NORMAL,preprocessed/masks/right_rear_camera/masks/frame_000052_gt2d_011_track_-1_PEDESTRIAN_NORMAL.png,0.7236883044242859,1912.0,636.0,3.456430435180664,3.4169769287109375,0.14580774307250977,1.0,2.935821767915775,-0.010768885021705383,3.456430435180664,da3_bbox_median
right_rear,52,1772699915410645000,data\camera\right_rear_camera\1772699915410645000.jpg,4,0,bicycle,0.522443,1019.0,601.0,1152.0,709.0,1027.639892578125,603.3458862304688,1158.5701904296875,709.8218383789062,matched,6,BICYCLE,preprocessed/masks/right_rear_camera/masks/frame_000052_gt2d_006_track_-1_BICYCLE.png,0.8514392375946045,1085.5,655.0,3.6786344051361084,3.7021665573120117,0.4415125846862793,1.0,0.4158308711657476,0.05079685003813926,3.6786344051361084,da3_bbox_median
right_rear,52,1772699915410645000,data\camera\right_rear_camera\1772699915410645000.jpg,2000024,2,motorcycle,0.769329,836.0,594.0,968.0,723.0,815.8515625,594.822021484375,951.1322021484375,726.6287231445312,matched,0,MOTOR,preprocessed/masks/right_rear_camera/masks/frame_000052_gt2d_000_track_-1_MOTOR.png,0.8243507146835327,902.0,658.5,3.7524116039276123,3.792606830596924,0.54046630859375,1.0,-0.1892836702673564,0.06351420586937241,3.7524116039276123,da3_bbox_median
right_rear,52,1772699915410645000,data\camera\right_rear_camera\1772699915410645000.jpg,2000025,2,motorcycle,0.461739,769.0,600.0,901.0,725.0,755.6613159179688,600.9559326171875,883.199462890625,728.616943359375,matched,9,MOTOR,preprocessed/masks/right_rear_camera/masks/frame_000052_gt2d_009_track_-1_MOTOR.png,0.8358607292175293,835.0,662.5,3.727477550506592,3.7603070735931396,0.5080721378326416,1.0,-0.4105236027518296,0.07637314893910815,3.727477550506592,da3_bbox_median
right_rear,52,1772699915410645000,data\camera\right_rear_camera\1772699915410645000.jpg,2000034,2,motorcycle,0.621051,0.0,563.0,135.0,767.0,10.612738609313965,556.85498046875,143.35873413085938,758.1362915039062,matched,3,MOTOR,preprocessed/masks/right_rear_camera/masks/frame_000052_gt2d_003_track_-1_MOTOR.png,0.9402570724487305,67.5,665.0,3.9037179946899414,4.025465488433838,0.9480152130126953,1.0,-3.099203588643666,0.08867725920391205,3.9037179946899414,da3_bbox_median
right_rear,52,1772699915410645000,data\camera\right_rear_camera\1772699915410645000.jpg,2000037,2,motorcycle,0.39695,1162.0,596.0,1266.0,696.0,1160.6719970703125,596.4239501953125,1265.6419677734375,697.2552490234375,matched,10,MOTOR,preprocessed/masks/right_rear_camera/masks/frame_000052_gt2d_010_track_-1_MOTOR.png,0.5875541567802429,1214.0,646.0,3.655442237854004,3.6754519939422607,0.39669179916381836,1.0,0.8316931010085045,0.02117187534592628,3.655442237854004,da3_bbox_median
right_rear,52,1772699915410645000,data\camera\right_rear_camera\1772699915410645000.jpg,2000039,2,motorcycle,0.677926,200.0,570.0,312.0,740.0,195.67945861816406,570.1343383789062,311.953369140625,737.5158081054688,matched,1,MOTOR,preprocessed/masks/right_rear_camera/masks/frame_000052_gt2d_001_track_-1_MOTOR.png,0.9115884900093079,256.0,655.0,3.8823962211608887,3.9655888080596924,0.7875685691833496,1.0,-2.4302770939171334,0.05361051871846758,3.8823962211608887,da3_bbox_median
right_rear,52,1772699915410645000,data\camera\right_rear_camera\1772699915410645000.jpg,2000040,2,motorcycle,0.47461,964.0,601.0,1071.0,714.0,961.6065063476562,602.5189208984375,1069.387939453125,715.2683715820312,matched,8,MOTOR,preprocessed/masks/right_rear_camera/masks/frame_000052_gt2d_008_track_-1_MOTOR.png,0.861115574836731,1017.5,657.5,3.693552017211914,3.7177088260650635,0.44539427757263184,1.0,0.19375388425104761,0.059227908026102075,3.693552017211914,da3_bbox_median
right_rear,52,1772699915410645000,data\camera\right_rear_camera\1772699915410645000.jpg,2000041,2,motorcycle,0.596975,913.0,599.0,1023.0,717.0,907.3422241210938,599.3895263671875,1019.2514038085938,718.7726440429688,matched,4,MOTOR,preprocessed/masks/right_rear_camera/masks/frame_000052_gt2d_004_track_-1_MOTOR.png,0.8156293630599976,968.0,658.0,3.71925687789917,3.747286319732666,0.48888397216796875,1.0,0.031082207404685584,0.061296559571494234,3.71925687789917,da3_bbox_median
right_rear,52,1772699915410645000,data\camera\right_rear_camera\1772699915410645000.jpg,2000043,2,motorcycle,0.622176,311.0,580.0,421.0,731.0,311.0,580.0,421.0,731.0,tentative,2,MOTOR,preprocessed/masks/right_rear_camera/masks/frame_000052_gt2d_002_track_-1_MOTOR.png,0.9187043905258179,366.0,655.5,3.8256657123565674,3.8833694458007812,0.6656074523925781,1.0,-2.0198481009905893,0.05453100223640533,3.8256657123565674,da3_bbox_median
right_rear,52,1772699915410645000,data\camera\right_rear_camera\1772699915410645000.jpg,2000044,2,motorcycle,0.5655,669.0,595.0,821.0,720.0,669.0,595.0,821.0,720.0,tentative,5,MOTOR,preprocessed/masks/right_rear_camera/masks/frame_000052_gt2d_005_track_-1_MOTOR.png,0.9144091010093689,745.0,657.5,3.7341532707214355,3.772961139678955,0.5210230350494385,1.0,-0.7106715923007012,0.05987896892829064,3.7341532707214355,da3_bbox_median
right_rear,52,1772699915410645000,data\camera\right_rear_camera\1772699915410645000.jpg,2000045,2,motorcycle,0.520805,408.0,592.0,550.0,724.0,408.0,592.0,550.0,724.0,tentative,7,MOTOR,preprocessed/masks/right_rear_camera/masks/frame_000052_gt2d_007_track_-1_MOTOR.png,0.9175785183906555,479.0,658.0,3.754469871520996,3.7982356548309326,0.5612797737121582,1.0,-1.604283925018857,0.06187690006210592,3.754469871520996,da3_bbox_median
right_rear,53,1772699915510652000,data\camera\right_rear_camera\1772699915510652000.jpg,-1,2,motorcycle,0.488888,0.0,598.0,26.0,723.0,0.0,598.0,26.0,723.0,unassigned,9,MOTOR,preprocessed/masks/right_rear_camera/masks/frame_000053_gt2d_009_track_-1_MOTOR.png,0.9272613525390625,13.0,660.5,3.604769229888916,3.637969493865967,0.46529626846313477,1.0,-3.0368938035211284,0.06743706297229991,3.604769229888916,da3_bbox_median
right_rear,53,1772699915510652000,data\camera\right_rear_camera\1772699915510652000.jpg,-1,2,motorcycle,0.389457,336.0,566.0,533.0,735.0,336.0,566.0,533.0,735.0,unassigned,10,MOTOR,preprocessed/masks/right_rear_camera/masks/frame_000053_gt2d_010_track_-1_MOTOR.png,0.9200501441955566,434.5,650.5,3.869657039642334,3.9516773223876953,0.771111011505127,1.0,-1.806918483515578,0.03792359479410933,3.869657039642334,da3_bbox_median
right_rear,53,1772699915510652000,data\camera\right_rear_camera\1772699915510652000.jpg,-1,3,person,0.317122,1907.0,619.0,1919.0,656.0,1907.0,619.0,1919.0,656.0,unassigned,12,PEDESTRIAN_NORMAL,preprocessed/masks/right_rear_camera/masks/frame_000053_gt2d_012_track_-1_PEDESTRIAN_NORMAL.png,0.6541372537612915,1913.0,637.5,3.4608492851257324,3.413864850997925,0.13187742233276367,1.0,2.942658367456021,-0.006158532058332423,3.4608492851257324,da3_bbox_median
right_rear,53,1772699915510652000,data\camera\right_rear_camera\1772699915510652000.jpg,4,0,bicycle,0.542182,1066.0,603.0,1193.0,706.0,1075.79345703125,605.0599975585938,1201.5435791015625,707.5391845703125,matched,4,BICYCLE,preprocessed/masks/right_rear_camera/masks/frame_000053_gt2d_004_track_-1_BICYCLE.png,0.8725811243057251,1129.5,654.5,3.655977725982666,3.675879955291748,0.39475178718566895,1.0,0.5565848478619361,0.048855713997985016,3.655977725982666,da3_bbox_median
right_rear,53,1772699915510652000,data\camera\right_rear_camera\1772699915510652000.jpg,2000024,2,motorcycle,0.811825,895.0,597.0,1019.0,720.0,882.2261352539062,598.2832641601562,1009.2761840820312,723.7084350585938,matched,0,MOTOR,preprocessed/masks/right_rear_camera/masks/frame_000053_gt2d_000_track_-1_MOTOR.png,0.8826985359191895,957.0,658.5,3.7298102378845215,3.7612147331237793,0.4994387626647949,1.0,-0.005381928397185251,0.06313164980481718,3.7298102378845215,da3_bbox_median
right_rear,53,1772699915510652000,data\camera\right_rear_camera\1772699915510652000.jpg,2000025,2,motorcycle,0.541805,764.0,598.0,887.0,714.0,775.869384765625,601.01123046875,899.6904296875,719.9054565429688,matched,5,MOTOR,preprocessed/masks/right_rear_camera/masks/frame_000053_gt2d_005_track_-1_MOTOR.png,0.8847963809967041,825.5,656.0,3.702284097671509,3.7296595573425293,0.45963287353515625,1.0,-0.4390838862997806,0.05442122421508421,3.702284097671509,da3_bbox_median
right_rear,53,1772699915510652000,data\camera\right_rear_camera\1772699915510652000.jpg,2000037,2,motorcycle,0.349628,1182.0,597.0,1293.0,697.0,1187.4163818359375,598.3433227539062,1295.5228271484375,697.9276123046875,matched,11,MOTOR,preprocessed/masks/right_rear_camera/masks/frame_000053_gt2d_011_track_-1_MOTOR.png,0.719479501247406,1237.5,647.0,3.658107280731201,3.6776623725891113,0.3956427574157715,1.0,0.908887320973986,0.024445765161246878,3.658107280731201,da3_bbox_median
right_rear,53,1772699915510652000,data\camera\right_rear_camera\1772699915510652000.jpg,2000038,2,motorcycle,0.60965,503.0,587.0,639.0,719.0,511.4859924316406,588.5377197265625,651.0953369140625,720.7357177734375,matched,2,MOTOR,preprocessed/masks/right_rear_camera/masks/frame_000053_gt2d_002_track_-1_MOTOR.png,0.9150881767272949,571.0,653.0,3.7556965351104736,3.797579765319824,0.5541050434112549,1.0,-1.2969759246285117,0.045170207979468094,3.7556965351104736,da3_bbox_median
right_rear,53,1772699915510652000,data\camera\right_rear_camera\1772699915510652000.jpg,2000039,2,motorcycle,0.78185,109.0,569.0,296.0,756.0,134.03329467773438,569.9209594726562,302.1159362792969,751.0267944335938,matched,1,MOTOR,preprocessed/masks/right_rear_camera/masks/frame_000053_gt2d_001_track_-1_MOTOR.png,0.9007100462913513,202.5,662.5,3.8892078399658203,3.987788438796997,0.8521876335144043,1.0,-2.6199157434184905,0.07968687821513183,3.8892078399658203,da3_bbox_median
right_rear,53,1772699915510652000,data\camera\right_rear_camera\1772699915510652000.jpg,2000040,2,motorcycle,0.504004,1013.0,601.0,1112.0,712.0,1015.561279296875,602.8638305664062,1115.1251220703125,713.105712890625,matched,7,MOTOR,preprocessed/masks/right_rear_camera/masks/frame_000053_gt2d_007_track_-1_MOTOR.png,0.872541069984436,1062.5,656.5,3.6987392902374268,3.7197353839874268,0.444993257522583,1.0,0.34231259012949433,0.056016441358193225,3.6987392902374268,da3_bbox_median
right_rear,53,1772699915510652000,data\camera\right_rear_camera\1772699915510652000.jpg,2000041,2,motorcycle,0.601884,962.0,597.0,1072.0,713.0,963.555419921875,598.6277465820312,1072.1187744140625,714.712890625,matched,3,MOTOR,preprocessed/masks/right_rear_camera/masks/frame_000053_gt2d_003_track_-1_MOTOR.png,0.7768074870109558,1017.0,655.0,3.705822706222534,3.7332663536071777,0.4566941261291504,1.0,0.19274678766392664,0.051172282848518755,3.705822706222534,da3_bbox_median
right_rear,53,1772699915510652000,data\camera\right_rear_camera\1772699915510652000.jpg,2000043,2,motorcycle,0.501958,330.0,565.0,446.0,742.0,333.8288879394531,569.9571533203125,448.62890625,741.7572021484375,matched,8,MOTOR,preprocessed/masks/right_rear_camera/masks/frame_000053_gt2d_008_track_-1_MOTOR.png,0.8934438228607178,388.0,653.5,3.9145030975341797,4.007798671722412,0.8285501003265381,1.0,-1.9900271778146257,0.04882361257709558,3.9145030975341797,da3_bbox_median
right_rear,53,1772699915510652000,data\camera\right_rear_camera\1772699915510652000.jpg,2000045,2,motorcycle,0.522366,422.0,577.0,536.0,729.0,426.8288879394531,581.9571533203125,546.4288940429688,729.9571533203125,matched,6,MOTOR,preprocessed/masks/right_rear_camera/masks/frame_000053_gt2d_006_track_-1_MOTOR.png,0.9083554744720459,479.0,653.0,3.8241729736328125,3.8816397190093994,0.6579556465148926,1.0,-1.6340680410375144,0.04599378223282729,3.8241729736328125,da3_bbox_median
right_rear,54,1772699915610660000,data\camera\right_rear_camera\1772699915610660000.jpg,-1,2,motorcycle,0.436164,674.0,584.0,800.0,710.0,674.0,584.0,800.0,710.0,unassigned,10,MOTOR,preprocessed/masks/right_rear_camera/masks/frame_000054_gt2d_010_track_-1_MOTOR.png,0.9295510053634644,737.0,647.0,3.841143846511841,3.8798787593841553,0.5387310981750488,1.0,-0.7584107045475774,0.02566893019157925,3.841143846511841,da3_bbox_median
right_rear,54,1772699915610660000,data\camera\right_rear_camera\1772699915610660000.jpg,-1,2,motorcycle,0.36796,0.0,569.0,136.0,715.0,0.0,569.0,136.0,715.0,unassigned,12,MOTOR,preprocessed/masks/right_rear_camera/masks/frame_000054_gt2d_012_track_-1_MOTOR.png,0.9350508451461792,68.0,642.0,3.7945425510406494,3.846322536468506,0.5964109897613525,1.0,-3.0108377278176217,0.008457592390982427,3.7945425510406494,da3_bbox_median
right_rear,54,1772699915610660000,data\camera\right_rear_camera\1772699915610660000.jpg,4,0,bicycle,0.631344,1106.0,604.0,1233.0,704.0,1116.430419921875,605.2939453125,1240.87890625,704.550048828125,matched,2,BICYCLE,preprocessed/masks/right_rear_camera/masks/frame_000054_gt2d_002_track_-1_BICYCLE.png,0.8470810651779175,1169.5,654.0,3.746096134185791,3.7660300731658936,0.39545154571533203,1.0,0.7038023862483296,0.04839157298491571,3.746096134185791,da3_bbox_median
right_rear,54,1772699915610660000,data\camera\right_rear_camera\1772699915610660000.jpg,2000024,2,motorcycle,0.776047,953.0,595.0,1067.0,716.0,943.740234375,597.1124877929688,1061.0186767578125,718.9159545898438,matched,1,MOTOR,preprocessed/masks/right_rear_camera/masks/frame_000054_gt2d_001_track_-1_MOTOR.png,0.8526231050491333,1010.0,655.5,3.8213255405426025,3.853099822998047,0.5069546699523926,1.0,0.17492300650096299,0.05446913746914946,3.8213255405426025,da3_bbox_median
right_rear,54,1772699915610660000,data\camera\right_rear_camera\1772699915610660000.jpg,2000025,2,motorcycle,0.562907,840.0,598.0,953.0,707.0,832.0853271484375,599.9328002929688,947.8126220703125,710.9500122070312,matched,7,MOTOR,preprocessed/masks/right_rear_camera/masks/frame_000054_gt2d_007_track_-1_MOTOR.png,0.8677836656570435,896.5,652.5,3.7696454524993896,3.7928311824798584,0.4362344741821289,1.0,-0.2086243600581029,0.043659069919013443,3.7696454524993896,da3_bbox_median
right_rear,54,1772699915610660000,data\camera\right_rear_camera\1772699915610660000.jpg,2000034,2,motorcycle,0.610394,0.0,542.0,71.0,757.0,3.310905694961548,546.0526123046875,86.52520751953125,758.4609985351562,matched,3,MOTOR,preprocessed/masks/right_rear_camera/masks/frame_000054_gt2d_003_track_-1_MOTOR.png,0.9418272972106934,35.5,649.5,4.0456953048706055,4.190444469451904,1.0406079292297363,1.0,-3.3272605959368233,0.036045115543775326,4.0456953048706055,da3_bbox_median
right_rear,54,1772699915610660000,data\camera\right_rear_camera\1772699915610660000.jpg,2000036,2,motorcycle,0.502242,606.0,588.0,730.0,715.0,599.5327758789062,589.3655395507812,729.2667846679688,716.6768188476562,matched,8,MOTOR,preprocessed/masks/right_rear_camera/masks/frame_000054_gt2d_008_track_-1_MOTOR.png,0.9113243222236633,668.0,651.5,3.8400139808654785,3.878643751144409,0.5402002334594727,1.0,-0.9942449848613585,0.04105357286052824,3.8400139808654785,da3_bbox_median
right_rear,54,1772699915610660000,data\camera\right_rear_camera\1772699915610660000.jpg,2000037,2,motorcycle,0.402184,1213.0,599.0,1323.0,695.0,1216.5235595703125,599.4618530273438,1324.9892578125,695.9270629882812,matched,11,MOTOR,preprocessed/masks/right_rear_camera/masks/frame_000054_gt2d_011_track_-1_MOTOR.png,0.770356297492981,1268.0,647.0,3.7369954586029053,3.753401756286621,0.3797016143798828,1.0,1.0300326369027721,0.02497294540016674,3.7369954586029053,da3_bbox_median
right_rear,54,1772699915610660000,data\camera\right_rear_camera\1772699915610660000.jpg,2000038,2,motorcycle,0.566185,498.0,579.0,631.0,722.0,506.7294006347656,581.6446533203125,640.8928833007812,721.4385986328125,matched,6,MOTOR,preprocessed/masks/right_rear_camera/masks/frame_000054_gt2d_006_track_-1_MOTOR.png,0.9029867649078369,564.5,650.5,3.8894245624542236,3.9395079612731934,0.6212344169616699,1.0,-1.3656804023366753,0.03811732140024565,3.8894245624542236,da3_bbox_median
right_rear,54,1772699915610660000,data\camera\right_rear_camera\1772699915610660000.jpg,2000040,2,motorcycle,0.448611,1062.0,602.0,1155.0,709.0,1064.958740234375,602.7783813476562,1157.8846435546875,709.5244140625,matched,9,MOTOR,preprocessed/masks/right_rear_camera/masks/frame_000054_gt2d_009_track_-1_MOTOR.png,0.8573088645935059,1108.5,655.5,3.772702693939209,3.7954699993133545,0.4398806095123291,1.0,0.5037708121858164,0.053776067881729395,3.772702693939209,da3_bbox_median
right_rear,54,1772699915610660000,data\camera\right_rear_camera\1772699915610660000.jpg,2000041,2,motorcycle,0.585294,1018.0,599.0,1115.0,710.0,1019.1273193359375,599.0568237304688,1117.1104736328125,710.5596313476562,matched,4,MOTOR,preprocessed/masks/right_rear_camera/masks/frame_000054_gt2d_004_track_-1_MOTOR.png,0.8344452977180481,1066.5,654.5,3.7879624366760254,3.8095884323120117,0.44347715377807617,1.0,0.3640690452918555,0.050619457587535575,3.7879624366760254,da3_bbox_median
right_rear,54,1772699915610660000,data\camera\right_rear_camera\1772699915610660000.jpg,2000045,2,motorcycle,0.576074,438.0,594.0,557.0,733.0,442.8030700683594,592.7888793945312,561.9156494140625,734.10888671875,matched,5,MOTOR,preprocessed/masks/right_rear_camera/masks/frame_000054_gt2d_005_track_-1_MOTOR.png,0.9107784628868103,497.5,663.5,3.8634145259857178,3.9057509899139404,0.5726444721221924,1.0,-1.5871595169092907,0.08259972441307369,3.8634145259857178,da3_bbox_median
right_rear,54,1772699915610660000,data\camera\right_rear_camera\1772699915610660000.jpg,2000046,2,motorcycle,0.806337,246.0,592.0,422.0,743.0,246.0,592.0,422.0,743.0,tentative,0,MOTOR,preprocessed/masks/right_rear_camera/masks/frame_000054_gt2d_000_track_-1_MOTOR.png,0.8740007281303406,334.0,667.5,3.876164197921753,3.930081605911255,0.6272504329681396,1.0,-2.157016431411784,0.09668306462996651,3.876164197921753,da3_bbox_median
right_rear,55,1772699915710637000,data\camera\right_rear_camera\1772699915710637000.jpg,-1,2,motorcycle,0.48676,759.0,587.0,880.0,703.0,759.0,587.0,880.0,703.0,unassigned,7,MOTOR,preprocessed/masks/right_rear_camera/masks/frame_000055_gt2d_007_track_-1_MOTOR.png,0.8879672288894653,819.5,645.0,3.8551807403564453,3.880340576171875,0.43363046646118164,1.0,-0.477824939799217,0.018894739241936843,3.8551807403564453,da3_bbox_median
right_rear,55,1772699915710637000,data\camera\right_rear_camera\1772699915710637000.jpg,-1,2,motorcycle,0.335239,954.0,600.0,1062.0,703.0,954.0,600.0,1062.0,703.0,unassigned,11,MOTOR,preprocessed/masks/right_rear_camera/masks/frame_000055_gt2d_011_track_-1_MOTOR.png,0.8288305997848511,1008.0,651.5,3.817018985748291,3.8310980796813965,0.3752164840698242,1.0,0.16792460252988636,0.0408077334671888,3.817018985748291,da3_bbox_median
right_rear,55,1772699915710637000,data\camera\right_rear_camera\1772699915710637000.jpg,4,0,bicycle,0.570671,1143.0,603.0,1267.0,702.0,1153.6229248046875,604.2205200195312,1275.8035888671875,701.899658203125,matched,4,BICYCLE,preprocessed/masks/right_rear_camera/masks/frame_000055_gt2d_004_track_-1_BICYCLE.png,0.8979331254959106,1205.0,652.5,3.7943806648254395,3.8066182136535645,0.34545397758483887,1.0,0.8328804405160749,0.04394554682460376,3.7943806648254395,da3_bbox_median
right_rear,55,1772699915710637000,data\camera\right_rear_camera\1772699915710637000.jpg,2000024,2,motorcycle,0.695759,1014.0,600.0,1113.0,711.0,1006.0791625976562,599.6535034179688,1109.5216064453125,713.4193725585938,matched,2,MOTOR,preprocessed/masks/right_rear_camera/masks/frame_000055_gt2d_002_track_-1_MOTOR.png,0.8617916107177734,1063.5,655.5,3.8404054641723633,3.8573930263519287,0.3993713855743408,1.0,0.3588450450326459,0.054741102516896414,3.8404054641723633,da3_bbox_median
right_rear,55,1772699915710637000,data\camera\right_rear_camera\1772699915710637000.jpg,2000025,2,motorcycle,0.319121,908.0,596.0,1005.0,700.0,897.5282592773438,597.6867065429688,999.3319702148438,702.6165771484375,matched,12,MOTOR,preprocessed/masks/right_rear_camera/masks/frame_000055_gt2d_012_track_-1_MOTOR.png,0.8327726721763611,956.5,648.0,3.8177013397216797,3.83148193359375,0.3747897148132324,1.0,-0.00720937213233628,0.028912885079968927,3.8177013397216797,da3_bbox_median
right_rear,55,1772699915710637000,data\camera\right_rear_camera\1772699915710637000.jpg,2000036,2,motorcycle,0.515602,577.0,578.0,715.0,716.0,591.6463623046875,580.8262329101562,726.7467041015625,715.6273193359375,matched,6,MOTOR,preprocessed/masks/right_rear_camera/masks/frame_000055_gt2d_006_track_-1_MOTOR.png,0.9061692953109741,646.0,647.0,3.9185571670532227,3.959721565246582,0.5349512100219727,1.0,-1.09138527448343,0.02618625450961529,3.9185571670532227,da3_bbox_median
right_rear,55,1772699915710637000,data\camera\right_rear_camera\1772699915710637000.jpg,2000037,2,motorcycle,0.38036,1239.0,602.0,1351.0,693.0,1243.1483154296875,601.5222778320312,1353.272705078125,693.509521484375,matched,10,MOTOR,preprocessed/masks/right_rear_camera/masks/frame_000055_gt2d_010_track_-1_MOTOR.png,0.8147445917129517,1295.0,647.5,3.773857355117798,3.7836527824401855,0.3196115493774414,1.0,1.1309718241750997,0.026900058910549748,3.773857355117798,da3_bbox_median
right_rear,55,1772699915710637000,data\camera\right_rear_camera\1772699915710637000.jpg,2000038,2,motorcycle,0.634108,533.0,584.0,649.0,725.0,529.5722045898438,582.3646240234375,650.1804809570312,723.3425903320312,matched,3,MOTOR,preprocessed/masks/right_rear_camera/masks/frame_000055_gt2d_003_track_-1_MOTOR.png,0.8892017006874084,591.0,654.5,3.919271945953369,3.961308717727661,0.5357577800750732,1.0,-1.2836296813609154,0.052374178297368505,3.919271945953369,da3_bbox_median
right_rear,55,1772699915710637000,data\camera\right_rear_camera\1772699915710637000.jpg,2000039,2,motorcycle,0.756865,58.0,573.0,240.0,747.0,76.890380859375,572.049560546875,256.5955505371094,748.221923828125,matched,1,MOTOR,preprocessed/masks/right_rear_camera/masks/frame_000055_gt2d_001_track_-1_MOTOR.png,0.9293872117996216,149.0,660.0,3.9566116333007812,4.028904438018799,0.6852807998657227,1.0,-2.8539089409535427,0.07225706369192449,3.9566116333007812,da3_bbox_median
right_rear,55,1772699915710637000,data\camera\right_rear_camera\1772699915710637000.jpg,2000040,2,motorcycle,0.414733,1108.0,605.0,1192.0,706.0,1111.39501953125,604.5254516601562,1195.9293212890625,706.0069580078125,matched,8,MOTOR,preprocessed/masks/right_rear_camera/masks/frame_000055_gt2d_008_track_-1_MOTOR.png,0.8658030033111572,1150.0,655.5,3.803677558898926,3.820712089538574,0.35726165771484375,1.0,0.6485399686299862,0.05421758330868765,3.803677558898926,da3_bbox_median
right_rear,55,1772699915710637000,data\camera\right_rear_camera\1772699915710637000.jpg,2000041,2,motorcycle,0.405934,1064.0,601.0,1155.0,708.0,1067.09619140625,600.3587646484375,1157.78369140625,707.6265869140625,matched,9,MOTOR,preprocessed/masks/right_rear_camera/masks/frame_000055_gt2d_009_track_-1_MOTOR.png,0.7637518644332886,1109.5,654.5,3.826019525527954,3.845273971557617,0.3927445411682129,1.0,0.5142988878354448,0.0511280236642192,3.826019525527954,da3_bbox_median
right_rear,55,1772699915710637000,data\camera\right_rear_camera\1772699915710637000.jpg,2000045,2,motorcycle,0.809233,370.0,594.0,545.0,735.0,389.878662109375,595.4395141601562,553.623779296875,735.8829345703125,matched,0,MOTOR,preprocessed/masks/right_rear_camera/masks/frame_000055_gt2d_000_track_-1_MOTOR.png,0.9131314754486084,457.5,664.5,3.905243396759033,3.9449784755706787,0.529381275177002,1.0,-1.7435129631169184,0.08697261520408496,3.905243396759033,da3_bbox_median
right_rear,55,1772699915710637000,data\camera\right_rear_camera\1772699915710637000.jpg,2000047,2,motorcycle,0.517638,668.0,588.0,804.0,711.0,668.0,588.0,804.0,711.0,tentative,5,MOTOR,preprocessed/masks/right_rear_camera/masks/frame_000055_gt2d_005_track_-1_MOTOR.png,0.9016838669776917,736.0,649.5,3.8727517127990723,3.904832363128662,0.46323633193969727,1.0,-0.7681017750011765,0.034504274899827395,3.8727517127990723,da3_bbox_median
right_rear,56,1772699915810644000,data\camera\right_rear_camera\1772699915810644000.jpg,-1,2,motorcycle,0.376609,147.0,577.0,281.0,702.0,147.0,577.0,281.0,702.0,unassigned,9,MOTOR,preprocessed/masks/right_rear_camera/masks/frame_000056_gt2d_009_track_-1_MOTOR.png,0.852203369140625,214.0,639.5,3.6928000450134277,3.726238489151001,0.46420931816101074,1.0,-2.449773500164163,7.428356909331354e-06,3.6928000450134277,da3_bbox_median
right_rear,56,1772699915810644000,data\camera\right_rear_camera\1772699915810644000.jpg,-1,2,motorcycle,0.304539,1002.0,603.0,1100.0,699.0,1002.0,603.0,1100.0,699.0,unassigned,11,MOTOR,preprocessed/masks/right_rear_camera/masks/frame_000056_gt2d_011_track_-1_MOTOR.png,0.8551138043403625,1051.0,651.0,3.631895065307617,3.6439685821533203,0.3402881622314453,1.0,0.29891565047073115,0.037211021576430324,3.631895065307617,da3_bbox_median
right_rear,56,1772699915810644000,data\camera\right_rear_camera\1772699915810644000.jpg,4,0,bicycle,0.63842,1178.0,605.0,1297.0,701.0,1187.7744140625,605.2811279296875,1305.97119140625,700.514404296875,matched,4,BICYCLE,preprocessed/masks/right_rear_camera/masks/frame_000056_gt2d_004_track_-1_BICYCLE.png,0.8956985473632812,1237.5,653.0,3.6175222396850586,3.6318914890289307,0.33629655838012695,1.0,0.8988036283982246,0.04350836932891832,3.6175222396850586,da3_bbox_median
right_rear,56,1772699915810644000,data\camera\right_rear_camera\1772699915810644000.jpg,2000024,2,motorcycle,0.532542,1057.0,603.0,1153.0,708.0,1055.410888671875,602.6644287109375,1152.1043701171875,709.4597778320312,matched,8,MOTOR,preprocessed/masks/right_rear_camera/masks/frame_000056_gt2d_008_track_-1_MOTOR.png,0.8718304634094238,1105.0,655.5,3.6548664569854736,3.6688506603240967,0.37163567543029785,1.0,0.4766394848971215,0.05209643129453382,3.6548664569854736,da3_bbox_median
right_rear,56,1772699915810644000,data\camera\right_rear_camera\1772699915810644000.jpg,2000034,2,motorcycle,0.681687,0.0,541.0,62.0,749.0,-0.05849076807498932,541.6005859375,63.47942352294922,750.7943115234375,matched,3,MOTOR,preprocessed/masks/right_rear_camera/masks/frame_000056_gt2d_003_track_-1_MOTOR.png,0.9547604322433472,31.0,645.0,3.891453266143799,4.015958309173584,0.9037930965423584,1.0,-3.2160101350816097,0.019072515580468536,3.891453266143799,da3_bbox_median
right_rear,56,1772699915810644000,data\camera\right_rear_camera\1772699915810644000.jpg,2000036,2,motorcycle,0.589597,675.0,583.0,791.0,712.0,660.0682983398438,581.5706176757812,780.9544067382812,712.7124633789062,matched,6,MOTOR,preprocessed/masks/right_rear_camera/masks/frame_000056_gt2d_006_track_-1_MOTOR.png,0.8327066898345947,733.0,647.5,3.724411964416504,3.758138656616211,0.47637319564819336,1.0,-0.7486352171443341,0.026547612117372416,3.724411964416504,da3_bbox_median
right_rear,56,1772699915810644000,data\camera\right_rear_camera\1772699915810644000.jpg,2000038,2,motorcycle,0.699777,582.0,590.0,731.0,721.0,571.3653564453125,586.8988037109375,711.050048828125,721.5839233398438,matched,2,MOTOR,preprocessed/masks/right_rear_camera/masks/frame_000056_gt2d_002_track_-1_MOTOR.png,0.8524585366249084,656.5,655.5,3.7202394008636475,3.7531137466430664,0.47559666633605957,1.0,-1.001349050100097,0.053028256607264866,3.7202394008636475,da3_bbox_median
right_rear,56,1772699915810644000,data\camera\right_rear_camera\1772699915810644000.jpg,2000040,2,motorcycle,0.317742,1142.0,605.0,1227.0,703.0,1147.5604248046875,605.1847534179688,1230.649658203125,702.9595336914062,matched,10,MOTOR,preprocessed/masks/right_rear_camera/masks/frame_000056_gt2d_010_track_-1_MOTOR.png,0.8339608907699585,1184.5,654.0,3.6328811645507812,3.644892930984497,0.3398454189300537,1.0,0.7310807420444448,0.046929077023832116,3.6328811645507812,da3_bbox_median
right_rear,56,1772699915810644000,data\camera\right_rear_camera\1772699915810644000.jpg,2000043,2,motorcycle,0.825641,478.0,588.0,650.0,728.0,476.0346374511719,588.1495361328125,644.8073120117188,730.1932983398438,matched,0,MOTOR,preprocessed/masks/right_rear_camera/masks/frame_000056_gt2d_000_track_-1_MOTOR.png,0.9230154752731323,564.0,658.0,3.748623847961426,3.79021954536438,0.5273013114929199,1.0,-1.3179113771683397,0.06178055255421936,3.748623847961426,da3_bbox_median
right_rear,56,1772699915810644000,data\camera\right_rear_camera\1772699915810644000.jpg,2000047,2,motorcycle,0.605451,766.0,595.0,873.0,707.0,753.5281372070312,594.937744140625,866.328125,709.1377563476562,matched,5,MOTOR,preprocessed/masks/right_rear_camera/masks/frame_000056_gt2d_005_track_-1_MOTOR.png,0.8674010634422302,819.5,651.0,3.6740925312042236,3.692091464996338,0.39479875564575195,1.0,-0.45538021710937804,0.03764336083340616,3.6740925312042236,da3_bbox_median
right_rear,56,1772699915810644000,data\camera\right_rear_camera\1772699915810644000.jpg,2000048,2,motorcycle,0.816601,239.0,556.0,389.0,738.0,239.0,556.0,389.0,738.0,tentative,1,MOTOR,preprocessed/masks/right_rear_camera/masks/frame_000056_gt2d_001_track_-1_MOTOR.png,0.9433966875076294,314.0,647.0,3.8821260929107666,3.9748382568359375,0.7723016738891602,1.0,-2.229506909895267,0.02594279924307635,3.8821260929107666,da3_bbox_median
right_rear,56,1772699915810644000,data\camera\right_rear_camera\1772699915810644000.jpg,2000049,2,motorcycle,0.547377,820.0,590.0,937.0,700.0,820.0,590.0,937.0,700.0,tentative,7,MOTOR,preprocessed/masks/right_rear_camera/masks/frame_000056_gt2d_007_track_-1_MOTOR.png,0.9346816539764404,878.5,645.0,3.6737771034240723,3.691903591156006,0.395000696182251,1.0,-0.2622330291982359,0.018005656563790017,3.6737771034240723,da3_bbox_median
right_rear,57,1772699915910651000,data\camera\right_rear_camera\1772699915910651000.jpg,-1,2,motorcycle,0.336657,1137.0,604.0,1246.0,703.0,1137.0,604.0,1246.0,703.0,unassigned,10,MOTOR,preprocessed/masks/right_rear_camera/masks/frame_000057_gt2d_010_track_-1_MOTOR.png,0.8510630130767822,1191.5,653.5,3.7361831665039062,3.7456579208374023,0.339569091796875,1.0,0.7751695479979591,0.04659951848124962,3.7361831665039062,da3_bbox_median
right_rear,57,1772699915910651000,data\camera\right_rear_camera\1772699915910651000.jpg,4,0,bicycle,0.658743,1209.0,605.0,1327.0,698.0,1216.93994140625,605.222412109375,1333.3280029296875,697.7051391601562,matched,5,BICYCLE,preprocessed/masks/right_rear_camera/masks/frame_000057_gt2d_005_track_-1_BICYCLE.png,0.89499831199646,1268.0,651.5,3.7174975872039795,3.733715057373047,0.33701229095458984,1.0,1.0246584147198703,0.039743750625803494,3.7174975872039795,da3_bbox_median
right_rear,57,1772699915910651000,data\camera\right_rear_camera\1772699915910651000.jpg,2000024,2,motorcycle,0.415209,1095.0,603.0,1192.0,704.0,1095.1956787109375,603.2603759765625,1190.6143798828125,704.9635620117188,matched,9,MOTOR,preprocessed/masks/right_rear_camera/masks/frame_000057_gt2d_009_track_-1_MOTOR.png,0.864800214767456,1143.5,653.5,3.7397499084472656,3.7578892707824707,0.3521769046783447,1.0,0.6159834217765031,0.0466440046452572,3.7397499084472656,da3_bbox_median
right_rear,57,1772699915910651000,data\camera\right_rear_camera\1772699915910651000.jpg,2000036,2,motorcycle,0.576282,753.0,583.0,860.0,708.0,736.6416015625,581.6107788085938,846.1116333007812,708.602783203125,matched,8,MOTOR,preprocessed/masks/right_rear_camera/masks/frame_000057_gt2d_008_track_-1_MOTOR.png,0.8617591261863708,806.5,645.5,3.8232357501983643,3.8481521606445312,0.45024538040161133,1.0,-0.5181458157189935,0.02044094380379789,3.8232357501983643,da3_bbox_median
right_rear,57,1772699915910651000,data\camera\right_rear_camera\1772699915910651000.jpg,2000038,2,motorcycle,0.829872,571.0,591.0,736.0,724.0,575.9441528320312,589.047607421875,731.8292846679688,722.6234130859375,matched,0,MOTOR,preprocessed/masks/right_rear_camera/masks/frame_000057_gt2d_000_track_-1_MOTOR.png,0.9048015475273132,653.5,657.5,3.8343586921691895,3.871112823486328,0.48931264877319336,1.0,-1.0423139358860292,0.061485811733689756,3.8343586921691895,da3_bbox_median
right_rear,57,1772699915910651000,data\camera\right_rear_camera\1772699915910651000.jpg,2000039,2,motorcycle,0.633347,102.0,551.0,246.0,734.0,92.55706024169922,554.9425659179688,244.58070373535156,736.3944091796875,matched,6,MOTOR,preprocessed/masks/right_rear_camera/masks/frame_000057_gt2d_006_track_-1_MOTOR.png,0.9151169657707214,174.0,642.5,3.9797208309173584,4.075104713439941,0.7805094718933105,1.0,-2.7819379344251525,0.010642798687972105,3.9797208309173584,da3_bbox_median
right_rear,57,1772699915910651000,data\camera\right_rear_camera\1772699915910651000.jpg,2000045,2,motorcycle,0.823371,364.0,561.0,512.0,733.0,366.1725769042969,567.021484375,521.2366333007812,734.4852905273438,matched,1,MOTOR,preprocessed/masks/right_rear_camera/masks/frame_000057_gt2d_001_track_-1_MOTOR.png,0.9357287883758545,438.0,647.0,3.963654041290283,4.039567947387695,0.7138416767120361,1.0,-1.8384504907925052,0.026487620082711633,3.963654041290283,da3_bbox_median
right_rear,57,1772699915910651000,data\camera\right_rear_camera\1772699915910651000.jpg,2000047,2,motorcycle,0.682947,826.0,599.0,937.0,704.0,818.1913452148438,599.3101196289062,929.5225830078125,706.2507934570312,matched,3,MOTOR,preprocessed/masks/right_rear_camera/masks/frame_000057_gt2d_003_track_-1_MOTOR.png,0.8879579305648804,881.5,651.5,3.7580671310424805,3.769667148590088,0.3720083236694336,1.0,-0.25820528329424947,0.04017747944350871,3.7580671310424805,da3_bbox_median
right_rear,57,1772699915910651000,data\camera\right_rear_camera\1772699915910651000.jpg,2000048,2,motorcycle,0.695043,240.0,579.0,402.0,701.0,245.8075714111328,575.5064697265625,405.4075622558594,709.5064697265625,matched,2,MOTOR,preprocessed/masks/right_rear_camera/masks/frame_000057_gt2d_002_track_-1_MOTOR.png,0.8640587329864502,321.0,640.0,3.7999267578125,3.8298168182373047,0.44899868965148926,1.0,-2.158601942764301,0.001700033712425567,3.7999267578125,da3_bbox_median
right_rear,57,1772699915910651000,data\camera\right_rear_camera\1772699915910651000.jpg,2000049,2,motorcycle,0.576744,894.0,594.0,1001.0,695.0,885.2075805664062,594.3064575195312,994.2075805664062,697.1064453125,matched,7,MOTOR,preprocessed/masks/right_rear_camera/masks/frame_000057_gt2d_007_track_-1_MOTOR.png,0.9006962776184082,947.5,644.5,3.7391409873962402,3.7575573921203613,0.3497934341430664,1.0,-0.037042287171331276,0.016660695970473163,3.7391409873962402,da3_bbox_median
right_rear,57,1772699915910651000,data\camera\right_rear_camera\1772699915910651000.jpg,2000050,2,motorcycle,0.678097,670.0,590.0,806.0,715.0,670.0,590.0,806.0,715.0,tentative,4,MOTOR,preprocessed/masks/right_rear_camera/masks/frame_000057_gt2d_004_track_-1_MOTOR.png,0.8736867904663086,738.0,652.5,3.816607713699341,3.8463563919067383,0.4525411128997803,1.0,-0.7501659247125941,0.044202974822304605,3.816607713699341,da3_bbox_median
right_rear,58,1772699916010645000,data\camera\right_rear_camera\1772699916010645000.jpg,-1,2,motorcycle,0.403625,942.0,591.0,1046.0,695.0,942.0,591.0,1046.0,695.0,unassigned,8,MOTOR,preprocessed/masks/right_rear_camera/masks/frame_000058_gt2d_008_track_-1_MOTOR.png,0.88318932056427,994.0,643.0,3.6316123008728027,3.645594835281372,0.37081027030944824,1.0,0.11447153902910952,0.01132929372700588,3.6316123008728027,da3_bbox_median
right_rear,58,1772699916010645000,data\camera\right_rear_camera\1772699916010645000.jpg,-1,2,motorcycle,0.322759,1190.0,605.0,1277.0,700.0,1190.0,605.0,1277.0,700.0,unassigned,10,MOTOR,preprocessed/masks/right_rear_camera/masks/frame_000058_gt2d_010_track_-1_MOTOR.png,0.8282568454742432,1233.5,652.5,3.595019817352295,3.610175132751465,0.3358726501464844,1.0,0.8804013032561032,0.04163660045587489,3.595019817352295,da3_bbox_median
right_rear,58,1772699916010645000,data\camera\right_rear_camera\1772699916010645000.jpg,4,0,bicycle,0.69102,1240.0,605.0,1354.0,696.0,1246.529296875,605.3402099609375,1359.732177734375,695.645751953125,matched,3,BICYCLE,preprocessed/masks/right_rear_camera/masks/frame_000058_gt2d_003_track_-1_BICYCLE.png,0.8682026863098145,1297.0,650.5,3.588723659515381,3.5980031490325928,0.3156907558441162,1.0,1.0818843531381708,0.03517037827829666,3.588723659515381,da3_bbox_median
right_rear,58,1772699916010645000,data\camera\right_rear_camera\1772699916010645000.jpg,2000024,2,motorcycle,0.340393,1141.0,603.0,1228.0,700.0,1139.1607666015625,603.5704345703125,1227.31494140625,700.8731079101562,matched,9,MOTOR,preprocessed/masks/right_rear_camera/masks/frame_000058_gt2d_009_track_-1_MOTOR.png,0.847025990486145,1184.5,651.5,3.6099765300750732,3.622013807296753,0.338407039642334,1.0,0.7264714150639329,0.038594243469090565,3.6099765300750732,da3_bbox_median
right_rear,58,1772699916010645000,data\camera\right_rear_camera\1772699916010645000.jpg,2000036,2,motorcycle,0.532439,750.0,590.0,876.0,711.0,757.7371215820312,586.6827392578125,877.4867553710938,709.4278564453125,matched,7,MOTOR,preprocessed/masks/right_rear_camera/masks/frame_000058_gt2d_007_track_-1_MOTOR.png,0.8340811133384705,813.0,650.5,3.680553913116455,3.708372116088867,0.4459969997406006,1.0,-0.4774949284494935,0.03607033744566755,3.680553913116455,da3_bbox_median
right_rear,58,1772699916010645000,data\camera\right_rear_camera\1772699916010645000.jpg,2000038,2,motorcycle,0.845569,657.0,598.0,812.0,717.0,631.874267578125,594.7730102539062,787.8126831054688,718.5149536132812,matched,0,MOTOR,preprocessed/masks/right_rear_camera/masks/frame_000058_gt2d_000_track_-1_MOTOR.png,0.906918466091156,734.5,657.5,3.6648001670837402,3.691591262817383,0.4243912696838379,1.0,-0.7317552598564122,0.05876685808635946,3.6648001670837402,da3_bbox_median
right_rear,58,1772699916010645000,data\camera\right_rear_camera\1772699916010645000.jpg,2000045,2,motorcycle,0.668707,329.0,588.0,481.0,700.0,336.256591796875,579.2662963867188,487.66156005859375,712.55224609375,matched,5,MOTOR,preprocessed/masks/right_rear_camera/masks/frame_000058_gt2d_005_track_-1_MOTOR.png,0.8857241868972778,405.0,644.0,3.6426169872283936,3.667707681655884,0.40247488021850586,1.0,-1.7966382771174096,0.014608280551847859,3.6426169872283936,da3_bbox_median
right_rear,58,1772699916010645000,data\camera\right_rear_camera\1772699916010645000.jpg,2000047,2,motorcycle,0.532847,817.0,584.0,925.0,708.0,826.4552612304688,587.8890991210938,934.95849609375,708.041259765625,matched,6,MOTOR,preprocessed/masks/right_rear_camera/masks/frame_000058_gt2d_006_track_-1_MOTOR.png,0.8856815099716187,871.0,646.0,3.6970877647399902,3.723593235015869,0.45182132720947266,1.0,-0.28860033402469093,0.0214130811553944,3.6970877647399902,da3_bbox_median
right_rear,58,1772699916010645000,data\camera\right_rear_camera\1772699916010645000.jpg,2000048,2,motorcycle,0.724404,261.0,563.0,390.0,726.0,264.5072326660156,565.91845703125,400.99468994140625,724.357421875,matched,2,MOTOR,preprocessed/masks/right_rear_camera/masks/frame_000058_gt2d_002_track_-1_MOTOR.png,0.924902081489563,325.5,644.5,3.8021461963653564,3.869807004928589,0.658254861831665,1.0,-2.144619496719439,0.016941431742333302,3.8021461963653564,da3_bbox_median
right_rear,58,1772699916010645000,data\camera\right_rear_camera\1772699916010645000.jpg,2000049,2,motorcycle,0.679814,890.0,598.0,997.0,702.0,895.2379150390625,598.500732421875,1002.6614990234375,702.2457275390625,matched,4,MOTOR,preprocessed/masks/right_rear_camera/masks/frame_000058_gt2d_004_track_-1_MOTOR.png,0.8623128533363342,943.5,650.0,3.631019353866577,3.645264148712158,0.37117719650268555,1.0,-0.048910866338567914,0.03396772369135233,3.631019353866577,da3_bbox_median
right_rear,58,1772699916010645000,data\camera\right_rear_camera\1772699916010645000.jpg,2000051,2,motorcycle,0.793316,474.0,582.0,620.0,724.0,474.0,582.0,620.0,724.0,tentative,1,MOTOR,preprocessed/masks/right_rear_camera/masks/frame_000058_gt2d_001_track_-1_MOTOR.png,0.9323476552963257,547.0,653.0,3.7436304092407227,3.7859890460968018,0.5442662239074707,1.0,-1.3728551041021408,0.04502508725154244,3.7436304092407227,da3_bbox_median
right_rear,59,1772699916110561000,data\camera\right_rear_camera\1772699916110561000.jpg,-1,2,motorcycle,0.431863,414.0,567.0,508.0,716.0,414.0,567.0,508.0,716.0,unassigned,4,MOTOR,preprocessed/masks/right_rear_camera/masks/frame_000059_gt2d_004_track_-1_MOTOR.png,0.925595223903656,461.0,641.5,3.7739012241363525,3.8266968727111816,0.6268441677093506,1.0,-1.6731069051026606,0.006730786525958009,3.7739012241363525,da3_bbox_median
right_rear,59,1772699916110561000,data\camera\right_rear_camera\1772699916110561000.jpg,-1,2,motorcycle,0.424476,227.0,560.0,503.0,736.0,227.0,560.0,503.0,736.0,unassigned,5,MOTOR,preprocessed/masks/right_rear_camera/masks/frame_000059_gt2d_005_track_-1_MOTOR.png,0.7230919599533081,365.0,648.0,3.7999308109283447,3.883077621459961,0.7520029544830322,1.0,-2.009646179157773,0.028778302195900413,3.7999308109283447,da3_bbox_median
right_rear,59,1772699916110561000,data\camera\right_rear_camera\1772699916110561000.jpg,-1,2,motorcycle,0.424199,218.0,562.0,357.0,733.0,218.0,562.0,357.0,733.0,unassigned,6,MOTOR,preprocessed/masks/right_rear_camera/masks/frame_000059_gt2d_006_track_-1_MOTOR.png,0.9278402924537659,287.5,647.5,3.8184595108032227,3.8996944427490234,0.7468051910400391,1.0,-2.2830939894434645,0.02721798311980699,3.8184595108032227,da3_bbox_median
right_rear,59,1772699916110561000,data\camera\right_rear_camera\1772699916110561000.jpg,-1,2,motorcycle,0.399726,423.0,590.0,548.0,697.0,423.0,590.0,548.0,697.0,unassigned,7,MOTOR,preprocessed/masks/right_rear_camera/masks/frame_000059_gt2d_007_track_-1_MOTOR.png,0.9264950752258301,485.5,643.5,3.6213860511779785,3.641914129257202,0.40618467330932617,1.0,-1.52644601887182,0.012910264004657597,3.6213860511779785,da3_bbox_median
right_rear,59,1772699916110561000,data\camera\right_rear_camera\1772699916110561000.jpg,-1,2,motorcycle,0.3782,1033.0,592.0,1127.0,688.0,1033.0,592.0,1127.0,688.0,unassigned,8,MOTOR,preprocessed/masks/right_rear_camera/masks/frame_000059_gt2d_008_track_-1_MOTOR.png,0.8694854974746704,1080.0,640.0,3.5998876094818115,3.6132538318634033,0.3633606433868408,1.0,0.3892898339382259,0.0016105390148585964,3.5998876094818115,da3_bbox_median
right_rear,59,1772699916110561000,data\camera\right_rear_camera\1772699916110561000.jpg,-1,2,motorcycle,0.37351,0.0,543.0,59.0,757.0,0.0,543.0,59.0,757.0,unassigned,9,MOTOR,preprocessed/masks/right_rear_camera/masks/frame_000059_gt2d_009_track_-1_MOTOR.png,0.9558372497558594,29.5,650.0,3.8520281314849854,3.988365650177002,0.9801149368286133,1.0,-3.188575794608926,0.036035232663319504,3.8520281314849854,da3_bbox_median
right_rear,59,1772699916110561000,data\camera\right_rear_camera\1772699916110561000.jpg,-1,2,motorcycle,0.31645,817.0,588.0,943.0,709.0,817.0,588.0,943.0,709.0,unassigned,11,MOTOR,preprocessed/masks/right_rear_camera/masks/frame_000059_gt2d_011_track_-1_MOTOR.png,0.8262959718704224,880.0,648.5,3.676846504211426,3.706296920776367,0.47898316383361816,1.0,-0.25753849240367455,0.02948371162129393,3.676846504211426,da3_bbox_median
right_rear,59,1772699916110561000,data\camera\right_rear_camera\1772699916110561000.jpg,-1,2,motorcycle,0.316372,0.0,516.0,209.0,752.0,0.0,516.0,209.0,752.0,unassigned,12,VEHICLE_TRIKE,preprocessed/masks/right_rear_camera/masks/frame_000059_gt2d_012_track_-1_VEHICLE_TRIKE.png,0.9021060466766357,104.5,634.0,3.9613149166107178,4.15845251083374,1.200357437133789,1.0,-3.014350376098882,-0.019398979570502475,3.9613149166107178,da3_bbox_median
right_rear,59,1772699916110561000,data\camera\right_rear_camera\1772699916110561000.jpg,-1,2,motorcycle,0.303978,1217.0,603.0,1299.0,695.0,1217.0,603.0,1299.0,695.0,unassigned,13,MOTOR,preprocessed/masks/right_rear_camera/masks/frame_000059_gt2d_013_track_-1_MOTOR.png,0.818483829498291,1258.0,649.0,3.5793604850769043,3.5885860919952393,0.33777689933776855,1.0,0.9546945014464026,0.03029615094358239,3.5793604850769043,da3_bbox_median
right_rear,59,1772699916110561000,data\camera\right_rear_camera\1772699916110561000.jpg,-1,2,motorcycle,0.30385,994.0,593.0,1094.0,692.0,994.0,593.0,1094.0,692.0,unassigned,14,MOTOR,preprocessed/masks/right_rear_camera/masks/frame_000059_gt2d_014_track_-1_MOTOR.png,0.8996111154556274,1044.0,642.5,3.6070735454559326,3.6260156631469727,0.3782014846801758,1.0,0.2743776265304712,0.009646243851769931,3.6070735454559326,da3_bbox_median
right_rear,59,1772699916110561000,data\camera\right_rear_camera\1772699916110561000.jpg,4,0,bicycle,0.651347,1262.0,604.0,1378.0,693.0,1269.9710693359375,603.9995727539062,1383.6595458984375,692.315185546875,matched,2,BICYCLE,preprocessed/masks/right_rear_camera/masks/frame_000059_gt2d_002_track_-1_BICYCLE.png,0.8651807904243469,1320.0,648.5,3.5784451961517334,3.587804079055786,0.3389291763305664,1.0,1.1521117064840602,0.02869465616666262,3.5784451961517334,da3_bbox_median
right_rear,59,1772699916110561000,data\camera\right_rear_camera\1772699916110561000.jpg,2000036,2,motorcycle,0.819722,730.0,597.0,894.0,715.0,751.3316650390625,592.7135620117188,899.7057495117188,711.8927001953125,matched,1,MOTOR,preprocessed/masks/right_rear_camera/masks/frame_000059_gt2d_001_track_-1_MOTOR.png,0.8683663606643677,812.0,656.0,3.6592254638671875,3.6879336833953857,0.458911657333374,1.0,-0.4779879463953763,0.053788289652840875,3.6592254638671875,da3_bbox_median
right_rear,59,1772699916110561000,data\camera\right_rear_camera\1772699916110561000.jpg,2000043,2,motorcycle,0.826186,569.0,578.0,715.0,718.0,574.5328369140625,579.2022094726562,726.3378295898438,718.805419921875,matched,0,MOTOR,preprocessed/masks/right_rear_camera/masks/frame_000059_gt2d_000_track_-1_MOTOR.png,0.9347483515739441,642.0,648.0,3.7293522357940674,3.7757132053375244,0.5653023719787598,1.0,-1.051978585757777,0.028243784157327475,3.7293522357940674,da3_bbox_median
right_rear,59,1772699916110561000,data\camera\right_rear_camera\1772699916110561000.jpg,2000047,2,motorcycle,0.361726,876.0,581.0,977.0,705.0,871.4601440429688,581.8692016601562,973.7652587890625,705.7994384765625,matched,10,MOTOR,preprocessed/masks/right_rear_camera/masks/frame_000059_gt2d_010_track_-1_MOTOR.png,0.7935932874679565,926.5,643.0,3.693652629852295,3.7231149673461914,0.4869496822357178,1.0,-0.10569689471940624,0.011522836718849976,3.693652629852295,da3_bbox_median
right_rear,59,1772699916110561000,data\camera\right_rear_camera\1772699916110561000.jpg,2000049,2,motorcycle,0.597785,944.0,601.0,1047.0,699.0,937.8931884765625,601.1170654296875,1041.65380859375,700.4674682617188,matched,3,MOTOR,preprocessed/masks/right_rear_camera/masks/frame_000059_gt2d_003_track_-1_MOTOR.png,0.8434523344039917,995.5,650.0,3.5985655784606934,3.6125080585479736,0.3640408515930176,1.0,0.11823889526117612,0.033664122755005244,3.5985655784606934,da3_bbox_median
right_rear,60,1772699916210538000,data\camera\right_rear_camera\1772699916210538000.jpg,-1,2,motorcycle,0.43697,37.0,536.0,368.0,752.0,37.0,536.0,368.0,752.0,unassigned,7,VEHICLE_TRIKE,preprocessed/masks/right_rear_camera/masks/frame_000060_gt2d_007_track_-1_VEHICLE_TRIKE.png,0.941886842250824,202.5,644.0,3.994447946548462,4.1323113441467285,0.9545431137084961,1.0,-2.6908094121089574,0.016019256610707123,3.994447946548462,da3_bbox_median
right_rear,60,1772699916210538000,data\camera\right_rear_camera\1772699916210538000.jpg,-1,2,motorcycle,0.384992,1240.0,604.0,1318.0,692.0,1240.0,604.0,1318.0,692.0,unassigned,9,MOTOR,preprocessed/masks/right_rear_camera/masks/frame_000060_gt2d_009_track_-1_MOTOR.png,0.8319607973098755,1279.0,648.0,3.690981864929199,3.7036733627319336,0.30022287368774414,1.0,1.0535216649615238,0.027953190937855622,3.690981864929199,da3_bbox_median
right_rear,60,1772699916210538000,data\camera\right_rear_camera\1772699916210538000.jpg,-1,2,motorcycle,0.379704,1622.0,214.0,1659.0,262.0,1622.0,214.0,1659.0,262.0,unassigned,10,MOTOR,preprocessed/masks/right_rear_camera/masks/frame_000060_gt2d_010_track_-1_MOTOR.png,0.7759939432144165,1640.5,238.0,3.8447494506835938,3.8737382888793945,0.4969668388366699,1.0,2.3356722016573617,-1.3750115152954077,3.8447494506835938,da3_bbox_median
right_rear,60,1772699916210538000,data\camera\right_rear_camera\1772699916210538000.jpg,-1,2,motorcycle,0.324143,1078.0,591.0,1166.0,689.0,1078.0,591.0,1166.0,689.0,unassigned,11,MOTOR,preprocessed/masks/right_rear_camera/masks/frame_000060_gt2d_011_track_-1_MOTOR.png,0.8805791139602661,1122.0,640.0,3.7327380180358887,3.750203847885132,0.35616540908813477,1.0,0.5433292024381206,0.0016699744165507742,3.7327380180358887,da3_bbox_median
right_rear,60,1772699916210538000,data\camera\right_rear_camera\1772699916210538000.jpg,-1,2,motorcycle,0.320931,356.0,558.0,610.0,724.0,356.0,558.0,610.0,724.0,unassigned,12,MOTOR,preprocessed/masks/right_rear_camera/masks/frame_000060_gt2d_012_track_-1_MOTOR.png,0.8064649105072021,483.0,641.0,3.912012815475464,3.9832425117492676,0.6763932704925537,1.0,-1.657660916904836,0.0052347996667574375,3.912012815475464,da3_bbox_median
right_rear,60,1772699916210538000,data\camera\right_rear_camera\1772699916210538000.jpg,4,0,bicycle,0.661727,1293.0,605.0,1403.0,690.0,1298.7384033203125,605.1089477539062,1408.650146484375,690.1138305664062,matched,2,BICYCLE,preprocessed/masks/right_rear_camera/masks/frame_000060_gt2d_002_track_-1_BICYCLE.png,0.8892056941986084,1348.0,647.5,3.6841506958007812,3.6910452842712402,0.29399776458740234,1.0,1.2780478098408248,0.026260629755384703,3.6841506958007812,da3_bbox_median
right_rear,60,1772699916210538000,data\camera\right_rear_camera\1772699916210538000.jpg,2000036,2,motorcycle,0.828306,800.0,595.0,952.0,709.0,793.9278564453125,594.5259399414062,945.1661376953125,709.7344970703125,matched,0,MOTOR,preprocessed/masks/right_rear_camera/masks/frame_000060_gt2d_000_track_-1_MOTOR.png,0.8918930888175964,876.0,652.0,3.7713546752929688,3.7946665287017822,0.41295671463012695,1.0,-0.2775979642242217,0.04199920111103205,3.7713546752929688,da3_bbox_median
right_rear,60,1772699916210538000,data\camera\right_rear_camera\1772699916210538000.jpg,2000038,2,motorcycle,0.812018,654.0,581.0,798.0,714.0,656.9814453125,583.25537109375,804.0107421875,714.1677856445312,matched,1,MOTOR,preprocessed/masks/right_rear_camera/masks/frame_000060_gt2d_001_track_-1_MOTOR.png,0.9316123723983765,726.0,647.5,3.825002670288086,3.8613312244415283,0.4946408271789551,1.0,-0.7927089485884893,0.02726462276700119,3.825002670288086,da3_bbox_median
right_rear,60,1772699916210538000,data\camera\right_rear_camera\1772699916210538000.jpg,2000039,2,motorcycle,0.494519,34.0,538.0,233.0,754.0,37.948875427246094,539.1690673828125,230.4969482421875,750.16552734375,matched,6,MOTOR,preprocessed/masks/right_rear_camera/masks/frame_000060_gt2d_006_track_-1_MOTOR.png,0.9318839907646179,133.5,646.0,4.001922130584717,4.140413761138916,0.9573683738708496,1.0,-2.941854654799387,0.02317864460158578,4.001922130584717,da3_bbox_median
right_rear,60,1772699916210538000,data\camera\right_rear_camera\1772699916210538000.jpg,2000047,2,motorcycle,0.402389,878.0,588.0,1006.0,704.0,885.2703247070312,585.6550903320312,1006.3515014648438,705.07861328125,matched,8,MOTOR,preprocessed/masks/right_rear_camera/masks/frame_000060_gt2d_008_track_-1_MOTOR.png,0.7813529968261719,942.0,646.0,3.7858223915100098,3.8104305267333984,0.4310731887817383,1.0,-0.056055369219072,0.021927021284823187,3.7858223915100098,da3_bbox_median
right_rear,60,1772699916210538000,data\camera\right_rear_camera\1772699916210538000.jpg,2000048,2,motorcycle,0.575722,353.0,567.0,487.0,729.0,349.52423095703125,566.9074096679688,482.8971252441406,730.0529174804688,matched,5,MOTOR,preprocessed/masks/right_rear_camera/masks/frame_000060_gt2d_005_track_-1_MOTOR.png,0.9387054443359375,420.0,648.0,3.9217634201049805,3.99004864692688,0.6692180633544922,1.0,-1.8819116348305787,0.02970098627059905,3.9217634201049805,da3_bbox_median
right_rear,60,1772699916210538000,data\camera\right_rear_camera\1772699916210538000.jpg,2000049,2,motorcycle,0.581207,991.0,602.0,1091.0,699.0,986.0045166015625,603.0692749023438,1086.4156494140625,700.2589111328125,matched,4,MOTOR,preprocessed/masks/right_rear_camera/masks/frame_000060_gt2d_004_track_-1_MOTOR.png,0.8240727186203003,1041.0,650.5,3.72367525100708,3.7367396354675293,0.3437321186065674,1.0,0.27329469515835775,0.03649293720796977,3.72367525100708,da3_bbox_median
right_rear,60,1772699916210538000,data\camera\right_rear_camera\1772699916210538000.jpg,2000052,2,motorcycle,0.634059,1674.0,212.0,1720.0,279.0,1674.0,212.0,1720.0,279.0,tentative,3,MOTOR,preprocessed/masks/right_rear_camera/masks/frame_000060_gt2d_003_track_-1_MOTOR.png,0.7606416344642639,1697.0,245.5,3.99763822555542,4.0903778076171875,0.7837517261505127,1.0,2.6297792346187774,-1.402982993260269,3.99763822555542,da3_bbox_median
right_rear,61,1772699916310546000,data\camera\right_rear_camera\1772699916310546000.jpg,-1,2,motorcycle,0.374972,1278.0,606.0,1347.0,690.0,1278.0,606.0,1347.0,690.0,unassigned,7,MOTOR,preprocessed/masks/right_rear_camera/masks/frame_000061_gt2d_007_track_-1_MOTOR.png,0.8469245433807373,1312.5,648.0,3.5352606773376465,3.541985273361206,0.30401086807250977,1.0,1.1145859807320009,0.02677385593998513,3.5352606773376465,da3_bbox_median
right_rear,61,1772699916310546000,data\camera\right_rear_camera\1772699916310546000.jpg,-1,2,motorcycle,0.332378,285.0,553.0,495.0,741.0,285.0,553.0,495.0,741.0,unassigned,9,MOTOR,preprocessed/masks/right_rear_camera/masks/frame_000061_gt2d_009_track_-1_MOTOR.png,0.9539303779602051,390.0,647.0,3.870795726776123,3.978530168533325,0.8675003051757812,1.0,-1.960910446024473,0.025867082636519344,3.870795726776123,da3_bbox_median
right_rear,61,1772699916310546000,data\camera\right_rear_camera\1772699916310546000.jpg,-1,2,motorcycle,0.320487,1078.0,596.0,1182.0,688.0,1078.0,596.0,1182.0,688.0,unassigned,10,MOTOR,preprocessed/masks/right_rear_camera/masks/frame_000061_gt2d_010_track_-1_MOTOR.png,0.8727800846099854,1130.0,642.0,3.5618484020233154,3.5779874324798584,0.35798025131225586,1.0,0.5438412803583133,0.00793894429633518,3.5618484020233154,da3_bbox_median
right_rear,61,1772699916310546000,data\camera\right_rear_camera\1772699916310546000.jpg,-1,2,motorcycle,0.302507,1121.0,596.0,1208.0,684.0,1121.0,596.0,1208.0,684.0,unassigned,11,MOTOR,preprocessed/masks/right_rear_camera/masks/frame_000061_gt2d_011_track_-1_MOTOR.png,0.8887693881988525,1164.5,640.0,3.5560550689697266,3.565983772277832,0.3357727527618408,1.0,0.6522574973221918,0.0015909289535808097,3.5560550689697266,da3_bbox_median
right_rear,61,1772699916310546000,data\camera\right_rear_camera\1772699916310546000.jpg,-1,2,motorcycle,0.300955,0.0,580.0,16.0,767.0,0.0,580.0,16.0,767.0,unassigned,12,MOTOR,preprocessed/masks/right_rear_camera/masks/frame_000061_gt2d_012_track_-1_MOTOR.png,0.8880168199539185,8.0,673.5,3.743668794631958,3.8272485733032227,0.7545220851898193,1.0,-3.1705883282627054,0.1133862432722434,3.743668794631958,da3_bbox_median
right_rear,61,1772699916310546000,data\camera\right_rear_camera\1772699916310546000.jpg,4,0,bicycle,0.674099,1322.0,606.0,1427.0,688.0,1325.166015625,606.7716064453125,1430.46923828125,688.6802978515625,matched,2,BICYCLE,preprocessed/masks/right_rear_camera/masks/frame_000061_gt2d_002_track_-1_BICYCLE.png,0.8659104704856873,1374.5,647.0,3.5151875019073486,3.529730796813965,0.29868316650390625,1.0,1.3024245620252073,0.02349068564008891,3.5151875019073486,da3_bbox_median
right_rear,61,1772699916310546000,data\camera\right_rear_camera\1772699916310546000.jpg,2000036,2,motorcycle,0.7999,856.0,597.0,1009.0,709.0,843.8823852539062,597.1716918945312,996.8829345703125,709.637939453125,matched,1,MOTOR,preprocessed/masks/right_rear_camera/masks/frame_000061_gt2d_001_track_-1_MOTOR.png,0.8733404278755188,932.5,653.0,3.6225626468658447,3.6411993503570557,0.4185023307800293,1.0,-0.08429825150294697,0.04356899090431156,3.6225626468658447,da3_bbox_median
right_rear,61,1772699916310546000,data\camera\right_rear_camera\1772699916310546000.jpg,2000038,2,motorcycle,0.801272,732.0,591.0,878.0,713.0,712.6842041015625,588.670166015625,858.6781616210938,714.0012817382812,matched,0,MOTOR,preprocessed/masks/right_rear_camera/masks/frame_000061_gt2d_000_track_-1_MOTOR.png,0.9093639850616455,805.0,652.0,3.652592182159424,3.682543992996216,0.47555112838745117,1.0,-0.4999004831100384,0.04067661804393406,3.652592182159424,da3_bbox_median
right_rear,61,1772699916310546000,data\camera\right_rear_camera\1772699916310546000.jpg,2000039,2,motorcycle,0.593493,16.0,555.0,163.0,758.0,17.674562454223633,549.249267578125,183.65072631835938,756.1432495117188,matched,4,MOTOR,preprocessed/masks/right_rear_camera/masks/frame_000061_gt2d_004_track_-1_MOTOR.png,0.9373637437820435,89.5,656.5,3.841859817504883,3.9613242149353027,0.9119472503662109,1.0,-2.974792872423169,0.05818396439610827,3.841859817504883,da3_bbox_median
right_rear,61,1772699916310546000,data\camera\right_rear_camera\1772699916310546000.jpg,2000047,2,motorcycle,0.34267,928.0,593.0,1054.0,704.0,921.8463745117188,591.3203125,1047.204345703125,705.2857666015625,matched,8,MOTOR,preprocessed/masks/right_rear_camera/masks/frame_000061_gt2d_008_track_-1_MOTOR.png,0.8431708216667175,991.0,648.5,3.6248679161071777,3.642559051513672,0.41838645935058594,1.0,0.10457061627115947,0.02906690833608952,3.6248679161071777,da3_bbox_median
right_rear,61,1772699916310546000,data\camera\right_rear_camera\1772699916310546000.jpg,2000049,2,motorcycle,0.594881,1033.0,605.0,1133.0,697.0,1028.902099609375,606.1739501953125,1128.39404296875,699.0689697265625,matched,3,MOTOR,preprocessed/masks/right_rear_camera/masks/frame_000061_gt2d_003_track_-1_MOTOR.png,0.8606023788452148,1083.0,651.0,3.555558204650879,3.5654969215393066,0.33571624755859375,1.0,0.39399916391091255,0.03642890300805306,3.555558204650879,da3_bbox_median
right_rear,61,1772699916310546000,data\camera\right_rear_camera\1772699916310546000.jpg,2000053,2,motorcycle,0.591475,185.0,564.0,376.0,751.0,185.0,564.0,376.0,751.0,tentative,5,MOTOR,preprocessed/masks/right_rear_camera/masks/frame_000061_gt2d_005_track_-1_MOTOR.png,0.909398078918457,280.5,657.5,3.8302667140960693,3.924435615539551,0.8079829216003418,1.0,-2.3140406917035032,0.061420194869535635,3.8302667140960693,da3_bbox_median
right_rear,61,1772699916310546000,data\camera\right_rear_camera\1772699916310546000.jpg,2000054,2,motorcycle,0.516053,472.0,578.0,602.0,727.0,472.0,578.0,602.0,727.0,tentative,6,MOTOR,preprocessed/masks/right_rear_camera/masks/frame_000061_gt2d_006_track_-1_MOTOR.png,0.9303449392318726,537.0,652.5,3.7514355182647705,3.8028078079223633,0.6263408660888672,1.0,-1.4091394295257904,0.04344816711608731,3.7514355182647705,da3_bbox_median
right_rear,62,1772699916410553000,data\camera\right_rear_camera\1772699916410553000.jpg,-1,2,motorcycle,0.468839,55.0,554.0,305.0,754.0,55.0,554.0,305.0,754.0,unassigned,6,MOTOR,preprocessed/masks/right_rear_camera/masks/frame_000062_gt2d_006_track_-1_MOTOR.png,0.9263740181922913,180.0,654.0,3.7654616832733154,3.8742339611053467,0.855187177658081,1.0,-2.6120364931623072,0.04864173457941136,3.7654616832733154,da3_bbox_median
right_rear,62,1772699916410553000,data\camera\right_rear_camera\1772699916410553000.jpg,-1,2,motorcycle,0.411744,529.0,571.0,691.0,725.0,529.0,571.0,691.0,725.0,unassigned,7,MOTOR,preprocessed/masks/right_rear_camera/masks/frame_000062_gt2d_007_track_-1_MOTOR.png,0.9017350673675537,610.0,648.0,3.661597490310669,3.716855764389038,0.6002373695373535,1.0,-1.137255635453399,0.02773065204052159,3.661597490310669,da3_bbox_median
right_rear,62,1772699916410553000,data\camera\right_rear_camera\1772699916410553000.jpg,-1,2,motorcycle,0.400398,437.0,564.0,689.0,729.0,437.0,564.0,689.0,729.0,unassigned,8,MOTOR,preprocessed/masks/right_rear_camera/masks/frame_000062_gt2d_008_track_-1_MOTOR.png,0.9392887353897095,563.0,646.5,3.692350387573242,3.757188558578491,0.6612889766693115,1.0,-1.3014167669588805,0.02303012095209748,3.692350387573242,da3_bbox_median
right_rear,62,1772699916410553000,data\camera\right_rear_camera\1772699916410553000.jpg,-1,2,motorcycle,0.396084,1162.0,598.0,1254.0,686.0,1162.0,598.0,1254.0,686.0,unassigned,9,MOTOR,preprocessed/masks/right_rear_camera/masks/frame_000062_gt2d_009_track_-1_MOTOR.png,0.8469288945198059,1208.0,642.0,3.460979461669922,3.4714596271514893,0.32016587257385254,1.0,0.7689479589519065,0.0077141192032062714,3.460979461669922,da3_bbox_median
right_rear,62,1772699916410553000,data\camera\right_rear_camera\1772699916410553000.jpg,-1,2,motorcycle,0.373524,148.0,561.0,308.0,751.0,148.0,561.0,308.0,751.0,unassigned,10,MOTOR,preprocessed/masks/right_rear_camera/masks/frame_000062_gt2d_010_track_-1_MOTOR.png,0.9008507132530212,228.0,656.0,3.751532793045044,3.8460769653320312,0.7878520488739014,1.0,-2.4419442374252234,0.055145148749916426,3.751532793045044,da3_bbox_median
right_rear,62,1772699916410553000,data\camera\right_rear_camera\1772699916410553000.jpg,-1,2,motorcycle,0.369077,423.0,563.0,600.0,736.0,423.0,563.0,600.0,736.0,unassigned,11,MOTOR,preprocessed/masks/right_rear_camera/masks/frame_000062_gt2d_011_track_-1_MOTOR.png,0.917123556137085,511.5,649.5,3.7246062755584717,3.797030448913574,0.7122678756713867,1.0,-1.4836783736713968,0.03318437337481837,3.7246062755584717,da3_bbox_median
right_rear,62,1772699916410553000,data\camera\right_rear_camera\1772699916410553000.jpg,-1,2,motorcycle,0.361149,324.0,559.0,598.0,742.0,324.0,559.0,598.0,742.0,unassigned,12,MOTOR,preprocessed/masks/right_rear_camera/masks/frame_000062_gt2d_012_track_-1_MOTOR.png,0.9607499837875366,461.0,650.5,3.7458837032318115,3.8349523544311523,0.7697491645812988,1.0,-1.6606857247629518,0.036710585525261706,3.7458837032318115,da3_bbox_median
right_rear,62,1772699916410553000,data\camera\right_rear_camera\1772699916410553000.jpg,-1,2,motorcycle,0.348965,1307.0,607.0,1379.0,687.0,1307.0,607.0,1379.0,687.0,unassigned,13,MOTOR,preprocessed/masks/right_rear_camera/masks/frame_000062_gt2d_013_track_-1_MOTOR.png,0.8421067595481873,1343.0,647.0,3.424539089202881,3.436028242111206,0.2871725559234619,1.0,1.1727325759916098,0.022884916142598865,3.424539089202881,da3_bbox_median
right_rear,62,1772699916410553000,data\camera\right_rear_camera\1772699916410553000.jpg,-1,3,person,0.329656,1386.0,587.0,1418.0,661.0,1386.0,587.0,1418.0,661.0,unassigned,14,PEDESTRIAN_NORMAL,preprocessed/masks/right_rear_camera/masks/frame_000062_gt2d_014_track_-1_PEDESTRIAN_NORMAL.png,0.8453608751296997,1402.0,624.0,3.420827627182007,3.421736001968384,0.2684950828552246,1.0,1.3512736656333855,-0.04722313270371577,3.420827627182007,da3_bbox_median
right_rear,62,1772699916410553000,data\camera\right_rear_camera\1772699916410553000.jpg,-1,2,motorcycle,0.300002,1425.0,603.0,1530.0,676.0,1425.0,603.0,1530.0,676.0,unassigned,16,MOTOR,preprocessed/masks/right_rear_camera/masks/frame_000062_gt2d_016_track_-1_MOTOR.png,0.7825201749801636,1477.5,639.5,3.405691623687744,3.4145443439483643,0.2456800937652588,1.0,1.5743751371854406,6.850815802505977e-06,3.405691623687744,da3_bbox_median
right_rear,62,1772699916410553000,data\camera\right_rear_camera\1772699916410553000.jpg,4,0,bicycle,0.64418,1349.0,607.0,1445.0,685.0,1352.819580078125,606.6216430664062,1450.4449462890625,684.8170776367188,matched,4,BICYCLE,preprocessed/masks/right_rear_camera/masks/frame_000062_gt2d_004_track_-1_BICYCLE.png,0.8696237802505493,1397.0,646.0,3.41975474357605,3.425539493560791,0.2668571472167969,1.0,1.3356163294078787,0.019806802141438717,3.41975474357605,da3_bbox_median
right_rear,62,1772699916410553000,data\camera\right_rear_camera\1772699916410553000.jpg,2000036,2,motorcycle,0.786971,912.0,602.0,1056.0,704.0,899.9959716796875,600.084716796875,1047.7669677734375,704.8190307617188,matched,1,MOTOR,preprocessed/masks/right_rear_camera/masks/frame_000062_gt2d_001_track_-1_MOTOR.png,0.8662696480751038,984.0,653.0,3.491636037826538,3.5089380741119385,0.3506002426147461,1.0,0.07895190158108288,0.04199432103813238,3.491636037826538,da3_bbox_median
right_rear,62,1772699916410553000,data\camera\right_rear_camera\1772699916410553000.jpg,2000038,2,motorcycle,0.791422,790.0,596.0,954.0,709.0,771.2866821289062,592.6925048828125,928.9879760742188,709.7938842773438,matched,0,MOTOR,preprocessed/masks/right_rear_camera/masks/frame_000062_gt2d_000_track_-1_MOTOR.png,0.8637524247169495,872.0,652.5,3.527873992919922,3.5467259883880615,0.39127111434936523,1.0,-0.2722482163658921,0.04085893468316433,3.527873992919922,da3_bbox_median
right_rear,62,1772699916410553000,data\camera\right_rear_camera\1772699916410553000.jpg,2000039,2,motorcycle,0.680724,45.0,556.0,208.0,763.0,31.841320037841797,552.4315185546875,196.41432189941406,760.2022094726562,matched,3,MOTOR,preprocessed/masks/right_rear_camera/masks/frame_000062_gt2d_003_track_-1_MOTOR.png,0.9071717858314514,126.5,659.5,3.780778169631958,3.896726369857788,0.8839077949523926,1.0,-2.802867855654381,0.06736206821019301,3.780778169631958,da3_bbox_median
right_rear,62,1772699916410553000,data\camera\right_rear_camera\1772699916410553000.jpg,2000047,2,motorcycle,0.306364,983.0,598.0,1102.0,699.0,972.9238891601562,595.519287109375,1095.1026611328125,700.4212036132812,matched,15,MOTOR,preprocessed/masks/right_rear_camera/masks/frame_000062_gt2d_015_track_-1_MOTOR.png,0.8348661065101624,1042.5,648.5,3.491269826889038,3.5084755420684814,0.35126304626464844,1.0,0.26090320720325827,0.027995618704838427,3.491269826889038,da3_bbox_median
right_rear,62,1772699916410553000,data\camera\right_rear_camera\1772699916410553000.jpg,2000048,2,motorcycle,0.606338,317.0,570.0,509.0,744.0,331.0263977050781,570.789306640625,514.439453125,742.9056396484375,matched,5,MOTOR,preprocessed/masks/right_rear_camera/masks/frame_000062_gt2d_005_track_-1_MOTOR.png,0.9562085866928101,413.0,657.0,3.7153282165527344,3.7901058197021484,0.7073879241943359,1.0,-1.8060211473230305,0.057922388160806915,3.7153282165527344,da3_bbox_median
right_rear,62,1772699916410553000,data\camera\right_rear_camera\1772699916410553000.jpg,2000049,2,motorcycle,0.691617,1077.0,605.0,1174.0,693.0,1074.1343994140625,605.697998046875,1171.2677001953125,694.366455078125,matched,2,MOTOR,preprocessed/masks/right_rear_camera/masks/frame_000062_gt2d_002_track_-1_MOTOR.png,0.8502292633056641,1125.5,649.0,3.4481616020202637,3.460164785385132,0.2980973720550537,1.0,0.5126589311532341,0.029185667330298606,3.4481616020202637,da3_bbox_median
right_rear,63,1772699916510561000,data\camera\right_rear_camera\1772699916510561000.jpg,-1,2,motorcycle,0.441754,573.0,570.0,772.0,717.0,573.0,570.0,772.0,717.0,unassigned,7,MOTOR,preprocessed/masks/right_rear_camera/masks/frame_000063_gt2d_007_track_-1_MOTOR.png,0.9147987365722656,672.5,643.5,3.816563129425049,3.86885142326355,0.6208217144012451,1.0,-0.9728721317519545,0.013606071513776307,3.816563129425049,da3_bbox_median
right_rear,63,1772699916510561000,data\camera\right_rear_camera\1772699916510561000.jpg,-1,3,person,0.401144,1387.0,586.0,1418.0,663.0,1387.0,586.0,1418.0,663.0,unassigned,8,PEDESTRIAN_NORMAL,preprocessed/masks/right_rear_camera/masks/frame_000063_gt2d_008_track_-1_PEDESTRIAN_NORMAL.png,0.7703098058700562,1402.5,624.5,3.5941171646118164,3.6020054817199707,0.2959129810333252,1.0,1.421326425481425,-0.04801459666764687,3.5941171646118164,da3_bbox_median
right_rear,63,1772699916510561000,data\camera\right_rear_camera\1772699916510561000.jpg,-1,2,motorcycle,0.354174,530.0,563.0,695.0,726.0,530.0,563.0,695.0,726.0,unassigned,9,MOTOR,preprocessed/masks/right_rear_camera/masks/frame_000063_gt2d_009_track_-1_MOTOR.png,0.9302819967269897,612.5,644.5,3.87144136428833,3.93996262550354,0.713158130645752,1.0,-1.1938082475208416,0.017250194029949394,3.87144136428833,da3_bbox_median
right_rear,63,1772699916510561000,data\camera\right_rear_camera\1772699916510561000.jpg,-1,2,motorcycle,0.338621,202.0,588.0,361.0,745.0,202.0,588.0,361.0,745.0,unassigned,10,MOTOR,preprocessed/masks/right_rear_camera/masks/frame_000063_gt2d_010_track_-1_MOTOR.png,0.957737147808075,281.5,666.5,3.801271677017212,3.856966972351074,0.6288130283355713,1.0,-2.2931368479874186,0.09142904468459427,3.801271677017212,da3_bbox_median
right_rear,63,1772699916510561000,data\camera\right_rear_camera\1772699916510561000.jpg,-1,2,motorcycle,0.308807,1157.0,597.0,1240.0,686.0,1157.0,597.0,1240.0,686.0,unassigned,11,MOTOR,preprocessed/masks/right_rear_camera/masks/frame_000063_gt2d_011_track_-1_MOTOR.png,0.8481763601303101,1198.5,641.5,3.6296629905700684,3.6393043994903564,0.34132909774780273,1.0,0.7757051500479759,0.006473536348659555,3.6296629905700684,da3_bbox_median
right_rear,63,1772699916510561000,data\camera\right_rear_camera\1772699916510561000.jpg,-1,2,motorcycle,0.308053,1335.0,608.0,1415.0,685.0,1335.0,608.0,1415.0,685.0,unassigned,12,MOTOR,preprocessed/masks/right_rear_camera/masks/frame_000063_gt2d_012_track_-1_MOTOR.png,0.8691142201423645,1375.0,646.5,3.5856213569641113,3.5907459259033203,0.28526949882507324,1.0,1.330118498613309,0.02236442506031515,3.5856213569641113,da3_bbox_median
right_rear,63,1772699916510561000,data\camera\right_rear_camera\1772699916510561000.jpg,4,0,bicycle,0.610304,1369.0,606.0,1464.0,685.0,1375.67333984375,605.5950317382812,1470.1082763671875,683.336669921875,matched,5,BICYCLE,preprocessed/masks/right_rear_camera/masks/frame_000063_gt2d_005_track_-1_BICYCLE.png,0.8725930452346802,1416.5,645.5,3.5888068675994873,3.602527379989624,0.3041112422943115,1.0,1.4639888632370732,0.019187568932802254,3.5888068675994873,da3_bbox_median
right_rear,63,1772699916510561000,data\camera\right_rear_camera\1772699916510561000.jpg,2000025,2,motorcycle,0.464956,1201.0,598.0,1287.0,684.0,1200.5718994140625,597.6236572265625,1286.936767578125,684.1184692382812,matched,6,MOTOR,preprocessed/masks/right_rear_camera/masks/frame_000063_gt2d_006_track_-1_MOTOR.png,0.8011651635169983,1244.0,641.0,3.6137819290161133,3.6268539428710938,0.3214430809020996,1.0,0.9188015089202645,0.004835726601639056,3.6137819290161133,da3_bbox_median
right_rear,63,1772699916510561000,data\camera\right_rear_camera\1772699916510561000.jpg,2000036,2,motorcycle,0.77994,969.0,600.0,1108.0,699.0,959.080322265625,599.5069580078125,1101.41015625,699.4400024414062,matched,1,MOTOR,preprocessed/masks/right_rear_camera/masks/frame_000063_gt2d_001_track_-1_MOTOR.png,0.8751002550125122,1038.5,649.5,3.649639129638672,3.6623878479003906,0.3671989440917969,1.0,0.25973211833807114,0.03251645371378678,3.649639129638672,da3_bbox_median
right_rear,63,1772699916510561000,data\camera\right_rear_camera\1772699916510561000.jpg,2000038,2,motorcycle,0.804561,855.0,588.0,1009.0,702.0,835.4404907226562,588.50830078125,990.9011840820312,703.2457275390625,matched,0,MOTOR,preprocessed/masks/right_rear_camera/masks/frame_000063_gt2d_000_track_-1_MOTOR.png,0.8796674013137817,932.0,645.0,3.7025537490844727,3.7278237342834473,0.43726515769958496,1.0,-0.08780899937676852,0.018146694624682748,3.7025537490844727,da3_bbox_median
right_rear,63,1772699916510561000,data\camera\right_rear_camera\1772699916510561000.jpg,2000045,2,motorcycle,0.643144,206.0,561.0,439.0,744.0,209.82937622070312,561.3704223632812,437.288330078125,741.4921875,matched,4,MOTOR,preprocessed/masks/right_rear_camera/masks/frame_000063_gt2d_004_track_-1_MOTOR.png,0.9414175152778625,322.5,652.5,3.8903696537017822,3.9816510677337646,0.800020694732666,1.0,-2.20478032858188,0.04505726675413428,3.8903696537017822,da3_bbox_median
right_rear,63,1772699916510561000,data\camera\right_rear_camera\1772699916510561000.jpg,2000048,2,motorcycle,0.666838,425.0,581.0,613.0,733.0,396.6513671875,577.7122802734375,586.7160034179688,736.6619873046875,matched,3,MOTOR,preprocessed/masks/right_rear_camera/masks/frame_000063_gt2d_003_track_-1_MOTOR.png,0.9572396278381348,519.0,657.0,3.8087711334228516,3.8618626594543457,0.6152904033660889,1.0,-1.4917553767654061,0.05937917382989401,3.8087711334228516,da3_bbox_median
right_rear,63,1772699916510561000,data\camera\right_rear_camera\1772699916510561000.jpg,2000049,2,motorcycle,0.731687,1117.0,603.0,1212.0,691.0,1117.07666015625,603.7255249023438,1212.088623046875,691.1273803710938,matched,2,MOTOR,preprocessed/masks/right_rear_camera/masks/frame_000063_gt2d_002_track_-1_MOTOR.png,0.8223442435264587,1164.5,647.0,3.6133835315704346,3.626437187194824,0.3229024410247803,1.0,0.6627727786707736,0.024146893043724926,3.6133835315704346,da3_bbox_median
right_rear,64,1772699916610537000,data\camera\right_rear_camera\1772699916610537000.jpg,-1,2,motorcycle,0.422529,687.0,578.0,843.0,711.0,687.0,578.0,843.0,711.0,unassigned,10,MOTOR,preprocessed/masks/right_rear_camera/masks/frame_000064_gt2d_010_track_-1_MOTOR.png,0.9085557460784912,765.0,644.5,3.5772979259490967,3.616236448287964,0.5364923477172852,1.0,-0.617078128511425,0.015939562947998094,3.5772979259490967,da3_bbox_median
right_rear,64,1772699916610537000,data\camera\right_rear_camera\1772699916610537000.jpg,-1,2,motorcycle,0.356047,388.0,565.0,557.0,730.0,388.0,565.0,557.0,730.0,unassigned,11,MOTOR,preprocessed/masks/right_rear_camera/masks/frame_000064_gt2d_011_track_-1_MOTOR.png,0.9265051484107971,472.5,647.5,3.6645050048828125,3.7353663444519043,0.6943459510803223,1.0,-1.5870628889079699,0.026120595251347304,3.6645050048828125,da3_bbox_median
right_rear,64,1772699916610537000,data\camera\right_rear_camera\1772699916610537000.jpg,-1,2,motorcycle,0.348458,1463.0,607.0,1565.0,679.0,1463.0,607.0,1565.0,679.0,unassigned,12,MOTOR,preprocessed/masks/right_rear_camera/masks/frame_000064_gt2d_012_track_-1_MOTOR.png,0.7958163619041443,1514.0,643.0,3.3767969608306885,3.3868603706359863,0.2553887367248535,1.0,1.6708256514387325,0.010534363653443188,3.3767969608306885,da3_bbox_median
right_rear,64,1772699916610537000,data\camera\right_rear_camera\1772699916610537000.jpg,-1,3,person,0.335189,1860.0,147.0,1919.0,262.0,1860.0,147.0,1919.0,262.0,unassigned,13,PEDESTRIAN_NORMAL,preprocessed/masks/right_rear_camera/masks/frame_000064_gt2d_013_track_-1_PEDESTRIAN_NORMAL.png,0.7122061848640442,1889.5,204.5,4.5989670753479,5.638079643249512,3.027372360229492,1.0,3.814080303618653,-1.7819786137085325,4.5989670753479,da3_bbox_median
right_rear,64,1772699916610537000,data\camera\right_rear_camera\1772699916610537000.jpg,-1,2,motorcycle,0.312007,1357.0,611.0,1431.0,684.0,1357.0,611.0,1431.0,684.0,unassigned,14,MOTOR,preprocessed/masks/right_rear_camera/masks/frame_000064_gt2d_014_track_-1_MOTOR.png,0.7999532222747803,1394.0,647.5,3.37746000289917,3.3870203495025635,0.25522470474243164,1.0,1.3100706569967162,0.024074538197053096,3.37746000289917,da3_bbox_median
right_rear,64,1772699916610537000,data\camera\right_rear_camera\1772699916610537000.jpg,-1,2,motorcycle,0.300048,594.0,564.0,773.0,716.0,594.0,564.0,773.0,716.0,unassigned,15,MOTOR,preprocessed/masks/right_rear_camera/masks/frame_000064_gt2d_015_track_-1_MOTOR.png,0.9543144106864929,683.5,640.0,3.6335506439208984,3.691458225250244,0.6323022842407227,1.0,-0.890611819164525,0.0016255993823489252,3.6335506439208984,da3_bbox_median
right_rear,64,1772699916610537000,data\camera\right_rear_camera\1772699916610537000.jpg,4,0,bicycle,0.637732,1391.0,612.0,1483.0,685.0,1397.3394775390625,609.4865112304688,1488.7613525390625,683.0582885742188,matched,5,BICYCLE,preprocessed/masks/right_rear_camera/masks/frame_000064_gt2d_005_track_-1_BICYCLE.png,0.8615617752075195,1437.0,648.5,3.3768839836120605,3.386908769607544,0.2552659511566162,1.0,1.4392132583784103,0.02707838726401704,3.3768839836120605,da3_bbox_median
right_rear,64,1772699916610537000,data\camera\right_rear_camera\1772699916610537000.jpg,2000025,2,motorcycle,0.442215,1228.0,601.0,1316.0,684.0,1231.1812744140625,599.42724609375,1318.47998046875,683.0127563476562,matched,9,MOTOR,preprocessed/masks/right_rear_camera/masks/frame_000064_gt2d_009_track_-1_MOTOR.png,0.8168725967407227,1272.0,642.5,3.4151647090911865,3.4215471744537354,0.3011786937713623,1.0,0.9534965018318982,0.009133030187131507,3.4151647090911865,da3_bbox_median
right_rear,64,1772699916610537000,data\camera\right_rear_camera\1772699916610537000.jpg,2000036,2,motorcycle,0.762505,1020.0,602.0,1155.0,698.0,1013.522705078125,600.8375854492188,1151.096435546875,697.1318969726562,matched,0,MOTOR,preprocessed/masks/right_rear_camera/masks/frame_000064_gt2d_000_track_-1_MOTOR.png,0.8624677658081055,1087.5,650.0,3.4553914070129395,3.468508243560791,0.355971097946167,1.0,0.39675251312579324,0.03232474661251875,3.4553914070129395,da3_bbox_median
right_rear,64,1772699916610537000,data\camera\right_rear_camera\1772699916610537000.jpg,2000038,2,motorcycle,0.734134,929.0,592.0,1064.0,697.0,908.1405029296875,589.9151000976562,1050.1422119140625,697.739501953125,matched,1,MOTOR,preprocessed/masks/right_rear_camera/masks/frame_000064_gt2d_001_track_-1_MOTOR.png,0.8978683948516846,996.5,644.5,3.485534429550171,3.506732702255249,0.40763425827026367,1.0,0.11763031538915279,0.015530687294514183,3.485534429550171,da3_bbox_median
right_rear,64,1772699916610537000,data\camera\right_rear_camera\1772699916610537000.jpg,2000039,2,motorcycle,0.729212,0.0,549.0,195.0,753.0,3.8469502925872803,548.2531127929688,192.5312957763672,753.6185302734375,matched,2,MOTOR,preprocessed/masks/right_rear_camera/masks/frame_000064_gt2d_002_track_-1_MOTOR.png,0.9626482129096985,97.5,651.0,3.7224721908569336,3.837682008743286,0.9062285423278809,1.0,-2.855818551602257,0.03813904050664167,3.7224721908569336,da3_bbox_median
right_rear,64,1772699916610537000,data\camera\right_rear_camera\1772699916610537000.jpg,2000043,2,motorcycle,0.467144,797.0,590.0,923.0,703.0,795.6860961914062,588.8692016601562,923.1776123046875,703.6569213867188,matched,8,MOTOR,preprocessed/masks/right_rear_camera/masks/frame_000064_gt2d_008_track_-1_MOTOR.png,0.852168619632721,860.0,646.5,3.5079596042633057,3.533041477203369,0.4234647750854492,1.0,-0.30821488385032764,0.021880029114559052,3.5079596042633057,da3_bbox_median
right_rear,64,1772699916610537000,data\camera\right_rear_camera\1772699916610537000.jpg,2000048,2,motorcycle,0.630532,522.0,579.0,702.0,725.0,486.0142822265625,578.937744140625,673.0927124023438,728.6857299804688,matched,6,MOTOR,preprocessed/masks/right_rear_camera/masks/frame_000064_gt2d_006_track_-1_MOTOR.png,0.9402995109558105,612.0,652.0,3.606804370880127,3.6567883491516113,0.5922412872314453,1.0,-1.1138107362446255,0.040166708035482314,3.606804370880127,da3_bbox_median
right_rear,64,1772699916610537000,data\camera\right_rear_camera\1772699916610537000.jpg,2000049,2,motorcycle,0.645781,1154.0,603.0,1251.0,690.0,1155.7713623046875,603.1435546875,1251.556396484375,689.525634765625,matched,4,MOTOR,preprocessed/masks/right_rear_camera/masks/frame_000064_gt2d_004_track_-1_MOTOR.png,0.8293036222457886,1202.5,646.5,3.4201934337615967,3.4331259727478027,0.3112640380859375,1.0,0.7431272306962432,0.02133260936562097,3.4201934337615967,da3_bbox_median
right_rear,64,1772699916610537000,data\camera\right_rear_camera\1772699916610537000.jpg,2000055,2,motorcycle,0.66386,334.0,572.0,502.0,735.0,334.0,572.0,502.0,735.0,tentative,3,MOTOR,preprocessed/masks/right_rear_camera/masks/frame_000064_gt2d_003_track_-1_MOTOR.png,0.9472911357879639,418.0,653.5,3.6518681049346924,3.7146377563476562,0.6703534126281738,1.0,-1.7589056878772162,0.045547899463994956,3.6518681049346924,da3_bbox_median
right_rear,64,1772699916610537000,data\camera\right_rear_camera\1772699916610537000.jpg,3000034,3,person,0.510896,1385.0,589.0,1419.0,669.0,1385.0,589.0,1419.0,669.0,tentative,7,PEDESTRIAN_NORMAL,preprocessed/masks/right_rear_camera/masks/frame_000064_gt2d_007_track_-1_PEDESTRIAN_NORMAL.png,0.8327641487121582,1402.0,629.0,3.4169085025787354,3.421071767807007,0.29742932319641113,1.0,1.3497255578519072,-0.0319509971829763,3.4169085025787354,da3_bbox_median
right_rear,65,1772699916710545000,data\camera\right_rear_camera\1772699916710545000.jpg,-1,2,motorcycle,0.423067,742.0,585.0,907.0,718.0,742.0,585.0,907.0,718.0,unassigned,9,MOTOR,preprocessed/masks/right_rear_camera/masks/frame_000065_gt2d_009_track_-1_MOTOR.png,0.8848518133163452,824.5,651.5,3.6335535049438477,3.6725447177886963,0.5302214622497559,1.0,-0.4341697508584338,0.03884630480543703,3.6335535049438477,da3_bbox_median
right_rear,65,1772699916710545000,data\camera\right_rear_camera\1772699916710545000.jpg,-1,2,motorcycle,0.418388,1383.0,593.0,1418.0,668.0,1383.0,593.0,1418.0,668.0,unassigned,10,CYCLIST_MOTOR,preprocessed/masks/right_rear_camera/masks/frame_000065_gt2d_010_track_-1_CYCLIST_MOTOR.png,0.8665781617164612,1400.5,630.5,3.480569839477539,3.482595682144165,0.2827188968658447,1.0,1.3702213247260224,-0.027895815306107834,3.480569839477539,da3_bbox_median
right_rear,65,1772699916710545000,data\camera\right_rear_camera\1772699916710545000.jpg,4,0,bicycle,0.601126,1411.0,616.0,1502.0,689.0,1416.0447998046875,615.7689819335938,1505.908935546875,688.0021362304688,matched,7,BICYCLE,preprocessed/masks/right_rear_camera/masks/frame_000065_gt2d_007_track_-1_BICYCLE.png,0.88044673204422,1456.5,652.5,3.4592347145080566,3.4677274227142334,0.2647428512573242,1.0,1.5344074367635343,0.04006397210826559,3.4592347145080566,da3_bbox_median
right_rear,65,1772699916710545000,data\camera\right_rear_camera\1772699916710545000.jpg,2000025,2,motorcycle,0.412801,1260.0,606.0,1340.0,686.0,1261.7867431640625,605.3460693359375,1343.913330078125,686.005615234375,matched,11,MOTOR,preprocessed/masks/right_rear_camera/masks/frame_000065_gt2d_011_track_-1_MOTOR.png,0.8499290347099304,1300.0,646.0,3.4787707328796387,3.4914162158966064,0.29689931869506836,1.0,1.0580349486063272,0.020148615549407004,3.4787707328796387,da3_bbox_median
right_rear,65,1772699916710545000,data\camera\right_rear_camera\1772699916710545000.jpg,2000036,2,motorcycle,0.759736,1068.0,607.0,1197.0,700.0,1062.89599609375,606.8424682617188,1194.6693115234375,699.9122314453125,matched,1,MOTOR,preprocessed/masks/right_rear_camera/masks/frame_000065_gt2d_001_track_-1_MOTOR.png,0.8970450162887573,1132.5,653.5,3.5187954902648926,3.5327041149139404,0.350496768951416,1.0,0.5451050991769097,0.043888152205817516,3.5187954902648926,da3_bbox_median
right_rear,65,1772699916710545000,data\camera\right_rear_camera\1772699916710545000.jpg,2000038,2,motorcycle,0.750659,1004.0,598.0,1109.0,701.0,984.0148315429688,596.7861938476562,1100.2960205078125,700.739501953125,matched,2,MOTOR,preprocessed/masks/right_rear_camera/masks/frame_000065_gt2d_002_track_-1_MOTOR.png,0.800462543964386,1056.5,649.5,3.553788185119629,3.5740129947662354,0.3944098949432373,1.0,0.3099008774938769,0.031662469884107494,3.553788185119629,da3_bbox_median
right_rear,65,1772699916710545000,data\camera\right_rear_camera\1772699916710545000.jpg,2000039,2,motorcycle,0.685154,0.0,587.0,139.0,753.0,-2.976010322570801,575.8370971679688,154.61587524414062,754.392333984375,matched,5,MOTOR,preprocessed/masks/right_rear_camera/masks/frame_000065_gt2d_005_track_-1_MOTOR.png,0.9065475463867188,69.5,670.0,3.599945545196533,3.662720203399658,0.6584632396697998,1.0,-2.851620900681012,0.09780996663533074,3.599945545196533,da3_bbox_median
right_rear,65,1772699916710545000,data\camera\right_rear_camera\1772699916710545000.jpg,2000043,2,motorcycle,0.484797,863.0,596.0,986.0,705.0,856.0120849609375,595.598876953125,979.6323852539062,705.3001708984375,matched,8,MOTOR,preprocessed/masks/right_rear_camera/masks/frame_000065_gt2d_008_track_-1_MOTOR.png,0.8436069488525391,924.5,650.5,3.559917449951172,3.5818793773651123,0.4089956283569336,1.0,-0.10821311180999613,0.034888070309431224,3.559917449951172,da3_bbox_median
right_rear,65,1772699916710545000,data\camera\right_rear_camera\1772699916710545000.jpg,2000045,2,motorcycle,0.775709,150.0,566.0,343.0,747.0,156.61033630371094,564.7642822265625,361.3614807128906,746.9082641601562,matched,0,MOTOR,preprocessed/masks/right_rear_camera/masks/frame_000065_gt2d_000_track_-1_MOTOR.png,0.9376330375671387,246.5,656.5,3.733875036239624,3.822113513946533,0.7923498153686523,1.0,-2.368909095793294,0.056548563062662455,3.733875036239624,da3_bbox_median
right_rear,65,1772699916710545000,data\camera\right_rear_camera\1772699916710545000.jpg,2000048,2,motorcycle,0.71816,610.0,592.0,798.0,725.0,576.9058227539062,590.391845703125,767.41259765625,727.8645629882812,matched,3,MOTOR,preprocessed/masks/right_rear_camera/masks/frame_000065_gt2d_003_track_-1_MOTOR.png,0.9377144575119019,704.0,658.5,3.624279022216797,3.6627988815307617,0.5296297073364258,1.0,-0.8221464118445386,0.06134540350109365,3.624279022216797,da3_bbox_median
right_rear,65,1772699916710545000,data\camera\right_rear_camera\1772699916710545000.jpg,2000049,2,motorcycle,0.715358,1188.0,609.0,1283.0,693.0,1189.8829345703125,609.1266479492188,1284.6339111328125,693.1741333007812,matched,4,MOTOR,preprocessed/masks/right_rear_camera/masks/frame_000065_gt2d_004_track_-1_MOTOR.png,0.819810688495636,1235.5,651.0,3.4890012741088867,3.5011372566223145,0.31142497062683105,1.0,0.8606547221950924,0.035746985900338035,3.4890012741088867,da3_bbox_median
right_rear,65,1772699916710545000,data\camera\right_rear_camera\1772699916710545000.jpg,2000056,2,motorcycle,0.63085,450.0,588.0,616.0,737.0,450.0,588.0,616.0,737.0,tentative,6,MOTOR,preprocessed/masks/right_rear_camera/masks/frame_000065_gt2d_006_track_-1_MOTOR.png,0.9369306564331055,533.0,662.5,3.668919563293457,3.719956874847412,0.6071968078613281,1.0,-1.3912189952626464,0.07517334080655606,3.668919563293457,da3_bbox_median
right_rear,66,1772699916810552000,data\camera\right_rear_camera\1772699916810552000.jpg,4,0,bicycle,0.611265,1430.0,616.0,1517.0,686.0,1434.3380126953125,616.1702270507812,1521.057373046875,685.9785766601562,matched,6,BICYCLE,preprocessed/masks/right_rear_camera/masks/frame_000066_gt2d_006_track_-1_BICYCLE.png,0.8795053958892822,1473.5,651.0,3.304783582687378,3.3048861026763916,0.22224760055541992,1.0,1.5159504961490267,0.03385956119037733,3.304783582687378,da3_bbox_median
right_rear,66,1772699916810552000,data\camera\right_rear_camera\1772699916810552000.jpg,2000025,2,motorcycle,0.331804,1286.0,608.0,1368.0,684.0,1288.8076171875,607.0556030273438,1370.4366455078125,683.987548828125,matched,10,MOTOR,preprocessed/masks/right_rear_camera/masks/frame_000066_gt2d_010_track_-1_MOTOR.png,0.8511533737182617,1327.0,646.0,3.321551561355591,3.325359582901001,0.24668192863464355,1.0,1.0901170671118607,0.01923802129434607,3.321551561355591,da3_bbox_median
right_rear,66,1772699916810552000,data\camera\right_rear_camera\1772699916810552000.jpg,2000036,2,motorcycle,0.744778,1115.0,610.0,1235.0,697.0,1110.9508056640625,609.2289428710938,1234.5,697.1458740234375,matched,1,MOTOR,preprocessed/masks/right_rear_camera/masks/frame_000066_gt2d_001_track_-1_MOTOR.png,0.871211051940918,1175.0,653.5,3.3446245193481445,3.3562450408935547,0.2764878273010254,1.0,0.6447641620704228,0.041715805986045074,3.3446245193481445,da3_bbox_median
right_rear,66,1772699916810552000,data\camera\right_rear_camera\1772699916810552000.jpg,2000038,2,motorcycle,0.529632,1039.0,597.0,1155.0,697.0,1034.1077880859375,596.775390625,1149.04833984375,697.3722534179688,matched,8,MOTOR,preprocessed/masks/right_rear_camera/masks/frame_000066_gt2d_008_track_-1_MOTOR.png,0.8155701756477356,1097.0,647.0,3.3840692043304443,3.4004759788513184,0.32654404640197754,1.0,0.4172048863290464,0.0226144710118873,3.3840692043304443,da3_bbox_median
right_rear,66,1772699916810552000,data\camera\right_rear_camera\1772699916810552000.jpg,2000043,2,motorcycle,0.513311,813.0,588.0,970.0,714.0,839.236572265625,590.4175415039062,985.274658203125,710.6688232421875,matched,9,MOTOR,preprocessed/masks/right_rear_camera/masks/frame_000066_gt2d_009_track_-1_MOTOR.png,0.8885053396224976,891.5,651.0,3.458983898162842,3.48475980758667,0.4274582862854004,1.0,-0.20683962731501626,0.03543943923285151,3.458983898162842,da3_bbox_median
right_rear,66,1772699916810552000,data\camera\right_rear_camera\1772699916810552000.jpg,2000045,2,motorcycle,0.596099,119.0,599.0,290.0,744.0,124.65987396240234,587.61767578125,305.27947998046875,744.7807006835938,matched,7,MOTOR,preprocessed/masks/right_rear_camera/masks/frame_000066_gt2d_007_track_-1_MOTOR.png,0.8988760709762573,204.5,671.5,3.474884510040283,3.514630079269409,0.4932126998901367,1.0,-2.334620420079353,0.09905495070800338,3.474884510040283,da3_bbox_median
right_rear,66,1772699916810552000,data\camera\right_rear_camera\1772699916810552000.jpg,2000048,2,motorcycle,0.696461,551.0,588.0,717.0,731.0,572.6875610351562,589.6299438476562,750.0737915039062,730.0237426757812,matched,2,MOTOR,preprocessed/masks/right_rear_camera/masks/frame_000066_gt2d_002_track_-1_MOTOR.png,0.9335851669311523,634.0,659.5,3.5058414936065674,3.550165891647339,0.514087438583374,1.0,-1.0139177203835938,0.062463525557607556,3.5058414936065674,da3_bbox_median
right_rear,66,1772699916810552000,data\camera\right_rear_camera\1772699916810552000.jpg,2000049,2,motorcycle,0.665544,1218.0,609.0,1315.0,690.0,1220.79345703125,609.3963623046875,1316.6151123046875,690.6409912109375,matched,5,MOTOR,preprocessed/masks/right_rear_camera/masks/frame_000066_gt2d_005_track_-1_MOTOR.png,0.8308773636817932,1266.5,649.5,3.3236093521118164,3.335587739944458,0.2635078430175781,1.0,0.9116489439958624,0.029611691956884595,3.3236093521118164,da3_bbox_median
right_rear,66,1772699916810552000,data\camera\right_rear_camera\1772699916810552000.jpg,2000057,2,motorcycle,0.782104,297.0,571.0,474.0,740.0,297.0,571.0,474.0,740.0,tentative,0,MOTOR,preprocessed/masks/right_rear_camera/masks/frame_000066_gt2d_000_track_-1_MOTOR.png,0.9275220036506653,385.5,655.5,3.577585458755493,3.6483078002929688,0.6514592170715332,1.0,-1.8267156906871027,0.050994868689704244,3.577585458755493,da3_bbox_median
right_rear,66,1772699916810552000,data\camera\right_rear_camera\1772699916810552000.jpg,2000058,2,motorcycle,0.679179,690.0,599.0,869.0,720.0,690.0,599.0,869.0,720.0,tentative,3,MOTOR,preprocessed/masks/right_rear_camera/masks/frame_000066_gt2d_003_track_-1_MOTOR.png,0.9031579494476318,779.5,659.5,3.433683395385742,3.4575917720794678,0.4003722667694092,1.0,-0.5479476752232753,0.06117788579875807,3.433683395385742,da3_bbox_median
right_rear,66,1772699916810552000,data\camera\right_rear_camera\1772699916810552000.jpg,2000059,2,motorcycle,0.668042,925.0,596.0,1045.0,698.0,925.0,596.0,1045.0,698.0,tentative,4,MOTOR,preprocessed/masks/right_rear_camera/masks/frame_000066_gt2d_004_track_-1_MOTOR.png,0.8572660088539124,985.0,647.0,3.3988842964172363,3.4117443561553955,0.34720349311828613,1.0,0.07988273777730247,0.02271347474092052,3.3988842964172363,da3_bbox_median
right_rear,67,1772699916910560000,data\camera\right_rear_camera\1772699916910560000.jpg,-1,2,motorcycle,0.443082,279.0,597.0,424.0,734.0,279.0,597.0,424.0,734.0,unassigned,8,MOTOR,preprocessed/masks/right_rear_camera/masks/frame_000067_gt2d_008_track_-1_MOTOR.png,0.8860095143318176,351.5,665.5,3.4682540893554688,3.507827043533325,0.4672818183898926,1.0,-1.875948194704193,0.08032988773877198,3.4682540893554688,da3_bbox_median
right_rear,67,1772699916910560000,data\camera\right_rear_camera\1772699916910560000.jpg,4,0,bicycle,0.547574,1443.0,613.0,1535.0,682.0,1448.16552734375,612.9628295898438,1537.413330078125,681.3509521484375,matched,7,BICYCLE,preprocessed/masks/right_rear_camera/masks/frame_000067_gt2d_007_track_-1_BICYCLE.png,0.8610936403274536,1489.0,647.5,3.287071466445923,3.2921266555786133,0.2194373607635498,1.0,1.5532174063192772,0.023430248620995492,3.287071466445923,da3_bbox_median
right_rear,67,1772699916910560000,data\camera\right_rear_camera\1772699916910560000.jpg,2000025,2,motorcycle,0.301426,1315.0,606.0,1395.0,681.0,1316.6376953125,605.0712280273438,1396.7734375,680.062255859375,matched,10,MOTOR,preprocessed/masks/right_rear_camera/masks/frame_000067_gt2d_010_track_-1_MOTOR.png,0.8368583917617798,1355.0,643.5,3.3049798011779785,3.3122215270996094,0.2268507480621338,1.0,1.1671229501681524,0.011782273737258476,3.3049798011779785,da3_bbox_median
right_rear,67,1772699916910560000,data\camera\right_rear_camera\1772699916910560000.jpg,2000036,2,motorcycle,0.729567,1150.0,608.0,1273.0,693.0,1150.1522216796875,607.43359375,1272.7886962890625,692.2911987304688,matched,3,MOTOR,preprocessed/masks/right_rear_camera/masks/frame_000067_gt2d_003_track_-1_MOTOR.png,0.90234375,1211.5,650.5,3.335569381713867,3.34336519241333,0.2605130672454834,1.0,0.7514857649428617,0.032689403826713904,3.335569381713867,da3_bbox_median
right_rear,67,1772699916910560000,data\camera\right_rear_camera\1772699916910560000.jpg,2000039,2,motorcycle,0.774947,0.0,574.0,101.0,742.0,-5.768504619598389,573.8331298828125,106.33025360107422,743.3029174804688,matched,1,MOTOR,preprocessed/masks/right_rear_camera/masks/frame_000067_gt2d_001_track_-1_MOTOR.png,0.9200372099876404,50.5,658.0,3.496699571609497,3.556581497192383,0.5983202457427979,1.0,-2.8290266778496,0.05762862330602124,3.496699571609497,da3_bbox_median
right_rear,67,1772699916910560000,data\camera\right_rear_camera\1772699916910560000.jpg,2000043,2,motorcycle,0.388459,883.0,588.0,1027.0,707.0,878.9799194335938,587.350830078125,1024.1866455078125,706.4285888671875,matched,9,MOTOR,preprocessed/masks/right_rear_camera/masks/frame_000067_gt2d_009_track_-1_MOTOR.png,0.8585065007209778,955.0,647.5,3.433682441711426,3.456543445587158,0.39794254302978516,1.0,-0.011072860666356849,0.024475291795779737,3.433682441711426,da3_bbox_median
right_rear,67,1772699916910560000,data\camera\right_rear_camera\1772699916910560000.jpg,2000048,2,motorcycle,0.794407,640.0,588.0,813.0,723.0,627.5848388671875,588.0599975585938,803.8373413085938,724.0043334960938,matched,0,MOTOR,preprocessed/masks/right_rear_camera/masks/frame_000067_gt2d_000_track_-1_MOTOR.png,0.9138414859771729,726.5,655.5,3.483366012573242,3.518094062805176,0.47872376441955566,1.0,-0.7203551032644638,0.04965186561081988,3.483366012573242,da3_bbox_median
right_rear,67,1772699916910560000,data\camera\right_rear_camera\1772699916910560000.jpg,2000049,2,motorcycle,0.602489,1250.0,608.0,1344.0,686.0,1251.8768310546875,607.5153198242188,1346.109375,685.7931518554688,matched,6,MOTOR,preprocessed/masks/right_rear_camera/masks/frame_000067_gt2d_006_track_-1_MOTOR.png,0.8596547245979309,1297.0,647.0,3.317976713180542,3.3226780891418457,0.24646735191345215,1.0,1.0002628874889719,0.02217279956991435,3.317976713180542,da3_bbox_median
right_rear,67,1772699916910560000,data\camera\right_rear_camera\1772699916910560000.jpg,2000058,2,motorcycle,0.64021,763.0,589.0,943.0,715.0,753.7433471679688,591.244873046875,933.5433349609375,716.244873046875,matched,5,MOTOR,preprocessed/masks/right_rear_camera/masks/frame_000067_gt2d_005_track_-1_MOTOR.png,0.8724318742752075,853.0,652.0,3.4495673179626465,3.479970693588257,0.4205491542816162,1.0,-0.3245973137215647,0.03841565803457667,3.4495673179626465,da3_bbox_median
right_rear,67,1772699916910560000,data\camera\right_rear_camera\1772699916910560000.jpg,2000059,2,motorcycle,0.656127,978.0,597.0,1099.0,693.0,972.7433471679688,597.0448608398438,1093.5433349609375,694.244873046875,matched,4,MOTOR,preprocessed/masks/right_rear_camera/masks/frame_000067_gt2d_004_track_-1_MOTOR.png,0.8637005090713501,1038.5,645.0,3.372756004333496,3.3864223957061768,0.30886054039001465,1.0,0.2400273096945111,0.01653031323835314,3.372756004333496,da3_bbox_median
right_rear,67,1772699916910560000,data\camera\right_rear_camera\1772699916910560000.jpg,2000060,2,motorcycle,0.73745,412.0,599.0,581.0,731.0,412.0,599.0,581.0,731.0,tentative,2,MOTOR,preprocessed/masks/right_rear_camera/masks/frame_000067_gt2d_002_track_-1_MOTOR.png,0.9217478632926941,496.5,665.0,3.455658435821533,3.4860053062438965,0.44113993644714355,1.0,-1.4227247441890614,0.0784990922116726,3.455658435821533,da3_bbox_median
right_rear,68,1772699917010523000,data\camera\right_rear_camera\1772699917010523000.jpg,-1,3,person,0.470227,1381.0,587.0,1419.0,666.0,1381.0,587.0,1419.0,666.0,unassigned,9,PEDESTRIAN_NORMAL,preprocessed/masks/right_rear_camera/masks/frame_000068_gt2d_009_track_-1_PEDESTRIAN_NORMAL.png,0.8760260343551636,1400.0,626.5,3.328479528427124,3.3353872299194336,0.2641119956970215,1.0,1.3088641281641689,-0.038536207975473434,3.328479528427124,da3_bbox_median
right_rear,68,1772699917010523000,data\camera\right_rear_camera\1772699917010523000.jpg,-1,2,motorcycle,0.343146,1110.0,592.0,1232.0,688.0,1110.0,592.0,1232.0,688.0,unassigned,11,MOTOR,preprocessed/masks/right_rear_camera/masks/frame_000068_gt2d_011_track_-1_MOTOR.png,0.8004854917526245,1171.0,640.0,3.3764379024505615,3.3913357257843018,0.3166208267211914,1.0,0.6388645669119002,0.0015105707630485477,3.3764379024505615,da3_bbox_median
right_rear,68,1772699917010523000,data\camera\right_rear_camera\1772699917010523000.jpg,2000025,2,motorcycle,0.319389,1339.0,606.0,1419.0,676.0,1343.0745849609375,604.9541015625,1422.719482421875,675.8939208984375,matched,12,MOTOR,preprocessed/masks/right_rear_camera/masks/frame_000068_gt2d_012_track_-1_MOTOR.png,0.8738377094268799,1379.0,641.0,3.3035836219787598,3.305518865585327,0.218186616897583,1.0,1.237266895843253,0.004420639517086522,3.3035836219787598,da3_bbox_median
right_rear,68,1772699917010523000,data\camera\right_rear_camera\1772699917010523000.jpg,2000036,2,motorcycle,0.732649,1192.0,607.0,1307.0,689.0,1192.623291015625,606.649658203125,1309.5777587890625,688.5023803710938,matched,4,MOTOR,preprocessed/masks/right_rear_camera/masks/frame_000068_gt2d_004_track_-1_MOTOR.png,0.8753315210342407,1249.5,648.0,3.3247170448303223,3.3368284702301025,0.26930999755859375,1.0,0.8615981644468664,0.025179329991172363,3.3247170448303223,da3_bbox_median
right_rear,68,1772699917010523000,data\camera\right_rear_camera\1772699917010523000.jpg,2000039,2,motorcycle,0.735671,9.0,583.0,129.0,747.0,4.223217487335205,579.3646850585938,121.38861846923828,744.8235473632812,matched,3,MOTOR,preprocessed/masks/right_rear_camera/masks/frame_000068_gt2d_003_track_-1_MOTOR.png,0.9135984778404236,69.0,665.0,3.50264835357666,3.561434268951416,0.600593090057373,1.0,-2.776109262202838,0.07956652001317106,3.50264835357666,da3_bbox_median
right_rear,68,1772699917010523000,data\camera\right_rear_camera\1772699917010523000.jpg,2000043,2,motorcycle,0.368849,940.0,588.0,1075.0,700.0,932.111328125,586.8696899414062,1070.9378662109375,700.8370971679688,matched,10,MOTOR,preprocessed/masks/right_rear_camera/masks/frame_000068_gt2d_010_track_-1_MOTOR.png,0.879743218421936,1007.5,644.0,3.428243398666382,3.4503161907196045,0.383589506149292,1.0,0.14929381030727845,0.013748560868005097,3.428243398666382,da3_bbox_median
right_rear,68,1772699917010523000,data\camera\right_rear_camera\1772699917010523000.jpg,2000045,2,motorcycle,0.807906,167.0,571.0,275.0,736.0,150.2730712890625,573.47509765625,272.18505859375,736.3931274414062,matched,1,MOTOR,preprocessed/masks/right_rear_camera/masks/frame_000068_gt2d_001_track_-1_MOTOR.png,0.9309638738632202,221.0,653.5,3.562462329864502,3.6266698837280273,0.6366105079650879,1.0,-2.3410915939365493,0.044432786558111295,3.562462329864502,da3_bbox_median
right_rear,68,1772699917010523000,data\camera\right_rear_camera\1772699917010523000.jpg,2000048,2,motorcycle,0.840607,722.0,587.0,886.0,717.0,702.447998046875,587.2890625,872.213623046875,718.28515625,matched,0,MOTOR,preprocessed/masks/right_rear_camera/masks/frame_000068_gt2d_000_track_-1_MOTOR.png,0.9250345826148987,804.0,652.0,3.4674880504608154,3.4993364810943604,0.4509241580963135,1.0,-0.47765602400898227,0.03861522994256465,3.4674880504608154,da3_bbox_median
right_rear,68,1772699917010523000,data\camera\right_rear_camera\1772699917010523000.jpg,2000049,2,motorcycle,0.638622,1277.0,605.0,1371.0,682.0,1281.3775634765625,605.3150634765625,1375.0745849609375,681.9631958007812,matched,7,MOTOR,preprocessed/masks/right_rear_camera/masks/frame_000068_gt2d_007_track_-1_MOTOR.png,0.8584612607955933,1324.0,643.5,3.320491313934326,3.326366662979126,0.2513291835784912,1.0,1.080894285003978,0.011837572377603911,3.320491313934326,da3_bbox_median
right_rear,68,1772699917010523000,data\camera\right_rear_camera\1772699917010523000.jpg,2000058,2,motorcycle,0.696514,829.0,584.0,1004.0,707.0,818.8054809570312,586.326171875,994.9110717773438,709.80078125,matched,5,MOTOR,preprocessed/masks/right_rear_camera/masks/frame_000068_gt2d_005_track_-1_MOTOR.png,0.8327568173408508,916.5,645.5,3.4554877281188965,3.4867849349975586,0.4320371150970459,1.0,-0.12966702617092368,0.01847477767007354,3.4554877281188965,da3_bbox_median
right_rear,68,1772699917010523000,data\camera\right_rear_camera\1772699917010523000.jpg,2000059,2,motorcycle,0.685529,1035.0,595.0,1143.0,688.0,1027.7828369140625,596.0000610351562,1138.738037109375,689.9127807617188,matched,6,MOTOR,preprocessed/masks/right_rear_camera/masks/frame_000068_gt2d_006_track_-1_MOTOR.png,0.8616082668304443,1089.0,641.5,3.3662240505218506,3.3800833225250244,0.3214864730834961,1.0,0.3910127247741206,0.006003690647148121,3.3662240505218506,da3_bbox_median
right_rear,68,1772699917010523000,data\camera\right_rear_camera\1772699917010523000.jpg,2000060,2,motorcycle,0.782472,485.0,583.0,690.0,722.0,476.599365234375,586.7113647460938,674.3993530273438,724.3114013671875,matched,2,MOTOR,preprocessed/masks/right_rear_camera/masks/frame_000068_gt2d_002_track_-1_MOTOR.png,0.9330393075942993,587.5,652.5,3.4923174381256104,3.5313804149627686,0.5021793842315674,1.0,-1.1546843969811094,0.04044712775558847,3.4923174381256104,da3_bbox_median
right_rear,68,1772699917010523000,data\camera\right_rear_camera\1772699917010523000.jpg,2000061,2,motorcycle,0.6203,1460.0,611.0,1552.0,679.0,1460.0,611.0,1552.0,679.0,tentative,8,MOTOR,preprocessed/masks/right_rear_camera/masks/frame_000068_gt2d_008_track_-1_MOTOR.png,0.8840120434761047,1506.0,645.0,3.28974986076355,3.29533052444458,0.22180914878845215,1.0,1.6043080269723553,0.016123489396914284,3.28974986076355,da3_bbox_median
right_rear,69,1772699917110653000,data\camera\right_rear_camera\1772699917110653000.jpg,-1,2,motorcycle,0.483798,426.0,589.0,549.0,715.0,426.0,589.0,549.0,715.0,unassigned,9,MOTOR,preprocessed/masks/right_rear_camera/masks/frame_000069_gt2d_009_track_-1_MOTOR.png,0.8543532490730286,487.5,652.0,3.592942237854004,3.6226110458374023,0.43857741355895996,1.0,-1.5080546985456091,0.040012334192946065,3.592942237854004,da3_bbox_median
right_rear,69,1772699917110653000,data\camera\right_rear_camera\1772699917110653000.jpg,-1,3,person,0.455855,1388.0,586.0,1418.0,658.0,1388.0,586.0,1418.0,658.0,unassigned,10,PEDESTRIAN_NORMAL,preprocessed/masks/right_rear_camera/masks/frame_000069_gt2d_010_track_-1_PEDESTRIAN_NORMAL.png,0.8534746170043945,1403.0,622.0,3.4585070610046387,3.4598748683929443,0.23225116729736328,1.0,1.3692387884429054,-0.053904603109595405,3.4585070610046387,da3_bbox_median
right_rear,69,1772699917110653000,data\camera\right_rear_camera\1772699917110653000.jpg,2000025,2,motorcycle,0.317908,1365.0,604.0,1440.0,674.0,1368.4835205078125,603.9630126953125,1444.6181640625,673.5613403320312,matched,12,MOTOR,preprocessed/masks/right_rear_camera/masks/frame_000069_gt2d_012_track_-1_MOTOR.png,0.9016954898834229,1402.5,639.0,3.449985980987549,3.450427532196045,0.22382855415344238,1.0,1.364328433863861,-0.0015295953027661194,3.449985980987549,da3_bbox_median
right_rear,69,1772699917110653000,data\camera\right_rear_camera\1772699917110653000.jpg,2000036,2,motorcycle,0.766121,1228.0,605.0,1336.0,686.0,1230.1971435546875,605.3680419921875,1340.3408203125,685.6246337890625,matched,2,MOTOR,preprocessed/masks/right_rear_camera/masks/frame_000069_gt2d_002_track_-1_MOTOR.png,0.9116162061691284,1282.0,645.5,3.469043731689453,3.481241464614868,0.2656700611114502,1.0,0.999445436537724,0.01854725489232578,3.469043731689453,da3_bbox_median
right_rear,69,1772699917110653000,data\camera\right_rear_camera\1772699917110653000.jpg,2000043,2,motorcycle,0.373084,975.0,583.0,1120.0,697.0,973.535400390625,583.7557983398438,1116.5633544921875,697.2422485351562,matched,11,MOTOR,preprocessed/masks/right_rear_camera/masks/frame_000069_gt2d_011_track_-1_MOTOR.png,0.9427281022071838,1047.5,640.0,3.571098804473877,3.5936617851257324,0.3890116214752197,1.0,0.282776545774268,0.0015976593089660255,3.571098804473877,da3_bbox_median
right_rear,69,1772699917110653000,data\camera\right_rear_camera\1772699917110653000.jpg,2000045,2,motorcycle,0.688994,180.0,583.0,287.0,742.0,170.88912963867188,579.0971069335938,279.82037353515625,739.697265625,matched,5,MOTOR,preprocessed/masks/right_rear_camera/masks/frame_000069_gt2d_005_track_-1_MOTOR.png,0.9080694317817688,233.5,662.5,3.672008514404297,3.728428840637207,0.5921988487243652,1.0,-2.3721874321884475,0.07523663103971166,3.672008514404297,da3_bbox_median
right_rear,69,1772699917110653000,data\camera\right_rear_camera\1772699917110653000.jpg,2000048,2,motorcycle,0.837113,793.0,592.0,948.0,711.0,776.2666625976562,590.7926635742188,937.294189453125,712.54833984375,matched,0,MOTOR,preprocessed/masks/right_rear_camera/masks/frame_000069_gt2d_000_track_-1_MOTOR.png,0.9227436184883118,870.5,651.5,3.577855110168457,3.603344440460205,0.4088149070739746,1.0,-0.2808866305198387,0.03825083350780113,3.577855110168457,da3_bbox_median
right_rear,69,1772699917110653000,data\camera\right_rear_camera\1772699917110653000.jpg,2000049,2,motorcycle,0.602375,1306.0,607.0,1395.0,680.0,1309.78466796875,606.3011474609375,1399.96044921875,679.71630859375,matched,7,MOTOR,preprocessed/masks/right_rear_camera/masks/frame_000069_gt2d_007_track_-1_MOTOR.png,0.8299193382263184,1350.5,643.5,3.452474355697632,3.4606435298919678,0.23445987701416016,1.0,1.205367927638752,0.012308092749975633,3.452474355697632,da3_bbox_median
right_rear,69,1772699917110653000,data\camera\right_rear_camera\1772699917110653000.jpg,2000058,2,motorcycle,0.66947,892.0,586.0,1059.0,703.0,886.0816650390625,586.1106567382812,1054.664306640625,704.3869018554688,matched,6,MOTOR,preprocessed/masks/right_rear_camera/masks/frame_000069_gt2d_006_track_-1_MOTOR.png,0.8654316663742065,975.5,644.5,3.578556537628174,3.6039068698883057,0.40919947624206543,1.0,0.05381774943892384,0.01594517101321967,3.578556537628174,da3_bbox_median
right_rear,69,1772699917110653000,data\camera\right_rear_camera\1772699917110653000.jpg,2000059,2,motorcycle,0.737621,1082.0,598.0,1186.0,687.0,1079.483154296875,597.9716796875,1183.93603515625,687.6480712890625,matched,4,MOTOR,preprocessed/masks/right_rear_camera/masks/frame_000069_gt2d_004_track_-1_MOTOR.png,0.8833586573600769,1134.0,642.5,3.503903865814209,3.513458490371704,0.301555871963501,1.0,0.5474807158802033,0.00937034155163891,3.503903865814209,da3_bbox_median
right_rear,69,1772699917110653000,data\camera\right_rear_camera\1772699917110653000.jpg,2000060,2,motorcycle,0.765556,594.0,588.0,773.0,718.0,570.4693603515625,588.549072265625,754.5169067382812,720.369873046875,matched,3,MOTOR,preprocessed/masks/right_rear_camera/masks/frame_000069_gt2d_003_track_-1_MOTOR.png,0.9364303350448608,683.5,653.0,3.601738214492798,3.6347506046295166,0.4547860622406006,1.0,-0.8828143426954945,0.04331853298457518,3.601738214492798,da3_bbox_median
right_rear,69,1772699917110653000,data\camera\right_rear_camera\1772699917110653000.jpg,2000061,2,motorcycle,0.533343,1475.0,610.0,1566.0,677.0,1477.95166015625,610.9161376953125,1569.151611328125,678.1161499023438,matched,8,MOTOR,preprocessed/masks/right_rear_camera/masks/frame_000069_gt2d_008_track_-1_MOTOR.png,0.9062025547027588,1520.5,643.5,3.4349586963653564,3.4400551319122314,0.21997642517089844,1.0,1.7194954833880054,0.012245649314506564,3.4349586963653564,da3_bbox_median
right_rear,69,1772699917110653000,data\camera\right_rear_camera\1772699917110653000.jpg,2000062,2,motorcycle,0.766508,305.0,575.0,412.0,727.0,305.0,575.0,412.0,727.0,tentative,1,MOTOR,preprocessed/masks/right_rear_camera/masks/frame_000069_gt2d_001_track_-1_MOTOR.png,0.9111495614051819,358.5,651.0,3.67924165725708,3.7307519912719727,0.5813136100769043,1.0,-1.9671243095009678,0.037696116829162435,3.67924165725708,da3_bbox_median
right_rear,70,1772699917210630000,data\camera\right_rear_camera\1772699917210630000.jpg,-1,3,person,0.480544,1383.0,587.0,1418.0,661.0,1383.0,587.0,1418.0,661.0,unassigned,10,PEDESTRIAN_NORMAL,preprocessed/masks/right_rear_camera/masks/frame_000070_gt2d_010_track_-1_PEDESTRIAN_NORMAL.png,0.8601972460746765,1400.5,624.0,3.19063663482666,3.19244647026062,0.23247742652893066,1.0,1.2560812045500624,-0.044045439769754266,3.19063663482666,da3_bbox_median
right_rear,70,1772699917210630000,data\camera\right_rear_camera\1772699917210630000.jpg,-1,2,motorcycle,0.345741,318.0,576.0,420.0,732.0,318.0,576.0,420.0,732.0,unassigned,12,MOTOR,preprocessed/masks/right_rear_camera/masks/frame_000070_gt2d_012_track_-1_MOTOR.png,0.9224087595939636,369.0,654.0,3.3840925693511963,3.431694507598877,0.5336189270019531,1.0,-1.7776646119911477,0.04371525894998493,3.3840925693511963,da3_bbox_median
right_rear,70,1772699917210630000,data\camera\right_rear_camera\1772699917210630000.jpg,4,0,bicycle,0.584793,1496.0,611.0,1579.0,675.0,1499.7469482421875,610.5956420898438,1583.240234375,674.8404541015625,matched,8,BICYCLE,preprocessed/masks/right_rear_camera/masks/frame_000070_gt2d_008_track_-1_BICYCLE.png,0.8764588832855225,1537.5,643.0,3.1567745208740234,3.155233383178711,0.18766307830810547,1.0,1.6280511513683926,0.009847974622267561,3.1567745208740234,da3_bbox_median
right_rear,70,1772699917210630000,data\camera\right_rear_camera\1772699917210630000.jpg,2000025,2,motorcycle,0.338188,1386.0,608.0,1460.0,673.0,1388.873046875,606.8734741210938,1463.08642578125,672.6396484375,matched,13,MOTOR,preprocessed/masks/right_rear_camera/masks/frame_000070_gt2d_013_track_-1_MOTOR.png,0.8594784140586853,1423.0,640.5,3.1567745208740234,3.155233383178711,0.18766307830810547,1.0,1.3060297698531236,0.0028182428203108283,3.1567745208740234,da3_bbox_median
right_rear,70,1772699917210630000,data\camera\right_rear_camera\1772699917210630000.jpg,2000036,2,motorcycle,0.717263,1263.0,607.0,1359.0,684.0,1264.18212890625,606.7749633789062,1363.677001953125,683.8414916992188,matched,5,MOTOR,preprocessed/masks/right_rear_camera/masks/frame_000070_gt2d_005_track_-1_MOTOR.png,0.8928451538085938,1311.0,645.5,3.1871752738952637,3.19268536567688,0.2308058738708496,1.0,1.0005834509676024,0.01704024416050385,3.1871752738952637,da3_bbox_median
right_rear,70,1772699917210630000,data\camera\right_rear_camera\1772699917210630000.jpg,2000039,2,motorcycle,0.724898,0.0,553.0,145.0,770.0,-2.61187744140625,558.3313598632812,136.43411254882812,764.5311889648438,matched,4,MOTOR,preprocessed/masks/right_rear_camera/masks/frame_000070_gt2d_004_track_-1_MOTOR.png,0.9247013330459595,72.5,661.5,3.4747018814086914,3.587785005569458,0.8225815296173096,1.0,-2.743124796191385,0.0680988837435764,3.4747018814086914,da3_bbox_median
right_rear,70,1772699917210630000,data\camera\right_rear_camera\1772699917210630000.jpg,2000043,2,motorcycle,0.429304,1045.0,592.0,1162.0,693.0,1032.03466796875,589.249755859375,1158.1881103515625,693.835205078125,matched,11,MOTOR,preprocessed/masks/right_rear_camera/masks/frame_000070_gt2d_011_track_-1_MOTOR.png,0.8881348967552185,1103.5,642.5,3.247790813446045,3.2616751194000244,0.3089585304260254,1.0,0.4192115679632304,0.008685429274239764,3.247790813446045,da3_bbox_median
right_rear,70,1772699917210630000,data\camera\right_rear_camera\1772699917210630000.jpg,2000048,2,motorcycle,0.836409,859.0,595.0,1008.0,707.0,844.9005737304688,594.5430297851562,998.4131469726562,708.2604370117188,matched,0,MOTOR,preprocessed/masks/right_rear_camera/masks/frame_000070_gt2d_000_track_-1_MOTOR.png,0.909293532371521,933.5,651.0,3.272310733795166,3.2914037704467773,0.3464086055755615,1.0,-0.07323242504071964,0.033526856676880074,3.272310733795166,da3_bbox_median
right_rear,70,1772699917210630000,data\camera\right_rear_camera\1772699917210630000.jpg,2000049,2,motorcycle,0.512257,1334.0,609.0,1418.0,678.0,1335.889892578125,608.52099609375,1421.4088134765625,678.123291015625,matched,9,MOTOR,preprocessed/masks/right_rear_camera/masks/frame_000070_gt2d_009_track_-1_MOTOR.png,0.8782888650894165,1376.0,643.5,3.172372579574585,3.173879861831665,0.2056136131286621,1.0,1.1796464573921839,0.011309528159838732,3.172372579574585,da3_bbox_median
right_rear,70,1772699917210630000,data\camera\right_rear_camera\1772699917210630000.jpg,2000058,2,motorcycle,0.665337,960.0,594.0,1107.0,701.0,954.2894287109375,592.5064697265625,1105.32958984375,701.5706787109375,matched,7,MOTOR,preprocessed/masks/right_rear_camera/masks/frame_000070_gt2d_007_track_-1_MOTOR.png,0.9125428199768066,1033.5,647.5,3.2647838592529297,3.2813596725463867,0.3359963893890381,1.0,0.21780010372347267,0.02327138253517122,3.2647838592529297,da3_bbox_median
right_rear,70,1772699917210630000,data\camera\right_rear_camera\1772699917210630000.jpg,2000059,2,motorcycle,0.671573,1125.0,599.0,1223.0,685.0,1123.8677978515625,599.524169921875,1222.10400390625,685.748779296875,matched,6,MOTOR,preprocessed/masks/right_rear_camera/masks/frame_000070_gt2d_006_track_-1_MOTOR.png,0.8839406967163086,1174.0,642.0,3.2116177082061768,3.2214884757995605,0.26306986808776855,1.0,0.6162623338468861,0.007158320963937979,3.2116177082061768,da3_bbox_median
right_rear,70,1772699917210630000,data\camera\right_rear_camera\1772699917210630000.jpg,2000060,2,motorcycle,0.741968,692.0,588.0,853.0,713.0,677.1473388671875,589.0084228515625,841.81591796875,714.88916015625,matched,3,MOTOR,preprocessed/masks/right_rear_camera/masks/frame_000070_gt2d_003_track_-1_MOTOR.png,0.9353296756744385,772.5,650.5,3.307481050491333,3.3342909812927246,0.400371789932251,1.0,-0.5484350497382322,0.03241413124291289,3.307481050491333,da3_bbox_median
right_rear,70,1772699917210630000,data\camera\right_rear_camera\1772699917210630000.jpg,2000063,2,motorcycle,0.794959,417.0,588.0,515.0,723.0,417.0,588.0,515.0,723.0,tentative,1,MOTOR,preprocessed/masks/right_rear_camera/masks/frame_000070_gt2d_001_track_-1_MOTOR.png,0.9038392901420593,466.0,655.5,3.33762526512146,3.3712496757507324,0.4470670223236084,1.0,-1.4648223123440336,0.047574478399606115,3.33762526512146,da3_bbox_median
right_rear,70,1772699917210630000,data\camera\right_rear_camera\1772699917210630000.jpg,2000064,2,motorcycle,0.789333,526.0,590.0,642.0,716.0,526.0,590.0,642.0,716.0,tentative,2,MOTOR,preprocessed/masks/right_rear_camera/masks/frame_000070_gt2d_002_track_-1_MOTOR.png,0.9018071293830872,584.0,653.0,3.307558536529541,3.3349263668060303,0.4003560543060303,1.0,-1.103910153417144,0.03978039908245936,3.307558536529541,da3_bbox_median
right_rear,71,1772699917310637000,data\camera\right_rear_camera\1772699917310637000.jpg,-1,3,person,0.426353,1390.0,585.0,1420.0,656.0,1390.0,585.0,1420.0,656.0,unassigned,11,PEDESTRIAN_NORMAL,preprocessed/masks/right_rear_camera/masks/frame_000071_gt2d_011_track_-1_PEDESTRIAN_NORMAL.png,0.8667435646057129,1405.0,620.5,3.1891465187072754,3.191851854324341,0.23116230964660645,1.0,1.268280224780604,-0.053967417445707926,3.1891465187072754,da3_bbox_median
right_rear,71,1772699917310637000,data\camera\right_rear_camera\1772699917310637000.jpg,-1,2,motorcycle,0.362051,1572.0,611.0,1661.0,667.0,1572.0,611.0,1661.0,667.0,unassigned,13,MOTOR,preprocessed/masks/right_rear_camera/masks/frame_000071_gt2d_013_track_-1_MOTOR.png,0.7944685220718384,1616.5,639.0,3.1426539421081543,3.1425364017486572,0.17634820938110352,1.0,1.84195556424402,-0.0013933357221040282,3.1426539421081543,da3_bbox_median
right_rear,71,1772699917310637000,data\camera\right_rear_camera\1772699917310637000.jpg,2000025,2,motorcycle,0.356037,1409.0,607.0,1476.0,672.0,1411.245361328125,607.153564453125,1480.0523681640625,671.6668090820312,matched,14,MOTOR,preprocessed/masks/right_rear_camera/masks/frame_000071_gt2d_014_track_-1_MOTOR.png,0.8601911664009094,1442.5,639.5,3.164475917816162,3.1623716354370117,0.2027144432067871,1.0,1.3641918780983278,6.365591492088733e-06,3.164475917816162,da3_bbox_median
right_rear,71,1772699917310637000,data\camera\right_rear_camera\1772699917310637000.jpg,2000036,2,motorcycle,0.670881,1297.0,609.0,1386.0,681.0,1298.4095458984375,608.575927734375,1389.3331298828125,681.1885375976562,matched,6,MOTOR,preprocessed/masks/right_rear_camera/masks/frame_000071_gt2d_006_track_-1_MOTOR.png,0.8782116174697876,1341.5,645.0,3.17941951751709,3.182188034057617,0.2231755256652832,1.0,1.0845425556158053,0.015582746120135384,3.17941951751709,da3_bbox_median
right_rear,71,1772699917310637000,data\camera\right_rear_camera\1772699917310637000.jpg,2000039,2,motorcycle,0.533578,0.0,567.0,94.0,774.0,-4.312521457672119,562.8178100585938,107.45852661132812,771.4716186523438,matched,9,MOTOR,preprocessed/masks/right_rear_camera/masks/frame_000071_gt2d_009_track_-1_MOTOR.png,0.9272158145904541,47.0,670.5,3.4659719467163086,3.569775104522705,0.8061509132385254,1.0,-2.814973887745959,0.09571357953460494,3.4659719467163086,da3_bbox_median
right_rear,71,1772699917310637000,data\camera\right_rear_camera\1772699917310637000.jpg,2000043,2,motorcycle,0.372167,1087.0,594.0,1201.0,691.0,1081.8057861328125,592.6703491210938,1199.0947265625,691.242919921875,matched,12,MOTOR,preprocessed/masks/right_rear_camera/masks/frame_000071_gt2d_012_track_-1_MOTOR.png,0.9635440111160278,1144.0,642.5,3.251628875732422,3.265474319458008,0.32042741775512695,1.0,0.5370322642288758,0.008695693241488037,3.251628875732422,da3_bbox_median
right_rear,71,1772699917310637000,data\camera\right_rear_camera\1772699917310637000.jpg,2000045,2,motorcycle,0.809737,38.0,567.0,307.0,760.0,54.22034454345703,569.7421264648438,297.33770751953125,755.7720336914062,matched,2,MOTOR,preprocessed/masks/right_rear_camera/masks/frame_000071_gt2d_002_track_-1_MOTOR.png,0.9004102945327759,172.5,663.5,3.4438743591308594,3.533128261566162,0.7422304153442383,1.0,-2.411968318442931,0.0736299641325393,3.4438743591308594,da3_bbox_median
right_rear,71,1772699917310637000,data\camera\right_rear_camera\1772699917310637000.jpg,2000048,2,motorcycle,0.836738,918.0,594.0,1064.0,704.0,908.7933959960938,594.9510498046875,1057.4246826171875,704.693359375,matched,0,MOTOR,preprocessed/masks/right_rear_camera/masks/frame_000071_gt2d_000_track_-1_MOTOR.png,0.8995442390441895,991.0,649.0,3.2895145416259766,3.3091328144073486,0.3724558353424072,1.0,0.0948963026548519,0.02784285894078327,3.2895145416259766,da3_bbox_median
right_rear,71,1772699917310637000,data\camera\right_rear_camera\1772699917310637000.jpg,2000049,2,motorcycle,0.481747,1360.0,608.0,1439.0,676.0,1362.15234375,608.50439453125,1442.61328125,676.1898803710938,matched,10,MOTOR,preprocessed/masks/right_rear_camera/masks/frame_000071_gt2d_010_track_-1_MOTOR.png,0.861585259437561,1399.5,642.0,3.166656255722046,3.1723406314849854,0.21937084197998047,1.0,1.2438194561490632,0.007058107134918453,3.166656255722046,da3_bbox_median
right_rear,71,1772699917310637000,data\camera\right_rear_camera\1772699917310637000.jpg,2000058,2,motorcycle,0.691609,1011.0,594.0,1148.0,696.0,1010.9691772460938,594.3330688476562,1149.2613525390625,696.9338989257812,matched,5,MOTOR,preprocessed/masks/right_rear_camera/masks/frame_000071_gt2d_005_track_-1_MOTOR.png,0.9063351154327393,1079.5,645.0,3.2708964347839355,3.2868034839630127,0.3486306667327881,1.0,0.3522558688983949,0.016031086318642775,3.2708964347839355,da3_bbox_median
right_rear,71,1772699917310637000,data\camera\right_rear_camera\1772699917310637000.jpg,2000059,2,motorcycle,0.540342,1168.0,597.0,1262.0,684.0,1167.7406005859375,598.2813720703125,1261.4091796875,684.3615112304688,matched,8,MOTOR,preprocessed/masks/right_rear_camera/masks/frame_000071_gt2d_008_track_-1_MOTOR.png,0.8751094341278076,1215.0,640.5,3.223417043685913,3.2337028980255127,0.28220677375793457,1.0,0.7362697018971422,0.0028777386158451916,3.223417043685913,da3_bbox_median
right_rear,71,1772699917310637000,data\camera\right_rear_camera\1772699917310637000.jpg,2000060,2,motorcycle,0.69776,788.0,591.0,922.0,706.0,780.1777954101562,591.146728515625,918.3170776367188,707.7390747070312,matched,4,MOTOR,preprocessed/masks/right_rear_camera/masks/frame_000071_gt2d_004_track_-1_MOTOR.png,0.91639643907547,855.0,648.5,3.2982096672058105,3.3205361366271973,0.38613128662109375,1.0,-0.3044780239927886,0.02644751761681598,3.2982096672058105,da3_bbox_median
right_rear,71,1772699917310637000,data\camera\right_rear_camera\1772699917310637000.jpg,2000061,2,motorcycle,0.575688,1514.0,611.0,1593.0,673.0,1515.4451904296875,611.9654541015625,1595.6424560546875,674.4735717773438,matched,7,MOTOR,preprocessed/masks/right_rear_camera/masks/frame_000071_gt2d_007_track_-1_MOTOR.png,0.8620997667312622,1553.5,642.0,3.149399518966675,3.1524038314819336,0.18617725372314453,1.0,1.6691411164958398,0.007019643883152997,3.149399518966675,da3_bbox_median
right_rear,71,1772699917310637000,data\camera\right_rear_camera\1772699917310637000.jpg,2000064,2,motorcycle,0.800377,523.0,581.0,637.0,724.0,528.8170776367188,583.7825317382812,643.2171020507812,723.3825073242188,matched,3,MOTOR,preprocessed/masks/right_rear_camera/masks/frame_000071_gt2d_003_track_-1_MOTOR.png,0.8808165788650513,580.0,652.5,3.3817479610443115,3.4228954315185547,0.5192947387695312,1.0,-1.1407225370149006,0.0391665403391776,3.3817479610443115,da3_bbox_median
right_rear,71,1772699917310637000,data\camera\right_rear_camera\1772699917310637000.jpg,2000065,2,motorcycle,0.813774,614.0,591.0,739.0,714.0,614.0,591.0,739.0,714.0,tentative,1,MOTOR,preprocessed/masks/right_rear_camera/masks/frame_000071_gt2d_001_track_-1_MOTOR.png,0.8475313186645508,676.5,652.5,3.3175573348999023,3.3432862758636475,0.4150707721710205,1.0,-0.8338489777290271,0.038423100917540254,3.3175573348999023,da3_bbox_median
right_rear,72,1772699917410645000,data\camera\right_rear_camera\1772699917410645000.jpg,-1,2,motorcycle,0.491,355.0,561.0,537.0,735.0,355.0,561.0,537.0,735.0,unassigned,10,MOTOR,preprocessed/masks/right_rear_camera/masks/frame_000072_gt2d_010_track_-1_MOTOR.png,0.8927210569381714,446.0,648.0,3.3518543243408203,3.4253768920898438,0.6546261310577393,1.0,-1.5307914464178627,0.02538485079388849,3.3518543243408203,da3_bbox_median
right_rear,72,1772699917410645000,data\camera\right_rear_camera\1772699917410645000.jpg,-1,3,person,0.461988,1390.0,584.0,1421.0,658.0,1390.0,584.0,1421.0,658.0,unassigned,11,PEDESTRIAN_NORMAL,preprocessed/masks/right_rear_camera/masks/frame_000072_gt2d_011_track_-1_PEDESTRIAN_NORMAL.png,0.8573895692825317,1405.5,621.0,3.098224639892578,3.0986745357513428,0.23769497871398926,1.0,1.2335019548121093,-0.051048948278204345,3.098224639892578,da3_bbox_median
right_rear,72,1772699917410645000,data\camera\right_rear_camera\1772699917410645000.jpg,-1,2,motorcycle,0.329306,1582.0,611.0,1672.0,666.0,1582.0,611.0,1672.0,666.0,unassigned,12,MOTOR,preprocessed/masks/right_rear_camera/masks/frame_000072_gt2d_012_track_-1_MOTOR.png,0.7636922597885132,1627.0,638.5,3.0309183597564697,3.0327858924865723,0.16815495491027832,1.0,1.8048187124617758,-0.0026936895820754993,3.0309183597564697,da3_bbox_median
right_rear,72,1772699917410645000,data\camera\right_rear_camera\1772699917410645000.jpg,2000025,2,motorcycle,0.300971,1425.0,608.0,1493.0,670.0,1429.134765625,607.61572265625,1496.7613525390625,669.708740234375,matched,14,MOTOR,preprocessed/masks/right_rear_camera/masks/frame_000072_gt2d_014_track_-1_MOTOR.png,0.891445517539978,1459.0,639.0,3.063981056213379,3.0608880519866943,0.19214129447937012,1.0,1.3659097348662836,-0.0013584550943615188,3.063981056213379,da3_bbox_median
right_rear,72,1772699917410645000,data\camera\right_rear_camera\1772699917410645000.jpg,2000036,2,motorcycle,0.585689,1321.0,607.0,1412.0,682.0,1325.387939453125,607.4713134765625,1415.0654296875,680.781494140625,matched,8,MOTOR,preprocessed/masks/right_rear_camera/masks/frame_000072_gt2d_008_track_-1_MOTOR.png,0.8700711131095886,1366.5,644.5,3.0827529430389404,3.08963942527771,0.2195117473602295,1.0,1.1202299674086549,0.01373599169145488,3.0827529430389404,da3_bbox_median
right_rear,72,1772699917410645000,data\camera\right_rear_camera\1772699917410645000.jpg,2000045,2,motorcycle,0.780068,47.0,571.0,265.0,761.0,35.50789260864258,569.91943359375,278.68011474609375,759.43994140625,matched,2,MOTOR,preprocessed/masks/right_rear_camera/masks/frame_000072_gt2d_002_track_-1_MOTOR.png,0.9220475554466248,156.0,666.0,3.3345470428466797,3.4175989627838135,0.6965999603271484,1.0,-2.3844174139205156,0.07871815671976937,3.3345470428466797,da3_bbox_median
right_rear,72,1772699917410645000,data\camera\right_rear_camera\1772699917410645000.jpg,2000048,2,motorcycle,0.806456,959.0,594.0,1114.0,700.0,958.229736328125,594.6946411132812,1111.17431640625,700.4675903320312,matched,1,MOTOR,preprocessed/masks/right_rear_camera/masks/frame_000072_gt2d_001_track_-1_MOTOR.png,0.8654595613479614,1036.5,647.0,3.172974109649658,3.1896588802337646,0.34307074546813965,1.0,0.22015583487166507,0.021203801308885536,3.172974109649658,da3_bbox_median
right_rear,72,1772699917410645000,data\camera\right_rear_camera\1772699917410645000.jpg,2000049,2,motorcycle,0.502932,1379.0,607.0,1459.0,674.0,1383.3968505859375,607.462646484375,1462.8455810546875,673.8939819335938,matched,9,MOTOR,preprocessed/masks/right_rear_camera/masks/frame_000072_gt2d_009_track_-1_MOTOR.png,0.8492118120193481,1419.0,640.5,3.065833806991577,3.070425271987915,0.20984864234924316,1.0,1.25747994407701,0.00273705456556586,3.065833806991577,da3_bbox_median
right_rear,72,1772699917410645000,data\camera\right_rear_camera\1772699917410645000.jpg,2000058,2,motorcycle,0.656663,1061.0,597.0,1188.0,695.0,1062.781494140625,596.7334594726562,1190.197265625,694.6143798828125,matched,6,MOTOR,preprocessed/masks/right_rear_camera/masks/frame_000072_gt2d_006_track_-1_MOTOR.png,0.8951418995857239,1124.5,646.0,3.146070957183838,3.1587510108947754,0.3046391010284424,1.0,0.4649424196040023,0.018221659049942697,3.146070957183838,da3_bbox_median
right_rear,72,1772699917410645000,data\camera\right_rear_camera\1772699917410645000.jpg,2000059,2,motorcycle,0.324004,1206.0,597.0,1297.0,684.0,1207.4989013671875,597.5242919921875,1297.817626953125,683.663330078125,matched,13,MOTOR,preprocessed/masks/right_rear_camera/masks/frame_000072_gt2d_013_track_-1_MOTOR.png,0.8872365951538086,1251.5,640.5,3.1197683811187744,3.1292731761932373,0.2665584087371826,1.0,0.8140447464883979,0.0027852052096157907,3.1197683811187744,da3_bbox_median
right_rear,72,1772699917410645000,data\camera\right_rear_camera\1772699917410645000.jpg,2000060,2,motorcycle,0.618344,866.0,588.0,989.0,701.0,865.57275390625,589.1046752929688,988.4454956054688,701.6210327148438,matched,7,MOTOR,preprocessed/masks/right_rear_camera/masks/frame_000072_gt2d_007_track_-1_MOTOR.png,0.9123336672782898,927.5,644.5,3.193411350250244,3.21374249458313,0.36511754989624023,1.0,-0.08853702679092426,0.014229058437356905,3.193411350250244,da3_bbox_median
right_rear,72,1772699917410645000,data\camera\right_rear_camera\1772699917410645000.jpg,2000061,2,motorcycle,0.671867,1528.0,609.0,1605.0,671.0,1529.8924560546875,609.81201171875,1606.770751953125,671.5712890625,matched,5,MOTOR,preprocessed/masks/right_rear_camera/masks/frame_000072_gt2d_005_track_-1_MOTOR.png,0.8837426900863647,1566.5,640.0,3.0486462116241455,3.0514121055603027,0.17615437507629395,1.0,1.6510522139633557,0.0013639213772644171,3.0486462116241455,da3_bbox_median
right_rear,72,1772699917410645000,data\camera\right_rear_camera\1772699917410645000.jpg,2000064,2,motorcycle,0.747983,601.0,583.0,738.0,716.0,590.7872314453125,584.2023315429688,722.6845092773438,718.884033203125,matched,4,MOTOR,preprocessed/masks/right_rear_camera/masks/frame_000072_gt2d_004_track_-1_MOTOR.png,0.8955707550048828,669.5,649.5,3.2378737926483154,3.2704648971557617,0.4417450428009033,1.0,-0.8340136410211588,0.02884783113341832,3.2378737926483154,da3_bbox_median
right_rear,72,1772699917410645000,data\camera\right_rear_camera\1772699917410645000.jpg,2000065,2,motorcycle,0.762233,687.0,590.0,826.0,709.0,677.7899780273438,590.9872436523438,813.989990234375,710.7872314453125,matched,3,MOTOR,preprocessed/masks/right_rear_camera/masks/frame_000072_gt2d_003_track_-1_MOTOR.png,0.8911308646202087,756.5,649.5,3.1995725631713867,3.222555160522461,0.3823130130767822,1.0,-0.5761507290209398,0.028506586393533314,3.1995725631713867,da3_bbox_median
right_rear,72,1772699917410645000,data\camera\right_rear_camera\1772699917410645000.jpg,2000066,2,motorcycle,0.836559,186.0,567.0,445.0,750.0,186.0,567.0,445.0,750.0,tentative,0,MOTOR,preprocessed/masks/right_rear_camera/masks/frame_000072_gt2d_000_track_-1_MOTOR.png,0.8372160196304321,315.5,658.5,3.336137056350708,3.4117238521575928,0.6633257865905762,1.0,-1.9114868241787484,0.05646824447075997,3.336137056350708,da3_bbox_median
right_rear,73,1772699917510652000,data\camera\right_rear_camera\1772699917510652000.jpg,-1,3,person,0.419367,1387.0,584.0,1422.0,660.0,1387.0,584.0,1422.0,660.0,unassigned,12,PEDESTRIAN_NORMAL,preprocessed/masks/right_rear_camera/masks/frame_000073_gt2d_012_track_-1_PEDESTRIAN_NORMAL.png,0.8962017297744751,1404.5,622.0,3.215961217880249,3.222217082977295,0.25293922424316406,1.0,1.2775114941590042,-0.05012426171404985,3.215961217880249,da3_bbox_median
right_rear,73,1772699917510652000,data\camera\right_rear_camera\1772699917510652000.jpg,-1,2,motorcycle,0.40507,1596.0,612.0,1682.0,665.0,1596.0,612.0,1682.0,665.0,unassigned,13,MOTOR,preprocessed/masks/right_rear_camera/masks/frame_000073_gt2d_013_track_-1_MOTOR.png,0.7831162214279175,1639.0,638.5,3.142775058746338,3.143918037414551,0.1726057529449463,1.0,1.9050252362121043,-0.0027931007799338846,3.142775058746338,da3_bbox_median
right_rear,73,1772699917510652000,data\camera\right_rear_camera\1772699917510652000.jpg,-1,2,motorcycle,0.330123,810.0,593.0,936.0,700.0,810.0,593.0,936.0,700.0,unassigned,15,MOTOR,preprocessed/masks/right_rear_camera/masks/frame_000073_gt2d_015_track_-1_MOTOR.png,0.8453119993209839,873.0,646.5,3.286470413208008,3.3051345348358154,0.3514995574951172,1.0,-0.2506909912592622,0.0204985451479363,3.286470413208008,da3_bbox_median
right_rear,73,1772699917510652000,data\camera\right_rear_camera\1772699917510652000.jpg,2000025,2,motorcycle,0.314418,1445.0,608.0,1511.0,669.0,1449.0263671875,608.0599365234375,1514.934326171875,668.7070922851562,matched,16,MOTOR,preprocessed/masks/right_rear_camera/masks/frame_000073_gt2d_016_track_-1_MOTOR.png,0.8950648903846741,1478.0,638.5,3.16243577003479,3.1629302501678467,0.18210554122924805,1.0,1.463332120361262,-0.002810573983394948,3.16243577003479,da3_bbox_median
right_rear,73,1772699917510652000,data\camera\right_rear_camera\1772699917510652000.jpg,2000036,2,motorcycle,0.482897,1339.0,605.0,1433.0,678.0,1346.6341552734375,606.000732421875,1438.1072998046875,678.2489624023438,matched,10,MOTOR,preprocessed/masks/right_rear_camera/masks/frame_000073_gt2d_010_track_-1_MOTOR.png,0.8612555265426636,1386.0,641.5,3.1948490142822266,3.2018754482269287,0.2262709140777588,1.0,1.2164676666285485,0.005698041740009275,3.1948490142822266,da3_bbox_median
right_rear,73,1772699917510652000,data\camera\right_rear_camera\1772699917510652000.jpg,2000039,2,motorcycle,0.496296,0.0,508.0,87.0,757.0,-3.0442605018615723,520.4182739257812,88.50945281982422,761.0659790039062,matched,9,MOTOR,preprocessed/masks/right_rear_camera/masks/frame_000073_gt2d_009_track_-1_MOTOR.png,0.900113046169281,43.5,632.5,3.6707711219787598,3.872093915939331,1.1719484329223633,1.0,-2.9927527385149983,-0.022880757540102,3.6707711219787598,da3_bbox_median
right_rear,73,1772699917510652000,data\camera\right_rear_camera\1772699917510652000.jpg,2000048,2,motorcycle,0.812266,1005.0,594.0,1161.0,698.0,1006.3084106445312,594.7994384765625,1161.4654541015625,698.0028076171875,matched,1,MOTOR,preprocessed/masks/right_rear_camera/masks/frame_000073_gt2d_001_track_-1_MOTOR.png,0.8915306329727173,1083.0,646.0,3.2803072929382324,3.293680191040039,0.33875155448913574,1.0,0.36349800970715296,0.018999139524960247,3.2803072929382324,da3_bbox_median
right_rear,73,1772699917510652000,data\camera\right_rear_camera\1772699917510652000.jpg,2000049,2,motorcycle,0.534214,1403.0,609.0,1479.0,673.0,1407.060302734375,608.73876953125,1483.4896240234375,672.7642211914062,matched,8,MOTOR,preprocessed/masks/right_rear_camera/masks/frame_000073_gt2d_008_track_-1_MOTOR.png,0.8714951276779175,1441.0,641.0,3.1748523712158203,3.1727442741394043,0.19758272171020508,1.0,1.3644223428420006,0.004248379777565909,3.1748523712158203,da3_bbox_median
right_rear,73,1772699917510652000,data\camera\right_rear_camera\1772699917510652000.jpg,2000058,2,motorcycle,0.615765,1103.0,597.0,1227.0,692.0,1107.572509765625,597.6437377929688,1229.96728515625,692.077880859375,matched,5,MOTOR,preprocessed/masks/right_rear_camera/masks/frame_000073_gt2d_005_track_-1_MOTOR.png,0.9109247922897339,1165.0,644.5,3.2623648643493652,3.2729289531707764,0.3133835792541504,1.0,0.599841597502289,0.014536298399255526,3.2623648643493652,da3_bbox_median
right_rear,73,1772699917510652000,data\camera\right_rear_camera\1772699917510652000.jpg,2000059,2,motorcycle,0.440592,1236.0,599.0,1327.0,682.0,1240.6539306640625,598.8999633789062,1330.156005859375,682.337890625,matched,11,MOTOR,preprocessed/masks/right_rear_camera/masks/frame_000073_gt2d_011_track_-1_MOTOR.png,0.8772643804550171,1281.5,640.5,3.226139545440674,3.2321078777313232,0.26647257804870605,1.0,0.92802665853993,0.002880169157200902,3.226139545440674,da3_bbox_median
right_rear,73,1772699917510652000,data\camera\right_rear_camera\1772699917510652000.jpg,2000060,2,motorcycle,0.335978,915.0,588.0,1040.0,698.0,922.9051513671875,588.6543579101562,1044.14453125,697.9473266601562,matched,14,MOTOR,preprocessed/masks/right_rear_camera/masks/frame_000073_gt2d_014_track_-1_MOTOR.png,0.7992119193077087,977.5,643.0,3.301997184753418,3.317617654800415,0.3622255325317383,1.0,0.055542175235886775,0.010301015882897857,3.301997184753418,da3_bbox_median
right_rear,73,1772699917510652000,data\camera\right_rear_camera\1772699917510652000.jpg,2000061,2,motorcycle,0.600339,1541.0,611.0,1619.0,671.0,1543.7332763671875,610.8872680664062,1620.5792236328125,670.9913330078125,matched,6,MOTOR,preprocessed/masks/right_rear_camera/masks/frame_000073_gt2d_006_track_-1_MOTOR.png,0.8933298587799072,1580.0,641.0,3.1608879566192627,3.1630465984344482,0.18165135383605957,1.0,1.749855921259511,0.004229693511358563,3.1608879566192627,da3_bbox_median
right_rear,73,1772699917510652000,data\camera\right_rear_camera\1772699917510652000.jpg,2000064,2,motorcycle,0.574727,700.0,584.0,809.0,707.0,682.3362426757812,584.7596435546875,800.0231323242188,709.8564453125,matched,7,MOTOR,preprocessed/masks/right_rear_camera/masks/frame_000073_gt2d_007_track_-1_MOTOR.png,0.8611577749252319,754.5,645.5,3.339887857437134,3.3659181594848633,0.4168863296508789,1.0,-0.6073685702158779,0.017856722542238534,3.339887857437134,da3_bbox_median
right_rear,73,1772699917510652000,data\camera\right_rear_camera\1772699917510652000.jpg,2000065,2,motorcycle,0.685898,759.0,592.0,889.0,704.0,746.0595092773438,592.8399658203125,877.6134033203125,706.5770263671875,matched,4,MOTOR,preprocessed/masks/right_rear_camera/masks/frame_000073_gt2d_004_track_-1_MOTOR.png,0.9030388593673706,824.0,648.0,3.2988743782043457,3.316141128540039,0.3635997772216797,1.0,-0.3956487759377232,0.024983613777716213,3.2988743782043457,da3_bbox_median
right_rear,73,1772699917510652000,data\camera\right_rear_camera\1772699917510652000.jpg,2000066,2,motorcycle,0.833979,329.0,569.0,570.0,741.0,306.315673828125,569.5569458007812,550.9156494140625,743.7568969726562,matched,0,MOTOR,preprocessed/masks/right_rear_camera/masks/frame_000073_gt2d_000_track_-1_MOTOR.png,0.8409916162490845,449.5,655.0,3.4517593383789062,3.5214202404022217,0.6473963260650635,1.0,-1.5656547842624535,0.04766401935309813,3.4517593383789062,da3_bbox_median
right_rear,73,1772699917510652000,data\camera\right_rear_camera\1772699917510652000.jpg,2000067,2,motorcycle,0.799593,208.0,577.0,411.0,752.0,208.0,577.0,411.0,752.0,tentative,2,MOTOR,preprocessed/masks/right_rear_camera/masks/frame_000073_gt2d_002_track_-1_MOTOR.png,0.9013811349868774,309.5,664.5,3.4430947303771973,3.5128936767578125,0.644812822341919,1.0,-1.9911747360175394,0.07668022775349334,3.4430947303771973,da3_bbox_median
right_rear,73,1772699917510652000,data\camera\right_rear_camera\1772699917510652000.jpg,2000068,2,motorcycle,0.707846,480.0,555.0,652.0,732.0,480.0,555.0,652.0,732.0,tentative,3,MOTOR,preprocessed/masks/right_rear_camera/masks/frame_000073_gt2d_003_track_-1_MOTOR.png,0.8648324012756348,566.0,643.5,3.491487503051758,3.573072910308838,0.6953155994415283,1.0,-1.2212881964114066,0.012447174865186891,3.491487503051758,da3_bbox_median
right_rear,74,1772699917610660000,data\camera\right_rear_camera\1772699917610660000.jpg,-1,2,motorcycle,0.479338,1605.0,615.0,1692.0,668.0,1605.0,615.0,1692.0,668.0,unassigned,8,MOTOR,preprocessed/masks/right_rear_camera/masks/frame_000074_gt2d_008_track_-1_MOTOR.png,0.7922555208206177,1648.5,641.5,3.079730987548828,3.081360101699829,0.17273402214050293,1.0,1.8928762872009455,0.005492727711577238,3.079730987548828,da3_bbox_median
right_rear,74,1772699917610660000,data\camera\right_rear_camera\1772699917610660000.jpg,-1,3,person,0.418822,1394.0,586.0,1425.0,663.0,1394.0,586.0,1425.0,663.0,unassigned,10,PEDESTRIAN_NORMAL,preprocessed/masks/right_rear_camera/masks/frame_000074_gt2d_010_track_-1_PEDESTRIAN_NORMAL.png,0.8987685441970825,1409.5,624.5,3.153139114379883,3.1590402126312256,0.252948522567749,1.0,1.2666018568833755,-0.04212347452236798,3.153139114379883,da3_bbox_median
right_rear,74,1772699917610660000,data\camera\right_rear_camera\1772699917610660000.jpg,-1,2,motorcycle,0.363784,897.0,599.0,990.0,700.0,897.0,599.0,990.0,700.0,unassigned,13,MOTOR,preprocessed/masks/right_rear_camera/masks/frame_000074_gt2d_013_track_-1_MOTOR.png,0.8837500214576721,943.5,649.5,3.209407329559326,3.223255157470703,0.3247997760772705,1.0,-0.043231632118660546,0.028594209228197245,3.209407329559326,da3_bbox_median
right_rear,74,1772699917610660000,data\camera\right_rear_camera\1772699917610660000.jpg,2000025,2,motorcycle,0.368113,1464.0,610.0,1527.0,669.0,1466.4097900390625,609.7564697265625,1529.728271484375,668.607177734375,matched,12,MOTOR,preprocessed/masks/right_rear_camera/masks/frame_000074_gt2d_012_track_-1_MOTOR.png,0.8805809020996094,1495.5,639.5,3.099100112915039,3.1003189086914062,0.1818222999572754,1.0,1.4823432885782228,6.2340829332388895e-06,3.099100112915039,da3_bbox_median
right_rear,74,1772699917610660000,data\camera\right_rear_camera\1772699917610660000.jpg,2000036,2,motorcycle,0.393529,1358.0,608.0,1456.0,678.0,1364.3226318359375,607.6775512695312,1459.2607421875,677.6123657226562,matched,11,MOTOR,preprocessed/masks/right_rear_camera/masks/frame_000074_gt2d_011_track_-1_MOTOR.png,0.860262930393219,1407.0,643.0,3.1277050971984863,3.1298155784606934,0.21883749961853027,1.0,1.249418837462278,0.009757288719695915,3.1277050971984863,da3_bbox_median
right_rear,74,1772699917610660000,data\camera\right_rear_camera\1772699917610660000.jpg,2000045,2,motorcycle,0.604641,0.0,524.0,265.0,743.0,-3.0932366847991943,534.9102783203125,262.5600891113281,747.62744140625,matched,5,MOTOR,preprocessed/masks/right_rear_camera/masks/frame_000074_gt2d_005_track_-1_MOTOR.png,0.834031879901886,132.5,633.5,3.5313162803649902,3.675948143005371,0.9780721664428711,1.0,-2.599053489206508,-0.01886598826035362,3.5313162803649902,da3_bbox_median
right_rear,74,1772699917610660000,data\camera\right_rear_camera\1772699917610660000.jpg,2000048,2,motorcycle,0.788422,1059.0,598.0,1202.0,696.0,1056.57373046875,597.7147216796875,1203.947265625,696.0426025390625,matched,1,MOTOR,preprocessed/masks/right_rear_camera/masks/frame_000074_gt2d_001_track_-1_MOTOR.png,0.899056613445282,1130.5,647.0,3.1987266540527344,3.210789680480957,0.3146541118621826,1.0,0.4898228844418998,0.0213758959481265,3.1987266540527344,da3_bbox_median
right_rear,74,1772699917610660000,data\camera\right_rear_camera\1772699917610660000.jpg,2000049,2,motorcycle,0.504203,1422.0,610.0,1496.0,673.0,1425.5697021484375,610.0355224609375,1499.6348876953125,672.6253662109375,matched,7,MOTOR,preprocessed/masks/right_rear_camera/masks/frame_000074_gt2d_007_track_-1_MOTOR.png,0.8927962779998779,1459.0,641.5,3.1123180389404297,3.1103150844573975,0.19857501983642578,1.0,1.3874581563642083,0.005550847008665489,3.1123180389404297,da3_bbox_median
right_rear,74,1772699917610660000,data\camera\right_rear_camera\1772699917610660000.jpg,2000058,2,motorcycle,0.474777,1151.0,600.0,1268.0,693.0,1152.914306640625,600.1455688476562,1269.019775390625,692.24365234375,matched,9,MOTOR,preprocessed/masks/right_rear_camera/masks/frame_000074_gt2d_009_track_-1_MOTOR.png,0.9089270830154419,1209.5,646.5,3.1889171600341797,3.2011196613311768,0.3088517189025879,1.0,0.7127637112634865,0.01989008089507853,3.1889171600341797,da3_bbox_median
right_rear,74,1772699917610660000,data\camera\right_rear_camera\1772699917610660000.jpg,2000059,2,motorcycle,0.357481,1276.0,605.0,1354.0,683.0,1276.8153076171875,603.71826171875,1356.994873046875,682.7789306640625,matched,14,MOTOR,preprocessed/masks/right_rear_camera/masks/frame_000074_gt2d_014_track_-1_MOTOR.png,0.9116853475570679,1315.0,644.0,3.145094156265259,3.150190591812134,0.24406933784484863,1.0,0.9985805136330274,0.01261302463525227,3.145094156265259,da3_bbox_median
right_rear,74,1772699917610660000,data\camera\right_rear_camera\1772699917610660000.jpg,2000061,2,motorcycle,0.542338,1555.0,614.0,1630.0,672.0,1556.082275390625,613.53955078125,1630.8646240234375,671.7224731445312,matched,6,MOTOR,preprocessed/masks/right_rear_camera/masks/frame_000074_gt2d_006_track_-1_MOTOR.png,0.8525580167770386,1592.5,643.0,3.0932960510253906,3.0908284187316895,0.17351007461547852,1.0,1.7468855411148205,0.00964994516023407,3.0932960510253906,da3_bbox_median
right_rear,74,1772699917610660000,data\camera\right_rear_camera\1772699917610660000.jpg,2000065,2,motorcycle,0.634004,829.0,593.0,953.0,704.0,820.0250244140625,593.7594604492188,945.22705078125,704.7349243164062,matched,4,MOTOR,preprocessed/masks/right_rear_camera/masks/frame_000074_gt2d_004_track_-1_MOTOR.png,0.9171173572540283,891.0,648.5,3.239427328109741,3.256058931350708,0.3637657165527344,1.0,-0.1951536526194528,0.025976156755722506,3.239427328109741,da3_bbox_median
right_rear,74,1772699917610660000,data\camera\right_rear_camera\1772699917610660000.jpg,2000066,2,motorcycle,0.834273,460.0,571.0,667.0,741.0,432.2712097167969,571.8546142578125,647.3592529296875,742.7661743164062,matched,0,MOTOR,preprocessed/masks/right_rear_camera/masks/frame_000074_gt2d_000_track_-1_MOTOR.png,0.803877592086792,563.5,656.0,3.397629737854004,3.4630484580993652,0.6403999328613281,1.0,-1.1960251552715837,0.04994299866935722,3.397629737854004,da3_bbox_median
right_rear,74,1772699917610660000,data\camera\right_rear_camera\1772699917610660000.jpg,2000068,2,motorcycle,0.769519,590.0,557.0,753.0,730.0,572.9554443359375,557.6760864257812,737.7554321289062,731.47607421875,matched,3,MOTOR,preprocessed/masks/right_rear_camera/masks/frame_000074_gt2d_003_track_-1_MOTOR.png,0.8765473365783691,671.5,643.5,3.4257073402404785,3.503528356552124,0.6849119663238525,1.0,-0.8762919090700484,0.01221266817184865,3.4257073402404785,da3_bbox_median
right_rear,74,1772699917610660000,data\camera\right_rear_camera\1772699917610660000.jpg,2000069,2,motorcycle,0.781018,343.0,580.0,537.0,738.0,343.0,580.0,537.0,738.0,tentative,2,MOTOR,preprocessed/masks/right_rear_camera/masks/frame_000074_gt2d_002_track_-1_MOTOR.png,0.8795056939125061,440.0,659.0,3.3584723472595215,3.412362813949585,0.5790054798126221,1.0,-1.5517665517186945,0.0583420742808552,3.3584723472595215,da3_bbox_median
right_rear,75,1772699917710637000,data\camera\right_rear_camera\1772699917710637000.jpg,-1,2,motorcycle,0.478366,1618.0,615.0,1701.0,667.0,1618.0,615.0,1701.0,667.0,unassigned,8,MOTOR,preprocessed/masks/right_rear_camera/masks/frame_000075_gt2d_008_track_-1_MOTOR.png,0.7912269830703735,1659.5,641.0,3.1511149406433105,3.1485846042633057,0.1599113941192627,1.0,1.9676316589959035,0.004216615900627906,3.1511149406433105,da3_bbox_median
right_rear,75,1772699917710637000,data\camera\right_rear_camera\1772699917710637000.jpg,-1,0,bicycle,0.341846,0.0,592.0,64.0,724.0,0.0,592.0,64.0,724.0,unassigned,10,BICYCLE,preprocessed/masks/right_rear_camera/masks/frame_000075_gt2d_010_track_-1_BICYCLE.png,0.880193829536438,32.0,658.0,3.2954835891723633,3.3280935287475586,0.44648075103759766,1.0,-2.720547472758033,0.05431241045514623,3.2954835891723633,da3_bbox_median
right_rear,75,1772699917710637000,data\camera\right_rear_camera\1772699917710637000.jpg,2000025,2,motorcycle,0.339566,1481.0,610.0,1544.0,669.0,1482.8199462890625,609.9970092773438,1545.302978515625,668.3056640625,matched,11,MOTOR,preprocessed/masks/right_rear_camera/masks/frame_000075_gt2d_011_track_-1_MOTOR.png,0.8848092555999756,1512.5,639.5,3.1773040294647217,3.177882671356201,0.18767881393432617,1.0,1.567871289896163,6.391396244752482e-06,3.1773040294647217,da3_bbox_median
right_rear,75,1772699917710637000,data\camera\right_rear_camera\1772699917710637000.jpg,2000036,2,motorcycle,0.304032,1375.0,606.0,1476.0,678.0,1380.6617431640625,606.5471801757812,1478.9510498046875,677.1420288085938,matched,12,MOTOR,preprocessed/masks/right_rear_camera/masks/frame_000075_gt2d_012_track_-1_MOTOR.png,0.7458036541938782,1425.5,642.0,3.2105045318603516,3.2183187007904053,0.2350013256072998,1.0,1.335409809984126,0.007155839823809588,3.2105045318603516,da3_bbox_median
right_rear,75,1772699917710637000,data\camera\right_rear_camera\1772699917710637000.jpg,2000045,2,motorcycle,0.604151,79.0,545.0,415.0,739.0,43.52415466308594,540.3739624023438,355.2338562011719,741.6985473632812,matched,4,MOTOR,preprocessed/masks/right_rear_camera/masks/frame_000075_gt2d_004_track_-1_MOTOR.png,0.8393723964691162,247.0,642.0,3.5179948806762695,3.6239540576934814,0.8084959983825684,1.0,-2.230379586726931,0.00784119991648606,3.5179948806762695,da3_bbox_median
right_rear,75,1772699917710637000,data\camera\right_rear_camera\1772699917710637000.jpg,2000048,2,motorcycle,0.792761,1101.0,598.0,1239.0,695.0,1101.0714111328125,598.3250732421875,1242.0045166015625,694.4482421875,matched,2,MOTOR,preprocessed/masks/right_rear_camera/masks/frame_000075_gt2d_002_track_-1_MOTOR.png,0.900446891784668,1170.0,646.5,3.2779123783111572,3.2911980152130127,0.3227372169494629,1.0,0.6173019599265206,0.020445166525081312,3.2779123783111572,da3_bbox_median
right_rear,75,1772699917710637000,data\camera\right_rear_camera\1772699917710637000.jpg,2000049,2,motorcycle,0.507886,1438.0,607.0,1514.0,674.0,1441.5601806640625,608.0596313476562,1516.2607421875,672.9923706054688,matched,7,MOTOR,preprocessed/masks/right_rear_camera/masks/frame_000075_gt2d_007_track_-1_MOTOR.png,0.9024819135665894,1476.0,640.5,3.19342303276062,3.198338270187378,0.22188782691955566,1.0,1.471980514045046,0.0028509611550593234,3.19342303276062,da3_bbox_median
right_rear,75,1772699917710637000,data\camera\right_rear_camera\1772699917710637000.jpg,2000058,2,motorcycle,0.423206,1190.0,588.0,1322.0,692.0,1192.9658203125,592.0533447265625,1318.4197998046875,691.3763427734375,matched,9,MOTOR,preprocessed/masks/right_rear_camera/masks/frame_000075_gt2d_009_track_-1_MOTOR.png,0.8859644532203674,1256.0,640.0,3.300525426864624,3.31514573097229,0.34990930557250977,1.0,0.8744420656368072,0.001476608590639712,3.300525426864624,da3_bbox_median
right_rear,75,1772699917710637000,data\camera\right_rear_camera\1772699917710637000.jpg,2000061,2,motorcycle,0.552466,1569.0,615.0,1643.0,670.0,1569.0457763671875,614.7880859375,1642.560791015625,670.2521362304688,matched,6,MOTOR,preprocessed/masks/right_rear_camera/masks/frame_000075_gt2d_006_track_-1_MOTOR.png,0.8443442583084106,1606.0,642.5,3.1576523780822754,3.1583120822906494,0.1781005859375,1.0,1.8212078105010427,0.008444375878189305,3.1576523780822754,da3_bbox_median
right_rear,75,1772699917710637000,data\camera\right_rear_camera\1772699917710637000.jpg,2000065,2,motorcycle,0.562891,913.0,600.0,1033.0,700.0,903.6204833984375,598.9588012695312,1023.9742431640625,700.8430786132812,matched,5,MOTOR,preprocessed/masks/right_rear_camera/masks/frame_000075_gt2d_005_track_-1_MOTOR.png,0.9232003092765808,973.0,650.0,3.2866249084472656,3.3022260665893555,0.33495306968688965,1.0,0.042107154641475915,0.03074595750870103,3.2866249084472656,da3_bbox_median
right_rear,75,1772699917710637000,data\camera\right_rear_camera\1772699917710637000.jpg,2000066,2,motorcycle,0.816651,575.0,577.0,759.0,731.0,563.3265380859375,576.5336303710938,750.114990234375,733.73095703125,matched,0,MOTOR,preprocessed/masks/right_rear_camera/masks/frame_000075_gt2d_000_track_-1_MOTOR.png,0.7865389585494995,667.0,654.0,3.437391757965088,3.48919677734375,0.5740318298339844,1.0,-0.8930616574309602,0.04440377079897583,3.437391757965088,da3_bbox_median
right_rear,75,1772699917710637000,data\camera\right_rear_camera\1772699917710637000.jpg,2000068,2,motorcycle,0.752352,674.0,563.0,839.0,726.0,657.0057983398438,562.7882080078125,821.9620971679688,728.2150268554688,matched,3,MOTOR,preprocessed/masks/right_rear_camera/masks/frame_000075_gt2d_003_track_-1_MOTOR.png,0.884107768535614,756.5,644.5,3.476544141769409,3.5411648750305176,0.6348562240600586,1.0,-0.6260253212599605,0.015490628775215976,3.476544141769409,da3_bbox_median
right_rear,75,1772699917710637000,data\camera\right_rear_camera\1772699917710637000.jpg,2000069,2,motorcycle,0.79508,460.0,583.0,650.0,737.0,441.2645263671875,583.2763061523438,632.0645141601562,738.0762939453125,matched,1,MOTOR,preprocessed/masks/right_rear_camera/masks/frame_000075_gt2d_001_track_-1_MOTOR.png,0.9013409614562988,555.0,660.0,3.431830406188965,3.48378324508667,0.5717086791992188,1.0,-1.2340528408211975,0.06267332031094702,3.431830406188965,da3_bbox_median
right_rear,76,1772699917810644000,data\camera\right_rear_camera\1772699917810644000.jpg,-1,2,motorcycle,0.451522,1629.0,615.0,1713.0,667.0,1629.0,615.0,1713.0,667.0,unassigned,8,MOTOR,preprocessed/masks/right_rear_camera/masks/frame_000076_gt2d_008_track_-1_MOTOR.png,0.786726713180542,1671.0,641.0,3.106414794921875,3.1054656505584717,0.16915488243103027,1.0,1.971546615006391,0.0041568010894389145,3.106414794921875,da3_bbox_median
right_rear,76,1772699917810644000,data\camera\right_rear_camera\1772699917810644000.jpg,4,0,bicycle,0.476285,1579.0,615.0,1654.0,669.0,1581.0631103515625,614.4323120117188,1656.5592041015625,669.0367431640625,matched,6,BICYCLE,preprocessed/masks/right_rear_camera/masks/frame_000076_gt2d_006_track_-1_BICYCLE.png,0.8479369282722473,1616.5,642.0,3.114564895629883,3.1157593727111816,0.1865682601928711,1.0,1.8254921621615579,0.00694200157414919,3.114564895629883,da3_bbox_median
right_rear,76,1772699917810644000,data\camera\right_rear_camera\1772699917810644000.jpg,6,0,bicycle,0.788533,0.0,576.0,269.0,747.0,0.0,576.0,269.0,747.0,tentative,3,BICYCLE,preprocessed/masks/right_rear_camera/masks/frame_000076_gt2d_003_track_-1_BICYCLE.png,0.8515985012054443,134.5,661.5,3.3452744483947754,3.4110209941864014,0.6373333930969238,1.0,-2.456165750925381,0.06556230247276218,3.3452744483947754,da3_bbox_median
right_rear,76,1772699917810644000,data\camera\right_rear_camera\1772699917810644000.jpg,2000025,2,motorcycle,0.439395,1496.0,612.0,1562.0,669.0,1498.4998779296875,611.6361694335938,1562.810791015625,668.4605102539062,matched,9,MOTOR,preprocessed/masks/right_rear_camera/masks/frame_000076_gt2d_009_track_-1_MOTOR.png,0.8972946405410767,1529.0,640.5,3.1286749839782715,3.126120090484619,0.19052505493164062,1.0,1.589866581364022,0.00279315667063911,3.1286749839782715,da3_bbox_median
right_rear,76,1772699917810644000,data\camera\right_rear_camera\1772699917810644000.jpg,2000036,2,motorcycle,0.350615,1391.0,607.0,1495.0,678.0,1396.7802734375,607.0250854492188,1498.3779296875,677.2410888671875,matched,12,MOTOR,preprocessed/masks/right_rear_camera/masks/frame_000076_gt2d_012_track_-1_MOTOR.png,0.7234858870506287,1443.0,642.5,3.1611475944519043,3.166745185852051,0.23811554908752441,1.0,1.3641652072167616,0.008453722987138224,3.1611475944519043,da3_bbox_median
right_rear,76,1772699917810644000,data\camera\right_rear_camera\1772699917810644000.jpg,2000048,2,motorcycle,0.789912,1145.0,600.0,1275.0,691.0,1145.602783203125,600.0604248046875,1278.757080078125,691.4244384765625,matched,2,MOTOR,preprocessed/masks/right_rear_camera/masks/frame_000076_gt2d_002_track_-1_MOTOR.png,0.9091842174530029,1210.0,645.5,3.2168970108032227,3.2296783924102783,0.3120303153991699,1.0,0.7204505541265079,0.017199151534671223,3.2168970108032227,da3_bbox_median
right_rear,76,1772699917810644000,data\camera\right_rear_camera\1772699917810644000.jpg,2000049,2,motorcycle,0.415231,1457.0,610.0,1530.0,673.0,1459.74951171875,609.5758666992188,1532.7054443359375,672.6906127929688,matched,10,MOTOR,preprocessed/masks/right_rear_camera/masks/frame_000076_gt2d_010_track_-1_MOTOR.png,0.8949805498123169,1493.5,641.5,3.148026943206787,3.146963596343994,0.21550250053405762,1.0,1.5001364405393276,0.0056145341582272065,3.148026943206787,da3_bbox_median
right_rear,76,1772699917810644000,data\camera\right_rear_camera\1772699917810644000.jpg,2000058,2,motorcycle,0.352746,1230.0,597.0,1345.0,689.0,1233.3726806640625,595.578857421875,1350.2078857421875,689.2897338867188,matched,11,MOTOR,preprocessed/masks/right_rear_camera/masks/frame_000076_gt2d_011_track_-1_MOTOR.png,0.8849054574966431,1287.5,643.0,3.2305588722229004,3.2430527210235596,0.327298641204834,1.0,0.9465668115528709,0.010078154641397667,3.2305588722229004,da3_bbox_median
right_rear,76,1772699917810644000,data\camera\right_rear_camera\1772699917810644000.jpg,2000065,2,motorcycle,0.45764,987.0,607.0,1099.0,697.0,981.9051513671875,605.93603515625,1095.002197265625,697.57421875,matched,7,MOTOR,preprocessed/masks/right_rear_camera/masks/frame_000076_gt2d_007_track_-1_MOTOR.png,0.9108833074569702,1043.0,652.0,3.2168970108032227,3.2296783924102783,0.3120303153991699,1.0,0.24183226736196034,0.03582455540321381,3.2168970108032227,da3_bbox_median
right_rear,76,1772699917810644000,data\camera\right_rear_camera\1772699917810644000.jpg,2000066,2,motorcycle,0.821235,668.0,585.0,838.0,725.0,666.9790649414062,584.113525390625,836.3716430664062,726.3544921875,matched,0,MOTOR,preprocessed/masks/right_rear_camera/masks/frame_000076_gt2d_000_track_-1_MOTOR.png,0.8155152797698975,753.0,655.0,3.3593320846557617,3.3995723724365234,0.5211894512176514,1.0,-0.6153938736356755,0.04638772689515329,3.3593320846557617,da3_bbox_median
right_rear,76,1772699917810644000,data\camera\right_rear_camera\1772699917810644000.jpg,2000068,2,motorcycle,0.776434,764.0,580.0,905.0,721.0,752.3610229492188,577.6273803710938,898.5831909179688,722.7242431640625,matched,4,MOTOR,preprocessed/masks/right_rear_camera/masks/frame_000076_gt2d_004_track_-1_MOTOR.png,0.8894126415252686,834.5,650.5,3.3765082359313965,3.4203848838806152,0.5441129207611084,1.0,-0.3733738873307555,0.03309061470994613,3.3765082359313965,da3_bbox_median
right_rear,76,1772699917810644000,data\camera\right_rear_camera\1772699917810644000.jpg,2000069,2,motorcycle,0.8023,567.0,592.0,741.0,732.0,544.2140502929688,591.165283203125,721.9957885742188,734.4827880859375,matched,1,MOTOR,preprocessed/masks/right_rear_camera/masks/frame_000076_gt2d_001_track_-1_MOTOR.png,0.9178916811943054,654.0,662.0,3.355558395385742,3.395583391189575,0.5190296173095703,1.0,-0.9106643706948299,0.06725833182386823,3.355558395385742,da3_bbox_median
right_rear,76,1772699917810644000,data\camera\right_rear_camera\1772699917810644000.jpg,2000070,2,motorcycle,0.574472,245.0,574.0,541.0,731.0,245.0,574.0,541.0,731.0,tentative,5,MOTOR,preprocessed/masks/right_rear_camera/masks/frame_000076_gt2d_005_track_-1_MOTOR.png,0.8408067226409912,393.0,652.5,3.3705174922943115,3.4272375106811523,0.5953476428985596,1.0,-1.6984654521360354,0.03903647192119032,3.3705174922943115,da3_bbox_median
right_rear,77,1772699917910651000,data\camera\right_rear_camera\1772699917910651000.jpg,-1,2,motorcycle,0.345284,1349.0,604.0,1436.0,680.0,1349.0,604.0,1436.0,680.0,unassigned,12,MOTOR,preprocessed/masks/right_rear_camera/masks/frame_000077_gt2d_012_track_-1_MOTOR.png,0.8497912883758545,1392.5,642.0,3.0249557495117188,3.029008150100708,0.23966765403747559,1.0,1.1692966042793744,0.00674227324796042,3.0249557495117188,da3_bbox_median
right_rear,77,1772699917910651000,data\camera\right_rear_camera\1772699917910651000.jpg,-1,2,motorcycle,0.305138,1642.0,617.0,1718.0,667.0,1642.0,617.0,1718.0,667.0,unassigned,14,MOTOR,preprocessed/masks/right_rear_camera/masks/frame_000077_gt2d_014_track_-1_MOTOR.png,0.8379456400871277,1680.0,642.0,2.9544732570648193,2.9517810344696045,0.1516118049621582,1.0,1.8988035880312273,0.006585176000058195,2.9544732570648193,da3_bbox_median
right_rear,77,1772699917910651000,data\camera\right_rear_camera\1772699917910651000.jpg,4,0,bicycle,0.406356,1593.0,615.0,1665.0,668.0,1594.6519775390625,614.9699096679688,1667.4351806640625,668.1621704101562,matched,9,BICYCLE,preprocessed/masks/right_rear_camera/masks/frame_000077_gt2d_009_track_-1_BICYCLE.png,0.8468204736709595,1629.0,641.5,2.9599087238311768,2.9608774185180664,0.17043113708496094,1.0,1.7678087038479828,0.005279023634485205,2.9599087238311768,da3_bbox_median
right_rear,77,1772699917910651000,data\camera\right_rear_camera\1772699917910651000.jpg,6,0,bicycle,0.787116,132.0,576.0,438.0,743.0,111.1550521850586,577.045166015625,409.7550354003906,744.8451538085938,matched,1,BICYCLE,preprocessed/masks/right_rear_camera/masks/frame_000077_gt2d_001_track_-1_BICYCLE.png,0.8323714733123779,285.0,659.5,3.2395880222320557,3.298340320587158,0.5895094871520996,1.0,-1.9441965937751942,0.05771969143266696,3.2395880222320557,da3_bbox_median
right_rear,77,1772699917910651000,data\camera\right_rear_camera\1772699917910651000.jpg,2000025,2,motorcycle,0.382049,1511.0,611.0,1575.0,668.0,1514.671875,611.5731811523438,1578.3370361328125,667.9483642578125,matched,10,MOTOR,preprocessed/masks/right_rear_camera/masks/frame_000077_gt2d_010_track_-1_MOTOR.png,0.8547327518463135,1543.0,639.5,2.973634719848633,2.9700863361358643,0.16949677467346191,1.0,1.5481708939161258,5.9816994550905555e-06,2.973634719848633,da3_bbox_median
right_rear,77,1772699917910651000,data\camera\right_rear_camera\1772699917910651000.jpg,2000039,2,motorcycle,0.611032,0.0,574.0,53.0,762.0,-2.9145188331604004,566.0185546875,52.90501403808594,761.2166137695312,matched,5,MOTOR,preprocessed/masks/right_rear_camera/masks/frame_000077_gt2d_005_track_-1_MOTOR.png,0.9395413398742676,26.5,668.0,3.2743215560913086,3.3527798652648926,0.6847631931304932,1.0,-2.719121666264817,0.08312961777319113,3.2743215560913086,da3_bbox_median
right_rear,77,1772699917910651000,data\camera\right_rear_camera\1772699917910651000.jpg,2000048,2,motorcycle,0.78241,1191.0,602.0,1310.0,689.0,1192.0992431640625,602.04150390625,1314.9222412109375,689.1333618164062,matched,2,MOTOR,preprocessed/masks/right_rear_camera/masks/frame_000077_gt2d_002_track_-1_MOTOR.png,0.8783489465713501,1250.5,645.5,3.048478364944458,3.0591020584106445,0.26906538009643555,1.0,0.7927270294187346,0.016298700633799592,3.048478364944458,da3_bbox_median
right_rear,77,1772699917910651000,data\camera\right_rear_camera\1772699917910651000.jpg,2000049,2,motorcycle,0.354151,1475.0,611.0,1546.0,672.0,1478.56298828125,610.8624877929688,1549.6048583984375,672.0220336914062,matched,11,MOTOR,preprocessed/masks/right_rear_camera/masks/frame_000077_gt2d_011_track_-1_MOTOR.png,0.8808678388595581,1510.5,641.5,2.9770078659057617,2.9799251556396484,0.17747211456298828,1.0,1.463728703473782,0.005309520107033289,2.9770078659057617,da3_bbox_median
right_rear,77,1772699917910651000,data\camera\right_rear_camera\1772699917910651000.jpg,2000058,2,motorcycle,0.316692,1265.0,600.0,1381.0,685.0,1270.2752685546875,599.0462036132812,1384.9527587890625,685.8934936523438,matched,13,MOTOR,preprocessed/masks/right_rear_camera/masks/frame_000077_gt2d_013_track_-1_MOTOR.png,0.9222425222396851,1323.0,642.5,3.048708915710449,3.0591742992401123,0.2692604064941406,1.0,0.989706891142929,0.008153032995697031,3.048708915710449,da3_bbox_median
right_rear,77,1772699917910651000,data\camera\right_rear_camera\1772699917910651000.jpg,2000065,2,motorcycle,0.556358,1058.0,607.0,1149.0,693.0,1056.5400390625,607.8515625,1152.0330810546875,693.680908203125,matched,6,MOTOR,preprocessed/masks/right_rear_camera/masks/frame_000077_gt2d_006_track_-1_MOTOR.png,0.9236582517623901,1103.5,650.0,3.048823595046997,3.059236764907837,0.2690763473510742,1.0,0.3935296923778239,0.028521356502810107,3.048823595046997,da3_bbox_median
right_rear,77,1772699917910651000,data\camera\right_rear_camera\1772699917910651000.jpg,2000066,2,motorcycle,0.807151,754.0,589.0,911.0,720.0,757.408447265625,589.1557006835938,913.0257568359375,720.5718994140625,matched,0,MOTOR,preprocessed/masks/right_rear_camera/masks/frame_000077_gt2d_000_track_-1_MOTOR.png,0.7610135674476624,832.5,654.5,3.1790544986724854,3.2071175575256348,0.4444849491119385,1.0,-0.35720400277175635,0.042482473639634796,3.1790544986724854,da3_bbox_median
right_rear,77,1772699917910651000,data\camera\right_rear_camera\1772699917910651000.jpg,2000068,2,motorcycle,0.727986,828.0,582.0,972.0,716.0,827.5941162109375,582.9638061523438,970.5400390625,717.0536499023438,matched,4,MOTOR,preprocessed/masks/right_rear_camera/masks/frame_000077_gt2d_004_track_-1_MOTOR.png,0.8597922325134277,900.0,649.0,3.1875874996185303,3.2208032608032227,0.4687221050262451,1.0,-0.166471862847876,0.02698013581949807,3.1875874996185303,da3_bbox_median
right_rear,77,1772699917910651000,data\camera\right_rear_camera\1772699917910651000.jpg,2000069,2,motorcycle,0.752358,656.0,594.0,824.0,724.0,646.9520874023438,594.7076416015625,815.6561279296875,726.2018432617188,matched,3,MOTOR,preprocessed/masks/right_rear_camera/masks/frame_000077_gt2d_003_track_-1_MOTOR.png,0.8910325765609741,740.0,659.0,3.163710832595825,3.1935291290283203,0.4237022399902344,1.0,-0.6161998579717429,0.05495875306195842,3.163710832595825,da3_bbox_median
right_rear,77,1772699917910651000,data\camera\right_rear_camera\1772699917910651000.jpg,2000070,2,motorcycle,0.508594,356.0,583.0,645.0,726.0,339.35504150390625,582.2451171875,629.7550659179688,728.045166015625,matched,8,MOTOR,preprocessed/masks/right_rear_camera/masks/frame_000077_gt2d_008_track_-1_MOTOR.png,0.898888349533081,500.5,654.5,3.195388078689575,3.2344746589660645,0.48679065704345703,1.0,-1.3041819054812909,0.04270074321721098,3.195388078689575,da3_bbox_median
right_rear,77,1772699917910651000,data\camera\right_rear_camera\1772699917910651000.jpg,3000035,3,person,0.513574,1398.0,587.0,1430.0,659.0,1398.0,587.0,1430.0,659.0,tentative,7,PEDESTRIAN_NORMAL,preprocessed/masks/right_rear_camera/masks/frame_000077_gt2d_007_track_-1_PEDESTRIAN_NORMAL.png,0.854143500328064,1414.0,623.0,3.013594627380371,3.0174548625946045,0.22157931327819824,1.0,1.2226292995311845,-0.04428580235482367,3.013594627380371,da3_bbox_median
right_rear,78,1772699918010645000,data\camera\right_rear_camera\1772699918010645000.jpg,-1,3,person,0.359916,1397.0,586.0,1433.0,667.0,1397.0,586.0,1433.0,667.0,unassigned,9,PEDESTRIAN_NORMAL,preprocessed/masks/right_rear_camera/masks/frame_000078_gt2d_009_track_-1_PEDESTRIAN_NORMAL.png,0.8978367447853088,1415.0,626.5,3.0711538791656494,3.07543683052063,0.26258325576782227,1.0,1.2487174878051266,-0.03555696335261409,3.0711538791656494,da3_bbox_median
right_rear,78,1772699918010645000,data\camera\right_rear_camera\1772699918010645000.jpg,-1,2,motorcycle,0.350624,1367.0,601.0,1458.0,677.0,1367.0,601.0,1458.0,677.0,unassigned,10,MOTOR,preprocessed/masks/right_rear_camera/masks/frame_000078_gt2d_010_track_-1_MOTOR.png,0.8882867097854614,1412.5,639.0,3.0513880252838135,3.0564630031585693,0.24665164947509766,1.0,1.233884470820288,-0.001352871813425421,3.0513880252838135,da3_bbox_median
right_rear,78,1772699918010645000,data\camera\right_rear_camera\1772699918010645000.jpg,4,0,bicycle,0.345133,1602.0,615.0,1678.0,667.0,1605.0048828125,615.1399536132812,1679.7015380859375,667.2205200195312,matched,11,BICYCLE,preprocessed/masks/right_rear_camera/masks/frame_000078_gt2d_011_track_-1_BICYCLE.png,0.866276204586029,1640.0,641.0,2.978764533996582,2.9770026206970215,0.1560077667236328,1.0,1.8082624019228635,0.003985987859812005,2.978764533996582,da3_bbox_median
right_rear,78,1772699918010645000,data\camera\right_rear_camera\1772699918010645000.jpg,6,0,bicycle,0.79899,279.0,579.0,556.0,736.0,243.1239471435547,579.7384643554688,525.6378784179688,739.1635131835938,matched,0,BICYCLE,preprocessed/masks/right_rear_camera/masks/frame_000078_gt2d_000_track_-1_BICYCLE.png,0.8426244854927063,417.5,657.5,3.2601301670074463,3.31095552444458,0.5646822452545166,1.0,-1.571679136531367,0.052277777268287334,3.2601301670074463,da3_bbox_median
right_rear,78,1772699918010645000,data\camera\right_rear_camera\1772699918010645000.jpg,2000025,2,motorcycle,0.413469,1525.0,612.0,1592.0,667.0,1528.86328125,612.194580078125,1594.373291015625,667.1140747070312,matched,7,MOTOR,preprocessed/masks/right_rear_camera/masks/frame_000078_gt2d_007_track_-1_MOTOR.png,0.8540146350860596,1558.5,639.5,2.986093759536743,2.9863524436950684,0.17583084106445312,1.0,1.5958929305897123,6.006761790560298e-06,2.986093759536743,da3_bbox_median
right_rear,78,1772699918010645000,data\camera\right_rear_camera\1772699918010645000.jpg,2000045,2,motorcycle,0.755765,32.0,549.0,242.0,755.0,27.085372924804688,547.0416259765625,256.9395446777344,752.4006958007812,matched,2,MOTOR,preprocessed/masks/right_rear_camera/masks/frame_000078_gt2d_002_track_-1_MOTOR.png,0.942931056022644,137.0,652.0,3.376241683959961,3.4852848052978516,0.8356480598449707,1.0,-2.4713826489939894,0.037599076642948884,3.376241683959961,da3_bbox_median
right_rear,78,1772699918010645000,data\camera\right_rear_camera\1772699918010645000.jpg,2000048,2,motorcycle,0.699847,1231.0,600.0,1340.0,687.0,1233.773681640625,601.236083984375,1346.0130615234375,687.0372924804688,matched,4,MOTOR,preprocessed/masks/right_rear_camera/masks/frame_000078_gt2d_004_track_-1_MOTOR.png,0.8879201412200928,1285.5,643.5,3.077061414718628,3.0875213146209717,0.2754170894622803,1.0,0.8961086432531229,0.010969743258838854,3.077061414718628,da3_bbox_median
right_rear,78,1772699918010645000,data\camera\right_rear_camera\1772699918010645000.jpg,2000049,2,motorcycle,0.409643,1494.0,609.0,1561.0,670.0,1497.021728515625,609.9231567382812,1564.7213134765625,670.4476928710938,matched,8,MOTOR,preprocessed/masks/right_rear_camera/masks/frame_000078_gt2d_008_track_-1_MOTOR.png,0.8688257336616516,1527.5,639.5,3.0046935081481934,3.005765914916992,0.18286705017089844,1.0,1.5228488060897483,6.044176643632634e-06,3.0046935081481934,da3_bbox_median
right_rear,78,1772699918010645000,data\camera\right_rear_camera\1772699918010645000.jpg,2000065,2,motorcycle,0.328386,1106.0,610.0,1196.0,690.0,1110.95556640625,610.4676513671875,1200.420166015625,690.3682861328125,matched,12,MOTOR,preprocessed/masks/right_rear_camera/masks/frame_000078_gt2d_012_track_-1_MOTOR.png,0.9137381315231323,1151.0,650.0,3.0557861328125,3.066732406616211,0.26474881172180176,1.0,0.523744377095539,0.02858649015701588,3.0557861328125,da3_bbox_median
right_rear,78,1772699918010645000,data\camera\right_rear_camera\1772699918010645000.jpg,2000066,2,motorcycle,0.773902,827.0,592.0,973.0,714.0,833.5332641601562,592.6204833984375,977.7932739257812,714.5328979492188,matched,1,MOTOR,preprocessed/masks/right_rear_camera/masks/frame_000078_gt2d_001_track_-1_MOTOR.png,0.8382300138473511,900.0,653.0,3.1761109828948975,3.2010629177093506,0.41548681259155273,1.0,-0.16587250138149537,0.038199463753802815,3.1761109828948975,da3_bbox_median
right_rear,78,1772699918010645000,data\camera\right_rear_camera\1772699918010645000.jpg,2000068,2,motorcycle,0.638895,897.0,584.0,1032.0,710.0,898.0587768554688,585.545654296875,1033.5191650390625,710.9573364257812,matched,5,MOTOR,preprocessed/masks/right_rear_camera/masks/frame_000078_gt2d_005_track_-1_MOTOR.png,0.858447253704071,964.5,647.0,3.197035312652588,3.226911783218384,0.43460607528686523,1.0,0.016748959286275043,0.021364593345030835,3.197035312652588,da3_bbox_median
right_rear,78,1772699918010645000,data\camera\right_rear_camera\1772699918010645000.jpg,2000069,2,motorcycle,0.721161,737.0,595.0,895.0,719.0,734.773681640625,596.028076171875,893.5090942382812,719.912353515625,matched,3,MOTOR,preprocessed/masks/right_rear_camera/masks/frame_000078_gt2d_003_track_-1_MOTOR.png,0.8818691372871399,816.0,657.0,3.1752846240997314,3.200232982635498,0.4146397113800049,1.0,-0.4034573410575599,0.04950304732129337,3.1752846240997314,da3_bbox_median
right_rear,78,1772699918010645000,data\camera\right_rear_camera\1772699918010645000.jpg,2000070,2,motorcycle,0.547573,474.0,587.0,656.0,718.0,449.9033508300781,587.1030883789062,656.2383422851562,721.2258911132812,matched,6,MOTOR,preprocessed/masks/right_rear_camera/masks/frame_000078_gt2d_006_track_-1_MOTOR.png,0.9033732414245605,565.0,652.5,3.199869155883789,3.2332239151000977,0.4513416290283203,1.0,-1.122133756795802,0.03706006651522024,3.199869155883789,da3_bbox_median
right_rear,79,1772699918110561000,data\camera\right_rear_camera\1772699918110561000.jpg,-1,2,motorcycle,0.471522,865.0,596.0,966.0,716.0,865.0,596.0,966.0,716.0,unassigned,8,MOTOR,preprocessed/masks/right_rear_camera/masks/frame_000079_gt2d_008_track_-1_MOTOR.png,0.8311795592308044,915.5,656.0,3.217517137527466,3.235031843185425,0.3858180046081543,1.0,-0.12360372039051123,0.04729545786812666,3.217517137527466,da3_bbox_median
right_rear,79,1772699918110561000,data\camera\right_rear_camera\1772699918110561000.jpg,-1,2,motorcycle,0.368655,1386.0,603.0,1472.0,677.0,1386.0,603.0,1472.0,677.0,unassigned,10,MOTOR,preprocessed/masks/right_rear_camera/masks/frame_000079_gt2d_010_track_-1_MOTOR.png,0.8851466178894043,1429.0,640.0,3.0878095626831055,3.0955023765563965,0.22004961967468262,1.0,1.29400322229998,0.001381442508942786,3.0878095626831055,da3_bbox_median
right_rear,79,1772699918110561000,data\camera\right_rear_camera\1772699918110561000.jpg,-1,2,motorcycle,0.330612,1663.0,616.0,1743.0,666.0,1663.0,616.0,1743.0,666.0,unassigned,12,MOTOR,preprocessed/masks/right_rear_camera/masks/frame_000079_gt2d_012_track_-1_MOTOR.png,0.8116306066513062,1703.0,641.0,3.0311427116394043,3.028632640838623,0.1495814323425293,1.0,2.010189296815382,0.004056076911101753,3.0311427116394043,da3_bbox_median
right_rear,79,1772699918110561000,data\camera\right_rear_camera\1772699918110561000.jpg,6,0,bicycle,0.807907,408.0,582.0,657.0,731.0,388.2103576660156,582.6574096679688,642.8387451171875,732.9495849609375,matched,0,BICYCLE,preprocessed/masks/right_rear_camera/masks/frame_000079_gt2d_000_track_-1_BICYCLE.png,0.8713796138763428,532.5,656.5,3.284173011779785,3.3277909755706787,0.5063803195953369,1.0,-1.2467897624828026,0.04973794325274384,3.284173011779785,da3_bbox_median
right_rear,79,1772699918110561000,data\camera\right_rear_camera\1772699918110561000.jpg,2000025,2,motorcycle,0.350514,1539.0,613.0,1605.0,667.0,1542.327392578125,613.5363159179688,1607.8753662109375,667.3193969726562,matched,11,MOTOR,preprocessed/masks/right_rear_camera/masks/frame_000079_gt2d_011_track_-1_MOTOR.png,0.8984628915786743,1572.0,640.0,3.037449836730957,3.037672281265259,0.1681966781616211,1.0,1.6598721866129067,0.001358912276829457,3.037449836730957,da3_bbox_median
right_rear,79,1772699918110561000,data\camera\right_rear_camera\1772699918110561000.jpg,2000039,2,motorcycle,0.575563,0.0,551.0,59.0,751.0,-1.1385347843170166,554.5704956054688,57.097774505615234,753.0752563476562,matched,6,MOTOR,preprocessed/masks/right_rear_camera/masks/frame_000079_gt2d_006_track_-1_MOTOR.png,0.9454172849655151,29.5,651.0,3.3919730186462402,3.4899137020111084,0.7723212242126465,1.0,-2.8077580677097735,0.034752871135836125,3.3919730186462402,da3_bbox_median
right_rear,79,1772699918110561000,data\camera\right_rear_camera\1772699918110561000.jpg,2000048,2,motorcycle,0.631909,1254.0,601.0,1368.0,686.0,1261.5045166015625,602.0520629882812,1373.787109375,686.1647338867188,matched,3,MOTOR,preprocessed/masks/right_rear_camera/masks/frame_000079_gt2d_003_track_-1_MOTOR.png,0.899145245552063,1311.0,643.5,3.1243910789489746,3.1354522705078125,0.26749348640441895,1.0,0.9808729483918207,0.011138473808918378,3.1243910789489746,da3_bbox_median
right_rear,79,1772699918110561000,data\camera\right_rear_camera\1772699918110561000.jpg,2000049,2,motorcycle,0.388725,1513.0,612.0,1574.0,669.0,1515.15869140625,612.0753784179688,1577.6070556640625,669.718505859375,matched,9,MOTOR,preprocessed/masks/right_rear_camera/masks/frame_000079_gt2d_009_track_-1_MOTOR.png,0.8782070279121399,1543.5,640.5,3.050811767578125,3.046809196472168,0.1692943572998047,1.0,1.5897107786933904,0.002723643485856668,3.050811767578125,da3_bbox_median
right_rear,79,1772699918110561000,data\camera\right_rear_camera\1772699918110561000.jpg,2000066,2,motorcycle,0.695123,880.0,587.0,1030.0,711.0,890.6025390625,589.996337890625,1035.5333251953125,711.0678100585938,matched,2,MOTOR,preprocessed/masks/right_rear_camera/masks/frame_000079_gt2d_002_track_-1_MOTOR.png,0.7982110977172852,955.0,649.0,3.237525701522827,3.2588305473327637,0.403872013092041,1.0,-0.010440298893465429,0.027402818952155822,3.237525701522827,da3_bbox_median
right_rear,79,1772699918110561000,data\camera\right_rear_camera\1772699918110561000.jpg,2000068,2,motorcycle,0.594142,950.0,584.0,1084.0,707.0,955.0601806640625,586.26904296875,1087.769287109375,707.4193115234375,matched,5,MOTOR,preprocessed/masks/right_rear_camera/masks/frame_000079_gt2d_005_track_-1_MOTOR.png,0.863364577293396,1017.0,645.5,3.237525701522827,3.259180784225464,0.40367555618286133,1.0,0.16838978235524174,0.017309442904415683,3.237525701522827,da3_bbox_median
right_rear,79,1772699918110561000,data\camera\right_rear_camera\1772699918110561000.jpg,2000069,2,motorcycle,0.54586,815.0,592.0,964.0,715.0,815.2632446289062,594.2041625976562,964.6239013671875,715.5758056640625,matched,7,MOTOR,preprocessed/masks/right_rear_camera/masks/frame_000079_gt2d_007_track_-1_MOTOR.png,0.8789280652999878,889.5,653.5,3.2209067344665527,3.24637770652771,0.4065670967102051,1.0,-0.1983422368638104,0.040172736777143385,3.2209067344665527,da3_bbox_median
right_rear,79,1772699918110561000,data\camera\right_rear_camera\1772699918110561000.jpg,2000070,2,motorcycle,0.630482,590.0,588.0,759.0,713.0,582.705810546875,589.0225219726562,751.494384765625,714.646484375,matched,4,MOTOR,preprocessed/masks/right_rear_camera/masks/frame_000079_gt2d_004_track_-1_MOTOR.png,0.9149911403656006,674.5,650.5,3.2322988510131836,3.2569644451141357,0.4045884609222412,1.0,-0.8181791465416074,0.03167732711801743,3.2322988510131836,da3_bbox_median
right_rear,79,1772699918110561000,data\camera\right_rear_camera\1772699918110561000.jpg,2000071,2,motorcycle,0.783874,199.0,570.0,400.0,744.0,199.0,570.0,400.0,744.0,tentative,1,MOTOR,preprocessed/masks/right_rear_camera/masks/frame_000079_gt2d_001_track_-1_MOTOR.png,0.9406216144561768,299.5,657.0,3.3515591621398926,3.4204633235931396,0.6338033676147461,1.0,-1.9680983394385336,0.0522511873563352,3.3515591621398926,da3_bbox_median
right_rear,80,1772699918210538000,data\camera\right_rear_camera\1772699918210538000.jpg,-1,2,motorcycle,0.375899,1351.0,598.0,1451.0,680.0,1351.0,598.0,1451.0,680.0,unassigned,9,MOTOR,preprocessed/masks/right_rear_camera/masks/frame_000080_gt2d_009_track_-1_MOTOR.png,0.9253123998641968,1401.0,639.0,3.16696834564209,3.174129009246826,0.25344395637512207,1.0,1.2481742842663046,-0.0014041158231363291,3.16696834564209,da3_bbox_median
right_rear,80,1772699918210538000,data\camera\right_rear_camera\1772699918210538000.jpg,-1,2,motorcycle,0.354055,1404.0,606.0,1491.0,677.0,1404.0,606.0,1491.0,677.0,unassigned,10,MOTOR,preprocessed/masks/right_rear_camera/masks/frame_000080_gt2d_010_track_-1_MOTOR.png,0.903783917427063,1447.5,641.5,3.1340675354003906,3.1357452869415283,0.2064666748046875,1.0,1.365043875225236,0.005589637429777418,3.1340675354003906,da3_bbox_median
right_rear,80,1772699918210538000,data\camera\right_rear_camera\1772699918210538000.jpg,-1,2,motorcycle,0.326234,1668.0,617.0,1750.0,668.0,1668.0,617.0,1750.0,668.0,unassigned,12,MOTOR,preprocessed/masks/right_rear_camera/masks/frame_000080_gt2d_012_track_-1_MOTOR.png,0.8420140743255615,1709.0,642.5,3.083061695098877,3.0800893306732178,0.1478421688079834,1.0,2.0611013132635683,0.00824490117714409,3.083061695098877,da3_bbox_median
right_rear,80,1772699918210538000,data\camera\right_rear_camera\1772699918210538000.jpg,-1,2,motorcycle,0.303941,1104.0,596.0,1204.0,700.0,1104.0,596.0,1204.0,700.0,unassigned,13,MOTOR,preprocessed/masks/right_rear_camera/masks/frame_000080_gt2d_013_track_-1_MOTOR.png,0.8086725473403931,1154.0,648.0,3.2215304374694824,3.2358765602111816,0.3258204460144043,1.0,0.5607623262326034,0.024397859086318047,3.2215304374694824,da3_bbox_median
right_rear,80,1772699918210538000,data\camera\right_rear_camera\1772699918210538000.jpg,6,0,bicycle,0.781039,514.0,586.0,745.0,726.0,508.1743469238281,586.233154296875,740.9995727539062,727.15576171875,matched,1,BICYCLE,preprocessed/masks/right_rear_camera/masks/frame_000080_gt2d_001_track_-1_BICYCLE.png,0.8671325445175171,629.5,656.0,3.3012633323669434,3.336987018585205,0.46423864364624023,1.0,-0.9679871951849842,0.04852647372922326,3.3012633323669434,da3_bbox_median
right_rear,80,1772699918210538000,data\camera\right_rear_camera\1772699918210538000.jpg,2000025,2,motorcycle,0.377694,1555.0,615.0,1615.0,667.0,1556.692138671875,615.2583618164062,1618.2979736328125,667.3346557617188,matched,8,MOTOR,preprocessed/masks/right_rear_camera/masks/frame_000080_gt2d_008_track_-1_MOTOR.png,0.8942012190818787,1585.0,641.0,3.0831403732299805,3.0795559883117676,0.14800000190734863,1.0,1.7205492063752952,0.004125656780699759,3.0831403732299805,da3_bbox_median
right_rear,80,1772699918210538000,data\camera\right_rear_camera\1772699918210538000.jpg,2000045,2,motorcycle,0.757464,131.0,557.0,235.0,747.0,108.51957702636719,555.4790649414062,233.34312438964844,748.8793334960938,matched,2,MOTOR,preprocessed/masks/right_rear_camera/masks/frame_000080_gt2d_002_track_-1_MOTOR.png,0.9366055727005005,183.0,652.0,3.437105178833008,3.5273826122283936,0.7260465621948242,1.0,-2.375074698339211,0.0382768750420864,3.437105178833008,da3_bbox_median
right_rear,80,1772699918210538000,data\camera\right_rear_camera\1772699918210538000.jpg,2000048,2,motorcycle,0.530849,1285.0,603.0,1397.0,687.0,1290.6732177734375,603.5623779296875,1401.6717529296875,686.5455322265625,matched,5,MOTOR,preprocessed/masks/right_rear_camera/masks/frame_000080_gt2d_005_track_-1_MOTOR.png,0.8749784231185913,1341.0,645.0,3.166010856628418,3.173607110977173,0.25419139862060547,1.0,1.0785583606093292,0.015517028539524212,3.166010856628418,da3_bbox_median
right_rear,80,1772699918210538000,data\camera\right_rear_camera\1772699918210538000.jpg,2000049,2,motorcycle,0.351599,1531.0,613.0,1586.0,669.0,1532.471923828125,613.4048461914062,1588.95458984375,669.3870239257812,matched,11,MOTOR,preprocessed/masks/right_rear_camera/masks/frame_000080_gt2d_011_track_-1_MOTOR.png,0.842015266418457,1558.5,641.0,3.1021690368652344,3.0977423191070557,0.16438770294189453,1.0,1.657928395455195,0.004151119693720549,3.1021690368652344,da3_bbox_median
right_rear,80,1772699918210538000,data\camera\right_rear_camera\1772699918210538000.jpg,2000066,2,motorcycle,0.652379,954.0,595.0,1081.0,710.0,958.8696899414062,594.7826538085938,1087.6146240234375,709.356689453125,matched,3,MOTOR,preprocessed/masks/right_rear_camera/masks/frame_000080_gt2d_003_track_-1_MOTOR.png,0.812816858291626,1017.5,652.5,3.248480796813965,3.267613172531128,0.35866427421569824,1.0,0.17040663550008758,0.03762307411288207,3.248480796813965,da3_bbox_median
right_rear,80,1772699918210538000,data\camera\right_rear_camera\1772699918210538000.jpg,2000068,2,motorcycle,0.509778,993.0,590.0,1132.0,706.0,1000.9759521484375,590.5863647460938,1136.6702880859375,705.6836547851562,matched,6,MOTOR,preprocessed/masks/right_rear_camera/masks/frame_000080_gt2d_006_track_-1_MOTOR.png,0.8330954909324646,1062.5,648.0,3.258878231048584,3.27887225151062,0.37799572944641113,1.0,0.3016041306645478,0.024680707944217888,3.258878231048584,da3_bbox_median
right_rear,80,1772699918210538000,data\camera\right_rear_camera\1772699918210538000.jpg,2000069,2,motorcycle,0.648741,901.0,596.0,1025.0,713.0,899.4558715820312,596.3929443359375,1027.68701171875,712.875,matched,4,MOTOR,preprocessed/masks/right_rear_camera/masks/frame_000080_gt2d_004_track_-1_MOTOR.png,0.8848019242286682,963.0,654.5,3.259145736694336,3.2790825366973877,0.3779103755950928,1.0,0.01271892319670331,0.043552752211282374,3.259145736694336,da3_bbox_median
right_rear,80,1772699918210538000,data\camera\right_rear_camera\1772699918210538000.jpg,2000070,2,motorcycle,0.496061,673.0,591.0,837.0,705.0,673.5928955078125,591.5237426757812,833.2881469726562,706.5068969726562,matched,7,MOTOR,preprocessed/masks/right_rear_camera/masks/frame_000080_gt2d_007_track_-1_MOTOR.png,0.9004032015800476,755.0,648.0,3.2422940731048584,3.2620184421539307,0.3645510673522949,1.0,-0.5881765472210065,0.024555109891854277,3.2422940731048584,da3_bbox_median
right_rear,80,1772699918210538000,data\camera\right_rear_camera\1772699918210538000.jpg,2000072,2,motorcycle,0.817714,338.0,584.0,539.0,740.0,338.0,584.0,539.0,740.0,tentative,0,MOTOR,preprocessed/masks/right_rear_camera/masks/frame_000080_gt2d_000_track_-1_MOTOR.png,0.9373080730438232,438.5,662.0,3.334486246109009,3.3833210468292236,0.5293347835540771,1.0,-1.5451399945172901,0.06683596468215926,3.334486246109009,da3_bbox_median
right_rear,81,1772699918310546000,data\camera\right_rear_camera\1772699918310546000.jpg,-1,2,motorcycle,0.369617,1143.0,599.0,1239.0,695.0,1143.0,599.0,1239.0,695.0,unassigned,9,MOTOR,preprocessed/masks/right_rear_camera/masks/frame_000081_gt2d_009_track_-1_MOTOR.png,0.857253909111023,1191.0,647.0,3.1246895790100098,3.135519027709961,0.30526280403137207,1.0,0.646907192059796,0.0208811338181984,3.1246895790100098,da3_bbox_median
right_rear,81,1772699918310546000,data\camera\right_rear_camera\1772699918310546000.jpg,-1,2,motorcycle,0.351809,1426.0,608.0,1509.0,676.0,1426.0,608.0,1509.0,676.0,unassigned,10,MOTOR,preprocessed/masks/right_rear_camera/masks/frame_000081_gt2d_010_track_-1_MOTOR.png,0.8645421862602234,1467.5,642.0,3.038787603378296,3.0443923473358154,0.2124326229095459,1.0,1.377690630637739,0.006773102835569883,3.038787603378296,da3_bbox_median
right_rear,81,1772699918310546000,data\camera\right_rear_camera\1772699918310546000.jpg,-1,2,motorcycle,0.326543,1368.0,595.0,1470.0,680.0,1368.0,595.0,1470.0,680.0,unassigned,11,MOTOR,preprocessed/masks/right_rear_camera/masks/frame_000081_gt2d_011_track_-1_MOTOR.png,0.914026141166687,1419.0,637.5,3.0936331748962402,3.1040432453155518,0.2680032253265381,1.0,1.2688821105996744,-0.005505076215310266,3.0936331748962402,da3_bbox_median
right_rear,81,1772699918310546000,data\camera\right_rear_camera\1772699918310546000.jpg,6,0,bicycle,0.777428,623.0,590.0,819.0,722.0,621.560546875,589.9596557617188,822.0117797851562,722.3771362304688,matched,1,BICYCLE,preprocessed/masks/right_rear_camera/masks/frame_000081_gt2d_001_track_-1_BICYCLE.png,0.8514970541000366,721.0,656.0,3.219123363494873,3.248973846435547,0.44326353073120117,1.0,-0.6814838887201586,0.047319068369429715,3.219123363494873,da3_bbox_median
right_rear,81,1772699918310546000,data\camera\right_rear_camera\1772699918310546000.jpg,2000025,2,motorcycle,0.453333,1566.0,617.0,1631.0,668.0,1569.6395263671875,616.9760131835938,1633.207763671875,667.8223266601562,matched,7,MOTOR,preprocessed/masks/right_rear_camera/masks/frame_000081_gt2d_007_track_-1_MOTOR.png,0.9180220365524292,1598.5,642.5,2.999922275543213,2.9964003562927246,0.15218353271484375,1.0,1.7101903453932916,0.008022564952328587,2.999922275543213,da3_bbox_median
right_rear,81,1772699918310546000,data\camera\right_rear_camera\1772699918310546000.jpg,2000048,2,motorcycle,0.425937,1306.0,604.0,1421.0,686.0,1314.763671875,604.5046997070312,1427.513427734375,685.849853515625,matched,8,MOTOR,preprocessed/masks/right_rear_camera/masks/frame_000081_gt2d_008_track_-1_MOTOR.png,0.891145646572113,1363.5,645.0,3.0873522758483887,3.0936033725738525,0.26078104972839355,1.0,1.1136496078748879,0.015131512665411897,3.0873522758483887,da3_bbox_median
right_rear,81,1772699918310546000,data\camera\right_rear_camera\1772699918310546000.jpg,2000066,2,motorcycle,0.590063,1001.0,593.0,1129.0,707.0,1010.8389892578125,594.5383911132812,1135.9034423828125,706.6666259765625,matched,3,MOTOR,preprocessed/masks/right_rear_camera/masks/frame_000081_gt2d_003_track_-1_MOTOR.png,0.8570034503936768,1065.0,650.0,3.1705002784729004,3.1910624504089355,0.36393070220947266,1.0,0.3004864937911427,0.02965962638228349,3.1705002784729004,da3_bbox_median
right_rear,81,1772699918310546000,data\camera\right_rear_camera\1772699918310546000.jpg,2000068,2,motorcycle,0.498097,1055.0,592.0,1185.0,704.0,1058.521484375,592.9746704101562,1189.1109619140625,703.6580810546875,matched,4,MOTOR,preprocessed/masks/right_rear_camera/masks/frame_000081_gt2d_004_track_-1_MOTOR.png,0.873953104019165,1120.0,648.0,3.1646900177001953,3.1794722080230713,0.3542747497558594,1.0,0.45500644310736554,0.02396738525443721,3.1646900177001953,da3_bbox_median
right_rear,81,1772699918310546000,data\camera\right_rear_camera\1772699918310546000.jpg,2000069,2,motorcycle,0.47765,974.0,595.0,1080.0,708.0,976.193603515625,596.051513671875,1084.6103515625,708.3718872070312,matched,6,MOTOR,preprocessed/masks/right_rear_camera/masks/frame_000081_gt2d_006_track_-1_MOTOR.png,0.9008445143699646,1027.0,651.5,3.171464443206787,3.19144344329834,0.3635532855987549,1.0,0.19320882510097628,0.03390611264504289,3.171464443206787,da3_bbox_median
right_rear,81,1772699918310546000,data\camera\right_rear_camera\1772699918310546000.jpg,2000070,2,motorcycle,0.48959,780.0,602.0,913.0,702.0,778.0731201171875,600.4097290039062,911.2770385742188,701.9078369140625,matched,5,MOTOR,preprocessed/masks/right_rear_camera/masks/frame_000081_gt2d_005_track_-1_MOTOR.png,0.925789475440979,846.5,652.0,3.1291399002075195,3.1449496746063232,0.31635403633117676,1.0,-0.31256640059995333,0.03484725974842481,3.1291399002075195,da3_bbox_median
right_rear,81,1772699918310546000,data\camera\right_rear_camera\1772699918310546000.jpg,2000072,2,motorcycle,0.811258,459.0,591.0,647.0,731.0,440.4106750488281,590.8306274414062,631.0106811523438,734.0306396484375,matched,0,MOTOR,preprocessed/masks/right_rear_camera/masks/frame_000081_gt2d_000_track_-1_MOTOR.png,0.9267651438713074,553.0,661.0,3.2349510192871094,3.2726943492889404,0.4698672294616699,1.0,-1.1690210525271414,0.061959366520121205,3.2349510192871094,da3_bbox_median
right_rear,81,1772699918310546000,data\camera\right_rear_camera\1772699918310546000.jpg,2000073,2,motorcycle,0.650644,287.0,563.0,389.0,737.0,287.0,563.0,389.0,737.0,tentative,2,MOTOR,preprocessed/masks/right_rear_camera/masks/frame_000081_gt2d_002_track_-1_MOTOR.png,0.9043489694595337,338.0,650.0,3.3444175720214844,3.41986346244812,0.6636912822723389,1.0,-1.8491905418495185,0.0312866005172782,3.3444175720214844,da3_bbox_median
right_rear,82,1772699918410553000,data\camera\right_rear_camera\1772699918410553000.jpg,-1,2,motorcycle,0.420473,1448.0,612.0,1526.0,676.0,1448.0,612.0,1526.0,676.0,unassigned,7,MOTOR,preprocessed/masks/right_rear_camera/masks/frame_000082_gt2d_007_track_-1_MOTOR.png,0.9018814563751221,1487.0,644.0,2.899824619293213,2.8973166942596436,0.19409394264221191,1.0,1.3650673140161784,0.01162940043883746,2.899824619293213,da3_bbox_median
right_rear,82,1772699918410553000,data\camera\right_rear_camera\1772699918410553000.jpg,-1,3,person,0.386619,1408.0,591.0,1448.0,675.0,1408.0,591.0,1448.0,675.0,unassigned,9,PEDESTRIAN_NORMAL,preprocessed/masks/right_rear_camera/masks/frame_000082_gt2d_009_track_-1_PEDESTRIAN_NORMAL.png,0.8554441928863525,1428.0,633.0,2.9571664333343506,2.964592933654785,0.26384639739990234,1.0,1.2366202429551414,-0.017115649956557608,2.9571664333343506,da3_bbox_median
right_rear,82,1772699918410553000,data\camera\right_rear_camera\1772699918410553000.jpg,-1,2,motorcycle,0.32609,1174.0,600.0,1267.0,693.0,1174.0,600.0,1267.0,693.0,unassigned,10,MOTOR,preprocessed/masks/right_rear_camera/masks/frame_000082_gt2d_010_track_-1_MOTOR.png,0.8712578415870667,1220.5,646.5,2.975393533706665,2.986846446990967,0.302962064743042,1.0,0.6941974628213948,0.0185582801653853,2.975393533706665,da3_bbox_median
right_rear,82,1772699918410553000,data\camera\right_rear_camera\1772699918410553000.jpg,6,0,bicycle,0.74782,709.0,592.0,886.0,716.0,714.6171264648438,592.34130859375,892.04638671875,716.5626831054688,matched,2,BICYCLE,preprocessed/masks/right_rear_camera/masks/frame_000082_gt2d_002_track_-1_BICYCLE.png,0.7703561186790466,797.5,654.0,3.0606985092163086,3.086350440979004,0.402646541595459,1.0,-0.4393439643450198,0.03953769737565896,3.0606985092163086,da3_bbox_median
right_rear,82,1772699918410553000,data\camera\right_rear_camera\1772699918410553000.jpg,2000025,2,motorcycle,0.445485,1576.0,618.0,1645.0,669.0,1581.8568115234375,618.131103515625,1648.7734375,668.6015625,matched,5,MOTOR,preprocessed/masks/right_rear_camera/masks/frame_000082_gt2d_005_track_-1_MOTOR.png,0.9225784540176392,1610.5,643.5,2.862301826477051,2.859523296356201,0.15128850936889648,1.0,1.662336693505014,0.01020412397866616,2.862301826477051,da3_bbox_median
right_rear,82,1772699918410553000,data\camera\right_rear_camera\1772699918410553000.jpg,2000048,2,motorcycle,0.45575,1317.0,604.0,1446.0,686.0,1330.6767578125,604.6806030273438,1453.6026611328125,685.5712890625,matched,4,MOTOR,preprocessed/masks/right_rear_camera/masks/frame_000082_gt2d_004_track_-1_MOTOR.png,0.8581116795539856,1381.5,645.0,2.9477648735046387,2.9557507038116455,0.25435304641723633,1.0,1.1105702255071277,0.014447376759373774,2.9477648735046387,da3_bbox_median
right_rear,82,1772699918410553000,data\camera\right_rear_camera\1772699918410553000.jpg,2000066,2,motorcycle,0.723989,1061.0,599.0,1173.0,703.0,1069.00390625,598.5142211914062,1181.649169921875,703.0103149414062,matched,3,MOTOR,preprocessed/masks/right_rear_camera/masks/frame_000082_gt2d_003_track_-1_MOTOR.png,0.8125767707824707,1117.0,651.0,3.005767345428467,3.018989324569702,0.33113670349121094,1.0,0.424123540096758,0.030795954049678748,3.005767345428467,da3_bbox_median
right_rear,82,1772699918410553000,data\camera\right_rear_camera\1772699918410553000.jpg,2000068,2,motorcycle,0.427805,1098.0,594.0,1228.0,701.0,1106.5042724609375,594.8991088867188,1235.4874267578125,700.9055786132812,matched,6,MOTOR,preprocessed/masks/right_rear_camera/masks/frame_000082_gt2d_006_track_-1_MOTOR.png,0.8405624032020569,1163.0,647.5,3.0142171382904053,3.0300159454345703,0.35152673721313477,1.0,0.5488445774397206,0.0214853427035982,3.0142171382904053,da3_bbox_median
right_rear,82,1772699918410553000,data\camera\right_rear_camera\1772699918410553000.jpg,2000070,2,motorcycle,0.396565,863.0,596.0,1003.0,697.0,866.1612548828125,597.9973754882812,1000.5429077148438,696.9662475585938,matched,8,MOTOR,preprocessed/masks/right_rear_camera/masks/frame_000082_gt2d_008_track_-1_MOTOR.png,0.900274395942688,933.0,646.5,2.992554187774658,3.0070583820343018,0.31390881538391113,1.0,-0.0683046888809347,0.018665315494462705,2.992554187774658,da3_bbox_median
right_rear,82,1772699918410553000,data\camera\right_rear_camera\1772699918410553000.jpg,2000072,2,motorcycle,0.842999,565.0,589.0,746.0,725.0,544.9796752929688,590.61328125,728.0542602539062,728.1121215820312,matched,0,MOTOR,preprocessed/masks/right_rear_camera/masks/frame_000082_gt2d_000_track_-1_MOTOR.png,0.9219052791595459,655.5,657.0,3.0905027389526367,3.1223456859588623,0.45900845527648926,1.0,-0.8346009081889757,0.048181288118804545,3.0905027389526367,da3_bbox_median
right_rear,82,1772699918410553000,data\camera\right_rear_camera\1772699918410553000.jpg,2000074,2,motorcycle,0.768842,411.0,572.0,522.0,729.0,411.0,572.0,522.0,729.0,tentative,1,MOTOR,preprocessed/masks/right_rear_camera/masks/frame_000082_gt2d_001_track_-1_MOTOR.png,0.9299943447113037,466.5,650.5,3.156189441680908,3.2056493759155273,0.5583453178405762,1.0,-1.3837875218055107,0.03093143610753062,3.156189441680908,da3_bbox_median
right_rear,83,1772699918510561000,data\camera\right_rear_camera\1772699918510561000.jpg,-1,3,person,0.37452,1414.0,589.0,1447.0,669.0,1414.0,589.0,1447.0,669.0,unassigned,7,PEDESTRIAN_NORMAL,preprocessed/masks/right_rear_camera/masks/frame_000083_gt2d_007_track_-1_PEDESTRIAN_NORMAL.png,0.8761864900588989,1430.5,629.0,2.817460298538208,2.819347381591797,0.24144601821899414,1.0,1.1844735765861119,-0.026345647240423153,2.817460298538208,da3_bbox_median
right_rear,83,1772699918510561000,data\camera\right_rear_camera\1772699918510561000.jpg,-1,2,motorcycle,0.350348,1212.0,607.0,1300.0,690.0,1212.0,607.0,1300.0,690.0,unassigned,8,MOTOR,preprocessed/masks/right_rear_camera/masks/frame_000083_gt2d_008_track_-1_MOTOR.png,0.8963218927383423,1256.0,648.5,2.8152995109558105,2.8203983306884766,0.24461841583251953,1.0,0.7458861851838922,0.022575181970070614,2.8152995109558105,da3_bbox_median
right_rear,83,1772699918510561000,data\camera\right_rear_camera\1772699918510561000.jpg,-1,2,motorcycle,0.326532,1464.0,613.0,1541.0,677.0,1464.0,613.0,1541.0,677.0,unassigned,10,MOTOR,preprocessed/masks/right_rear_camera/masks/frame_000083_gt2d_010_track_-1_MOTOR.png,0.8828971982002258,1502.5,645.0,2.768117904663086,2.7649312019348145,0.1818675994873047,1.0,1.3412929107815388,0.013566903738658369,2.768117904663086,da3_bbox_median
right_rear,83,1772699918510561000,data\camera\right_rear_camera\1772699918510561000.jpg,-1,2,motorcycle,0.304891,926.0,609.0,1034.0,694.0,926.0,609.0,1034.0,694.0,unassigned,11,MOTOR,preprocessed/masks/right_rear_camera/masks/frame_000083_gt2d_011_track_-1_MOTOR.png,0.9169480204582214,980.0,651.5,2.813732624053955,2.8194518089294434,0.24559497833251953,1.0,0.05359616611689308,0.030081603313748713,2.813732624053955,da3_bbox_median
right_rear,83,1772699918510561000,data\camera\right_rear_camera\1772699918510561000.jpg,6,0,bicycle,0.636245,778.0,590.0,947.0,712.0,787.1058959960938,591.4754028320312,953.1446533203125,712.0516357421875,matched,3,BICYCLE,preprocessed/masks/right_rear_camera/masks/frame_000083_gt2d_003_track_-1_BICYCLE.png,0.8190157413482666,862.5,651.0,2.9081976413726807,2.9319522380828857,0.37825632095336914,1.0,-0.2490414652473542,0.029796291807917843,2.9081976413726807,da3_bbox_median
right_rear,83,1772699918510561000,data\camera\right_rear_camera\1772699918510561000.jpg,2000025,2,motorcycle,0.429789,1589.0,620.0,1656.0,670.0,1593.0838623046875,619.90966796875,1659.963623046875,669.6209106445312,matched,5,MOTOR,preprocessed/masks/right_rear_camera/masks/frame_000083_gt2d_005_track_-1_MOTOR.png,0.9255039691925049,1622.5,645.0,2.7331128120422363,2.7291600704193115,0.14329123497009277,1.0,1.616527308397993,0.013395339253941202,2.7331128120422363,da3_bbox_median
right_rear,83,1772699918510561000,data\camera\right_rear_camera\1772699918510561000.jpg,2000048,2,motorcycle,0.34185,1363.0,608.0,1466.0,684.0,1364.626220703125,607.464111328125,1474.345947265625,684.2150268554688,matched,9,MOTOR,preprocessed/masks/right_rear_camera/masks/frame_000083_gt2d_009_track_-1_MOTOR.png,0.8664503693580627,1414.5,646.0,2.797938823699951,2.8015153408050537,0.22411537170410156,1.0,1.1363831021223774,0.01620532021747375,2.797938823699951,da3_bbox_median
right_rear,83,1772699918510561000,data\camera\right_rear_camera\1772699918510561000.jpg,2000066,2,motorcycle,0.666745,1108.0,600.0,1212.0,701.0,1116.4150390625,600.4761962890625,1219.7991943359375,700.5966186523438,matched,2,MOTOR,preprocessed/masks/right_rear_camera/masks/frame_000083_gt2d_002_track_-1_MOTOR.png,0.8697377443313599,1160.0,650.5,2.855661392211914,2.869577407836914,0.29659056663513184,1.0,0.5123414657513846,0.027986186992280965,2.855661392211914,da3_bbox_median
right_rear,83,1772699918510561000,data\camera\right_rear_camera\1772699918510561000.jpg,2000068,2,motorcycle,0.414787,1124.0,596.0,1259.0,699.0,1137.4295654296875,596.8180541992188,1269.4708251953125,698.7574462890625,matched,6,MOTOR,preprocessed/masks/right_rear_camera/masks/frame_000083_gt2d_006_track_-1_MOTOR.png,0.8771125078201294,1191.5,647.5,2.8677732944488525,2.879450559616089,0.3144676685333252,1.0,0.5949950602926927,0.020441490841766993,2.8677732944488525,da3_bbox_median
right_rear,83,1772699918510561000,data\camera\right_rear_camera\1772699918510561000.jpg,2000070,2,motorcycle,0.509956,937.0,595.0,1066.0,695.0,942.9251098632812,596.5377197265625,1069.0338134765625,694.2572631835938,matched,4,MOTOR,preprocessed/masks/right_rear_camera/masks/frame_000083_gt2d_004_track_-1_MOTOR.png,0.913658618927002,1001.5,645.0,2.854207992553711,2.8686249256134033,0.2981417179107666,1.0,0.10903848599391557,0.01398884238993374,2.854207992553711,da3_bbox_median
right_rear,83,1772699918510561000,data\camera\right_rear_camera\1772699918510561000.jpg,2000072,2,motorcycle,0.833896,656.0,585.0,832.0,721.0,646.4683837890625,586.7070922851562,823.1604614257812,722.4566040039062,matched,0,MOTOR,preprocessed/masks/right_rear_camera/masks/frame_000083_gt2d_000_track_-1_MOTOR.png,0.910904049873352,744.0,653.0,2.9461543560028076,2.9777538776397705,0.4333536624908447,1.0,-0.5633270372492994,0.0354337481093499,2.9461543560028076,da3_bbox_median
right_rear,83,1772699918510561000,data\camera\right_rear_camera\1772699918510561000.jpg,2000075,2,motorcycle,0.744874,519.0,581.0,635.0,725.0,519.0,581.0,635.0,725.0,tentative,1,MOTOR,preprocessed/masks/right_rear_camera/masks/frame_000083_gt2d_001_track_-1_MOTOR.png,0.9361886382102966,577.0,653.0,2.9670355319976807,3.0041446685791016,0.4634850025177002,1.0,-1.008762923755102,0.0356848884913607,2.9670355319976807,da3_bbox_median
right_rear,84,1772699918610537000,data\camera\right_rear_camera\1772699918610537000.jpg,-1,2,motorcycle,0.414235,1242.0,609.0,1331.0,693.0,1242.0,609.0,1331.0,693.0,unassigned,5,MOTOR,preprocessed/masks/right_rear_camera/masks/frame_000084_gt2d_005_track_-1_MOTOR.png,0.879479706287384,1286.5,651.0,2.998831272125244,3.0040903091430664,0.26444435119628906,1.0,0.8759979877881431,0.030724889669045255,2.998831272125244,da3_bbox_median
right_rear,84,1772699918610537000,data\camera\right_rear_camera\1772699918610537000.jpg,-1,2,motorcycle,0.331136,984.0,612.0,1085.0,695.0,984.0,612.0,1085.0,695.0,unassigned,8,MOTOR,preprocessed/masks/right_rear_camera/masks/frame_000084_gt2d_008_track_-1_MOTOR.png,0.9038124084472656,1034.5,653.5,2.997535467147827,3.0031304359436035,0.2659337520599365,1.0,0.20264198739938832,0.03738674020371007,2.997535467147827,da3_bbox_median
right_rear,84,1772699918610537000,data\camera\right_rear_camera\1772699918610537000.jpg,-1,2,motorcycle,0.310517,1473.0,614.0,1551.0,678.0,1473.0,614.0,1551.0,678.0,unassigned,10,MOTOR,preprocessed/masks/right_rear_camera/masks/frame_000084_gt2d_010_track_-1_MOTOR.png,0.8598305583000183,1512.0,646.0,2.9464974403381348,2.9450063705444336,0.19487690925598145,1.0,1.4526650168998838,0.01706575359553565,2.9464974403381348,da3_bbox_median
right_rear,84,1772699918610537000,data\camera\right_rear_camera\1772699918610537000.jpg,6,0,bicycle,0.567003,845.0,596.0,1004.0,708.0,854.6842041015625,595.3245849609375,1010.7540893554688,707.820556640625,matched,3,BICYCLE,preprocessed/masks/right_rear_camera/masks/frame_000084_gt2d_003_track_-1_BICYCLE.png,0.845612108707428,924.5,652.0,3.0679712295532227,3.087082862854004,0.35872387886047363,1.0,-0.09325910456099139,0.03416606279886855,3.0679712295532227,da3_bbox_median
right_rear,84,1772699918610537000,data\camera\right_rear_camera\1772699918610537000.jpg,2000025,2,motorcycle,0.326496,1601.0,623.0,1663.0,671.0,1604.9779052734375,622.4287719726562,1668.55810546875,670.5640869140625,matched,9,MOTOR,preprocessed/masks/right_rear_camera/masks/frame_000084_gt2d_009_track_-1_MOTOR.png,0.9243930578231812,1632.0,647.0,2.8990583419799805,2.8973283767700195,0.13906049728393555,1.0,1.7392141798983574,0.019373324503110405,2.8990583419799805,da3_bbox_median
right_rear,84,1772699918610537000,data\camera\right_rear_camera\1772699918610537000.jpg,2000048,2,motorcycle,0.336791,1381.0,608.0,1485.0,686.0,1387.679443359375,608.295654296875,1492.7552490234375,685.0595092773438,matched,7,MOTOR,preprocessed/masks/right_rear_camera/masks/frame_000084_gt2d_007_track_-1_MOTOR.png,0.7955427169799805,1433.0,647.0,2.9784293174743652,2.98380446434021,0.23979926109313965,1.0,1.2587795191785442,0.019903731098284666,2.9784293174743652,da3_bbox_median
right_rear,84,1772699918610537000,data\camera\right_rear_camera\1772699918610537000.jpg,2000066,2,motorcycle,0.679196,1147.0,601.0,1248.0,700.0,1156.8221435546875,601.6173095703125,1255.674072265625,699.1449584960938,matched,2,MOTOR,preprocessed/masks/right_rear_camera/masks/frame_000084_gt2d_002_track_-1_MOTOR.png,0.8645461797714233,1197.5,650.5,3.0351603031158447,3.045823574066162,0.3106567859649658,1.0,0.6459482976880638,0.029745320655385588,3.0351603031158447,da3_bbox_median
right_rear,84,1772699918610537000,data\camera\right_rear_camera\1772699918610537000.jpg,2000068,2,motorcycle,0.396179,1163.0,600.0,1288.0,699.0,1173.4705810546875,600.0386352539062,1299.9237060546875,698.08056640625,matched,6,MOTOR,preprocessed/masks/right_rear_camera/masks/frame_000084_gt2d_006_track_-1_MOTOR.png,0.8898205757141113,1225.5,649.5,3.034214496612549,3.045233964920044,0.3109896183013916,1.0,0.7214372646981811,0.027033328976437926,3.034214496612549,da3_bbox_median
right_rear,84,1772699918610537000,data\camera\right_rear_camera\1772699918610537000.jpg,2000070,2,motorcycle,0.517993,994.0,602.0,1119.0,695.0,1003.9500732421875,600.9257202148438,1125.603515625,693.5059814453125,matched,4,MOTOR,preprocessed/masks/right_rear_camera/masks/frame_000084_gt2d_004_track_-1_MOTOR.png,0.8998762369155884,1056.5,648.5,3.0197410583496094,3.0337746143341064,0.30420446395874023,1.0,0.26333038297141237,0.024214547556821595,3.0197410583496094,da3_bbox_median
right_rear,84,1772699918610537000,data\camera\right_rear_camera\1772699918610537000.jpg,2000072,2,motorcycle,0.836202,739.0,588.0,906.0,716.0,736.318603515625,587.6621704101562,904.43505859375,716.921630859375,matched,0,MOTOR,preprocessed/masks/right_rear_camera/masks/frame_000084_gt2d_000_track_-1_MOTOR.png,0.909862756729126,822.5,652.0,3.116405487060547,3.146256685256958,0.43453025817871094,1.0,-0.3779291374881887,0.03470544461173281,3.116405487060547,da3_bbox_median
right_rear,84,1772699918610537000,data\camera\right_rear_camera\1772699918610537000.jpg,2000075,2,motorcycle,0.801836,603.0,587.0,730.0,719.0,592.2041015625,586.9609985351562,717.0040893554688,721.3610229492188,matched,1,MOTOR,preprocessed/masks/right_rear_camera/masks/frame_000084_gt2d_001_track_-1_MOTOR.png,0.9233895540237427,666.5,653.0,3.12680983543396,3.159972906112671,0.4498567581176758,1.0,-0.8137628681491402,0.0376065130018935,3.12680983543396,da3_bbox_median
right_rear,85,1772699918710545000,data\camera\right_rear_camera\1772699918710545000.jpg,-1,2,motorcycle,0.427366,1197.0,599.0,1319.0,697.0,1197.0,599.0,1319.0,697.0,unassigned,5,MOTOR,preprocessed/masks/right_rear_camera/masks/frame_000085_gt2d_005_track_-1_MOTOR.png,0.881649374961853,1258.0,648.0,2.969461441040039,2.9850549697875977,0.3091163635253906,1.0,0.7920209550944759,0.022488845971499874,2.969461441040039,da3_bbox_median
right_rear,85,1772699918710545000,data\camera\right_rear_camera\1772699918710545000.jpg,-1,2,motorcycle,0.31844,1467.0,613.0,1565.0,678.0,1467.0,613.0,1565.0,678.0,unassigned,8,MOTOR,preprocessed/masks/right_rear_camera/masks/frame_000085_gt2d_008_track_-1_MOTOR.png,0.9070014357566833,1516.0,645.5,2.8832240104675293,2.8835747241973877,0.19599103927612305,1.0,1.431745134420675,0.015415167628276579,2.8832240104675293,da3_bbox_median
right_rear,85,1772699918710545000,data\camera\right_rear_camera\1772699918710545000.jpg,2000025,2,motorcycle,0.361759,1613.0,624.0,1673.0,671.0,1616.0782470703125,623.6873779296875,1677.0609130859375,670.6268310546875,matched,7,MOTOR,preprocessed/masks/right_rear_camera/masks/frame_000085_gt2d_007_track_-1_MOTOR.png,0.9151138663291931,1643.0,647.5,2.834505319595337,2.826233386993408,0.13465666770935059,1.0,1.7282655808234906,0.020204356684541718,2.834505319595337,da3_bbox_median
right_rear,85,1772699918710545000,data\camera\right_rear_camera\1772699918710545000.jpg,2000048,2,motorcycle,0.302084,1410.0,613.0,1503.0,685.0,1413.954833984375,611.6593627929688,1509.944580078125,684.4227294921875,matched,9,MOTOR,preprocessed/masks/right_rear_camera/masks/frame_000085_gt2d_009_track_-1_MOTOR.png,0.8447036147117615,1456.5,649.0,2.9001693725585938,2.9032328128814697,0.21181464195251465,1.0,1.2864236804933276,0.024547393155652495,2.9001693725585938,da3_bbox_median
right_rear,85,1772699918710545000,data\camera\right_rear_camera\1772699918710545000.jpg,2000066,2,motorcycle,0.62908,1168.0,601.0,1282.0,698.0,1181.7515869140625,601.6341552734375,1289.0560302734375,697.129150390625,matched,2,MOTOR,preprocessed/masks/right_rear_camera/masks/frame_000085_gt2d_002_track_-1_MOTOR.png,0.8858777284622192,1225.0,649.5,2.969747543334961,2.985231637954712,0.3088345527648926,1.0,0.7047862309557977,0.02645896076416838,2.969747543334961,da3_bbox_median
right_rear,85,1772699918710545000,data\camera\right_rear_camera\1772699918710545000.jpg,2000068,2,motorcycle,0.387985,1266.0,608.0,1362.0,695.0,1253.8408203125,606.3864135742188,1358.394775390625,694.89501953125,matched,6,MOTOR,preprocessed/masks/right_rear_camera/masks/frame_000085_gt2d_006_track_-1_MOTOR.png,0.8169428110122681,1314.0,651.5,2.94338059425354,2.9538426399230957,0.27161335945129395,1.0,0.9319133180638274,0.031467669202396506,2.94338059425354,da3_bbox_median
right_rear,85,1772699918710545000,data\camera\right_rear_camera\1772699918710545000.jpg,2000070,2,motorcycle,0.547556,1039.0,602.0,1164.0,693.0,1051.63720703125,602.0621337890625,1172.516845703125,691.8426513671875,matched,4,MOTOR,preprocessed/masks/right_rear_camera/masks/frame_000085_gt2d_004_track_-1_MOTOR.png,0.8811538815498352,1101.5,647.5,2.949254035949707,2.9623899459838867,0.2900817394256592,1.0,0.3754225986038004,0.02102228564670997,2.949254035949707,da3_bbox_median
right_rear,85,1772699918710545000,data\camera\right_rear_camera\1772699918710545000.jpg,2000072,2,motorcycle,0.839704,810.0,590.0,972.0,710.0,812.1371459960938,589.2559204101562,974.1610717773438,710.6268920898438,matched,0,MOTOR,preprocessed/masks/right_rear_camera/masks/frame_000085_gt2d_000_track_-1_MOTOR.png,0.8943374156951904,891.0,650.0,3.036343574523926,3.062030553817749,0.4049491882324219,1.0,-0.182919225887285,0.02840460749998844,3.036343574523926,da3_bbox_median
right_rear,85,1772699918710545000,data\camera\right_rear_camera\1772699918710545000.jpg,2000075,2,motorcycle,0.789533,686.0,593.0,821.0,715.0,669.893798828125,592.76318359375,802.3696899414062,717.3947143554688,matched,1,MOTOR,preprocessed/masks/right_rear_camera/masks/frame_000085_gt2d_001_track_-1_MOTOR.png,0.9137833714485168,753.5,654.0,3.0366272926330566,3.0622899532318115,0.40510129928588867,1.0,-0.5549251048338629,0.03922674859260608,3.0366272926330566,da3_bbox_median
right_rear,85,1772699918710545000,data\camera\right_rear_camera\1772699918710545000.jpg,2000076,2,motorcycle,0.565739,910.0,599.0,1056.0,703.0,910.0,599.0,1056.0,703.0,tentative,3,MOTOR,preprocessed/masks/right_rear_camera/masks/frame_000085_gt2d_003_track_-1_MOTOR.png,0.7790248990058899,983.0,651.0,2.9865965843200684,3.0045714378356934,0.3398005962371826,1.0,0.06487129017477672,0.030599537690611727,2.9865965843200684,da3_bbox_median
right_rear,86,1772699918810552000,data\camera\right_rear_camera\1772699918810552000.jpg,-1,2,motorcycle,0.429656,1205.0,603.0,1310.0,694.0,1205.0,603.0,1310.0,694.0,unassigned,5,MOTOR,preprocessed/masks/right_rear_camera/masks/frame_000086_gt2d_005_track_-1_MOTOR.png,0.8768372535705566,1257.5,648.5,3.0094165802001953,3.020428419113159,0.29068589210510254,1.0,0.8013373079295025,0.0241317581512674,3.0094165802001953,da3_bbox_median
right_rear,86,1772699918810552000,data\camera\right_rear_camera\1772699918810552000.jpg,-1,2,motorcycle,0.350367,1486.0,612.0,1575.0,678.0,1486.0,612.0,1575.0,678.0,unassigned,7,MOTOR,preprocessed/masks/right_rear_camera/masks/frame_000086_gt2d_007_track_-1_MOTOR.png,0.8665881156921387,1530.5,645.0,2.944836139678955,2.9502291679382324,0.21500682830810547,1.0,1.5003824795328136,0.014433022656240281,2.944836139678955,da3_bbox_median
right_rear,86,1772699918810552000,data\camera\right_rear_camera\1772699918810552000.jpg,2000025,2,motorcycle,0.326083,1624.0,624.0,1680.0,669.0,1626.4986572265625,623.801513671875,1683.850341796875,669.00146484375,matched,8,MOTOR,preprocessed/masks/right_rear_camera/masks/frame_000086_gt2d_008_track_-1_MOTOR.png,0.9148200750350952,1652.0,646.5,2.8907485008239746,2.882410764694214,0.13682007789611816,1.0,1.7857370596651545,0.018030327739244116,2.8907485008239746,da3_bbox_median
right_rear,86,1772699918810552000,data\camera\right_rear_camera\1772699918810552000.jpg,2000066,2,motorcycle,0.445412,1233.0,603.0,1347.0,693.0,1233.807373046875,602.6784057617188,1343.723388671875,692.8165893554688,matched,4,MOTOR,preprocessed/masks/right_rear_camera/masks/frame_000086_gt2d_004_track_-1_MOTOR.png,0.8874548673629761,1290.0,648.0,3.009298086166382,3.0202348232269287,0.2907733917236328,1.0,0.8884390691971054,0.02279054383626617,3.009298086166382,da3_bbox_median
right_rear,86,1772699918810552000,data\camera\right_rear_camera\1772699918810552000.jpg,2000068,2,motorcycle,0.370712,1300.0,608.0,1387.0,690.0,1302.645263671875,608.1290893554688,1392.78857421875,690.1397705078125,matched,6,MOTOR,preprocessed/masks/right_rear_camera/masks/frame_000086_gt2d_006_track_-1_MOTOR.png,0.8750010132789612,1343.5,649.0,2.979780673980713,2.9901859760284424,0.2595977783203125,1.0,1.0217525289379212,0.025221233081738546,2.979780673980713,da3_bbox_median
right_rear,86,1772699918810552000,data\camera\right_rear_camera\1772699918810552000.jpg,2000070,2,motorcycle,0.627009,1081.0,598.0,1206.0,691.0,1093.7935791015625,599.2459716796875,1214.8284912109375,689.779541015625,matched,2,MOTOR,preprocessed/masks/right_rear_camera/masks/frame_000086_gt2d_002_track_-1_MOTOR.png,0.9054820537567139,1143.5,644.5,3.016878604888916,3.029630661010742,0.30431151390075684,1.0,0.4969175082874401,0.013442471783039244,3.016878604888916,da3_bbox_median
right_rear,86,1772699918810552000,data\camera\right_rear_camera\1772699918810552000.jpg,2000072,2,motorcycle,0.826682,872.0,592.0,1033.0,706.0,877.2069702148438,591.0277099609375,1036.877685546875,705.6746826171875,matched,1,MOTOR,preprocessed/masks/right_rear_camera/masks/frame_000086_gt2d_001_track_-1_MOTOR.png,0.8543815612792969,952.5,649.0,3.072516918182373,3.0943009853363037,0.37839365005493164,1.0,-0.016751551229858868,0.026006164150846566,3.072516918182373,da3_bbox_median
right_rear,86,1772699918810552000,data\camera\right_rear_camera\1772699918810552000.jpg,2000075,2,motorcycle,0.828539,758.0,591.0,895.0,710.0,748.1183471679688,592.1259155273438,884.83349609375,711.2933959960938,matched,0,MOTOR,preprocessed/masks/right_rear_camera/masks/frame_000086_gt2d_000_track_-1_MOTOR.png,0.8855366110801697,826.5,650.5,3.082744598388672,3.1067087650299072,0.39206528663635254,1.0,-0.36286121481248734,0.03021165850238423,3.082744598388672,da3_bbox_median
right_rear,86,1772699918810552000,data\camera\right_rear_camera\1772699918810552000.jpg,2000076,2,motorcycle,0.591877,969.0,599.0,1106.0,700.0,962.7250366210938,599.7877197265625,1101.5250244140625,701.3877563476562,matched,3,MOTOR,preprocessed/masks/right_rear_camera/masks/frame_000086_gt2d_003_track_-1_MOTOR.png,0.8454511761665344,1037.5,649.5,3.03462553024292,3.0503644943237305,0.3264145851135254,1.0,0.21326015074371632,0.027036991079879398,3.03462553024292,da3_bbox_median
right_rear,87,1772699918910560000,data\camera\right_rear_camera\1772699918910560000.jpg,-1,2,motorcycle,0.382275,1500.0,612.0,1591.0,676.0,1500.0,612.0,1591.0,676.0,unassigned,5,MOTOR,preprocessed/masks/right_rear_camera/masks/frame_000087_gt2d_005_track_-1_MOTOR.png,0.9241417646408081,1545.5,644.0,3.010354995727539,3.009892702102661,0.19423890113830566,1.0,1.5739935797526787,0.012072669317809705,3.010354995727539,da3_bbox_median
right_rear,87,1772699918910560000,data\camera\right_rear_camera\1772699918910560000.jpg,-1,2,motorcycle,0.35337,1318.0,607.0,1410.0,688.0,1318.0,607.0,1410.0,688.0,unassigned,6,MOTOR,preprocessed/masks/right_rear_camera/masks/frame_000087_gt2d_006_track_-1_MOTOR.png,0.9150977730751038,1364.0,647.5,3.0479390621185303,3.058992624282837,0.25592923164367676,1.0,1.1007904554831256,0.02172571260955754,3.0479390621185303,da3_bbox_median
right_rear,87,1772699918910560000,data\camera\right_rear_camera\1772699918910560000.jpg,-1,2,motorcycle,0.352522,1222.0,599.0,1361.0,691.0,1222.0,599.0,1361.0,691.0,unassigned,7,MOTOR,preprocessed/masks/right_rear_camera/masks/frame_000087_gt2d_007_track_-1_MOTOR.png,0.8272350430488586,1291.5,645.0,3.0853233337402344,3.098761796951294,0.3024015426635742,1.0,0.9150072394227303,0.015121568557819418,3.0853233337402344,da3_bbox_median
right_rear,87,1772699918910560000,data\camera\right_rear_camera\1772699918910560000.jpg,2000066,2,motorcycle,0.460926,1264.0,600.0,1373.0,691.0,1270.7564697265625,600.3804321289062,1378.53173828125,689.6356811523438,matched,4,MOTOR,preprocessed/masks/right_rear_camera/masks/frame_000087_gt2d_004_track_-1_MOTOR.png,0.8665826320648193,1318.5,645.5,3.080091714859009,3.089395761489868,0.28674793243408203,1.0,0.9875463035066937,0.01646772152376684,3.080091714859009,da3_bbox_median
right_rear,87,1772699918910560000,data\camera\right_rear_camera\1772699918910560000.jpg,2000070,2,motorcycle,0.550858,1127.0,597.0,1246.0,689.0,1136.7967529296875,597.0540161132812,1254.0301513671875,687.3015747070312,matched,2,MOTOR,preprocessed/masks/right_rear_camera/masks/frame_000087_gt2d_002_track_-1_MOTOR.png,0.8989855051040649,1186.5,643.0,3.086113214492798,3.09909987449646,0.30287814140319824,1.0,0.6265481208008454,0.009627537353968171,3.086113214492798,da3_bbox_median
right_rear,87,1772699918910560000,data\camera\right_rear_camera\1772699918910560000.jpg,2000072,2,motorcycle,0.850212,934.0,591.0,1089.0,702.0,938.8613891601562,590.4298706054688,1093.7197265625,700.9873657226562,matched,0,MOTOR,preprocessed/masks/right_rear_camera/masks/frame_000087_gt2d_000_track_-1_MOTOR.png,0.8730838894844055,1011.5,646.5,3.132542371749878,3.1524429321289062,0.3605189323425293,1.0,0.14757986470471626,0.019538457117116964,3.132542371749878,da3_bbox_median
right_rear,87,1772699918910560000,data\camera\right_rear_camera\1772699918910560000.jpg,2000075,2,motorcycle,0.82073,833.0,585.0,964.0,704.0,825.44775390625,586.6392822265625,959.0507202148438,704.5836181640625,matched,1,MOTOR,preprocessed/masks/right_rear_camera/masks/frame_000087_gt2d_001_track_-1_MOTOR.png,0.8171231150627136,898.5,644.5,3.1634206771850586,3.189357042312622,0.4038090705871582,1.0,-0.1694372521916284,0.01409542734733565,3.1634206771850586,da3_bbox_median
right_rear,87,1772699918910560000,data\camera\right_rear_camera\1772699918910560000.jpg,2000076,2,motorcycle,0.515457,1022.0,595.0,1150.0,697.0,1014.6566772460938,596.5486450195312,1144.997314453125,698.4592895507812,matched,3,MOTOR,preprocessed/masks/right_rear_camera/masks/frame_000087_gt2d_003_track_-1_MOTOR.png,0.8159515857696533,1086.0,646.0,3.1175031661987305,3.1314315795898438,0.3375537395477295,1.0,0.3537896084056032,0.018056197890857266,3.1175031661987305,da3_bbox_median
right_rear,88,1772699919010523000,data\camera\right_rear_camera\1772699919010523000.jpg,2000048,2,motorcycle,0.530166,1517.0,612.0,1602.0,674.0,1515.0885009765625,611.3522338867188,1601.07568359375,674.466796875,matched,2,MOTOR,preprocessed/masks/right_rear_camera/masks/frame_000088_gt2d_002_track_-1_MOTOR.png,0.787038266658783,1559.5,643.0,2.976715326309204,2.9797592163085938,0.17384862899780273,1.0,1.5935327016903156,0.009286256207836959,2.976715326309204,da3_bbox_median
right_rear,88,1772699919010523000,data\camera\right_rear_camera\1772699919010523000.jpg,2000066,2,motorcycle,0.494522,1287.0,602.0,1397.0,689.0,1296.7401123046875,601.6639404296875,1404.6651611328125,687.9960327148438,matched,4,MOTOR,preprocessed/masks/right_rear_camera/masks/frame_000088_gt2d_004_track_-1_MOTOR.png,0.8697795867919922,1342.0,645.5,3.046780586242676,3.056328296661377,0.26402950286865234,1.0,1.0406548500687687,0.01628962345381334,3.046780586242676,da3_bbox_median
right_rear,88,1772699919010523000,data\camera\right_rear_camera\1772699919010523000.jpg,2000070,2,motorcycle,0.496896,1161.0,604.0,1281.0,687.0,1171.648681640625,601.830810546875,1288.6795654296875,685.9539794921875,matched,3,MOTOR,preprocessed/masks/right_rear_camera/masks/frame_000088_gt2d_003_track_-1_MOTOR.png,0.8809551000595093,1221.0,645.5,3.038280963897705,3.0457170009613037,0.2537400722503662,1.0,0.7102233297837083,0.01624418019212119,3.038280963897705,da3_bbox_median
right_rear,88,1772699919010523000,data\camera\right_rear_camera\1772699919010523000.jpg,2000072,2,motorcycle,0.826335,987.0,595.0,1135.0,699.0,993.1448364257812,593.7815551757812,1141.656982421875,698.20751953125,matched,0,MOTOR,preprocessed/masks/right_rear_camera/masks/frame_000088_gt2d_000_track_-1_MOTOR.png,0.8551148176193237,1061.0,647.0,3.092660665512085,3.1067025661468506,0.32690978050231934,1.0,0.2820880116816047,0.020667096547650213,3.092660665512085,da3_bbox_median
right_rear,88,1772699919010523000,data\camera\right_rear_camera\1772699919010523000.jpg,2000075,2,motorcycle,0.812234,895.0,595.0,1026.0,703.0,892.5763549804688,592.9837646484375,1024.824462890625,702.5680541992188,matched,1,MOTOR,preprocessed/masks/right_rear_camera/masks/frame_000088_gt2d_001_track_-1_MOTOR.png,0.8514038324356079,960.5,649.0,3.1002402305603027,3.117952823638916,0.34020185470581055,1.0,0.005193672653967111,0.02624081770417253,3.1002402305603027,da3_bbox_median
right_rear,88,1772699919010523000,data\camera\right_rear_camera\1772699919010523000.jpg,2000076,2,motorcycle,0.455136,1073.0,600.0,1189.0,694.0,1068.7440185546875,599.6036376953125,1186.708251953125,695.3797607421875,matched,5,MOTOR,preprocessed/masks/right_rear_camera/masks/frame_000088_gt2d_005_track_-1_MOTOR.png,0.8054567575454712,1131.0,647.0,3.06382417678833,3.076000452041626,0.29412841796875,1.0,0.47052999068954593,0.020474393059939772,3.06382417678833,da3_bbox_median
right_rear,89,1772699919110653000,data\camera\right_rear_camera\1772699919110653000.jpg,-1,2,motorcycle,0.399285,1118.0,601.0,1225.0,692.0,1118.0,601.0,1225.0,692.0,unassigned,3,MOTOR,preprocessed/masks/right_rear_camera/masks/frame_000089_gt2d_003_track_-1_MOTOR.png,0.8001200556755066,1171.5,646.5,3.0238378047943115,3.03359055519104,0.27478528022766113,1.0,0.5734951778625418,0.018860439306711527,3.0238378047943115,da3_bbox_median
right_rear,89,1772699919110653000,data\camera\right_rear_camera\1772699919110653000.jpg,-1,2,motorcycle,0.355236,1577.0,615.0,1640.0,669.0,1577.0,615.0,1640.0,669.0,unassigned,5,MOTOR,preprocessed/masks/right_rear_camera/masks/frame_000089_gt2d_005_track_-1_MOTOR.png,0.9062025547027588,1608.5,642.0,2.9296555519104004,2.9295828342437744,0.16468572616577148,1.0,1.6962335208005987,0.006529860232359637,2.9296555519104004,da3_bbox_median
right_rear,89,1772699919110653000,data\camera\right_rear_camera\1772699919110653000.jpg,2000048,2,motorcycle,0.351656,1529.0,608.0,1612.0,672.0,1533.143798828125,608.6470336914062,1616.75634765625,672.1686401367188,matched,6,MOTOR,preprocessed/masks/right_rear_camera/masks/frame_000089_gt2d_006_track_-1_MOTOR.png,0.9111223816871643,1570.5,640.0,2.958925247192383,2.9575345516204834,0.18788385391235352,1.0,1.613006711625375,0.0013237814814278095,2.958925247192383,da3_bbox_median
right_rear,89,1772699919110653000,data\camera\right_rear_camera\1772699919110653000.jpg,2000066,2,motorcycle,0.398568,1320.0,605.0,1419.0,687.0,1326.833740234375,604.0659790039062,1427.49169921875,686.1028442382812,matched,4,MOTOR,preprocessed/masks/right_rear_camera/masks/frame_000089_gt2d_004_track_-1_MOTOR.png,0.8639758825302124,1369.5,646.0,3.007063388824463,3.0142478942871094,0.24755382537841797,1.0,1.100762528036562,0.01741654417793947,3.007063388824463,da3_bbox_median
right_rear,89,1772699919110653000,data\camera\right_rear_camera\1772699919110653000.jpg,2000070,2,motorcycle,0.494758,1197.0,600.0,1310.0,685.0,1206.5323486328125,600.6315307617188,1318.879150390625,684.1918334960938,matched,2,MOTOR,preprocessed/masks/right_rear_camera/masks/frame_000089_gt2d_002_track_-1_MOTOR.png,0.8907586932182312,1253.5,642.5,3.014467239379883,3.023585319519043,0.25995874404907227,1.0,0.7919396592429373,0.008061461932447122,3.014467239379883,da3_bbox_median
right_rear,89,1772699919110653000,data\camera\right_rear_camera\1772699919110653000.jpg,2000075,2,motorcycle,0.794969,961.0,591.0,1077.0,698.0,959.2377319335938,591.93603515625,1080.402099609375,698.3211669921875,matched,1,MOTOR,preprocessed/masks/right_rear_camera/masks/frame_000089_gt2d_001_track_-1_MOTOR.png,0.8209113478660583,1019.0,644.5,3.069485664367676,3.085824966430664,0.33756303787231445,1.0,0.16511899887484832,0.013676875948817049,3.069485664367676,da3_bbox_median
right_rear,89,1772699919110653000,data\camera\right_rear_camera\1772699919110653000.jpg,2000076,2,motorcycle,0.827907,1041.0,598.0,1180.0,696.0,1055.1478271484375,598.770751953125,1188.492919921875,695.7459716796875,matched,0,MOTOR,preprocessed/masks/right_rear_camera/masks/frame_000089_gt2d_000_track_-1_MOTOR.png,0.8541383743286133,1110.5,647.0,3.041714668273926,3.0533292293548584,0.2918400764465332,1.0,0.4115814390133099,0.020326643469373996,3.041714668273926,da3_bbox_median
right_rear,90,1772699919210660000,data\camera\right_rear_camera\1772699919210660000.jpg,-1,2,motorcycle,0.394952,1158.0,593.0,1258.0,688.0,1158.0,593.0,1258.0,688.0,unassigned,3,MOTOR,preprocessed/masks/right_rear_camera/masks/frame_000090_gt2d_003_track_-1_MOTOR.png,0.7875460386276245,1208.0,640.5,3.023444414138794,3.037337064743042,0.31583476066589355,1.0,0.6717379970047029,0.002699211000472837,3.023444414138794,da3_bbox_median
right_rear,90,1772699919210660000,data\camera\right_rear_camera\1772699919210660000.jpg,-1,3,person,0.361899,1743.0,613.0,1768.0,662.0,1743.0,613.0,1768.0,662.0,unassigned,5,PEDESTRIAN_NORMAL,preprocessed/masks/right_rear_camera/masks/frame_000090_gt2d_005_track_-1_PEDESTRIAN_NORMAL.png,0.8108096718788147,1755.5,637.5,2.8829898834228516,2.874370574951172,0.14466428756713867,1.0,2.0467835001881713,-0.0051302394753843334,2.8829898834228516,da3_bbox_median
right_rear,90,1772699919210660000,data\camera\right_rear_camera\1772699919210660000.jpg,-1,2,motorcycle,0.301731,1408.0,613.0,1482.0,682.0,1408.0,613.0,1482.0,682.0,unassigned,7,MOTOR,preprocessed/masks/right_rear_camera/masks/frame_000090_gt2d_007_track_-1_MOTOR.png,0.9247245788574219,1445.0,647.5,2.936889171600342,2.9415411949157715,0.22377777099609375,1.0,1.2726215037150632,0.020934148881559634,2.936889171600342,da3_bbox_median
right_rear,90,1772699919210660000,data\camera\right_rear_camera\1772699919210660000.jpg,2000048,2,motorcycle,0.35353,1547.0,613.0,1627.0,669.0,1550.87939453125,609.7769775390625,1631.681396484375,667.9747314453125,matched,6,MOTOR,preprocessed/masks/right_rear_camera/masks/frame_000090_gt2d_006_track_-1_MOTOR.png,0.8780595660209656,1587.0,641.0,2.9128873348236084,2.911539316177368,0.17547297477722168,1.0,1.630729610763875,0.0038978353008752363,2.9128873348236084,da3_bbox_median
right_rear,90,1772699919210660000,data\camera\right_rear_camera\1772699919210660000.jpg,2000066,2,motorcycle,0.386894,1346.0,604.0,1441.0,684.0,1352.912109375,602.8621826171875,1448.3505859375,682.2083740234375,matched,4,MOTOR,preprocessed/masks/right_rear_camera/masks/frame_000090_gt2d_004_track_-1_MOTOR.png,0.9017878770828247,1393.5,644.0,2.972520589828491,2.9828882217407227,0.26923155784606934,1.0,1.1516760534617407,0.011920938949828768,2.972520589828491,da3_bbox_median
right_rear,90,1772699919210660000,data\camera\right_rear_camera\1772699919210660000.jpg,2000070,2,motorcycle,0.523422,1228.0,595.0,1342.0,682.0,1237.322265625,595.39306640625,1349.0328369140625,680.246337890625,matched,2,MOTOR,preprocessed/masks/right_rear_camera/masks/frame_000090_gt2d_002_track_-1_MOTOR.png,0.885638952255249,1285.0,638.5,2.9939708709716797,3.0037569999694824,0.28269076347351074,1.0,0.8705771460922304,-0.0026608529781785083,2.9939708709716797,da3_bbox_median
right_rear,90,1772699919210660000,data\camera\right_rear_camera\1772699919210660000.jpg,2000075,2,motorcycle,0.647768,1019.0,586.0,1126.0,693.0,1019.7850341796875,586.6968994140625,1130.4178466796875,692.2688598632812,matched,1,MOTOR,preprocessed/masks/right_rear_camera/masks/frame_000090_gt2d_001_track_-1_MOTOR.png,0.8288031816482544,1072.5,639.5,3.0546443462371826,3.0721099376678467,0.3696732521057129,1.0,0.30991684744422787,6.1446566719911385e-06,3.0546443462371826,da3_bbox_median
right_rear,90,1772699919210660000,data\camera\right_rear_camera\1772699919210660000.jpg,2000076,2,motorcycle,0.808463,1085.0,596.0,1221.0,691.0,1082.9423828125,595.811767578125,1218.2740478515625,691.0184936523438,matched,0,MOTOR,preprocessed/masks/right_rear_camera/masks/frame_000090_gt2d_000_track_-1_MOTOR.png,0.8752778768539429,1153.0,643.5,3.0220980644226074,3.036349296569824,0.31673693656921387,1.0,0.5233552910354023,0.010773798570016936,3.0220980644226074,da3_bbox_median
right_rear,91,1772699919310637000,data\camera\right_rear_camera\1772699919310637000.jpg,-1,2,motorcycle,0.331243,1195.0,595.0,1288.0,684.0,1195.0,595.0,1288.0,684.0,unassigned,3,MOTOR,preprocessed/masks/right_rear_camera/masks/frame_000091_gt2d_003_track_-1_MOTOR.png,0.8582048416137695,1241.5,639.5,3.1552810668945312,3.1673479080200195,0.32159423828125,1.0,0.7952002796345126,6.347095328326441e-06,3.1552810668945312,da3_bbox_median
right_rear,91,1772699919310637000,data\camera\right_rear_camera\1772699919310637000.jpg,2000048,2,motorcycle,0.321138,1562.0,612.0,1641.0,667.0,1565.4117431640625,610.4929809570312,1644.5706787109375,666.0593872070312,matched,4,MOTOR,preprocessed/masks/right_rear_camera/masks/frame_000091_gt2d_004_track_-1_MOTOR.png,0.899376630783081,1601.5,639.5,3.0455260276794434,3.046208620071411,0.19211268424987793,1.0,1.7443279541533008,6.126314459081092e-06,3.0455260276794434,da3_bbox_median
right_rear,91,1772699919310637000,data\camera\right_rear_camera\1772699919310637000.jpg,2000070,2,motorcycle,0.565915,1250.0,596.0,1368.0,681.0,1260.451416015625,594.9905395507812,1374.879150390625,679.046875,matched,2,MOTOR,preprocessed/masks/right_rear_camera/masks/frame_000091_gt2d_002_track_-1_MOTOR.png,0.8926063776016235,1309.0,638.5,3.1448707580566406,3.154271125793457,0.30605125427246094,1.0,0.9816987322512847,-0.0027949633056535738,3.1448707580566406,da3_bbox_median
right_rear,91,1772699919310637000,data\camera\right_rear_camera\1772699919310637000.jpg,2000075,2,motorcycle,0.791935,1046.0,590.0,1167.0,691.0,1055.1378173828125,588.4933471679688,1172.4158935546875,689.72900390625,matched,1,MOTOR,preprocessed/masks/right_rear_camera/masks/frame_000091_gt2d_001_track_-1_MOTOR.png,0.6940439343452454,1106.5,640.5,3.195749044418335,3.2138020992279053,0.3763575553894043,1.0,0.4210356393093472,0.0028530377258156343,3.195749044418335,da3_bbox_median
right_rear,91,1772699919310637000,data\camera\right_rear_camera\1772699919310637000.jpg,2000076,2,motorcycle,0.797427,1131.0,597.0,1260.0,688.0,1122.880615234375,596.2750854492188,1254.04541015625,688.0808715820312,matched,0,MOTOR,preprocessed/masks/right_rear_camera/masks/frame_000091_gt2d_000_track_-1_MOTOR.png,0.9042409658432007,1195.5,642.5,3.1528658866882324,3.1647703647613525,0.3202853202819824,1.0,0.6653807494659406,0.008431575567189408,3.1528658866882324,da3_bbox_median
right_rear,92,1772699919410645000,data\camera\right_rear_camera\1772699919410645000.jpg,2000070,2,motorcycle,0.575593,1285.0,601.0,1393.0,680.0,1290.9609375,599.490234375,1399.730224609375,679.3035888671875,matched,2,MOTOR,preprocessed/masks/right_rear_camera/masks/frame_000092_gt2d_002_track_-1_MOTOR.png,0.8810009360313416,1339.0,640.5,3.113555431365967,3.1223301887512207,0.26738762855529785,1.0,1.055140660875851,0.0027796585350218276,3.113555431365967,da3_bbox_median
right_rear,92,1772699919410645000,data\camera\right_rear_camera\1772699919410645000.jpg,2000075,2,motorcycle,0.790458,1087.0,595.0,1207.0,691.0,1094.3245849609375,593.7987670898438,1213.0535888671875,690.1953125,matched,1,MOTOR,preprocessed/masks/right_rear_camera/masks/frame_000092_gt2d_001_track_-1_MOTOR.png,0.7878057956695557,1147.0,643.0,3.1626477241516113,3.1754419803619385,0.3226168155670166,1.0,0.5307892612358184,0.009866296854801638,3.1626477241516113,da3_bbox_median
right_rear,92,1772699919410645000,data\camera\right_rear_camera\1772699919410645000.jpg,2000076,2,motorcycle,0.798617,1170.0,600.0,1291.0,688.0,1163.363037109375,599.6647338867188,1287.3516845703125,688.2417602539062,matched,0,MOTOR,preprocessed/masks/right_rear_camera/masks/frame_000092_gt2d_000_track_-1_MOTOR.png,0.8979853391647339,1230.5,644.0,3.1345176696777344,3.1427459716796875,0.2822723388671875,1.0,0.7592490128588386,0.012570608898471508,3.1345176696777344,da3_bbox_median
right_rear,93,1772699919510652000,data\camera\right_rear_camera\1772699919510652000.jpg,-1,2,motorcycle,0.377556,1616.0,616.0,1677.0,666.0,1616.0,616.0,1677.0,666.0,unassigned,3,MOTOR,preprocessed/masks/right_rear_camera/masks/frame_000093_gt2d_003_track_-1_MOTOR.png,0.8967622518539429,1646.5,641.0,3.0836405754089355,3.0816280841827393,0.1647176742553711,1.0,1.889784697809942,0.004126326118537648,3.0836405754089355,da3_bbox_median
right_rear,93,1772699919510652000,data\camera\right_rear_camera\1772699919510652000.jpg,-1,2,motorcycle,0.335977,1297.0,605.0,1390.0,680.0,1297.0,605.0,1390.0,680.0,unassigned,4,MOTOR,preprocessed/masks/right_rear_camera/masks/frame_000093_gt2d_004_track_-1_MOTOR.png,0.8850035071372986,1343.5,642.5,3.1476569175720215,3.154538154602051,0.24078369140625,1.0,1.0793164892440577,0.00841764544192911,3.1476569175720215,da3_bbox_median
right_rear,93,1772699919510652000,data\camera\right_rear_camera\1772699919510652000.jpg,2000070,2,motorcycle,0.53071,1318.0,603.0,1418.0,679.0,1321.896728515625,602.3623046875,1423.2906494140625,678.6934814453125,matched,2,MOTOR,preprocessed/masks/right_rear_camera/masks/frame_000093_gt2d_002_track_-1_MOTOR.png,0.8828645348548889,1368.0,641.0,3.157867908477783,3.1651790142059326,0.26096391677856445,1.0,1.1517457933427109,0.0042256522804755585,3.157867908477783,da3_bbox_median
right_rear,93,1772699919510652000,data\camera\right_rear_camera\1772699919510652000.jpg,2000075,2,motorcycle,0.829935,1123.0,597.0,1243.0,688.0,1130.034912109375,596.8349609375,1249.3697509765625,688.2290649414062,matched,0,MOTOR,preprocessed/masks/right_rear_camera/masks/frame_000093_gt2d_000_track_-1_MOTOR.png,0.8304669857025146,1183.0,642.5,3.195765256881714,3.2079203128814697,0.31030964851379395,1.0,0.6388448416986396,0.008546299534072476,3.195765256881714,da3_bbox_median
right_rear,93,1772699919510652000,data\camera\right_rear_camera\1772699919510652000.jpg,2000076,2,motorcycle,0.808236,1206.0,602.0,1319.0,687.0,1201.1160888671875,602.0353393554688,1316.935791015625,687.47509765625,matched,1,MOTOR,preprocessed/masks/right_rear_camera/masks/frame_000093_gt2d_001_track_-1_MOTOR.png,0.8633214831352234,1262.5,644.5,3.176281452178955,3.186113119125366,0.2783994674682617,1.0,0.8599184878823839,0.014152731809200078,3.176281452178955,da3_bbox_median
right_rear,94,1772699919610660000,data\camera\right_rear_camera\1772699919610660000.jpg,-1,2,motorcycle,0.393918,1320.0,609.0,1406.0,675.0,1320.0,609.0,1406.0,675.0,unassigned,3,MOTOR,preprocessed/masks/right_rear_camera/masks/frame_000094_gt2d_003_track_-1_MOTOR.png,0.8668537139892578,1363.0,642.0,3.1881303787231445,3.1940701007843018,0.24395442008972168,1.0,1.148581454280758,0.007105970448309761,3.1881303787231445,da3_bbox_median
right_rear,94,1772699919610660000,data\camera\right_rear_camera\1772699919610660000.jpg,-1,2,motorcycle,0.355022,1626.0,613.0,1685.0,661.0,1626.0,613.0,1685.0,661.0,unassigned,4,MOTOR,preprocessed/masks/right_rear_camera/masks/frame_000094_gt2d_004_track_-1_MOTOR.png,0.8890233039855957,1655.5,637.0,3.1303439140319824,3.1277339458465576,0.158522367477417,1.0,1.943506266690549,-0.006964577299627262,3.1303439140319824,da3_bbox_median
right_rear,94,1772699919610660000,data\camera\right_rear_camera\1772699919610660000.jpg,-1,3,person,0.318547,1234.0,598.0,1266.0,676.0,1234.0,598.0,1266.0,676.0,unassigned,5,PEDESTRIAN_NORMAL,preprocessed/masks/right_rear_camera/masks/frame_000094_gt2d_005_track_-1_PEDESTRIAN_NORMAL.png,0.837400496006012,1250.0,637.0,3.230512857437134,3.2380928993225098,0.2893364429473877,1.0,0.8386242674103,-0.007187439185901153,3.230512857437134,da3_bbox_median
right_rear,94,1772699919610660000,data\camera\right_rear_camera\1772699919610660000.jpg,2000070,2,motorcycle,0.460216,1353.0,606.0,1440.0,673.0,1355.5899658203125,603.6875,1445.5047607421875,672.6860961914062,matched,2,MOTOR,preprocessed/masks/right_rear_camera/masks/frame_000094_gt2d_002_track_-1_MOTOR.png,0.8921719789505005,1396.5,639.5,3.1881303787231445,3.1940701007843018,0.24395442008972168,1.0,1.243733151714373,6.413174295374324e-06,3.1881303787231445,da3_bbox_median
right_rear,94,1772699919610660000,data\camera\right_rear_camera\1772699919610660000.jpg,2000075,2,motorcycle,0.748643,1161.0,609.0,1274.0,684.0,1167.0516357421875,604.6389770507812,1281.933349609375,683.1885986328125,matched,1,MOTOR,preprocessed/masks/right_rear_camera/masks/frame_000094_gt2d_001_track_-1_MOTOR.png,0.8529491424560547,1217.5,646.5,3.2075653076171875,3.215756416320801,0.25669407844543457,1.0,0.7397931225850914,0.02000639409650563,3.2075653076171875,da3_bbox_median
right_rear,94,1772699919610660000,data\camera\right_rear_camera\1772699919610660000.jpg,2000076,2,motorcycle,0.786884,1243.0,603.0,1354.0,682.0,1239.3541259765625,601.799072265625,1350.99755859375,682.0400390625,matched,0,MOTOR,preprocessed/masks/right_rear_camera/masks/frame_000094_gt2d_000_track_-1_MOTOR.png,0.9039903879165649,1298.5,642.5,3.2267045974731445,3.2389698028564453,0.29314327239990234,1.0,0.9770593637345117,0.008629039300865941,3.2267045974731445,da3_bbox_median
right_rear,95,1772699919710637000,data\camera\right_rear_camera\1772699919710637000.jpg,-1,3,person,0.42089,1437.0,590.0,1462.0,654.0,1437.0,590.0,1462.0,654.0,unassigned,4,PEDESTRIAN_NORMAL,preprocessed/masks/right_rear_camera/masks/frame_000095_gt2d_004_track_-1_PEDESTRIAN_NORMAL.png,0.7752189636230469,1449.5,622.0,2.973442554473877,2.9717857837677,0.21605992317199707,1.0,1.30038178750939,-0.046344343944041716,2.973442554473877,da3_bbox_median
right_rear,95,1772699919710637000,data\camera\right_rear_camera\1772699919710637000.jpg,2000048,2,motorcycle,0.496432,1634.0,614.0,1693.0,661.0,1635.3494873046875,613.2266235351562,1696.2158203125,660.8900146484375,matched,3,MOTOR,preprocessed/masks/right_rear_camera/masks/frame_000095_gt2d_003_track_-1_MOTOR.png,0.8846415281295776,1663.5,637.5,2.917538642883301,2.915346622467041,0.14494681358337402,1.0,1.8321781240972022,-0.005191718501248664,2.917538642883301,da3_bbox_median
right_rear,95,1772699919710637000,data\camera\right_rear_camera\1772699919710637000.jpg,2000070,2,motorcycle,0.562504,1373.0,607.0,1460.0,673.0,1379.870361328125,606.3828735351562,1466.115234375,672.2506713867188,matched,2,MOTOR,preprocessed/masks/right_rear_camera/masks/frame_000095_gt2d_002_track_-1_MOTOR.png,0.9009279608726501,1416.5,640.0,2.9689698219299316,2.974294900894165,0.2188711166381836,1.0,1.2111375493158614,0.001328275282695348,2.9689698219299316,da3_bbox_median
right_rear,95,1772699919710637000,data\camera\right_rear_camera\1772699919710637000.jpg,2000075,2,motorcycle,0.755671,1193.0,612.0,1302.0,683.0,1200.924560546875,610.9451293945312,1311.441650390625,682.4395141601562,matched,1,MOTOR,preprocessed/masks/right_rear_camera/masks/frame_000095_gt2d_001_track_-1_MOTOR.png,0.8022199273109436,1247.5,647.5,2.9791758060455322,2.983198404312134,0.22168660163879395,1.0,0.7667430097107858,0.02123556805315654,2.9791758060455322,da3_bbox_median
right_rear,95,1772699919710637000,data\camera\right_rear_camera\1772699919710637000.jpg,2000076,2,motorcycle,0.788597,1276.0,604.0,1382.0,682.0,1275.20751953125,603.8687133789062,1382.03515625,681.7142944335938,matched,0,MOTOR,preprocessed/masks/right_rear_camera/masks/frame_000095_gt2d_000_track_-1_MOTOR.png,0.8967835307121277,1329.0,643.0,2.997865676879883,3.0040159225463867,0.24834299087524414,1.0,0.9892266136445916,0.00935223751701657,2.997865676879883,da3_bbox_median
right_rear,96,1772699919810644000,data\camera\right_rear_camera\1772699919810644000.jpg,-1,3,person,0.393488,1438.0,592.0,1476.0,667.0,1438.0,592.0,1476.0,667.0,unassigned,4,PEDESTRIAN_NORMAL,preprocessed/masks/right_rear_camera/masks/frame_000096_gt2d_004_track_-1_PEDESTRIAN_NORMAL.png,0.8039526343345642,1457.0,629.5,2.910735845565796,2.9131319522857666,0.2431039810180664,1.0,1.2924072420062496,-0.025921485794842818,2.910735845565796,da3_bbox_median
right_rear,96,1772699919810644000,data\camera\right_rear_camera\1772699919810644000.jpg,-1,1,car,0.334907,1720.0,605.0,1824.0,654.0,1720.0,605.0,1824.0,654.0,unassigned,5,VEHICLE_SUV,preprocessed/masks/right_rear_camera/masks/frame_000096_gt2d_005_track_-1_VEHICLE_SUV.png,0.8296061754226685,1772.0,629.5,2.8364977836608887,2.836531400680542,0.15453052520751953,1.0,2.0554730913013275,-0.025260360577988708,2.8364977836608887,da3_bbox_median
right_rear,96,1772699919810644000,data\camera\right_rear_camera\1772699919810644000.jpg,-1,3,person,0.307233,1812.0,615.0,1832.0,657.0,1812.0,615.0,1832.0,657.0,unassigned,6,PEDESTRIAN_NORMAL,preprocessed/masks/right_rear_camera/masks/frame_000096_gt2d_006_track_-1_PEDESTRIAN_NORMAL.png,0.8269490003585815,1822.0,636.0,2.8133792877197266,2.796577215194702,0.13667774200439453,1.0,2.164044146639654,-0.00876538921875265,2.8133792877197266,da3_bbox_median
right_rear,96,1772699919810644000,data\camera\right_rear_camera\1772699919810644000.jpg,2000048,2,motorcycle,0.419819,1642.0,617.0,1699.0,663.0,1644.3900146484375,615.9824829101562,1701.8502197265625,662.226318359375,matched,3,MOTOR,preprocessed/masks/right_rear_camera/masks/frame_000096_gt2d_003_track_-1_MOTOR.png,0.8777643442153931,1670.5,640.0,2.822972297668457,2.816574811935425,0.13933825492858887,1.0,1.790396804591717,0.0012629580466026035,2.822972297668457,da3_bbox_median
right_rear,96,1772699919810644000,data\camera\right_rear_camera\1772699919810644000.jpg,2000070,2,motorcycle,0.560642,1393.0,610.0,1480.0,675.0,1399.2869873046875,609.3496704101562,1484.5091552734375,673.5961303710938,matched,2,MOTOR,preprocessed/masks/right_rear_camera/masks/frame_000096_gt2d_002_track_-1_MOTOR.png,0.8826920390129089,1436.5,642.5,2.8749778270721436,2.87465763092041,0.1980268955230713,1.0,1.224022360011232,0.007688431311112658,2.8749778270721436,da3_bbox_median
right_rear,96,1772699919810644000,data\camera\right_rear_camera\1772699919810644000.jpg,2000075,2,motorcycle,0.734981,1223.0,612.0,1328.0,683.0,1229.8822021484375,612.7394409179688,1336.1337890625,682.3145751953125,matched,1,MOTOR,preprocessed/masks/right_rear_camera/masks/frame_000096_gt2d_001_track_-1_MOTOR.png,0.8172690272331238,1275.5,647.5,2.891422748565674,2.8938825130462646,0.21497583389282227,1.0,0.8162864568536146,0.020610064173793467,2.891422748565674,da3_bbox_median
right_rear,96,1772699919810644000,data\camera\right_rear_camera\1772699919810644000.jpg,2000076,2,motorcycle,0.787659,1304.0,608.0,1404.0,681.0,1304.2479248046875,607.3084106445312,1405.33349609375,680.9505615234375,matched,0,MOTOR,preprocessed/masks/right_rear_camera/masks/frame_000096_gt2d_000_track_-1_MOTOR.png,0.8711740374565125,1354.0,644.5,2.89705228805542,2.9039347171783447,0.22671890258789062,1.0,1.0204861103274467,0.012908555078439491,2.89705228805542,da3_bbox_median
right_rear,97,1772699919910651000,data\camera\right_rear_camera\1772699919910651000.jpg,-1,2,motorcycle,0.38462,1786.0,622.0,1835.0,661.0,1786.0,622.0,1835.0,661.0,unassigned,4,MOTOR,preprocessed/masks/right_rear_camera/masks/frame_000097_gt2d_004_track_-1_MOTOR.png,0.8065820932388306,1810.5,641.5,2.8874635696411133,2.8763911724090576,0.12467622756958008,1.0,2.1914460553414643,0.00514981705520993,2.8874635696411133,da3_bbox_median
right_rear,97,1772699919910651000,data\camera\right_rear_camera\1772699919910651000.jpg,2000048,2,motorcycle,0.408556,1651.0,620.0,1707.0,666.0,1652.3583984375,619.41015625,1708.1708984375,665.2269897460938,matched,3,MOTOR,preprocessed/masks/right_rear_camera/masks/frame_000097_gt2d_003_track_-1_MOTOR.png,0.9104131460189819,1679.0,643.0,2.9038491249084473,2.896639585494995,0.14583826065063477,1.0,1.8636810024577577,0.009058940478610594,2.9038491249084473,da3_bbox_median
right_rear,97,1772699919910651000,data\camera\right_rear_camera\1772699919910651000.jpg,2000070,2,motorcycle,0.557605,1415.0,610.0,1497.0,678.0,1418.6697998046875,610.8395385742188,1500.23828125,676.750244140625,matched,2,MOTOR,preprocessed/masks/right_rear_camera/masks/frame_000097_gt2d_002_track_-1_MOTOR.png,0.8954744935035706,1456.0,644.0,2.9614388942718506,2.9668068885803223,0.22323870658874512,1.0,1.3122817149596322,0.01187649713279196,2.9614388942718506,da3_bbox_median
right_rear,97,1772699919910651000,data\camera\right_rear_camera\1772699919910651000.jpg,2000075,2,motorcycle,0.815582,1251.0,612.0,1350.0,685.0,1256.1181640625,613.6884155273438,1356.790771484375,684.2633056640625,matched,0,MOTOR,preprocessed/masks/right_rear_camera/masks/frame_000097_gt2d_000_track_-1_MOTOR.png,0.8732143640518188,1300.5,648.5,2.9786219596862793,2.9865612983703613,0.23762845993041992,1.0,0.9072463157412678,0.02388482379877824,2.9786219596862793,da3_bbox_median
right_rear,97,1772699919910651000,data\camera\right_rear_camera\1772699919910651000.jpg,2000076,2,motorcycle,0.735141,1332.0,611.0,1428.0,682.0,1331.2176513671875,611.0464477539062,1427.6536865234375,681.95556640625,matched,1,MOTOR,preprocessed/masks/right_rear_camera/masks/frame_000097_gt2d_001_track_-1_MOTOR.png,0.8581899404525757,1380.0,646.5,2.973269462585449,2.9765217304229736,0.22703146934509277,1.0,1.116205687844021,0.01854503179789637,2.973269462585449,da3_bbox_median
right_rear,98,1772699920010645000,data\camera\right_rear_camera\1772699920010645000.jpg,-1,2,motorcycle,0.364162,1788.0,622.0,1838.0,661.0,1788.0,622.0,1838.0,661.0,unassigned,3,MOTOR,preprocessed/masks/right_rear_camera/masks/frame_000098_gt2d_003_track_-1_MOTOR.png,0.7528464794158936,1813.0,641.5,2.8487889766693115,2.838144302368164,0.13653087615966797,1.0,2.1684389614223636,0.005080840573364917,2.8487889766693115,da3_bbox_median
right_rear,98,1772699920010645000,data\camera\right_rear_camera\1772699920010645000.jpg,2000048,2,motorcycle,0.333545,1659.0,620.0,1713.0,665.0,1661.50341796875,619.7595825195312,1715.436767578125,664.7713012695312,matched,4,MOTOR,preprocessed/masks/right_rear_camera/masks/frame_000098_gt2d_004_track_-1_MOTOR.png,0.899725615978241,1686.0,642.5,2.868490219116211,2.859805107116699,0.1570744514465332,1.0,1.8588768123219033,0.0076710817762143625,2.868490219116211,da3_bbox_median
right_rear,98,1772699920010645000,data\camera\right_rear_camera\1772699920010645000.jpg,2000070,2,motorcycle,0.599938,1435.0,608.0,1514.0,677.0,1439.3079833984375,609.12548828125,1517.7340087890625,676.3597412109375,matched,2,MOTOR,preprocessed/masks/right_rear_camera/masks/frame_000098_gt2d_002_track_-1_MOTOR.png,0.8889687061309814,1474.5,642.5,2.947561740875244,2.9485514163970947,0.2441396713256836,1.0,1.3547138594965231,0.007882539394420967,2.947561740875244,da3_bbox_median
right_rear,98,1772699920010645000,data\camera\right_rear_camera\1772699920010645000.jpg,2000075,2,motorcycle,0.817931,1278.0,610.0,1380.0,685.0,1283.62109375,611.7198486328125,1384.4658203125,684.1591186523438,matched,0,MOTOR,preprocessed/masks/right_rear_camera/masks/frame_000098_gt2d_000_track_-1_MOTOR.png,0.84809809923172,1329.0,647.5,2.9503307342529297,2.959455728530884,0.2587409019470215,1.0,0.9735411776067798,0.021029960353266194,2.9503307342529297,da3_bbox_median
right_rear,98,1772699920010645000,data\camera\right_rear_camera\1772699920010645000.jpg,2000076,2,motorcycle,0.687537,1353.0,609.0,1450.0,681.0,1355.3426513671875,610.0227661132812,1451.052001953125,680.82373046875,matched,1,MOTOR,preprocessed/masks/right_rear_camera/masks/frame_000098_gt2d_001_track_-1_MOTOR.png,0.8663356304168701,1401.5,645.0,2.9464120864868164,2.94832444190979,0.24416303634643555,1.0,1.1625605436458277,0.0144407465752986,2.9464120864868164,da3_bbox_median
right_rear,99,1772699920110561000,data\camera\right_rear_camera\1772699920110561000.jpg,2000048,2,motorcycle,0.33925,1666.0,621.0,1719.0,665.0,1667.427734375,620.2991333007812,1720.10595703125,664.37158203125,matched,3,MOTOR,preprocessed/masks/right_rear_camera/masks/frame_000099_gt2d_003_track_-1_MOTOR.png,0.897984504699707,1692.5,643.0,2.899838447570801,2.8930909633636475,0.1549515724182129,1.0,1.895984292772656,0.009046428641487582,2.899838447570801,da3_bbox_median
right_rear,99,1772699920110561000,data\camera\right_rear_camera\1772699920110561000.jpg,2000070,2,motorcycle,0.498067,1452.0,610.0,1529.0,676.0,1455.5230712890625,609.5369873046875,1531.6668701171875,675.3223876953125,matched,2,MOTOR,preprocessed/masks/right_rear_camera/masks/frame_000099_gt2d_002_track_-1_MOTOR.png,0.901672899723053,1490.5,643.0,2.964380979537964,2.970475435256958,0.24442100524902344,1.0,1.4047001884195083,0.009247777585692039,2.964380979537964,da3_bbox_median
right_rear,99,1772699920110561000,data\camera\right_rear_camera\1772699920110561000.jpg,2000075,2,motorcycle,0.804973,1304.0,610.0,1399.0,683.0,1308.23828125,610.6895141601562,1404.453857421875,682.5457153320312,matched,0,MOTOR,preprocessed/masks/right_rear_camera/masks/frame_000099_gt2d_000_track_-1_MOTOR.png,0.8526492118835449,1351.5,646.5,2.9837164878845215,2.992595672607422,0.25604796409606934,1.0,1.0443679729407378,0.01861019253048475,2.9837164878845215,da3_bbox_median
right_rear,99,1772699920110561000,data\camera\right_rear_camera\1772699920110561000.jpg,2000076,2,motorcycle,0.658015,1378.0,610.0,1469.0,679.0,1378.4178466796875,610.0437622070312,1469.8563232421875,678.83447265625,matched,1,MOTOR,preprocessed/masks/right_rear_camera/masks/frame_000099_gt2d_001_track_-1_MOTOR.png,0.868052065372467,1423.5,644.5,2.97731351852417,2.981485605239868,0.24430155754089355,1.0,1.2331089162277455,0.013266179453546858,2.97731351852417,da3_bbox_median
right_rear,100,1772699920210538000,data\camera\right_rear_camera\1772699920210538000.jpg,-1,2,motorcycle,0.340094,1797.0,625.0,1845.0,661.0,1797.0,625.0,1845.0,661.0,unassigned,3,MOTOR,preprocessed/masks/right_rear_camera/masks/frame_000100_gt2d_003_track_-1_MOTOR.png,0.7745651602745056,1821.0,643.0,2.9716789722442627,2.962869644165039,0.11565828323364258,1.0,2.283160349128593,0.009270544636835505,2.9716789722442627,da3_bbox_median
right_rear,100,1772699920210538000,data\camera\right_rear_camera\1772699920210538000.jpg,2000070,2,motorcycle,0.494246,1468.0,609.0,1543.0,675.0,1471.9183349609375,609.0972900390625,1546.0576171875,674.4412841796875,matched,2,MOTOR,preprocessed/masks/right_rear_camera/masks/frame_000100_gt2d_002_track_-1_MOTOR.png,0.8576185703277588,1505.5,642.0,3.068169593811035,3.0724596977233887,0.24203944206237793,1.0,1.4948835297471408,0.006838591862342742,3.068169593811035,da3_bbox_median
right_rear,100,1772699920210538000,data\camera\right_rear_camera\1772699920210538000.jpg,2000075,2,motorcycle,0.803997,1328.0,609.0,1419.0,682.0,1332.59423828125,609.6654663085938,1424.4658203125,681.4579467773438,matched,0,MOTOR,preprocessed/masks/right_rear_camera/masks/frame_000100_gt2d_000_track_-1_MOTOR.png,0.8696042895317078,1373.5,645.5,3.0873332023620605,3.0949487686157227,0.25081729888916016,1.0,1.141148203682973,0.016506438162963915,3.0873332023620605,da3_bbox_median
right_rear,100,1772699920210538000,data\camera\right_rear_camera\1772699920210538000.jpg,2000076,2,motorcycle,0.67334,1396.0,605.0,1489.0,678.0,1398.565185546875,606.6468505859375,1490.0509033203125,677.6040649414062,matched,1,MOTOR,preprocessed/masks/right_rear_camera/masks/frame_000100_gt2d_001_track_-1_MOTOR.png,0.8110067248344421,1442.5,641.5,3.0873332023620605,3.0949487686157227,0.25081729888916016,1.0,1.3309359871988446,0.0055062863295678435,3.0873332023620605,da3_bbox_median
right_rear,101,1772699920310546000,data\camera\right_rear_camera\1772699920310546000.jpg,-1,2,motorcycle,0.337434,1438.0,599.0,1498.0,675.0,1438.0,599.0,1498.0,675.0,unassigned,4,MOTOR,preprocessed/masks/right_rear_camera/masks/frame_000101_gt2d_004_track_-1_MOTOR.png,0.8678776025772095,1468.0,637.0,3.0199332237243652,3.026695728302002,0.27739429473876953,1.0,1.3704878984961781,-0.0067189289592306444,3.0199332237243652,da3_bbox_median
right_rear,101,1772699920310546000,data\camera\right_rear_camera\1772699920310546000.jpg,2000048,2,motorcycle,0.470136,1682.0,621.0,1732.0,664.0,1685.6407470703125,621.0960083007812,1735.7911376953125,664.1497802734375,matched,3,MOTOR,preprocessed/masks/right_rear_camera/masks/frame_000101_gt2d_003_track_-1_MOTOR.png,0.8824134469032288,1707.0,642.5,2.9076976776123047,2.903883457183838,0.15266060829162598,1.0,1.9386852103819552,0.007775932620172872,2.9076976776123047,da3_bbox_median
right_rear,101,1772699920310546000,data\camera\right_rear_camera\1772699920310546000.jpg,2000070,2,motorcycle,0.598643,1485.0,610.0,1561.0,674.0,1492.29345703125,610.505615234375,1566.59814453125,674.4044189453125,matched,1,MOTOR,preprocessed/masks/right_rear_camera/masks/frame_000101_gt2d_001_track_-1_MOTOR.png,0.8824399709701538,1523.0,642.0,2.980681896209717,2.9815850257873535,0.22482895851135254,1.0,1.4987292735489741,0.006643591997251084,2.980681896209717,da3_bbox_median
right_rear,101,1772699920310546000,data\camera\right_rear_camera\1772699920310546000.jpg,2000075,2,motorcycle,0.804084,1350.0,610.0,1441.0,680.0,1358.816162109375,610.8351440429688,1449.2589111328125,680.6661376953125,matched,0,MOTOR,preprocessed/masks/right_rear_camera/masks/frame_000101_gt2d_000_track_-1_MOTOR.png,0.8856441974639893,1395.5,645.0,2.9983792304992676,3.003842830657959,0.24718046188354492,1.0,1.1670373430254308,0.014695444266897012,2.9983792304992676,da3_bbox_median
right_rear,101,1772699920310546000,data\camera\right_rear_camera\1772699920310546000.jpg,2000076,2,motorcycle,0.561138,1411.0,605.0,1504.0,678.0,1419.0833740234375,606.3486328125,1510.6856689453125,678.11083984375,matched,2,MOTOR,preprocessed/masks/right_rear_camera/masks/frame_000101_gt2d_002_track_-1_MOTOR.png,0.8297766447067261,1457.5,641.5,3.00688099861145,3.0153026580810547,0.2559366226196289,1.0,1.3364364644071949,0.0053627991059158366,3.00688099861145,da3_bbox_median
right_rear,102,1772699920410553000,data\camera\right_rear_camera\1772699920410553000.jpg,2000048,2,motorcycle,0.349613,1691.0,621.0,1737.0,664.0,1692.440673828125,620.9790649414062,1739.6746826171875,663.9872436523438,matched,2,MOTOR,preprocessed/masks/right_rear_camera/masks/frame_000102_gt2d_002_track_-1_MOTOR.png,0.8917481899261475,1714.0,642.5,3.0971431732177734,3.091778516769409,0.1485905647277832,1.0,2.084311559100441,0.008282558677058212,3.0971431732177734,da3_bbox_median
right_rear,102,1772699920410553000,data\camera\right_rear_camera\1772699920410553000.jpg,2000070,2,motorcycle,0.579932,1497.0,612.0,1574.0,674.0,1503.1085205078125,611.6704711914062,1578.2691650390625,673.7568969726562,matched,1,MOTOR,preprocessed/masks/right_rear_camera/masks/frame_000102_gt2d_001_track_-1_MOTOR.png,0.8941083550453186,1535.5,643.0,3.15303897857666,3.1568620204925537,0.19906973838806152,1.0,1.6205064393437487,0.009836321105203993,3.15303897857666,da3_bbox_median
right_rear,102,1772699920410553000,data\camera\right_rear_camera\1772699920410553000.jpg,2000075,2,motorcycle,0.825736,1370.0,610.0,1463.0,679.0,1376.788818359375,610.5309448242188,1468.1934814453125,679.0753784179688,matched,0,MOTOR,preprocessed/masks/right_rear_camera/masks/frame_000102_gt2d_000_track_-1_MOTOR.png,0.875420868396759,1416.5,644.5,3.1857261657714844,3.1892850399017334,0.24016833305358887,1.0,1.299559380059926,0.014194815138559344,3.1857261657714844,da3_bbox_median
right_rear,102,1772699920410553000,data\camera\right_rear_camera\1772699920410553000.jpg,2000076,2,motorcycle,0.329876,1430.0,608.0,1520.0,678.0,1434.528076171875,607.5347900390625,1524.2462158203125,677.655029296875,matched,3,MOTOR,preprocessed/masks/right_rear_camera/masks/frame_000102_gt2d_003_track_-1_MOTOR.png,0.6518393754959106,1475.0,643.0,3.186077356338501,3.189385414123535,0.24010729789733887,1.0,1.4657560684096962,0.009939388683711125,3.186077356338501,da3_bbox_median
right_rear,103,1772699920510561000,data\camera\right_rear_camera\1772699920510561000.jpg,2000070,2,motorcycle,0.616757,1513.0,613.0,1587.0,673.0,1518.964111328125,612.7996215820312,1592.5047607421875,672.93798828125,matched,1,MOTOR,preprocessed/masks/right_rear_camera/masks/frame_000103_gt2d_001_track_-1_MOTOR.png,0.8793888688087463,1550.0,643.0,3.0409669876098633,3.0439980030059814,0.21141409873962402,1.0,1.6021909361892699,0.00948669774261982,3.0409669876098633,da3_bbox_median
right_rear,103,1772699920510561000,data\camera\right_rear_camera\1772699920510561000.jpg,2000075,2,motorcycle,0.810504,1390.0,611.0,1481.0,679.0,1397.66259765625,611.1181030273438,1488.1373291015625,678.6094360351562,matched,0,MOTOR,preprocessed/masks/right_rear_camera/masks/frame_000103_gt2d_000_track_-1_MOTOR.png,0.8776065707206726,1435.5,645.0,3.0595219135284424,3.066540241241455,0.2506401538848877,1.0,1.2998662700053603,0.014995112461515,3.0595219135284424,da3_bbox_median
right_rear,104,1772699920610537000,data\camera\right_rear_camera\1772699920610537000.jpg,-1,3,person,0.305431,1461.0,597.0,1497.0,673.0,1461.0,597.0,1497.0,673.0,unassigned,2,PEDESTRIAN_NORMAL,preprocessed/masks/right_rear_camera/masks/frame_000104_gt2d_002_track_-1_PEDESTRIAN_NORMAL.png,0.8598379492759705,1479.0,635.0,3.050853729248047,3.055647134780884,0.2752857208251953,1.0,1.4144185787511783,-0.01222281059053733,3.050853729248047,da3_bbox_median
right_rear,104,1772699920610537000,data\camera\right_rear_camera\1772699920610537000.jpg,2000070,2,motorcycle,0.549148,1527.0,615.0,1599.0,674.0,1530.6246337890625,614.4322509765625,1602.333251953125,673.2575073242188,matched,1,MOTOR,preprocessed/masks/right_rear_camera/masks/frame_000104_gt2d_001_track_-1_MOTOR.png,0.8751806020736694,1563.0,644.5,2.9905190467834473,2.9892969131469727,0.19309711456298828,1.0,1.6102473138520748,0.013325020051480695,2.9905190467834473,da3_bbox_median
right_rear,104,1772699920610537000,data\camera\right_rear_camera\1772699920610537000.jpg,2000075,2,motorcycle,0.749032,1407.0,612.0,1498.0,679.0,1412.8382568359375,611.865478515625,1503.0614013671875,678.3823852539062,matched,0,MOTOR,preprocessed/masks/right_rear_camera/masks/frame_000104_gt2d_000_track_-1_MOTOR.png,0.8640045523643494,1452.5,645.5,3.0158586502075195,3.021942377090454,0.24217462539672852,1.0,1.3269923162384687,0.01612429921065976,3.0158586502075195,da3_bbox_median
right_rear,105,1772699920710545000,data\camera\right_rear_camera\1772699920710545000.jpg,2000070,2,motorcycle,0.467108,1543.0,620.0,1609.0,674.0,1544.0333251953125,618.30419921875,1611.0892333984375,673.3179321289062,matched,1,MOTOR,preprocessed/masks/right_rear_camera/masks/frame_000105_gt2d_001_track_-1_MOTOR.png,0.8682980537414551,1576.0,647.0,2.9540629386901855,2.9542534351348877,0.18903875350952148,1.0,1.6248310926135625,0.019740899686334117,2.9540629386901855,da3_bbox_median
right_rear,105,1772699920710545000,data\camera\right_rear_camera\1772699920710545000.jpg,2000075,2,motorcycle,0.683326,1426.0,613.0,1513.0,679.0,1429.21728515625,612.6918334960938,1516.725830078125,678.2575073242188,matched,0,MOTOR,preprocessed/masks/right_rear_camera/masks/frame_000105_gt2d_000_track_-1_MOTOR.png,0.9108323454856873,1469.5,646.0,2.9909772872924805,2.997009038925171,0.2365257740020752,1.0,1.3613443440702961,0.017323375440950486,2.9909772872924805,da3_bbox_median
right_rear,106,1772699920810552000,data\camera\right_rear_camera\1772699920810552000.jpg,-1,1,car,0.332308,1765.0,615.0,1851.0,659.0,1765.0,615.0,1851.0,659.0,unassigned,2,VEHICLE_SUV,preprocessed/masks/right_rear_camera/masks/frame_000106_gt2d_002_track_-1_VEHICLE_SUV.png,0.8367284536361694,1808.0,637.0,3.1841440200805664,3.176974296569824,0.164534330368042,1.0,2.4095202622604575,-0.007084275009397715,3.1841440200805664,da3_bbox_median
right_rear,106,1772699920810552000,data\camera\right_rear_camera\1772699920810552000.jpg,-1,3,person,0.315456,1465.0,597.0,1498.0,667.0,1465.0,597.0,1498.0,667.0,unassigned,3,PEDESTRIAN_NORMAL,preprocessed/masks/right_rear_camera/masks/frame_000106_gt2d_003_track_-1_PEDESTRIAN_NORMAL.png,0.8404795527458191,1481.5,632.0,3.2697396278381348,3.2684261798858643,0.25583553314208984,1.0,1.5231797912778402,-0.0218372944630336,3.2697396278381348,da3_bbox_median
right_rear,106,1772699920810552000,data\camera\right_rear_camera\1772699920810552000.jpg,2000070,2,motorcycle,0.425581,1554.0,620.0,1620.0,673.0,1555.1763916015625,619.5407104492188,1620.685546875,672.5686645507812,matched,1,MOTOR,preprocessed/masks/right_rear_camera/masks/frame_000106_gt2d_001_track_-1_MOTOR.png,0.8841347098350525,1587.0,646.5,3.2017321586608887,3.19921875,0.18636822700500488,1.0,1.7924343912805067,0.01997001127475413,3.2017321586608887,da3_bbox_median
right_rear,106,1772699920810552000,data\camera\right_rear_camera\1772699920810552000.jpg,2000075,2,motorcycle,0.60839,1444.0,613.0,1530.0,678.0,1445.8846435546875,612.8163452148438,1531.791748046875,677.4342651367188,matched,0,MOTOR,preprocessed/masks/right_rear_camera/masks/frame_000106_gt2d_000_track_-1_MOTOR.png,0.9155198335647583,1487.0,645.5,3.2459254264831543,3.245493173599243,0.23784565925598145,1.0,1.5279912702121077,0.017354352064378548,3.2459254264831543,da3_bbox_median
right_rear,107,1772699920910560000,data\camera\right_rear_camera\1772699920910560000.jpg,-1,1,car,0.365137,1771.0,616.0,1846.0,660.0,1771.0,616.0,1846.0,660.0,unassigned,2,VEHICLE_SUV,preprocessed/masks/right_rear_camera/masks/frame_000107_gt2d_002_track_-1_VEHICLE_SUV.png,0.8372320532798767,1808.5,638.0,3.0809361934661865,3.0734405517578125,0.1595439910888672,1.0,2.332792780213597,-0.004110312201944791,3.0809361934661865,da3_bbox_median
right_rear,107,1772699920910560000,data\camera\right_rear_camera\1772699920910560000.jpg,-1,1,car,0.351351,1699.0,0.0,1919.0,81.0,1699.0,0.0,1919.0,81.0,unassigned,3,VEHICLE_CAR,preprocessed/masks/right_rear_camera/masks/frame_000107_gt2d_003_track_-1_VEHICLE_CAR.png,0.9003360271453857,1809.0,40.5,16.695980072021484,15.283318519592285,17.399532318115234,0.999538004398346,12.649134318450377,-8.908247765747305,16.695980072021484,da3_bbox_median
right_rear,107,1772699920910560000,data\camera\right_rear_camera\1772699920910560000.jpg,2000070,2,motorcycle,0.434549,1569.0,622.0,1630.0,672.0,1569.1715087890625,621.4988403320312,1630.79248046875,671.8375854492188,matched,1,MOTOR,preprocessed/masks/right_rear_camera/masks/frame_000107_gt2d_001_track_-1_MOTOR.png,0.8690762519836426,1599.5,647.0,3.085333824157715,3.084043502807617,0.16385245323181152,1.0,1.7616303751494906,0.02061813400243835,3.085333824157715,da3_bbox_median
right_rear,107,1772699920910560000,data\camera\right_rear_camera\1772699920910560000.jpg,2000075,2,motorcycle,0.688757,1459.0,615.0,1545.0,678.0,1461.5606689453125,614.3892211914062,1546.959228515625,677.3784790039062,matched,0,MOTOR,preprocessed/masks/right_rear_camera/masks/frame_000107_gt2d_000_track_-1_MOTOR.png,0.9104474782943726,1502.0,646.5,3.1402668952941895,3.1398189067840576,0.22984623908996582,1.0,1.52021903626009,0.019586636919370168,3.1402668952941895,da3_bbox_median
right_rear,108,1772699921010523000,data\camera\right_rear_camera\1772699921010523000.jpg,-1,2,motorcycle,0.429038,1468.0,598.0,1502.0,668.0,1468.0,598.0,1502.0,668.0,unassigned,1,CYCLIST_MOTOR,preprocessed/masks/right_rear_camera/masks/frame_000108_gt2d_001_track_-1_CYCLIST_MOTOR.png,0.9106392860412598,1485.0,633.0,3.1833510398864746,3.1812946796417236,0.23969388008117676,1.0,1.4928627375002677,-0.01842477361888147,3.1833510398864746,da3_bbox_median
right_rear,108,1772699921010523000,data\camera\right_rear_camera\1772699921010523000.jpg,2000070,2,motorcycle,0.412678,1582.0,619.0,1639.0,672.0,1582.1451416015625,619.9440307617188,1639.7237548828125,671.517822265625,matched,2,MOTOR,preprocessed/masks/right_rear_camera/masks/frame_000108_gt2d_002_track_-1_MOTOR.png,0.8612638711929321,1610.5,645.5,3.119250535964966,3.11683988571167,0.17548060417175293,1.0,1.8115645856089864,0.01667708430282338,3.119250535964966,da3_bbox_median
right_rear,108,1772699921010523000,data\camera\right_rear_camera\1772699921010523000.jpg,2000075,2,motorcycle,0.730191,1467.0,616.0,1559.0,677.0,1471.5416259765625,615.5069580078125,1560.86279296875,676.6159057617188,matched,0,MOTOR,preprocessed/masks/right_rear_camera/masks/frame_000108_gt2d_000_track_-1_MOTOR.png,0.8837123513221741,1513.0,646.5,3.14628005027771,3.150273323059082,0.20470213890075684,1.0,1.5539637404908568,0.019624142484129206,3.14628005027771,da3_bbox_median
right_rear,109,1772699921110653000,data\camera\right_rear_camera\1772699921110653000.jpg,-1,1,car,0.305066,0.0,558.0,23.0,653.0,0.0,558.0,23.0,653.0,unassigned,3,VEHICLE_SUV,preprocessed/masks/right_rear_camera/masks/frame_000109_gt2d_003_track_-1_VEHICLE_SUV.png,0.537003219127655,11.5,605.5,3.17539644241333,3.1954054832458496,0.36018967628479004,1.0,-2.67940553899763,-0.09616193831329642,3.17539644241333,da3_bbox_median
right_rear,109,1772699921110653000,data\camera\right_rear_camera\1772699921110653000.jpg,2000070,2,motorcycle,0.343872,1595.0,620.0,1648.0,670.0,1594.5302734375,619.8522338867188,1648.028564453125,669.8533935546875,matched,2,MOTOR,preprocessed/masks/right_rear_camera/masks/frame_000109_gt2d_002_track_-1_MOTOR.png,0.8807557225227356,1621.5,645.0,3.118183135986328,3.1147947311401367,0.18149828910827637,1.0,1.8415030269834993,0.01528261869704691,3.118183135986328,da3_bbox_median
right_rear,109,1772699921110653000,data\camera\right_rear_camera\1772699921110653000.jpg,2000075,2,motorcycle,0.726528,1487.0,618.0,1570.0,675.0,1487.2525634765625,617.0491333007812,1572.0972900390625,674.8212280273438,matched,0,MOTOR,preprocessed/masks/right_rear_camera/masks/frame_000109_gt2d_000_track_-1_MOTOR.png,0.8795581459999084,1528.5,646.5,3.139939308166504,3.138115882873535,0.20229530334472656,1.0,1.5941919495636454,0.019584593675804136,3.139939308166504,da3_bbox_median
right_rear,109,1772699921110653000,data\camera\right_rear_camera\1772699921110653000.jpg,2000077,2,motorcycle,0.697817,1464.0,599.0,1510.0,674.0,1464.0,599.0,1510.0,674.0,tentative,1,CYCLIST_MOTOR,preprocessed/masks/right_rear_camera/masks/frame_000109_gt2d_001_track_-1_CYCLIST_MOTOR.png,0.8949013352394104,1487.0,636.5,3.2027640342712402,3.206343650817871,0.2850453853607178,1.0,1.507673418800019,-0.008552130845632338,3.2027640342712402,da3_bbox_median
right_rear,110,1772699921210660000,data\camera\right_rear_camera\1772699921210660000.jpg,-1,1,car,0.352534,1701.0,0.0,1919.0,86.0,1701.0,0.0,1919.0,86.0,unassigned,2,VEHICLE_CAR,preprocessed/masks/right_rear_camera/masks/frame_000110_gt2d_002_track_-1_VEHICLE_CAR.png,0.8791983127593994,1810.0,43.0,18.932601928710938,16.10236930847168,18.1189022064209,0.9991915225982666,14.360501157753925,-10.059451296246387,18.932601928710938,da3_bbox_median
right_rear,110,1772699921210660000,data\camera\right_rear_camera\1772699921210660000.jpg,-1,2,motorcycle,0.320073,1465.0,619.0,1524.0,674.0,1465.0,619.0,1524.0,674.0,unassigned,4,MOTOR,preprocessed/masks/right_rear_camera/masks/frame_000110_gt2d_004_track_-1_MOTOR.png,0.8924880027770996,1494.5,646.5,3.10479736328125,3.104775905609131,0.2077500820159912,1.0,1.4823022571247526,0.019365404499196423,3.10479736328125,da3_bbox_median
right_rear,110,1772699921210660000,data\camera\right_rear_camera\1772699921210660000.jpg,2000070,2,motorcycle,0.337567,1606.0,619.0,1657.0,669.0,1606.134521484375,619.1644897460938,1656.9697265625,668.670166015625,matched,3,MOTOR,preprocessed/masks/right_rear_camera/masks/frame_000110_gt2d_003_track_-1_MOTOR.png,0.8842535018920898,1631.5,644.0,3.0963826179504395,3.092550277709961,0.187896728515625,1.0,1.8562144100992402,0.01241767282628912,3.0963826179504395,da3_bbox_median
right_rear,110,1772699921210660000,data\camera\right_rear_camera\1772699921210660000.jpg,2000075,2,motorcycle,0.726411,1500.0,619.0,1582.0,674.0,1501.2540283203125,618.3323974609375,1583.7391357421875,673.604736328125,matched,0,MOTOR,preprocessed/masks/right_rear_camera/masks/frame_000110_gt2d_000_track_-1_MOTOR.png,0.8779336810112,1541.0,646.5,3.102989673614502,3.1052746772766113,0.20807290077209473,1.0,1.6099882952574813,0.019354129482662463,3.102989673614502,da3_bbox_median
right_rear,110,1772699921210660000,data\camera\right_rear_camera\1772699921210660000.jpg,2000077,2,motorcycle,0.666926,1465.0,598.0,1512.0,673.0,1466.8359375,598.4638671875,1513.6358642578125,673.4638671875,matched,1,CYCLIST_MOTOR,preprocessed/masks/right_rear_camera/masks/frame_000110_gt2d_001_track_-1_CYCLIST_MOTOR.png,0.8873963356018066,1488.5,635.5,3.1827378273010254,3.187150478363037,0.2933521270751953,1.0,1.5024995727041675,-0.011333675679537825,3.1827378273010254,da3_bbox_median
right_rear,111,1772699921310637000,data\camera\right_rear_camera\1772699921310637000.jpg,2000075,2,motorcycle,0.776931,1512.0,620.0,1594.0,675.0,1514.1024169921875,619.6591796875,1595.7882080078125,674.1355590820312,matched,1,MOTOR,preprocessed/masks/right_rear_camera/masks/frame_000111_gt2d_001_track_-1_MOTOR.png,0.8356473445892334,1553.0,647.5,3.143796920776367,3.146737813949585,0.2075343132019043,1.0,1.6647713857857864,0.0224089875196275,3.143796920776367,da3_bbox_median
right_rear,111,1772699921310637000,data\camera\right_rear_camera\1772699921310637000.jpg,2000077,2,motorcycle,0.779888,1467.0,598.0,1507.0,673.0,1469.5572509765625,598.5402221679688,1511.1451416015625,673.5402221679688,matched,0,CYCLIST_MOTOR,preprocessed/masks/right_rear_camera/masks/frame_000111_gt2d_000_track_-1_CYCLIST_MOTOR.png,0.8996826410293579,1487.0,635.5,3.225128173828125,3.228079080581665,0.2921113967895508,1.0,1.5182011437224456,-0.011484626987986872,3.225128173828125,da3_bbox_median
right_rear,112,1772699921410645000,data\camera\right_rear_camera\1772699921410645000.jpg,-1,3,person,0.353593,1483.0,601.0,1508.0,673.0,1483.0,601.0,1508.0,673.0,unassigned,1,PEDESTRIAN_NORMAL,preprocessed/masks/right_rear_camera/masks/frame_000112_gt2d_001_track_-1_PEDESTRIAN_NORMAL.png,0.8966995477676392,1495.5,637.0,3.3079395294189453,3.309493064880371,0.27832627296447754,1.0,1.5822341266170017,-0.00735970269971285,3.3079395294189453,da3_bbox_median
right_rear,112,1772699921410645000,data\camera\right_rear_camera\1772699921410645000.jpg,-1,1,car,0.326564,1592.0,605.0,1712.0,658.0,1592.0,605.0,1712.0,658.0,unassigned,2,VEHICLE_SUV,preprocessed/masks/right_rear_camera/masks/frame_000112_gt2d_002_track_-1_VEHICLE_SUV.png,0.8655512928962708,1652.0,631.5,3.2347521781921387,3.2380530834198,0.20827603340148926,1.0,1.9982426149434247,-0.023044302767856177,3.2347521781921387,da3_bbox_median
right_rear,112,1772699921410645000,data\camera\right_rear_camera\1772699921410645000.jpg,2000075,2,motorcycle,0.765317,1524.0,621.0,1606.0,674.0,1526.1697998046875,620.6327514648438,1607.6173095703125,673.527587890625,matched,0,MOTOR,preprocessed/masks/right_rear_camera/masks/frame_000112_gt2d_000_track_-1_MOTOR.png,0.8409645557403564,1565.0,647.5,3.2287800312042236,3.227510690689087,0.19159936904907227,1.0,1.7442922558199203,0.023014747213700445,3.2287800312042236,da3_bbox_median
right_rear,113,1772699921510652000,data\camera\right_rear_camera\1772699921510652000.jpg,2000075,2,motorcycle,0.759599,1535.0,624.0,1616.0,676.0,1539.7938232421875,623.4320068359375,1620.5335693359375,675.1554565429688,matched,0,MOTOR,preprocessed/masks/right_rear_camera/masks/frame_000113_gt2d_000_track_-1_MOTOR.png,0.8759968876838684,1575.5,650.0,3.2064948081970215,3.2059566974639893,0.1867198944091797,1.0,1.7622485098300367,0.029996350624407715,3.2064948081970215,da3_bbox_median
right_rear,114,1772699921610660000,data\camera\right_rear_camera\1772699921610660000.jpg,-1,1,car,0.375508,1704.0,0.0,1919.0,79.0,1704.0,0.0,1919.0,79.0,unassigned,2,VEHICLE_CAR,preprocessed/masks/right_rear_camera/masks/frame_000114_gt2d_002_track_-1_VEHICLE_CAR.png,0.9150203466415405,1811.5,39.5,19.7332763671875,16.669414520263672,17.695476531982422,0.9909909963607788,14.994188874710268,-10.546394167856457,19.7332763671875,da3_bbox_median
right_rear,114,1772699921610660000,data\camera\right_rear_camera\1772699921610660000.jpg,2000075,2,motorcycle,0.782777,1546.0,624.0,1622.0,677.0,1550.985107421875,624.3387451171875,1628.157958984375,676.4036254882812,matched,0,MOTOR,preprocessed/masks/right_rear_camera/masks/frame_000114_gt2d_000_track_-1_MOTOR.png,0.8424850702285767,1584.0,650.5,3.230189800262451,3.2285733222961426,0.1890721321105957,1.0,1.7997324484186137,0.031656657899724536,3.230189800262451,da3_bbox_median
right_rear,114,1772699921610660000,data\camera\right_rear_camera\1772699921610660000.jpg,2000078,2,motorcycle,0.719114,1467.0,603.0,1506.0,677.0,1467.0,603.0,1506.0,677.0,tentative,1,CYCLIST_MOTOR,preprocessed/masks/right_rear_camera/masks/frame_000114_gt2d_001_track_-1_CYCLIST_MOTOR.png,0.8919391632080078,1486.5,640.0,3.307462215423584,3.3114705085754395,0.2732656002044678,1.0,1.5554858486452483,0.0014797120121417065,3.307462215423584,da3_bbox_median
right_rear,115,1772699921710637000,data\camera\right_rear_camera\1772699921710637000.jpg,-1,2,motorcycle,0.324587,1658.0,623.0,1702.0,672.0,1658.0,623.0,1702.0,672.0,unassigned,2,MOTOR,preprocessed/masks/right_rear_camera/masks/frame_000115_gt2d_002_track_-1_MOTOR.png,0.8935253620147705,1680.0,647.5,3.147587537765503,3.1444027423858643,0.15141940116882324,1.0,2.0229157586923416,0.022436007041225687,3.147587537765503,da3_bbox_median
right_rear,115,1772699921710637000,data\camera\right_rear_camera\1772699921710637000.jpg,2000075,2,motorcycle,0.809137,1555.0,624.0,1630.0,678.0,1558.5882568359375,624.36474609375,1633.81494140625,677.2782592773438,matched,1,MOTOR,preprocessed/masks/right_rear_camera/masks/frame_000115_gt2d_001_track_-1_MOTOR.png,0.837722897529602,1592.5,651.0,3.1654481887817383,3.1664412021636963,0.18636322021484375,1.0,1.7876322152539827,0.03243198350551819,3.1654481887817383,da3_bbox_median
right_rear,115,1772699921710637000,data\camera\right_rear_camera\1772699921710637000.jpg,2000078,2,motorcycle,0.814797,1467.0,603.0,1509.0,678.0,1469.525146484375,603.3668823242188,1510.925048828125,678.1668701171875,matched,0,CYCLIST_MOTOR,preprocessed/masks/right_rear_camera/masks/frame_000115_gt2d_000_track_-1_CYCLIST_MOTOR.png,0.8950487971305847,1488.0,640.5,3.236306667327881,3.2411880493164062,0.2655782699584961,1.0,1.526346592776306,0.0028892459595104675,3.236306667327881,da3_bbox_median
right_rear,116,1772699921810644000,data\camera\right_rear_camera\1772699921810644000.jpg,-1,2,motorcycle,0.404467,1668.0,624.0,1707.0,672.0,1668.0,624.0,1707.0,672.0,unassigned,2,MOTOR,preprocessed/masks/right_rear_camera/masks/frame_000116_gt2d_002_track_-1_MOTOR.png,0.890262246131897,1687.5,648.0,3.0324361324310303,3.028712511062622,0.1504368782043457,1.0,1.9691716609290268,0.022965776944645872,3.0324361324310303,da3_bbox_median
right_rear,116,1772699921810644000,data\camera\right_rear_camera\1772699921810644000.jpg,2000075,2,motorcycle,0.768733,1565.0,627.0,1639.0,677.0,1567.343994140625,626.4221801757812,1641.2491455078125,677.0133666992188,matched,1,MOTOR,preprocessed/masks/right_rear_camera/masks/frame_000116_gt2d_001_track_-1_MOTOR.png,0.8856334686279297,1602.0,652.0,3.030076026916504,3.0304136276245117,0.15266656875610352,1.0,1.7368287195852652,0.03374404780062148,3.030076026916504,da3_bbox_median
right_rear,116,1772699921810644000,data\camera\right_rear_camera\1772699921810644000.jpg,2000078,2,motorcycle,0.828876,1468.0,603.0,1508.0,678.0,1471.31005859375,603.5565185546875,1511.6517333984375,678.5101318359375,matched,0,CYCLIST_MOTOR,preprocessed/masks/right_rear_camera/masks/frame_000116_gt2d_000_track_-1_CYCLIST_MOTOR.png,0.8950538039207458,1488.0,640.5,3.1219606399536133,3.123999834060669,0.26039958000183105,1.0,1.4724173186929186,0.0027871623711680947,3.1219606399536133,da3_bbox_median
right_rear,117,1772699921910651000,data\camera\right_rear_camera\1772699921910651000.jpg,2000075,2,motorcycle,0.756727,1574.0,626.0,1648.0,676.0,1576.078857421875,626.3455810546875,1649.5657958984375,676.1293334960938,matched,1,MOTOR,preprocessed/masks/right_rear_camera/masks/frame_000117_gt2d_001_track_-1_MOTOR.png,0.8827347755432129,1611.0,651.0,3.0695924758911133,3.069871425628662,0.16017985343933105,1.0,1.7840920856913811,0.03144988216821123,3.0695924758911133,da3_bbox_median
right_rear,117,1772699921910651000,data\camera\right_rear_camera\1772699921910651000.jpg,2000078,2,motorcycle,0.849984,1468.0,602.0,1508.0,676.0,1470.35400390625,602.5318603515625,1510.3250732421875,676.7614135742188,matched,0,CYCLIST_MOTOR,preprocessed/masks/right_rear_camera/masks/frame_000117_gt2d_000_track_-1_CYCLIST_MOTOR.png,0.8959782719612122,1488.0,639.0,3.1519126892089844,3.1572065353393555,0.25308704376220703,1.0,1.4865436710528916,-0.0013974407057627952,3.1519126892089844,da3_bbox_median
right_rear,118,1772699922010645000,data\camera\right_rear_camera\1772699922010645000.jpg,2000075,2,motorcycle,0.730163,1582.0,624.0,1657.0,674.0,1583.6353759765625,624.5463256835938,1657.6990966796875,674.0861206054688,matched,1,MOTOR,preprocessed/masks/right_rear_camera/masks/frame_000118_gt2d_001_track_-1_MOTOR.png,0.8361364603042603,1619.5,649.0,3.0563933849334717,3.0561678409576416,0.15912628173828125,1.0,1.7995659352603737,0.025869692566302577,3.0563933849334717,da3_bbox_median
right_rear,118,1772699922010645000,data\camera\right_rear_camera\1772699922010645000.jpg,2000078,2,motorcycle,0.864091,1468.0,600.0,1508.0,674.0,1469.2293701171875,600.3485717773438,1509.1148681640625,674.3463134765625,matched,0,CYCLIST_MOTOR,preprocessed/masks/right_rear_camera/masks/frame_000118_gt2d_000_track_-1_CYCLIST_MOTOR.png,0.8976690769195557,1488.0,637.0,3.1385340690612793,3.142688035964966,0.249725341796875,1.0,1.4802338823407613,-0.006982799248832836,3.1385340690612793,da3_bbox_median
right_rear,119,1772699922110561000,data\camera\right_rear_camera\1772699922110561000.jpg,-1,1,car,0.423387,1701.0,0.0,1919.0,77.0,1701.0,0.0,1919.0,77.0,unassigned,2,VEHICLE_CAR,preprocessed/masks/right_rear_camera/masks/frame_000119_gt2d_002_track_-1_VEHICLE_CAR.png,0.930423378944397,1810.0,38.5,18.93221092224121,16.076099395751953,17.380216598510742,0.9741279482841492,14.360204576814743,-10.135130830992066,18.93221092224121,da3_bbox_median
right_rear,119,1772699922110561000,data\camera\right_rear_camera\1772699922110561000.jpg,2000075,2,motorcycle,0.681738,1592.0,624.0,1665.0,673.0,1592.3585205078125,624.3135986328125,1665.3411865234375,673.1337280273438,matched,1,MOTOR,preprocessed/masks/right_rear_camera/masks/frame_000119_gt2d_001_track_-1_MOTOR.png,0.8143911361694336,1628.5,648.5,3.132084846496582,3.131514549255371,0.16255474090576172,1.0,1.8692458716093927,0.025115404268782563,3.132084846496582,da3_bbox_median
right_rear,119,1772699922110561000,data\camera\right_rear_camera\1772699922110561000.jpg,2000078,2,motorcycle,0.872427,1469.0,600.0,1509.0,674.0,1469.177001953125,600.030517578125,1509.0556640625,673.9651489257812,matched,0,CYCLIST_MOTOR,preprocessed/masks/right_rear_camera/masks/frame_000119_gt2d_000_track_-1_CYCLIST_MOTOR.png,0.9007182121276855,1489.0,637.0,3.2148759365081787,3.220574378967285,0.25855374336242676,1.0,1.5191033461589143,-0.007152649224309491,3.2148759365081787,da3_bbox_median
right_rear,120,1772699922210538000,data\camera\right_rear_camera\1772699922210538000.jpg,2000075,2,motorcycle,0.620558,1603.0,625.0,1673.0,673.0,1603.2166748046875,624.7546997070312,1673.82958984375,672.6815185546875,matched,1,MOTOR,preprocessed/masks/right_rear_camera/masks/frame_000120_gt2d_001_track_-1_MOTOR.png,0.8753371834754944,1638.0,649.0,3.0791261196136475,3.0785505771636963,0.15546751022338867,1.0,1.8637005451726374,0.026062105251222805,3.0791261196136475,da3_bbox_median
right_rear,120,1772699922210538000,data\camera\right_rear_camera\1772699922210538000.jpg,2000078,2,motorcycle,0.855828,1470.0,601.0,1508.0,674.0,1470.41650390625,600.5220336914062,1508.8935546875,673.7390747070312,matched,0,CYCLIST_MOTOR,preprocessed/masks/right_rear_camera/masks/frame_000120_gt2d_000_track_-1_CYCLIST_MOTOR.png,0.9075688123703003,1489.0,637.5,3.159592628479004,3.162916421890259,0.24681997299194336,1.0,1.4929807025880806,-0.00562245012442136,3.159592628479004,da3_bbox_median
right_rear,121,1772699922310546000,data\camera\right_rear_camera\1772699922310546000.jpg,2000075,2,motorcycle,0.554573,1614.0,624.0,1680.0,673.0,1614.1524658203125,624.0262451171875,1681.230712890625,672.3468627929688,matched,1,MOTOR,preprocessed/masks/right_rear_camera/masks/frame_000121_gt2d_001_track_-1_MOTOR.png,0.8559064865112305,1647.0,648.5,3.029128313064575,3.028069019317627,0.15085458755493164,1.0,1.857726635708013,0.024289821602288184,3.029128313064575,da3_bbox_median
right_rear,121,1772699922310546000,data\camera\right_rear_camera\1772699922310546000.jpg,2000078,2,motorcycle,0.585055,1480.0,601.0,1509.0,674.0,1477.78466796875,600.5255126953125,1509.426025390625,673.4995727539062,matched,0,CYCLIST_MOTOR,preprocessed/masks/right_rear_camera/masks/frame_000121_gt2d_000_track_-1_CYCLIST_MOTOR.png,0.9076221585273743,1494.5,637.5,3.106706142425537,3.1101715564727783,0.24186038970947266,1.0,1.4832135525501453,-0.005528339375012925,3.106706142425537,da3_bbox_median
right_rear,122,1772699922410553000,data\camera\right_rear_camera\1772699922410553000.jpg,-1,1,car,0.300029,1654.0,618.0,1752.0,665.0,1654.0,618.0,1752.0,665.0,unassigned,1,VEHICLE_SUV,preprocessed/masks/right_rear_camera/masks/frame_000122_gt2d_001_track_-1_VEHICLE_SUV.png,0.8892772197723389,1703.0,641.5,3.0529439449310303,3.0552914142608643,0.16093015670776367,1.0,2.0246474104673453,0.005444952781918501,3.0529439449310303,da3_bbox_median
right_rear,122,1772699922410553000,data\camera\right_rear_camera\1772699922410553000.jpg,2000075,2,motorcycle,0.460059,1626.0,628.0,1685.0,673.0,1626.6484375,626.62109375,1687.702880859375,672.43798828125,matched,0,MOTOR,preprocessed/masks/right_rear_camera/masks/frame_000122_gt2d_000_track_-1_MOTOR.png,0.8623483180999756,1655.5,650.5,3.0521812438964844,3.0440804958343506,0.1591804027557373,1.0,1.8949781677335424,0.02991213007920966,3.0521812438964844,da3_bbox_median
right_rear,123,1772699922510561000,data\camera\right_rear_camera\1772699922510561000.jpg,-1,1,car,0.344953,1662.0,617.0,1750.0,664.0,1662.0,617.0,1750.0,664.0,unassigned,2,VEHICLE_SUV,preprocessed/masks/right_rear_camera/masks/frame_000123_gt2d_002_track_-1_VEHICLE_SUV.png,0.8570877909660339,1706.0,640.5,3.0183019638061523,3.0197155475616455,0.16768550872802734,1.0,2.0097407264255023,0.0026946200252121904,3.0183019638061523,da3_bbox_median
right_rear,123,1772699922510561000,data\camera\right_rear_camera\1772699922510561000.jpg,2000075,2,motorcycle,0.434848,1636.0,627.0,1694.0,672.0,1636.591552734375,627.1177368164062,1694.869873046875,672.0437622070312,matched,1,MOTOR,preprocessed/masks/right_rear_camera/masks/frame_000123_gt2d_001_track_-1_MOTOR.png,0.8598055839538574,1665.0,649.5,3.0161168575286865,3.0081522464752197,0.16202330589294434,1.0,1.8981146716182211,0.02687208809132678,3.0161168575286865,da3_bbox_median
right_rear,123,1772699922510561000,data\camera\right_rear_camera\1772699922510561000.jpg,2000078,2,motorcycle,0.635991,1472.0,605.0,1505.0,673.0,1474.0953369140625,604.0685424804688,1506.642333984375,672.9732666015625,matched,0,CYCLIST_MOTOR,preprocessed/masks/right_rear_camera/masks/frame_000123_gt2d_000_track_-1_CYCLIST_MOTOR.png,0.8756965398788452,1488.5,639.0,3.084949493408203,3.087155818939209,0.25179028511047363,1.0,1.456335880354423,-0.0013677517185264577,3.084949493408203,da3_bbox_median
right_rear,124,1772699922610537000,data\camera\right_rear_camera\1772699922610537000.jpg,-1,3,person,0.3533,1772.0,620.0,1788.0,665.0,1772.0,620.0,1788.0,665.0,unassigned,2,PEDESTRIAN_NORMAL,preprocessed/masks/right_rear_camera/masks/frame_000124_gt2d_002_track_-1_PEDESTRIAN_NORMAL.png,0.9020099639892578,1780.0,642.5,3.002923011779785,2.9838621616363525,0.16153836250305176,1.0,2.1974761877056084,0.008030589694022384,3.002923011779785,da3_bbox_median
right_rear,124,1772699922610537000,data\camera\right_rear_camera\1772699922610537000.jpg,-1,1,car,0.316101,1649.0,617.0,1756.0,666.0,1649.0,617.0,1756.0,666.0,unassigned,3,VEHICLE_CAR,preprocessed/masks/right_rear_camera/masks/frame_000124_gt2d_003_track_-1_VEHICLE_CAR.png,0.8579570055007935,1702.5,641.5,3.00240421295166,3.0043349266052246,0.16663146018981934,1.0,1.9897930948933316,0.005354814718723664,3.00240421295166,da3_bbox_median
right_rear,124,1772699922610537000,data\camera\right_rear_camera\1772699922610537000.jpg,2000075,2,motorcycle,0.49929,1645.0,627.0,1699.0,670.0,1645.705322265625,627.1494140625,1700.331787109375,670.4367065429688,matched,1,MOTOR,preprocessed/masks/right_rear_camera/masks/frame_000124_gt2d_001_track_-1_MOTOR.png,0.8734914064407349,1672.0,648.5,2.985349178314209,2.981973648071289,0.15546274185180664,1.0,1.8973696535396505,0.023938767680801082,2.985349178314209,da3_bbox_median
right_rear,124,1772699922610537000,data\camera\right_rear_camera\1772699922610537000.jpg,2000078,2,motorcycle,0.846213,1472.0,602.0,1512.0,673.0,1472.65380859375,602.68115234375,1510.433349609375,672.9052124023438,matched,0,CYCLIST_MOTOR,preprocessed/masks/right_rear_camera/masks/frame_000124_gt2d_000_track_-1_CYCLIST_MOTOR.png,0.9014966487884521,1492.0,637.5,3.083165168762207,3.083796739578247,0.25351667404174805,1.0,1.4651074602692233,-0.00548644854734439,3.083165168762207,da3_bbox_median
right_rear,125,1772699922710545000,data\camera\right_rear_camera\1772699922710545000.jpg,2000075,2,motorcycle,0.50715,1654.0,625.0,1706.0,669.0,1654.8826904296875,625.6664428710938,1706.9437255859375,669.0906982421875,matched,1,MOTOR,preprocessed/masks/right_rear_camera/masks/frame_000125_gt2d_001_track_-1_MOTOR.png,0.8993172645568848,1680.0,647.0,2.947874069213867,2.93965220451355,0.15230727195739746,1.0,1.8945623712459623,0.019699541782308556,2.947874069213867,da3_bbox_median
right_rear,125,1772699922710545000,data\camera\right_rear_camera\1772699922710545000.jpg,2000078,2,motorcycle,0.820732,1472.0,601.0,1512.0,672.0,1472.4259033203125,601.439453125,1512.0660400390625,672.0951538085938,matched,0,CYCLIST_MOTOR,preprocessed/masks/right_rear_camera/masks/frame_000125_gt2d_000_track_-1_CYCLIST_MOTOR.png,0.8885168433189392,1492.0,636.5,3.0253567695617676,3.0258259773254395,0.24006319046020508,1.0,1.437637145738916,-0.008078411856494768,3.0253567695617676,da3_bbox_median
right_rear,126,1772699922810552000,data\camera\right_rear_camera\1772699922810552000.jpg,-1,1,car,0.370524,1663.0,615.0,1784.0,664.0,1663.0,615.0,1784.0,664.0,unassigned,2,VEHICLE_SUV,preprocessed/masks/right_rear_camera/masks/frame_000126_gt2d_002_track_-1_VEHICLE_SUV.png,0.9057580232620239,1723.5,639.5,2.980093240737915,2.9816782474517822,0.1555929183959961,1.0,2.0307619984765397,5.9946912763879865e-06,2.980093240737915,da3_bbox_median
right_rear,126,1772699922810552000,data\camera\right_rear_camera\1772699922810552000.jpg,2000075,2,motorcycle,0.386067,1662.0,624.0,1722.0,668.0,1662.68994140625,624.7814331054688,1719.5992431640625,668.2855834960938,matched,1,MOTOR,preprocessed/masks/right_rear_camera/masks/frame_000126_gt2d_001_track_-1_MOTOR.png,0.8807185888290405,1692.0,646.0,2.9800639152526855,2.971557855606079,0.14913606643676758,1.0,1.9471101478445563,0.017260166521920788,2.9800639152526855,da3_bbox_median
right_rear,126,1772699922810552000,data\camera\right_rear_camera\1772699922810552000.jpg,2000078,2,motorcycle,0.780551,1472.0,599.0,1512.0,672.0,1471.7550048828125,599.9713745117188,1512.0989990234375,672.1373901367188,matched,0,CYCLIST_MOTOR,preprocessed/masks/right_rear_camera/masks/frame_000126_gt2d_000_track_-1_CYCLIST_MOTOR.png,0.9001345038414001,1492.0,635.5,3.0613269805908203,3.0657055377960205,0.2440929412841797,1.0,1.4547300426943137,-0.010901333703774642,3.0613269805908203,da3_bbox_median
right_rear,127,1772699922910560000,data\camera\right_rear_camera\1772699922910560000.jpg,-1,1,car,0.405605,1672.0,614.0,1784.0,661.0,1672.0,614.0,1784.0,661.0,unassigned,1,VEHICLE_CAR,preprocessed/masks/right_rear_camera/masks/frame_000127_gt2d_001_track_-1_VEHICLE_CAR.png,0.8725166320800781,1728.0,637.5,2.9148707389831543,2.9168779850006104,0.1561143398284912,1.0,1.9980026608126957,-0.005186971004220053,2.9148707389831543,da3_bbox_median
right_rear,127,1772699922910560000,data\camera\right_rear_camera\1772699922910560000.jpg,2000075,2,motorcycle,0.331002,1671.0,623.0,1727.0,667.0,1671.6156005859375,623.7047119140625,1727.47509765625,667.2738037109375,matched,2,MOTOR,preprocessed/masks/right_rear_camera/masks/frame_000127_gt2d_002_track_-1_MOTOR.png,0.8952717781066895,1699.0,645.0,2.9132256507873535,2.905893087387085,0.1494438648223877,1.0,1.9216074820498992,0.014278095563285948,2.9132256507873535,da3_bbox_median
right_rear,127,1772699922910560000,data\camera\right_rear_camera\1772699922910560000.jpg,2000078,2,motorcycle,0.83993,1473.0,599.0,1512.0,671.0,1472.5189208984375,599.354736328125,1512.4365234375,671.4246215820312,matched,0,CYCLIST_MOTOR,preprocessed/masks/right_rear_camera/masks/frame_000127_gt2d_000_track_-1_CYCLIST_MOTOR.png,0.8979494571685791,1492.5,635.0,2.9976518154144287,3.0014023780822754,0.24756240844726562,1.0,1.4258071896045574,-0.012009664706285882,2.9976518154144287,da3_bbox_median
right_rear,128,1772699923010523000,data\camera\right_rear_camera\1772699923010523000.jpg,-1,1,car,0.435835,1678.0,616.0,1775.0,662.0,1678.0,616.0,1775.0,662.0,unassigned,1,VEHICLE_CAR,preprocessed/masks/right_rear_camera/masks/frame_000128_gt2d_001_track_-1_VEHICLE_CAR.png,0.9003084897994995,1726.5,639.0,2.7867395877838135,2.7819998264312744,0.1439199447631836,1.0,1.906450847945425,-0.001235536552031542,2.7867395877838135,da3_bbox_median
right_rear,128,1772699923010523000,data\camera\right_rear_camera\1772699923010523000.jpg,-1,1,car,0.304853,1702.0,0.0,1919.0,77.0,1702.0,0.0,1919.0,77.0,unassigned,2,VEHICLE_CAR,preprocessed/masks/right_rear_camera/masks/frame_000128_gt2d_002_track_-1_VEHICLE_CAR.png,0.9524033665657043,1810.5,38.5,18.18740463256836,16.02927017211914,19.60681915283203,0.9261954426765442,13.803365887623944,-9.73640776475409,18.18740463256836,da3_bbox_median
right_rear,128,1772699923010523000,data\camera\right_rear_camera\1772699923010523000.jpg,2000078,2,motorcycle,0.832202,1471.0,598.0,1512.0,671.0,1471.541015625,598.601318359375,1512.537353515625,671.2977294921875,matched,0,CYCLIST_MOTOR,preprocessed/masks/right_rear_camera/masks/frame_000128_gt2d_000_track_-1_CYCLIST_MOTOR.png,0.8866515159606934,1491.5,634.5,2.8674473762512207,2.87198543548584,0.23685598373413086,1.0,1.3613219246567256,-0.012765106655496357,2.8674473762512207,da3_bbox_median
right_rear,129,1772699923110653000,data\camera\right_rear_camera\1772699923110653000.jpg,-1,1,car,0.472089,1680.0,616.0,1788.0,661.0,1680.0,616.0,1788.0,661.0,unassigned,1,VEHICLE_CAR,preprocessed/masks/right_rear_camera/masks/frame_000129_gt2d_001_track_-1_VEHICLE_CAR.png,0.8849948644638062,1734.0,638.5,2.692248582839966,2.689204692840576,0.14482784271240234,1.0,1.8597973268366346,-0.0023927011879449757,2.692248582839966,da3_bbox_median
right_rear,129,1772699923110653000,data\camera\right_rear_camera\1772699923110653000.jpg,2000078,2,motorcycle,0.626858,1481.0,597.0,1513.0,671.0,1477.5518798828125,597.6840209960938,1513.117431640625,671.2754516601562,matched,0,CYCLIST_MOTOR,preprocessed/masks/right_rear_camera/masks/frame_000129_gt2d_000_track_-1_CYCLIST_MOTOR.png,0.8992342352867126,1497.0,634.0,2.776423454284668,2.7804856300354004,0.23801136016845703,1.0,1.33171282298707,-0.013596440324117014,2.776423454284668,da3_bbox_median
right_rear,130,1772699923210660000,data\camera\right_rear_camera\1772699923210660000.jpg,-1,1,car,0.333097,1694.0,618.0,1781.0,663.0,1694.0,618.0,1781.0,663.0,unassigned,0,VEHICLE_CAR,preprocessed/masks/right_rear_camera/masks/frame_000130_gt2d_000_track_-1_VEHICLE_CAR.png,0.8565830588340759,1737.5,640.5,2.779329776763916,2.774941921234131,0.13584184646606445,1.0,1.9286192578817396,0.0024812751550187724,2.779329776763916,da3_bbox_median
right_rear,131,1772699923310637000,data\camera\right_rear_camera\1772699923310637000.jpg,2000078,2,motorcycle,0.637109,1478.0,596.0,1513.0,672.0,1478.24365234375,596.760986328125,1513.4395751953125,672.270751953125,matched,0,CYCLIST_MOTOR,preprocessed/masks/right_rear_camera/masks/frame_000131_gt2d_000_track_-1_CYCLIST_MOTOR.png,0.7780004739761353,1495.5,634.0,2.8875765800476074,2.889390707015991,0.26773834228515625,1.0,1.3811685998304417,-0.014140768977926148,2.8875765800476074,da3_bbox_median
right_rear,132,1772699923410645000,data\camera\right_rear_camera\1772699923410645000.jpg,-1,1,car,0.37058,1701.0,0.0,1919.0,73.0,1701.0,0.0,1919.0,73.0,unassigned,1,VEHICLE_CAR,preprocessed/masks/right_rear_camera/masks/frame_000132_gt2d_001_track_-1_VEHICLE_CAR.png,0.9579019546508789,1810.0,36.5,16.695741653442383,16.25368881225586,19.787315368652344,0.9458173513412476,12.663828154556475,-8.967607394981405,16.695741653442383,da3_bbox_median
right_rear,132,1772699923410645000,data\camera\right_rear_camera\1772699923410645000.jpg,2000078,2,motorcycle,0.792582,1482.0,599.0,1521.0,673.0,1481.8072509765625,598.5090942382812,1519.591796875,673.0684814453125,matched,0,CYCLIST_MOTOR,preprocessed/masks/right_rear_camera/masks/frame_000132_gt2d_000_track_-1_CYCLIST_MOTOR.png,0.9078494906425476,1501.5,636.0,2.9625961780548096,2.968130588531494,0.25168728828430176,1.0,1.432888037455232,-0.00923029067285379,2.9625961780548096,da3_bbox_median
right_rear,133,1772699923510652000,data\camera\right_rear_camera\1772699923510652000.jpg,-1,3,person,0.374905,1812.0,625.0,1828.0,665.0,1812.0,625.0,1828.0,665.0,unassigned,1,PEDESTRIAN_NORMAL,preprocessed/masks/right_rear_camera/masks/frame_000133_gt2d_001_track_-1_PEDESTRIAN_NORMAL.png,0.9230272769927979,1820.0,645.0,2.9635708332061768,2.9400346279144287,0.1379408836364746,1.0,2.2742905269962956,0.014524843811411782,2.9635708332061768,da3_bbox_median
right_rear,133,1772699923510652000,data\camera\right_rear_camera\1772699923510652000.jpg,2000078,2,motorcycle,0.836005,1485.0,600.0,1523.0,674.0,1484.1136474609375,599.6344604492188,1522.1202392578125,673.84423828125,matched,0,CYCLIST_MOTOR,preprocessed/masks/right_rear_camera/masks/frame_000133_gt2d_000_track_-1_CYCLIST_MOTOR.png,0.9265936613082886,1504.0,637.0,3.06850266456604,3.0735926628112793,0.2644026279449463,1.0,1.4909451527561353,-0.0068269891706423105,3.06850266456604,da3_bbox_median
right_rear,134,1772699923610660000,data\camera\right_rear_camera\1772699923610660000.jpg,2000078,2,motorcycle,0.836404,1488.0,601.0,1526.0,674.0,1486.6412353515625,600.5201416015625,1524.723388671875,673.9359741210938,matched,0,CYCLIST_MOTOR,preprocessed/masks/right_rear_camera/masks/frame_000134_gt2d_000_track_-1_CYCLIST_MOTOR.png,0.9153174161911011,1507.0,637.5,2.9789578914642334,2.9835357666015625,0.2553093433380127,1.0,1.4553985069013518,-0.005301013180161738,2.9789578914642334,da3_bbox_median
right_rear,135,1772699923710637000,data\camera\right_rear_camera\1772699923710637000.jpg,-1,1,car,0.327023,1704.0,626.0,1784.0,666.0,1704.0,626.0,1784.0,666.0,unassigned,1,VEHICLE_CAR,preprocessed/masks/right_rear_camera/masks/frame_000135_gt2d_001_track_-1_VEHICLE_CAR.png,0.7808756232261658,1744.0,646.0,2.871352195739746,2.8644754886627197,0.12608003616333008,1.0,2.0091028422051056,0.016630521509250453,2.871352195739746,da3_bbox_median
right_rear,135,1772699923710637000,data\camera\right_rear_camera\1772699923710637000.jpg,-1,3,person,0.301556,1826.0,625.0,1840.0,665.0,1826.0,625.0,1840.0,665.0,unassigned,2,PEDESTRIAN_NORMAL,preprocessed/masks/right_rear_camera/masks/frame_000135_gt2d_002_track_-1_PEDESTRIAN_NORMAL.png,0.8864370584487915,1833.0,645.0,2.875617027282715,2.847099781036377,0.12815189361572266,1.0,2.2400984507031727,0.01409377083709876,2.875617027282715,da3_bbox_median
right_rear,135,1772699923710637000,data\camera\right_rear_camera\1772699923710637000.jpg,2000078,2,motorcycle,0.84349,1492.0,601.0,1529.0,673.0,1490.790283203125,600.859619140625,1528.2340087890625,673.3123779296875,matched,0,CYCLIST_MOTOR,preprocessed/masks/right_rear_camera/masks/frame_000135_gt2d_000_track_-1_CYCLIST_MOTOR.png,0.91460120677948,1510.5,637.0,2.971299171447754,2.9763896465301514,0.24142146110534668,1.0,1.460921865093123,-0.0066107249964148474,2.971299171447754,da3_bbox_median
right_rear,136,1772699923810644000,data\camera\right_rear_camera\1772699923810644000.jpg,-1,2,motorcycle,0.336317,1710.0,627.0,1791.0,668.0,1710.0,627.0,1791.0,668.0,unassigned,1,MOTOR,preprocessed/masks/right_rear_camera/masks/frame_000136_gt2d_001_track_-1_MOTOR.png,0.767042338848114,1750.5,647.5,2.828761100769043,2.827704668045044,0.14048242568969727,1.0,1.9956827743068442,0.02016341188714156,2.828761100769043,da3_bbox_median
right_rear,136,1772699923810644000,data\camera\right_rear_camera\1772699923810644000.jpg,2000078,2,motorcycle,0.861401,1494.0,602.0,1531.0,674.0,1493.5089111328125,601.8727416992188,1530.6995849609375,673.9677124023438,matched,0,CYCLIST_MOTOR,preprocessed/masks/right_rear_camera/masks/frame_000136_gt2d_000_track_-1_CYCLIST_MOTOR.png,0.9161354899406433,1512.5,638.0,2.9255332946777344,2.9297640323638916,0.23954486846923828,1.0,1.4436325947483524,-0.0039029874178540375,2.9255332946777344,da3_bbox_median
right_rear,137,1772699923910651000,data\camera\right_rear_camera\1772699923910651000.jpg,-1,2,motorcycle,0.38321,1714.0,628.0,1793.0,669.0,1714.0,628.0,1793.0,669.0,unassigned,1,MOTOR,preprocessed/masks/right_rear_camera/masks/frame_000137_gt2d_001_track_-1_MOTOR.png,0.8094326853752136,1753.5,648.5,2.826615333557129,2.8245692253112793,0.1382288932800293,1.0,2.0017237531079877,0.02266592071860223,2.826615333557129,da3_bbox_median
right_rear,137,1772699923910651000,data\camera\right_rear_camera\1772699923910651000.jpg,2000078,2,motorcycle,0.85068,1497.0,602.0,1534.0,675.0,1496.9420166015625,602.2334594726562,1534.03369140625,674.8658447265625,matched,0,CYCLIST_MOTOR,preprocessed/masks/right_rear_camera/masks/frame_000137_gt2d_000_track_-1_CYCLIST_MOTOR.png,0.9252821207046509,1515.5,638.5,2.9217963218688965,2.9278364181518555,0.24028587341308594,1.0,1.449597755021158,-0.0025967087789844447,2.9217963218688965,da3_bbox_median
right_rear,138,1772699924010645000,data\camera\right_rear_camera\1772699924010645000.jpg,-1,4,truck,0.361913,0.0,442.0,181.0,665.0,0.0,442.0,181.0,665.0,unassigned,0,VEHICLE_TRUCK,preprocessed/masks/right_rear_camera/masks/frame_000138_gt2d_000_track_-1_VEHICLE_TRUCK.png,0.9086946249008179,90.5,553.5,3.435126781463623,3.6762452125549316,1.3222520351409912,1.0,-2.656794759837281,-0.2631388679811998,3.435126781463623,da3_bbox_median
right_rear,138,1772699924010645000,data\camera\right_rear_camera\1772699924010645000.jpg,-1,2,motorcycle,0.35458,1513.0,614.0,1538.0,675.0,1513.0,614.0,1538.0,675.0,unassigned,1,CYCLIST_MOTOR,preprocessed/masks/right_rear_camera/masks/frame_000138_gt2d_001_track_-1_CYCLIST_MOTOR.png,0.7316880226135254,1525.5,644.5,2.8931143283843994,2.8915605545043945,0.19681000709533691,1.0,1.4611428426363844,0.012891008495134927,2.8931143283843994,da3_bbox_median
right_rear,139,1772699924110561000,data\camera\right_rear_camera\1772699924110561000.jpg,-1,4,truck,0.381314,0.0,444.0,192.0,662.0,0.0,444.0,192.0,662.0,unassigned,0,VEHICLE_TRUCK,preprocessed/masks/right_rear_camera/masks/frame_000139_gt2d_000_track_-1_VEHICLE_TRUCK.png,0.8242632150650024,96.0,553.0,3.472064971923828,3.6824300289154053,1.2078778743743896,1.0,-2.668350277148724,-0.2675147897142688,3.472064971923828,da3_bbox_median
right_rear,140,1772699924210538000,data\camera\right_rear_camera\1772699924210538000.jpg,-1,4,truck,0.395653,0.0,443.0,205.0,660.0,0.0,443.0,205.0,660.0,unassigned,1,VEHICLE_TRUCK,preprocessed/masks/right_rear_camera/masks/frame_000140_gt2d_001_track_-1_VEHICLE_TRUCK.png,0.8456765413284302,102.5,551.5,3.3126354217529297,3.5177183151245117,1.1751503944396973,1.0,-2.5266422587309783,-0.25965719020166644,3.3126354217529297,da3_bbox_median
right_rear,140,1772699924210538000,data\camera\right_rear_camera\1772699924210538000.jpg,-1,2,motorcycle,0.375521,1735.0,626.0,1810.0,669.0,1735.0,626.0,1810.0,669.0,unassigned,2,MOTOR,preprocessed/masks/right_rear_camera/masks/frame_000140_gt2d_002_track_-1_MOTOR.png,0.8998140096664429,1772.5,647.5,2.7920119762420654,2.791788101196289,0.1378467082977295,1.0,2.0244800938955367,0.01990146409164626,2.7920119762420654,da3_bbox_median
right_rear,140,1772699924210538000,data\camera\right_rear_camera\1772699924210538000.jpg,2000079,2,motorcycle,0.762621,1503.0,601.0,1537.0,672.0,1503.0,601.0,1537.0,672.0,tentative,0,CYCLIST_MOTOR,preprocessed/masks/right_rear_camera/masks/frame_000140_gt2d_000_track_-1_CYCLIST_MOTOR.png,0.9051475524902344,1520.0,636.5,2.8816065788269043,2.8804237842559814,0.2229769229888916,1.0,1.44121100536151,-0.007694565145624327,2.8816065788269043,da3_bbox_median
right_rear,141,1772699924310546000,data\camera\right_rear_camera\1772699924310546000.jpg,-1,2,motorcycle,0.30872,1742.0,624.0,1817.0,667.0,1742.0,624.0,1817.0,667.0,unassigned,1,MOTOR,preprocessed/masks/right_rear_camera/masks/frame_000141_gt2d_001_track_-1_MOTOR.png,0.8906278610229492,1779.5,645.5,2.9336905479431152,2.932924270629883,0.1383061408996582,1.0,2.145506487575469,0.01568498715391195,2.9336905479431152,da3_bbox_median
right_rear,141,1772699924310546000,data\camera\right_rear_camera\1772699924310546000.jpg,-1,1,car,0.30515,1786.0,624.0,1843.0,663.0,1786.0,624.0,1843.0,663.0,unassigned,2,VEHICLE_SUV,preprocessed/masks/right_rear_camera/masks/frame_000141_gt2d_002_track_-1_VEHICLE_SUV.png,0.8590068221092224,1814.5,643.5,2.932244300842285,2.9218947887420654,0.12306094169616699,1.0,2.235881984824143,0.010453469338821962,2.932244300842285,da3_bbox_median
right_rear,141,1772699924310546000,data\camera\right_rear_camera\1772699924310546000.jpg,-1,4,truck,0.303833,0.0,447.0,214.0,657.0,0.0,447.0,214.0,657.0,unassigned,3,VEHICLE_TRUCK,preprocessed/masks/right_rear_camera/masks/frame_000141_gt2d_003_track_-1_VEHICLE_TRUCK.png,0.8670194149017334,107.0,552.0,3.415268898010254,3.595031261444092,1.0848972797393799,1.0,-2.591231566270715,-0.26618092632416085,3.415268898010254,da3_bbox_median
right_rear,141,1772699924310546000,data\camera\right_rear_camera\1772699924310546000.jpg,2000080,2,motorcycle,0.812849,1504.0,600.0,1542.0,673.0,1504.0,600.0,1542.0,673.0,tentative,0,CYCLIST_MOTOR,preprocessed/masks/right_rear_camera/masks/frame_000141_gt2d_000_track_-1_CYCLIST_MOTOR.png,0.9207512736320496,1523.0,636.5,3.0274178981781006,3.0311338901519775,0.23343253135681152,1.0,1.5222288004081566,-0.008083915553123036,3.0274178981781006,da3_bbox_median
right_rear,142,1772699924410553000,data\camera\right_rear_camera\1772699924410553000.jpg,-1,3,person,0.31361,1862.0,624.0,1877.0,662.0,1862.0,624.0,1877.0,662.0,unassigned,1,PEDESTRIAN_NORMAL,preprocessed/masks/right_rear_camera/masks/frame_000142_gt2d_001_track_-1_PEDESTRIAN_NORMAL.png,0.8721212148666382,1869.5,643.0,2.8891396522521973,2.858827590942383,0.12272047996520996,1.0,2.344582600995007,0.009013052337893599,2.8891396522521973,da3_bbox_median
right_rear,142,1772699924410553000,data\camera\right_rear_camera\1772699924410553000.jpg,2000081,2,motorcycle,0.85647,1505.0,598.0,1545.0,671.0,1505.0,598.0,1545.0,671.0,tentative,0,CYCLIST_MOTOR,preprocessed/masks/right_rear_camera/masks/frame_000142_gt2d_000_track_-1_CYCLIST_MOTOR.png,0.9297991991043091,1525.0,634.5,2.9796721935272217,2.9841623306274414,0.23377466201782227,1.0,1.5035308425009013,-0.013264701442757845,2.9796721935272217,da3_bbox_median
right_rear,143,1772699924510561000,data\camera\right_rear_camera\1772699924510561000.jpg,-1,2,motorcycle,0.341738,1752.0,620.0,1830.0,663.0,1752.0,620.0,1830.0,663.0,unassigned,1,MOTOR,preprocessed/masks/right_rear_camera/masks/frame_000143_gt2d_001_track_-1_MOTOR.png,0.8625079393386841,1791.0,641.5,2.8325443267822266,2.83205509185791,0.13924169540405273,1.0,2.100555712682302,0.00505186809526199,2.8325443267822266,da3_bbox_median
right_rear,143,1772699924510561000,data\camera\right_rear_camera\1772699924510561000.jpg,2000082,2,motorcycle,0.850672,1506.0,596.0,1546.0,670.0,1506.0,596.0,1546.0,670.0,tentative,0,CYCLIST_MOTOR,preprocessed/masks/right_rear_camera/masks/frame_000143_gt2d_000_track_-1_CYCLIST_MOTOR.png,0.9259718060493469,1526.0,633.0,2.938112735748291,2.9417624473571777,0.2541658878326416,1.0,1.4851777089621596,-0.017005369921391175,2.938112735748291,da3_bbox_median
right_rear,144,1772699924610537000,data\camera\right_rear_camera\1772699924610537000.jpg,-1,3,person,0.340454,1872.0,621.0,1886.0,658.0,1872.0,621.0,1886.0,658.0,unassigned,1,PEDESTRIAN_NORMAL,preprocessed/masks/right_rear_camera/masks/frame_000144_gt2d_001_track_-1_PEDESTRIAN_NORMAL.png,0.8799183368682861,1879.0,639.5,2.8521347045898438,2.818964719772339,0.11580157279968262,1.0,2.3386920568100527,5.737292645398749e-06,2.8521347045898438,da3_bbox_median
right_rear,144,1772699924610537000,data\camera\right_rear_camera\1772699924610537000.jpg,-1,2,motorcycle,0.338435,1757.0,619.0,1837.0,661.0,1757.0,619.0,1837.0,661.0,unassigned,2,MOTOR,preprocessed/masks/right_rear_camera/masks/frame_000144_gt2d_002_track_-1_MOTOR.png,0.8479897975921631,1797.0,640.0,2.857668399810791,2.8572452068328857,0.14160490036010742,1.0,2.134462816849288,0.0012784805940334082,2.857668399810791,da3_bbox_median
right_rear,144,1772699924610537000,data\camera\right_rear_camera\1772699924610537000.jpg,2000083,2,motorcycle,0.853848,1507.0,596.0,1547.0,669.0,1507.0,596.0,1547.0,669.0,tentative,0,CYCLIST_MOTOR,preprocessed/masks/right_rear_camera/masks/frame_000144_gt2d_000_track_-1_CYCLIST_MOTOR.png,0.9185755252838135,1527.0,632.5,2.953933000564575,2.9585559368133545,0.2398362159729004,1.0,1.4958063462275217,-0.0184125412698545,2.953933000564575,da3_bbox_median
right_rear,145,1772699924710545000,data\camera\right_rear_camera\1772699924710545000.jpg,2000084,2,motorcycle,0.871852,1508.0,595.0,1548.0,669.0,1508.0,595.0,1548.0,669.0,tentative,0,CYCLIST_MOTOR,preprocessed/masks/right_rear_camera/masks/frame_000145_gt2d_000_track_-1_CYCLIST_MOTOR.png,0.9261793494224548,1528.0,632.0,2.995619297027588,2.9994986057281494,0.25527095794677734,1.0,1.5195842032858957,-0.02000655346725226,2.995619297027588,da3_bbox_median
right_rear,146,1772699924810552000,data\camera\right_rear_camera\1772699924810552000.jpg,-1,2,motorcycle,0.311668,1773.0,621.0,1851.0,660.0,1773.0,621.0,1851.0,660.0,unassigned,1,MOTOR,preprocessed/masks/right_rear_camera/masks/frame_000146_gt2d_001_track_-1_MOTOR.png,0.8872523307800293,1812.0,640.5,2.8105201721191406,2.8034145832061768,0.11864662170410156,1.0,2.13680561170237,0.00250912070027114,2.8105201721191406,da3_bbox_median
right_rear,146,1772699924810552000,data\camera\right_rear_camera\1772699924810552000.jpg,-1,1,car,0.308323,1739.0,616.0,1813.0,657.0,1739.0,616.0,1813.0,657.0,unassigned,2,VEHICLE_CAR,preprocessed/masks/right_rear_camera/masks/frame_000146_gt2d_002_track_-1_VEHICLE_CAR.png,0.8206924200057983,1776.0,636.5,2.814225673675537,2.812350273132324,0.13296270370483398,1.0,2.049362497100933,-0.007514642331709391,2.814225673675537,da3_bbox_median
right_rear,146,1772699924810552000,data\camera\right_rear_camera\1772699924810552000.jpg,2000085,2,motorcycle,0.850678,1509.0,595.0,1550.0,668.0,1509.0,595.0,1550.0,668.0,tentative,0,CYCLIST_MOTOR,preprocessed/masks/right_rear_camera/masks/frame_000146_gt2d_000_track_-1_CYCLIST_MOTOR.png,0.9399723410606384,1529.5,631.5,2.9034132957458496,2.9077935218811035,0.22369050979614258,1.0,1.4766910119697416,-0.020683851918690117,2.9034132957458496,da3_bbox_median
right_rear,147,1772699924910560000,data\camera\right_rear_camera\1772699924910560000.jpg,-1,3,person,0.338851,1886.0,622.0,1902.0,659.0,1886.0,622.0,1902.0,659.0,unassigned,1,PEDESTRIAN_NORMAL,preprocessed/masks/right_rear_camera/masks/frame_000147_gt2d_001_track_-1_PEDESTRIAN_NORMAL.png,0.7123157978057861,1894.0,640.5,2.9785208702087402,2.9518585205078125,0.10513877868652344,1.0,2.482130202477639,0.002659105046022616,2.9785208702087402,da3_bbox_median
right_rear,147,1772699924910560000,data\camera\right_rear_camera\1772699924910560000.jpg,2000085,2,motorcycle,0.81491,1515.0,596.0,1551.0,667.0,1518.4871826171875,596.2518310546875,1555.4871826171875,667.65185546875,matched,0,CYCLIST_MOTOR,preprocessed/masks/right_rear_camera/masks/frame_000147_gt2d_000_track_-1_CYCLIST_MOTOR.png,0.947550892829895,1533.0,631.5,3.076692819595337,3.0787289142608643,0.22191071510314941,1.0,1.5744156113351382,-0.02191829140310504,3.076692819595337,da3_bbox_median
right_rear,148,1772699925010523000,data\camera\right_rear_camera\1772699925010523000.jpg,-1,2,motorcycle,0.450052,1529.0,599.0,1553.0,665.0,1529.0,599.0,1553.0,665.0,unassigned,0,CYCLIST_MOTOR,preprocessed/masks/right_rear_camera/masks/frame_000148_gt2d_000_track_-1_CYCLIST_MOTOR.png,0.775658369064331,1541.0,632.0,2.9231951236724854,2.923548460006714,0.21627163887023926,1.0,1.5167017711613346,-0.019522861130916953,2.9231951236724854,da3_bbox_median
right_rear,148,1772699925010523000,data\camera\right_rear_camera\1772699925010523000.jpg,-1,1,car,0.381091,1741.0,620.0,1823.0,662.0,1741.0,620.0,1823.0,662.0,unassigned,1,VEHICLE_CAR,preprocessed/masks/right_rear_camera/masks/frame_000148_gt2d_001_track_-1_VEHICLE_CAR.png,0.841407060623169,1782.0,641.0,2.8473925590515137,2.8467867374420166,0.13597750663757324,1.0,2.088735821086016,0.0038101944759193897,2.8473925590515137,da3_bbox_median
right_rear,148,1772699925010523000,data\camera\right_rear_camera\1772699925010523000.jpg,-1,1,car,0.370665,1593.0,588.0,1642.0,620.0,1593.0,588.0,1642.0,620.0,unassigned,2,VEHICLE_CAR,preprocessed/masks/right_rear_camera/masks/frame_000148_gt2d_002_track_-1_VEHICLE_CAR.png,0.8453506827354431,1617.5,604.0,2.826751232147217,2.8177342414855957,0.10009956359863281,1.0,1.6593187445743927,-0.08938064820563184,2.826751232147217,da3_bbox_median
right_rear,149,1772699925110653000,data\camera\right_rear_camera\1772699925110653000.jpg,-1,1,car,0.427035,1596.0,589.0,1647.0,622.0,1596.0,589.0,1647.0,622.0,unassigned,0,VEHICLE_CAR,preprocessed/masks/right_rear_camera/masks/frame_000149_gt2d_000_track_-1_VEHICLE_CAR.png,0.8502875566482544,1621.5,605.5,2.840823173522949,2.8374741077423096,0.11466503143310547,1.0,1.6777027663298605,-0.08602990767467078,2.840823173522949,da3_bbox_median
right_rear,149,1772699925110653000,data\camera\right_rear_camera\1772699925110653000.jpg,-1,1,car,0.365741,1764.0,624.0,1829.0,662.0,1764.0,624.0,1829.0,662.0,unassigned,1,VEHICLE_CAR,preprocessed/masks/right_rear_camera/masks/frame_000149_gt2d_001_track_-1_VEHICLE_CAR.png,0.8614298105239868,1796.5,643.0,2.8564205169677734,2.848254919052124,0.13079476356506348,1.0,2.1322583303092477,0.00891098067841558,2.8564205169677734,da3_bbox_median
right_rear,149,1772699925110653000,data\camera\right_rear_camera\1772699925110653000.jpg,-1,3,person,0.312683,1895.0,622.0,1911.0,663.0,1895.0,622.0,1911.0,663.0,unassigned,2,PEDESTRIAN_NORMAL,preprocessed/masks/right_rear_camera/masks/frame_000149_gt2d_002_track_-1_PEDESTRIAN_NORMAL.png,0.8073311448097229,1903.0,642.5,2.865936517715454,2.8443143367767334,0.14639997482299805,1.0,2.4112885146666025,0.007664252520828832,2.865936517715454,da3_bbox_median
right_rear,150,1772699925210660000,data\camera\right_rear_camera\1772699925210660000.jpg,-1,2,motorcycle,0.395241,1799.0,626.0,1869.0,664.0,1799.0,626.0,1869.0,664.0,unassigned,1,MOTOR,preprocessed/masks/right_rear_camera/masks/frame_000150_gt2d_001_track_-1_MOTOR.png,0.8269059658050537,1834.0,645.0,2.8828351497650146,2.8745481967926025,0.1282658576965332,1.0,2.248289707471244,0.014129147788610198,2.8828351497650146,da3_bbox_median
right_rear,150,1772699925210660000,data\camera\right_rear_camera\1772699925210660000.jpg,-1,1,car,0.391025,1753.0,621.0,1833.0,662.0,1753.0,621.0,1833.0,662.0,unassigned,2,VEHICLE_CAR,preprocessed/masks/right_rear_camera/masks/frame_000150_gt2d_002_track_-1_VEHICLE_CAR.png,0.8747194409370422,1793.0,641.5,2.8864336013793945,2.8847978115081787,0.14405226707458496,1.0,2.145661999943328,0.005147980097619783,2.8864336013793945,da3_bbox_median
right_rear,150,1772699925210660000,data\camera\right_rear_camera\1772699925210660000.jpg,-1,1,car,0.304724,1600.0,590.0,1652.0,623.0,1600.0,590.0,1652.0,623.0,unassigned,3,VEHICLE_CAR,preprocessed/masks/right_rear_camera/masks/frame_000150_gt2d_003_track_-1_VEHICLE_CAR.png,0.8382241129875183,1626.0,606.5,2.8691866397857666,2.8640997409820557,0.11207151412963867,1.0,1.7059562470545522,-0.08433312690192446,2.8691866397857666,da3_bbox_median
right_rear,150,1772699925210660000,data\camera\right_rear_camera\1772699925210660000.jpg,2000086,2,motorcycle,0.530985,1517.0,601.0,1551.0,670.0,1517.0,601.0,1551.0,670.0,tentative,0,CYCLIST_MOTOR,preprocessed/masks/right_rear_camera/masks/frame_000150_gt2d_000_track_-1_CYCLIST_MOTOR.png,0.9035845994949341,1534.0,635.5,2.978799343109131,2.9759609699249268,0.22713232040405273,1.0,1.5269750851419013,-0.010607454179739477,2.978799343109131,da3_bbox_median
right_rear,151,1772699925310637000,data\camera\right_rear_camera\1772699925310637000.jpg,-1,3,person,0.457821,1533.0,594.0,1559.0,665.0,1533.0,594.0,1559.0,665.0,unassigned,0,PEDESTRIAN_NORMAL,preprocessed/masks/right_rear_camera/masks/frame_000151_gt2d_000_track_-1_PEDESTRIAN_NORMAL.png,0.8420284986495972,1546.0,629.5,2.9646453857421875,2.9676437377929688,0.2535066604614258,1.0,1.5514144843545206,-0.026401575866230664,2.9646453857421875,da3_bbox_median
right_rear,151,1772699925310637000,data\camera\right_rear_camera\1772699925310637000.jpg,-1,2,motorcycle,0.372383,1806.0,624.0,1874.0,661.0,1806.0,624.0,1874.0,661.0,unassigned,1,MOTOR,preprocessed/masks/right_rear_camera/masks/frame_000151_gt2d_001_track_-1_MOTOR.png,0.8088603019714355,1840.0,642.5,2.845064163208008,2.8410098552703857,0.11641168594360352,1.0,2.2340407936220448,0.007608434468104885,2.845064163208008,da3_bbox_median
right_rear,152,1772699925410645000,data\camera\right_rear_camera\1772699925410645000.jpg,-1,2,motorcycle,0.309999,1813.0,625.0,1879.0,661.0,1813.0,625.0,1879.0,661.0,unassigned,0,MOTOR,preprocessed/masks/right_rear_camera/masks/frame_000152_gt2d_000_track_-1_MOTOR.png,0.8450093865394592,1846.0,643.0,2.8319296836853027,2.82755970954895,0.11518335342407227,1.0,2.238865185693919,0.008834578292673699,2.8319296836853027,da3_bbox_median
right_rear,152,1772699925410645000,data\camera\right_rear_camera\1772699925410645000.jpg,-1,1,car,0.300976,1764.0,618.0,1843.0,660.0,1764.0,618.0,1843.0,660.0,unassigned,1,VEHICLE_CAR,preprocessed/masks/right_rear_camera/masks/frame_000152_gt2d_001_track_-1_VEHICLE_CAR.png,0.8764451742172241,1803.5,639.0,2.849604368209839,2.8486344814300537,0.14867711067199707,1.0,2.1449414793557526,-0.0012634084545201274,2.849604368209839,da3_bbox_median
right_rear,153,1772699925510652000,data\camera\right_rear_camera\1772699925510652000.jpg,-1,1,car,0.349079,1764.0,619.0,1847.0,661.0,1764.0,619.0,1847.0,661.0,unassigned,0,VEHICLE_CAR,preprocessed/masks/right_rear_camera/masks/frame_000153_gt2d_000_track_-1_VEHICLE_CAR.png,0.8256974220275879,1805.5,640.0,2.9545936584472656,2.952816963195801,0.14441347122192383,1.0,2.229233125435122,0.0013218435896303106,2.9545936584472656,da3_bbox_median
right_rear,154,1772699925610660000,data\camera\right_rear_camera\1772699925610660000.jpg,2000087,2,motorcycle,0.587959,1526.0,606.0,1555.0,673.0,1526.0,606.0,1555.0,673.0,tentative,0,CYCLIST_MOTOR,preprocessed/masks/right_rear_camera/masks/frame_000154_gt2d_000_track_-1_CYCLIST_MOTOR.png,0.8442840576171875,1540.5,639.5,3.133902072906494,3.134678840637207,0.2332460880279541,1.0,1.624631196364486,6.304089805208546e-06,3.133902072906494,da3_bbox_median
right_rear,155,1772699925710637000,data\camera\right_rear_camera\1772699925710637000.jpg,2000087,2,motorcycle,0.842121,1527.0,598.0,1567.0,672.0,1530.5531005859375,600.393798828125,1568.3531494140625,672.9937744140625,matched,0,CYCLIST_MOTOR,preprocessed/masks/right_rear_camera/masks/frame_000155_gt2d_000_track_-1_CYCLIST_MOTOR.png,0.8852813243865967,1547.0,635.0,3.167295455932617,3.170957088470459,0.24610495567321777,1.0,1.6602841163456663,-0.012689317770628003,3.167295455932617,da3_bbox_median
right_rear,156,1772699925810644000,data\camera\right_rear_camera\1772699925810644000.jpg,-1,1,car,0.359318,1771.0,620.0,1860.0,661.0,1771.0,620.0,1860.0,661.0,unassigned,1,VEHICLE_CAR,preprocessed/masks/right_rear_camera/masks/frame_000156_gt2d_001_track_-1_VEHICLE_CAR.png,0.7086637616157532,1815.5,640.5,3.2154600620269775,3.2135119438171387,0.15549063682556152,1.0,2.4547031148313363,0.0028706349388852572,3.2154600620269775,da3_bbox_median
right_rear,156,1772699925810644000,data\camera\right_rear_camera\1772699925810644000.jpg,2000087,2,motorcycle,0.86393,1525.0,597.0,1569.0,671.0,1530.850830078125,598.4060668945312,1573.022216796875,672.05712890625,matched,0,CYCLIST_MOTOR,preprocessed/masks/right_rear_camera/masks/frame_000156_gt2d_000_track_-1_CYCLIST_MOTOR.png,0.8985974788665771,1547.0,634.0,3.3229446411132812,3.327524423599243,0.2682971954345703,1.0,1.7418748215618645,-0.016272812579622015,3.3229446411132812,da3_bbox_median
right_rear,157,1772699925910651000,data\camera\right_rear_camera\1772699925910651000.jpg,-1,1,car,0.34589,1774.0,622.0,1862.0,662.0,1774.0,622.0,1862.0,662.0,unassigned,1,VEHICLE_CAR,preprocessed/masks/right_rear_camera/masks/frame_000157_gt2d_001_track_-1_VEHICLE_CAR.png,0.8020258545875549,1818.0,642.0,3.1979572772979736,3.19307541847229,0.13368010520935059,1.0,2.4484641354251897,0.007127873458091702,3.1979572772979736,da3_bbox_median
right_rear,157,1772699925910651000,data\camera\right_rear_camera\1772699925910651000.jpg,-1,1,car,0.327113,1688.0,0.0,1919.0,78.0,1688.0,0.0,1919.0,78.0,unassigned,2,VEHICLE_CAR,preprocessed/masks/right_rear_camera/masks/frame_000157_gt2d_002_track_-1_VEHICLE_CAR.png,0.876916229724884,1803.5,39.0,18.092670440673828,15.174758911132812,15.560174942016602,0.99945068359375,13.618634128110411,-9.677634946328027,18.092670440673828,da3_bbox_median
right_rear,157,1772699925910651000,data\camera\right_rear_camera\1772699925910651000.jpg,2000087,2,motorcycle,0.774138,1534.0,598.0,1567.0,669.0,1536.178466796875,598.5249633789062,1572.4073486328125,670.2645263671875,matched,0,CYCLIST_MOTOR,preprocessed/masks/right_rear_camera/masks/frame_000157_gt2d_000_track_-1_CYCLIST_MOTOR.png,0.8943191170692444,1550.5,633.5,3.310239791870117,3.313389778137207,0.25798773765563965,1.0,1.745536971833332,-0.01768489143824926,3.310239791870117,da3_bbox_median
right_rear,158,1772699926010645000,data\camera\right_rear_camera\1772699926010645000.jpg,-1,1,car,0.401752,1689.0,0.0,1919.0,81.0,1689.0,0.0,1919.0,81.0,unassigned,0,VEHICLE_CAR,preprocessed/masks/right_rear_camera/masks/frame_000158_gt2d_000_track_-1_VEHICLE_CAR.png,0.8838601112365723,1804.0,40.5,17.80577850341797,15.277844429016113,15.999106407165527,0.9986816048622131,13.410617816199519,-9.500387870986458,17.80577850341797,da3_bbox_median
right_rear,159,1772699926110561000,data\camera\right_rear_camera\1772699926110561000.jpg,-1,2,motorcycle,0.450887,1526.0,613.0,1551.0,671.0,1526.0,613.0,1551.0,671.0,unassigned,0,CYCLIST_MOTOR,preprocessed/masks/right_rear_camera/masks/frame_000159_gt2d_000_track_-1_CYCLIST_MOTOR.png,0.8378483057022095,1538.5,642.0,3.22360897064209,3.214995861053467,0.2040708065032959,1.0,1.6653918054161259,0.007185048088109623,3.22360897064209,da3_bbox_median
right_rear,159,1772699926110561000,data\camera\right_rear_camera\1772699926110561000.jpg,-1,1,car,0.345284,1695.0,0.0,1919.0,77.0,1695.0,0.0,1919.0,77.0,unassigned,1,VEHICLE_CAR,preprocessed/masks/right_rear_camera/masks/frame_000159_gt2d_001_track_-1_VEHICLE_CAR.png,0.9107091426849365,1807.0,38.5,17.3792724609375,14.772211074829102,15.527952194213867,0.9980855584144592,13.135840399957225,-9.303783951198831,17.3792724609375,da3_bbox_median
right_rear,159,1772699926110561000,data\camera\right_rear_camera\1772699926110561000.jpg,-1,2,motorcycle,0.342401,1526.0,610.0,1573.0,671.0,1526.0,610.0,1573.0,671.0,unassigned,2,CYCLIST_MOTOR,preprocessed/masks/right_rear_camera/masks/frame_000159_gt2d_002_track_-1_CYCLIST_MOTOR.png,0.7903134226799011,1549.5,640.5,3.228060483932495,3.229203701019287,0.21773982048034668,1.0,1.6993267193418735,0.002881884094735096,3.228060483932495,da3_bbox_median
right_rear,160,1772699926210538000,data\camera\right_rear_camera\1772699926210538000.jpg,-1,1,car,0.368675,1782.0,624.0,1870.0,663.0,1782.0,624.0,1870.0,663.0,unassigned,1,VEHICLE_CAR,preprocessed/masks/right_rear_camera/masks/frame_000160_gt2d_001_track_-1_VEHICLE_CAR.png,0.8298068046569824,1826.0,643.5,3.1514196395874023,3.1452980041503906,0.13245105743408203,1.0,2.435294492306348,0.011234830797258379,3.1514196395874023,da3_bbox_median
right_rear,160,1772699926210538000,data\camera\right_rear_camera\1772699926210538000.jpg,2000088,2,motorcycle,0.809425,1527.0,598.0,1565.0,671.0,1527.0,598.0,1565.0,671.0,tentative,0,CYCLIST_MOTOR,preprocessed/masks/right_rear_camera/masks/frame_000160_gt2d_000_track_-1_CYCLIST_MOTOR.png,0.9279714822769165,1546.0,634.5,3.260793447494507,3.2659971714019775,0.25895023345947266,1.0,1.7063903188086789,-0.014516177867308931,3.260793447494507,da3_bbox_median
right_rear,161,1772699926310546000,data\camera\right_rear_camera\1772699926310546000.jpg,-1,1,car,0.363004,1704.0,0.0,1919.0,71.0,1704.0,0.0,1919.0,71.0,unassigned,1,VEHICLE_CAR,preprocessed/masks/right_rear_camera/masks/frame_000161_gt2d_001_track_-1_VEHICLE_CAR.png,0.9665079116821289,1811.5,35.5,17.562091827392578,15.373414993286133,16.707670211791992,0.9946416020393372,13.344429834915505,-9.448584324639313,17.562091827392578,da3_bbox_median
right_rear,161,1772699926310546000,data\camera\right_rear_camera\1772699926310546000.jpg,-1,1,car,0.344945,1783.0,625.0,1872.0,664.0,1783.0,625.0,1872.0,664.0,unassigned,2,VEHICLE_CAR,preprocessed/masks/right_rear_camera/masks/frame_000161_gt2d_002_track_-1_VEHICLE_CAR.png,0.8175134658813477,1827.5,644.5,3.0175418853759766,3.010669469833374,0.13514471054077148,1.0,2.3358715266465353,0.013445427198353968,3.0175418853759766,da3_bbox_median
right_rear,161,1772699926310546000,data\camera\right_rear_camera\1772699926310546000.jpg,2000088,2,motorcycle,0.833802,1527.0,600.0,1566.0,673.0,1529.22705078125,600.12353515625,1568.0269775390625,673.12353515625,matched,0,CYCLIST_MOTOR,preprocessed/masks/right_rear_camera/masks/frame_000161_gt2d_000_track_-1_CYCLIST_MOTOR.png,0.8961557149887085,1546.5,636.5,3.125340700149536,3.1308844089508057,0.26052355766296387,1.0,1.6368993899656656,-0.008345392391962714,3.125340700149536,da3_bbox_median
right_rear,162,1772699926410553000,data\camera\right_rear_camera\1772699926410553000.jpg,-1,1,car,0.326411,1784.0,623.0,1872.0,663.0,1784.0,623.0,1872.0,663.0,unassigned,1,VEHICLE_CAR,preprocessed/masks/right_rear_camera/masks/frame_000162_gt2d_001_track_-1_VEHICLE_CAR.png,0.8429624438285828,1828.0,643.0,3.0525808334350586,3.0447001457214355,0.13863849639892578,1.0,2.3643548806580674,0.009522928667000757,3.0525808334350586,da3_bbox_median
right_rear,162,1772699926410553000,data\camera\right_rear_camera\1772699926410553000.jpg,2000088,2,motorcycle,0.85123,1527.0,599.0,1566.0,672.0,1529.8717041015625,599.697509765625,1568.8248291015625,672.697509765625,matched,0,CYCLIST_MOTOR,preprocessed/masks/right_rear_camera/masks/frame_000162_gt2d_000_track_-1_CYCLIST_MOTOR.png,0.8968044519424438,1546.5,635.5,3.1628153324127197,3.1693177223205566,0.27144408226013184,1.0,1.6565267549719378,-0.011262732011525188,3.1628153324127197,da3_bbox_median
right_rear,163,1772699926510561000,data\camera\right_rear_camera\1772699926510561000.jpg,-1,1,car,0.373694,1705.0,0.0,1919.0,81.0,1705.0,0.0,1919.0,81.0,unassigned,1,VEHICLE_CAR,preprocessed/masks/right_rear_camera/masks/frame_000163_gt2d_001_track_-1_VEHICLE_CAR.png,0.9334550499916077,1812.0,40.5,16.803516387939453,15.309781074523926,17.307849884033203,0.9964438080787659,12.775516955997738,-8.96562446013006,16.803516387939453,da3_bbox_median
right_rear,163,1772699926510561000,data\camera\right_rear_camera\1772699926510561000.jpg,-1,1,car,0.301247,1787.0,624.0,1871.0,663.0,1787.0,624.0,1871.0,663.0,unassigned,2,VEHICLE_CAR,preprocessed/masks/right_rear_camera/masks/frame_000163_gt2d_002_track_-1_VEHICLE_CAR.png,0.847441554069519,1829.0,643.5,3.108893871307373,3.1004977226257324,0.14325428009033203,1.0,2.41074150188411,0.01108322616639681,3.108893871307373,da3_bbox_median
right_rear,163,1772699926510561000,data\camera\right_rear_camera\1772699926510561000.jpg,2000088,2,motorcycle,0.860263,1528.0,599.0,1567.0,673.0,1529.0537109375,599.2233276367188,1568.0589599609375,673.0014038085938,matched,0,CYCLIST_MOTOR,preprocessed/masks/right_rear_camera/masks/frame_000163_gt2d_000_track_-1_CYCLIST_MOTOR.png,0.8953390121459961,1547.5,636.0,3.221895694732666,3.2275123596191406,0.2737092971801758,1.0,1.6903405674534822,-0.010038166524445075,3.221895694732666,da3_bbox_median
right_rear,164,1772699926610537000,data\camera\right_rear_camera\1772699926610537000.jpg,-1,1,car,0.365425,1709.0,0.0,1919.0,73.0,1709.0,0.0,1919.0,73.0,unassigned,1,VEHICLE_CAR,preprocessed/masks/right_rear_camera/masks/frame_000164_gt2d_001_track_-1_VEHICLE_CAR.png,0.9632056355476379,1814.0,36.5,16.97024154663086,15.313450813293457,16.999835968017578,0.996208906173706,12.932514186856249,-9.115046623688627,16.97024154663086,da3_bbox_median
right_rear,164,1772699926610537000,data\camera\right_rear_camera\1772699926610537000.jpg,-1,1,car,0.348785,1774.0,624.0,1864.0,662.0,1774.0,624.0,1864.0,662.0,unassigned,2,VEHICLE_CAR,preprocessed/masks/right_rear_camera/masks/frame_000164_gt2d_002_track_-1_VEHICLE_CAR.png,0.8111449480056763,1819.0,643.0,3.0987496376037598,3.0918455123901367,0.14065980911254883,1.0,2.3752681333623245,0.009666958343110764,3.0987496376037598,da3_bbox_median
right_rear,164,1772699926610537000,data\camera\right_rear_camera\1772699926610537000.jpg,2000088,2,motorcycle,0.836653,1528.0,599.0,1567.0,673.0,1530.00537109375,599.1167602539062,1569.022705078125,673.1380004882812,matched,0,CYCLIST_MOTOR,preprocessed/masks/right_rear_camera/masks/frame_000164_gt2d_000_track_-1_CYCLIST_MOTOR.png,0.8825640678405762,1547.5,636.0,3.211733818054199,3.2169547080993652,0.27092838287353516,1.0,1.68500922403999,-0.0100065060922138,3.211733818054199,da3_bbox_median
right_rear,165,1772699926710545000,data\camera\right_rear_camera\1772699926710545000.jpg,-1,1,car,0.419655,1778.0,624.0,1860.0,661.0,1778.0,624.0,1860.0,661.0,unassigned,1,VEHICLE_CAR,preprocessed/masks/right_rear_camera/masks/frame_000165_gt2d_001_track_-1_VEHICLE_CAR.png,0.7270205616950989,1819.0,642.5,3.0642549991607666,3.0615756511688232,0.1200876235961914,1.0,2.34882714101134,0.00819460722755339,3.0642549991607666,da3_bbox_median
right_rear,165,1772699926710545000,data\camera\right_rear_camera\1772699926710545000.jpg,2000089,2,motorcycle,0.814251,1528.0,599.0,1567.0,672.0,1528.0,599.0,1567.0,672.0,tentative,0,CYCLIST_MOTOR,preprocessed/masks/right_rear_camera/masks/frame_000165_gt2d_000_track_-1_CYCLIST_MOTOR.png,0.864953875541687,1547.5,635.5,3.189239263534546,3.194108247756958,0.26303672790527344,1.0,1.673207644580566,-0.011356827184223463,3.189239263534546,da3_bbox_median
right_rear,166,1772699926810552000,data\camera\right_rear_camera\1772699926810552000.jpg,-1,1,car,0.414155,1781.0,625.0,1864.0,662.0,1781.0,625.0,1864.0,662.0,unassigned,1,VEHICLE_CAR,preprocessed/masks/right_rear_camera/masks/frame_000166_gt2d_001_track_-1_VEHICLE_CAR.png,0.5975756645202637,1822.5,643.5,3.000014066696167,2.997950553894043,0.11225223541259766,1.0,2.3089395177793013,0.01069506897949624,3.000014066696167,da3_bbox_median
right_rear,166,1772699926810552000,data\camera\right_rear_camera\1772699926810552000.jpg,2000090,2,motorcycle,0.838337,1531.0,601.0,1568.0,672.0,1531.0,601.0,1568.0,672.0,tentative,0,CYCLIST_MOTOR,preprocessed/masks/right_rear_camera/masks/frame_000166_gt2d_000_track_-1_CYCLIST_MOTOR.png,0.8861974477767944,1549.5,636.5,3.1112325191497803,3.110902786254883,0.23567771911621094,1.0,1.6378257396948794,-0.00830772024109156,3.1112325191497803,da3_bbox_median
right_rear,167,1772699926910560000,data\camera\right_rear_camera\1772699926910560000.jpg,-1,3,person,0.492873,1544.0,601.0,1571.0,669.0,1544.0,601.0,1571.0,669.0,unassigned,0,PEDESTRIAN_NORMAL,preprocessed/masks/right_rear_camera/masks/frame_000167_gt2d_000_track_-1_PEDESTRIAN_NORMAL.png,0.8936078548431396,1557.5,635.0,3.144493579864502,3.141009569168091,0.23968052864074707,1.0,1.6777469222731571,-0.012597965304392864,3.144493579864502,da3_bbox_median
right_rear,167,1772699926910560000,data\camera\right_rear_camera\1772699926910560000.jpg,-1,1,car,0.488685,1701.0,0.0,1919.0,75.0,1701.0,0.0,1919.0,75.0,unassigned,1,VEHICLE_CAR,preprocessed/masks/right_rear_camera/masks/frame_000167_gt2d_001_track_-1_VEHICLE_CAR.png,0.9642969965934753,1810.0,37.5,16.565471649169922,14.838279724121094,17.596580505371094,0.9969969987869263,12.565017512774673,-8.882881171416546,16.565471649169922,da3_bbox_median
right_rear,167,1772699926910560000,data\camera\right_rear_camera\1772699926910560000.jpg,-1,1,car,0.344952,1792.0,627.0,1864.0,662.0,1792.0,627.0,1864.0,662.0,unassigned,2,VEHICLE_CAR,preprocessed/masks/right_rear_camera/masks/frame_000167_gt2d_002_track_-1_VEHICLE_CAR.png,0.6136220693588257,1828.0,644.5,3.03115177154541,3.0277225971221924,0.1141204833984375,1.0,2.347757152430278,0.013506069516048328,3.03115177154541,da3_bbox_median
right_rear,168,1772699927010523000,data\camera\right_rear_camera\1772699927010523000.jpg,-1,1,car,0.340584,1796.0,628.0,1859.0,662.0,1796.0,628.0,1859.0,662.0,unassigned,0,VEHICLE_SUV,preprocessed/masks/right_rear_camera/masks/frame_000168_gt2d_000_track_-1_VEHICLE_SUV.png,0.650163471698761,1827.5,645.0,2.9526495933532715,2.9425032138824463,0.1122281551361084,1.0,2.2856385678368243,0.01447131740289372,2.9526495933532715,da3_bbox_median
right_rear,168,1772699927010523000,data\camera\right_rear_camera\1772699927010523000.jpg,-1,1,car,0.30871,1867.0,633.0,1917.0,664.0,1867.0,633.0,1917.0,664.0,unassigned,1,VEHICLE_SUV,preprocessed/masks/right_rear_camera/masks/frame_000168_gt2d_001_track_-1_VEHICLE_SUV.png,0.799736499786377,1892.0,648.5,2.940394163131714,2.9298970699310303,0.10776424407958984,1.0,2.4451182940996534,0.02357828466850959,2.940394163131714,da3_bbox_median
right_rear,169,1772699927110653000,data\camera\right_rear_camera\1772699927110653000.jpg,2000091,2,motorcycle,0.730475,1535.0,605.0,1564.0,673.0,1535.0,605.0,1564.0,673.0,tentative,0,CYCLIST_MOTOR,preprocessed/masks/right_rear_camera/masks/frame_000169_gt2d_000_track_-1_CYCLIST_MOTOR.png,0.79938143491745,1549.5,639.0,2.9994192123413086,2.998645782470703,0.2225034236907959,1.0,1.5789645935721972,-0.0013298307771414323,2.9994192123413086,da3_bbox_median
right_rear,170,1772699927210660000,data\camera\right_rear_camera\1772699927210660000.jpg,2000092,2,motorcycle,0.867273,1537.0,603.0,1573.0,676.0,1537.0,603.0,1573.0,676.0,tentative,0,CYCLIST_MOTOR,preprocessed/masks/right_rear_camera/masks/frame_000170_gt2d_000_track_-1_CYCLIST_MOTOR.png,0.9122527837753296,1555.0,639.5,3.0560476779937744,3.059910535812378,0.24442386627197266,1.0,1.6237498573827982,6.147479583879974e-06,3.0560476779937744,da3_bbox_median
right_rear,171,1772699927310637000,data\camera\right_rear_camera\1772699927310637000.jpg,2000093,2,motorcycle,0.880893,1539.0,603.0,1576.0,676.0,1539.0,603.0,1576.0,676.0,tentative,0,CYCLIST_MOTOR,preprocessed/masks/right_rear_camera/masks/frame_000171_gt2d_000_track_-1_CYCLIST_MOTOR.png,0.902320146560669,1557.5,639.5,2.9972150325775146,3.0013108253479004,0.2526223659515381,1.0,1.5991663422364022,6.029133103500605e-06,2.9972150325775146,da3_bbox_median
right_rear,172,1772699927410645000,data\camera\right_rear_camera\1772699927410645000.jpg,2000094,2,motorcycle,0.885311,1541.0,602.0,1578.0,675.0,1541.0,602.0,1578.0,675.0,tentative,0,CYCLIST_MOTOR,preprocessed/masks/right_rear_camera/masks/frame_000172_gt2d_000_track_-1_CYCLIST_MOTOR.png,0.8973947763442993,1559.5,638.5,2.9464938640594482,2.9506239891052246,0.25920677185058594,1.0,1.5773541682705285,-0.0026186584009158334,2.9464938640594482,da3_bbox_median
right_rear,173,1772699927510652000,data\camera\right_rear_camera\1772699927510652000.jpg,2000095,2,motorcycle,0.88097,1544.0,601.0,1581.0,674.0,1544.0,601.0,1581.0,674.0,tentative,0,CYCLIST_MOTOR,preprocessed/masks/right_rear_camera/masks/frame_000173_gt2d_000_track_-1_CYCLIST_MOTOR.png,0.8791307210922241,1562.5,637.5,2.951061964035034,2.9560790061950684,0.26223063468933105,1.0,1.587687046029066,-0.005251372774233632,2.951061964035034,da3_bbox_median
right_rear,174,1772699927610660000,data\camera\right_rear_camera\1772699927610660000.jpg,-1,3,person,0.281117,0.0,491.0,38.0,716.0,0.0,491.0,38.0,716.0,unassigned,1,PEDESTRIAN_NORMAL,preprocessed/masks/right_rear_camera/masks/frame_000174_gt2d_001_track_30_PEDESTRIAN_NORMAL.png,0.8970359563827515,19.0,603.5,3.478647232055664,3.678730010986328,1.2613747119903564,1.0,-2.912045320530463,-0.11154261724905744,3.478647232055664,da3_bbox_median
right_rear,174,1772699927610660000,data\camera\right_rear_camera\1772699927610660000.jpg,2000095,2,motorcycle,0.877369,1547.0,601.0,1584.0,675.0,1549.231201171875,601.4804077148438,1586.231201171875,675.2803955078125,matched,2,CYCLIST_MOTOR,preprocessed/masks/right_rear_camera/masks/frame_000174_gt2d_002_track_-1_CYCLIST_MOTOR.png,0.8899483680725098,1565.5,638.0,2.9804229736328125,2.9854791164398193,0.2742025852203369,1.0,1.6114493248746382,-0.003976216366135522,2.9804229736328125,da3_bbox_median
right_rear,174,1772699927610660000,data\camera\right_rear_camera\1772699927610660000.jpg,3000036,3,person,0.815202,0.0,474.0,91.0,737.0,0.0,474.0,91.0,737.0,tentative,0,PEDESTRIAN_NORMAL,preprocessed/masks/right_rear_camera/masks/frame_000174_gt2d_000_track_19_PEDESTRIAN_NORMAL.png,0.8005510568618774,45.5,605.5,3.663257122039795,3.9926955699920654,1.6731572151184082,1.0,-2.9800993372984377,-0.11093603957293889,3.663257122039795,da3_bbox_median
right_rear,175,1772699927710637000,data\camera\right_rear_camera\1772699927710637000.jpg,2000095,2,motorcycle,0.860255,1549.0,601.0,1587.0,675.0,1551.897216796875,601.4490356445312,1589.66796875,675.4026489257812,matched,1,CYCLIST_MOTOR,preprocessed/masks/right_rear_camera/masks/frame_000175_gt2d_001_track_-1_CYCLIST_MOTOR.png,0.8879846930503845,1568.0,638.0,3.0327608585357666,3.036281108856201,0.23956537246704102,1.0,1.6465020920255957,-0.004046040936795835,3.0327608585357666,da3_bbox_median
right_rear,175,1772699927710637000,data\camera\right_rear_camera\1772699927710637000.jpg,3000037,3,person,0.880048,57.0,480.0,191.0,729.0,57.0,480.0,191.0,729.0,tentative,0,PEDESTRIAN_NORMAL,preprocessed/masks/right_rear_camera/masks/frame_000175_gt2d_000_track_19_PEDESTRIAN_NORMAL.png,0.9173177480697632,124.0,604.5,3.6023800373077393,3.8632781505584717,1.376490592956543,1.0,-2.678636493119086,-0.11230128706944173,3.6023800373077393,da3_bbox_median
right_rear,176,1772699927810644000,data\camera\right_rear_camera\1772699927810644000.jpg,2000096,2,motorcycle,0.851328,1552.0,601.0,1589.0,675.0,1552.0,601.0,1589.0,675.0,tentative,1,CYCLIST_MOTOR,preprocessed/masks/right_rear_camera/masks/frame_000176_gt2d_001_track_-1_CYCLIST_MOTOR.png,0.8854667544364929,1570.5,638.0,3.0300309658050537,3.0337629318237305,0.2523012161254883,1.0,1.6517687592526384,-0.004042398955691246,3.0300309658050537,da3_bbox_median
right_rear,176,1772699927810644000,data\camera\right_rear_camera\1772699927810644000.jpg,3000038,3,person,0.89762,220.0,491.0,306.0,727.0,220.0,491.0,306.0,727.0,tentative,0,PEDESTRIAN_NORMAL,preprocessed/masks/right_rear_camera/masks/frame_000176_gt2d_000_track_19_PEDESTRIAN_NORMAL.png,0.9282764196395874,263.0,609.0,3.6261284351348877,3.860285520553589,1.3369154930114746,1.0,-2.247246281062745,-0.09850676324341823,3.6261284351348877,da3_bbox_median
right_rear,177,1772699927910651000,data\camera\right_rear_camera\1772699927910651000.jpg,2000097,2,motorcycle,0.853726,1555.0,601.0,1592.0,674.0,1555.0,601.0,1592.0,674.0,tentative,1,CYCLIST_MOTOR,preprocessed/masks/right_rear_camera/masks/frame_000177_gt2d_001_track_-1_CYCLIST_MOTOR.png,0.9146019220352173,1573.5,637.5,3.0130555629730225,3.017242193222046,0.2587244510650635,1.0,1.6505680310579374,-0.005361689501434635,3.0130555629730225,da3_bbox_median
right_rear,177,1772699927910651000,data\camera\right_rear_camera\1772699927910651000.jpg,3000039,3,person,0.918307,331.0,499.0,416.0,722.0,331.0,499.0,416.0,722.0,tentative,0,PEDESTRIAN_NORMAL,preprocessed/masks/right_rear_camera/masks/frame_000177_gt2d_000_track_-1_PEDESTRIAN_NORMAL.png,0.9417586922645569,373.5,610.5,3.591106653213501,3.8001458644866943,1.2685060501098633,1.0,-1.8720120100271593,-0.09275720747654125,3.591106653213501,da3_bbox_median
right_rear,178,1772699928010645000,data\camera\right_rear_camera\1772699928010645000.jpg,-1,1,car,0.390622,1706.0,0.0,1919.0,77.0,1706.0,0.0,1919.0,77.0,unassigned,2,VEHICLE_CAR,preprocessed/masks/right_rear_camera/masks/frame_000178_gt2d_002_track_-1_VEHICLE_CAR.png,0.9264964461326599,1812.5,38.5,19.127464294433594,15.749881744384766,18.167509078979492,0.9875533580780029,14.550907826097752,-10.239657369413282,19.127464294433594,da3_bbox_median
right_rear,178,1772699928010645000,data\camera\right_rear_camera\1772699928010645000.jpg,2000098,2,motorcycle,0.848504,1561.0,600.0,1596.0,672.0,1561.0,600.0,1596.0,672.0,tentative,1,CYCLIST_MOTOR,preprocessed/masks/right_rear_camera/masks/frame_000178_gt2d_001_track_-1_CYCLIST_MOTOR.png,0.9140118360519409,1578.5,636.0,2.9784202575683594,2.982440710067749,0.2599449157714844,1.0,1.6448622023478692,-0.009279592313969225,2.9784202575683594,da3_bbox_median
right_rear,178,1772699928010645000,data\camera\right_rear_camera\1772699928010645000.jpg,3000040,3,person,0.91629,430.0,510.0,523.0,715.0,430.0,510.0,523.0,715.0,tentative,0,PEDESTRIAN_NORMAL,preprocessed/masks/right_rear_camera/masks/frame_000178_gt2d_000_track_-1_PEDESTRIAN_NORMAL.png,0.9385502934455872,476.5,612.5,3.4759275913238525,3.6375038623809814,1.0997121334075928,1.0,-1.4930047658443057,-0.08358981107243829,3.4759275913238525,da3_bbox_median
right_rear,179,1772699928110561000,data\camera\right_rear_camera\1772699928110561000.jpg,-1,2,motorcycle,0.463996,1570.0,599.0,1598.0,669.0,1570.0,599.0,1598.0,669.0,unassigned,1,CYCLIST_MOTOR,preprocessed/masks/right_rear_camera/masks/frame_000179_gt2d_001_track_-1_CYCLIST_MOTOR.png,0.8939063549041748,1584.0,634.0,3.0580573081970215,3.0564045906066895,0.24016809463500977,1.0,1.7038271145053734,-0.014975631197202684,3.0580573081970215,da3_bbox_median
right_rear,179,1772699928110561000,data\camera\right_rear_camera\1772699928110561000.jpg,3000040,3,person,0.907418,502.0,519.0,606.0,715.0,493.1966552734375,518.1842041015625,594.9966430664062,715.9841918945312,matched,0,PEDESTRIAN_NORMAL,preprocessed/masks/right_rear_camera/masks/frame_000179_gt2d_000_track_-1_PEDESTRIAN_NORMAL.png,0.9354039430618286,554.0,617.0,3.5098536014556885,3.64931321144104,0.9906268119812012,1.0,-1.2652361999117665,-0.07033688214136824,3.5098536014556885,da3_bbox_median
right_rear,180,1772699928210538000,data\camera\right_rear_camera\1772699928210538000.jpg,3000040,3,person,0.883257,574.0,527.0,676.0,712.0,560.9266357421875,526.3908081054688,662.8762817382812,714.211669921875,matched,0,PEDESTRIAN_NORMAL,preprocessed/masks/right_rear_camera/masks/frame_000180_gt2d_000_track_-1_PEDESTRIAN_NORMAL.png,0.9360536336898804,625.0,619.5,3.5224685668945312,3.6392524242401123,0.8995537757873535,1.0,-1.0469703454645896,-0.06274559843061137,3.5224685668945312,da3_bbox_median
right_rear,181,1772699928310546000,data\camera\right_rear_camera\1772699928310546000.jpg,3000040,3,person,0.812413,659.0,530.0,738.0,708.0,647.7415771484375,530.512451171875,732.1121826171875,709.5140991210938,matched,0,PEDESTRIAN_NORMAL,preprocessed/masks/right_rear_camera/masks/frame_000181_gt2d_000_track_-1_PEDESTRIAN_NORMAL.png,0.9244992136955261,698.5,619.0,3.409066677093506,3.513087034225464,0.8293635845184326,1.0,-0.7900312692256676,-0.06224388569872652,3.409066677093506,da3_bbox_median
right_rear,182,1772699928410553000,data\camera\right_rear_camera\1772699928410553000.jpg,-1,2,motorcycle,0.468019,1569.0,606.0,1594.0,671.0,1569.0,606.0,1594.0,671.0,unassigned,1,CYCLIST_MOTOR,preprocessed/masks/right_rear_camera/masks/frame_000182_gt2d_001_track_-1_CYCLIST_MOTOR.png,0.5400436520576477,1581.5,638.5,2.9981555938720703,2.99167799949646,0.21770977973937988,1.0,1.6637745321444557,-0.002664572096657688,2.9981555938720703,da3_bbox_median
right_rear,182,1772699928410553000,data\camera\right_rear_camera\1772699928410553000.jpg,3000040,3,person,0.859479,732.0,534.0,798.0,705.0,727.2963256835938,534.4581298828125,795.4953002929688,705.8073120117188,matched,0,PEDESTRIAN_NORMAL,preprocessed/masks/right_rear_camera/masks/frame_000182_gt2d_000_track_-1_PEDESTRIAN_NORMAL.png,0.9130626916885376,765.0,619.5,3.361936569213867,3.4567441940307617,0.7817440032958984,1.0,-0.5799286414631528,-0.05988604806970778,3.361936569213867,da3_bbox_median
right_rear,183,1772699928510561000,data\camera\right_rear_camera\1772699928510561000.jpg,2000099,2,motorcycle,0.768854,1572.0,602.0,1603.0,673.0,1572.0,602.0,1603.0,673.0,tentative,1,CYCLIST_MOTOR,preprocessed/masks/right_rear_camera/masks/frame_000183_gt2d_001_track_-1_CYCLIST_MOTOR.png,0.9280034303665161,1587.5,637.5,3.1512365341186523,3.1495964527130127,0.24475812911987305,1.0,1.7655690289185972,-0.005607580573406281,3.1512365341186523,da3_bbox_median
right_rear,183,1772699928510561000,data\camera\right_rear_camera\1772699928510561000.jpg,3000040,3,person,0.869892,794.0,540.0,858.0,700.0,797.1220703125,540.8576049804688,860.1834106445312,701.966064453125,matched,0,PEDESTRIAN_NORMAL,preprocessed/masks/right_rear_camera/masks/frame_000183_gt2d_000_track_-1_PEDESTRIAN_NORMAL.png,0.868130087852478,826.0,620.0,3.4775772094726562,3.5571863651275635,0.7344005107879639,1.0,-0.41088496401601154,-0.06039712674527532,3.4775772094726562,da3_bbox_median
right_rear,183,1772699928510561000,data\camera\right_rear_camera\1772699928510561000.jpg,3000041,3,person,0.639935,781.0,555.0,829.0,696.0,781.0,555.0,829.0,696.0,tentative,2,PEDESTRIAN_NORMAL,preprocessed/masks/right_rear_camera/masks/frame_000183_gt2d_002_track_-1_PEDESTRIAN_NORMAL.png,0.8594322204589844,805.0,625.5,3.4018492698669434,3.4522018432617188,0.6031033992767334,1.0,-0.46558334702140897,-0.0424158551144879,3.4018492698669434,da3_bbox_median
right_rear,184,1772699928610537000,data\camera\right_rear_camera\1772699928610537000.jpg,-1,3,person,0.303545,1664.0,594.0,1684.0,652.0,1664.0,594.0,1684.0,652.0,unassigned,2,PEDESTRIAN_NORMAL,preprocessed/masks/right_rear_camera/masks/frame_000184_gt2d_002_track_-1_PEDESTRIAN_NORMAL.png,0.6299948692321777,1674.0,623.0,3.1185107231140137,3.1132853031158447,0.2104024887084961,1.0,1.9875585034839895,-0.04582758021614762,3.1185107231140137,da3_bbox_median
right_rear,184,1772699928610537000,data\camera\right_rear_camera\1772699928610537000.jpg,2000100,2,motorcycle,0.829398,1574.0,602.0,1607.0,673.0,1574.0,602.0,1607.0,673.0,tentative,1,CYCLIST_MOTOR,preprocessed/masks/right_rear_camera/masks/frame_000184_gt2d_001_track_-1_CYCLIST_MOTOR.png,0.9469970464706421,1590.5,637.5,3.1534132957458496,3.1518325805664062,0.24874544143676758,1.0,1.7752168786850158,-0.005611454089748659,3.1534132957458496,da3_bbox_median
right_rear,184,1772699928610537000,data\camera\right_rear_camera\1772699928610537000.jpg,3000040,3,person,0.890874,846.0,544.0,920.0,697.0,851.1099243164062,544.7242431640625,920.9712524414062,697.8101806640625,matched,0,PEDESTRIAN_NORMAL,preprocessed/masks/right_rear_camera/masks/frame_000184_gt2d_000_track_-1_PEDESTRIAN_NORMAL.png,0.913942813873291,883.0,620.5,3.4531569480895996,3.524102210998535,0.7063736915588379,1.0,-0.23264114094107036,-0.05843505822950983,3.4531569480895996,da3_bbox_median
right_rear,185,1772699928710545000,data\camera\right_rear_camera\1772699928710545000.jpg,2000101,2,motorcycle,0.852197,1574.0,603.0,1610.0,675.0,1574.0,603.0,1610.0,675.0,tentative,1,CYCLIST_MOTOR,preprocessed/masks/right_rear_camera/masks/frame_000185_gt2d_001_track_-1_CYCLIST_MOTOR.png,0.945236086845398,1592.0,639.0,3.1303160190582275,3.1343939304351807,0.2656223773956299,1.0,1.7663975081515029,-0.0013878655465012694,3.1303160190582275,da3_bbox_median
right_rear,185,1772699928710545000,data\camera\right_rear_camera\1772699928710545000.jpg,3000040,3,person,0.884586,905.0,551.0,965.0,698.0,909.0364990234375,550.8110961914062,970.8434448242188,697.3438110351562,matched,0,PEDESTRIAN_NORMAL,preprocessed/masks/right_rear_camera/masks/frame_000185_gt2d_000_track_-1_PEDESTRIAN_NORMAL.png,0.9343357086181641,935.0,624.5,3.4048001766204834,3.463778495788574,0.6499080657958984,1.0,-0.07164738736440814,-0.04548546965135513,3.4048001766204834,da3_bbox_median
right_rear,186,1772699928810552000,data\camera\right_rear_camera\1772699928810552000.jpg,2000102,2,motorcycle,0.853389,1574.0,603.0,1611.0,676.0,1574.0,603.0,1611.0,676.0,tentative,0,CYCLIST_MOTOR,preprocessed/masks/right_rear_camera/masks/frame_000186_gt2d_000_track_-1_CYCLIST_MOTOR.png,0.9416255354881287,1592.5,639.5,3.2589797973632812,3.2618377208709717,0.2608449459075928,1.0,1.84045257643931,6.555693457544572e-06,3.2589797973632812,da3_bbox_median
right_rear,186,1772699928810552000,data\camera\right_rear_camera\1772699928810552000.jpg,3000040,3,person,0.78039,957.0,555.0,1000.0,696.0,960.1873779296875,555.2974243164062,1006.7409057617188,695.7373046875,matched,1,PEDESTRIAN_NORMAL,preprocessed/masks/right_rear_camera/masks/frame_000186_gt2d_001_track_-1_PEDESTRIAN_NORMAL.png,0.9062671661376953,978.5,625.5,3.503347396850586,3.5524542331695557,0.6050601005554199,1.0,0.06205022363665145,-0.043681381452372485,3.503347396850586,da3_bbox_median
right_rear,187,1772699928910560000,data\camera\right_rear_camera\1772699928910560000.jpg,2000103,2,motorcycle,0.864396,1575.0,604.0,1612.0,674.0,1575.0,604.0,1612.0,674.0,tentative,0,CYCLIST_MOTOR,preprocessed/masks/right_rear_camera/masks/frame_000187_gt2d_000_track_-1_CYCLIST_MOTOR.png,0.936042070388794,1593.5,639.0,3.246476650238037,3.2439451217651367,0.25447988510131836,1.0,1.8362839706312781,-0.0014393668444190437,3.246476650238037,da3_bbox_median
right_rear,187,1772699928910560000,data\camera\right_rear_camera\1772699928910560000.jpg,3000042,3,person,0.591379,998.0,555.0,1035.0,683.0,998.0,555.0,1035.0,683.0,tentative,1,PEDESTRIAN_NORMAL,preprocessed/masks/right_rear_camera/masks/frame_000187_gt2d_001_track_-1_PEDESTRIAN_NORMAL.png,0.8834471702575684,1016.5,619.0,3.464571714401245,3.502894401550293,0.5659704208374023,1.0,0.1786555539329771,-0.06325731533361767,3.464571714401245,da3_bbox_median
right_rear,188,1772699929010523000,data\camera\right_rear_camera\1772699929010523000.jpg,2000104,2,motorcycle,0.85263,1574.0,603.0,1613.0,675.0,1574.0,603.0,1613.0,675.0,tentative,0,CYCLIST_MOTOR,preprocessed/masks/right_rear_camera/masks/frame_000188_gt2d_000_track_-1_CYCLIST_MOTOR.png,0.93616783618927,1593.5,639.0,3.125654458999634,3.13073992729187,0.27207183837890625,1.0,1.767944081893326,-0.0013857987843728199,3.125654458999634,da3_bbox_median
right_rear,188,1772699929010523000,data\camera\right_rear_camera\1772699929010523000.jpg,3000042,3,person,0.493148,1040.0,569.0,1078.0,682.0,1038.3314208984375,567.231689453125,1076.13134765625,683.231689453125,matched,2,PEDESTRIAN_NORMAL,preprocessed/masks/right_rear_camera/masks/frame_000188_gt2d_002_track_-1_PEDESTRIAN_NORMAL.png,0.8824357986450195,1059.0,625.5,3.2808570861816406,3.305185556411743,0.47478795051574707,1.0,0.29340787728713086,-0.040907267718026906,3.2808570861816406,da3_bbox_median
right_rear,188,1772699929010523000,data\camera\right_rear_camera\1772699929010523000.jpg,3000043,3,person,0.765732,1003.0,571.0,1043.0,689.0,1003.0,571.0,1043.0,689.0,tentative,1,PEDESTRIAN_NORMAL,preprocessed/masks/right_rear_camera/masks/frame_000188_gt2d_001_track_-1_PEDESTRIAN_NORMAL.png,0.8959591388702393,1023.0,630.0,3.2915992736816406,3.3202340602874756,0.500694990158081,1.0,0.18879743646277575,-0.02784726175119938,3.2915992736816406,da3_bbox_median
right_rear,189,1772699929110653000,data\camera\right_rear_camera\1772699929110653000.jpg,2000105,2,motorcycle,0.849224,1575.0,602.0,1614.0,676.0,1575.0,602.0,1614.0,676.0,tentative,1,CYCLIST_MOTOR,preprocessed/masks/right_rear_camera/masks/frame_000189_gt2d_001_track_-1_CYCLIST_MOTOR.png,0.9373656511306763,1594.5,639.0,3.0875699520111084,3.0921261310577393,0.2714395523071289,1.0,1.7491533425752073,-0.0013689135322822775,3.0875699520111084,da3_bbox_median
right_rear,189,1772699929110653000,data\camera\right_rear_camera\1772699929110653000.jpg,3000043,3,person,0.904454,1039.0,574.0,1074.0,684.0,1037.0059814453125,574.1138305664062,1073.0059814453125,685.7138061523438,matched,0,PEDESTRIAN_NORMAL,preprocessed/masks/right_rear_camera/masks/frame_000189_gt2d_000_track_-1_PEDESTRIAN_NORMAL.png,0.9037978053092957,1056.5,629.0,3.2274694442749023,3.25014591217041,0.4429636001586914,1.0,0.2814449147682668,-0.030179581058241492,3.2274694442749023,da3_bbox_median
right_rear,190,1772699929210660000,data\camera\right_rear_camera\1772699929210660000.jpg,-1,3,person,0.359125,1093.0,576.0,1124.0,677.0,1093.0,576.0,1124.0,677.0,unassigned,2,PEDESTRIAN_NORMAL,preprocessed/masks/right_rear_camera/masks/frame_000190_gt2d_002_track_-1_PEDESTRIAN_NORMAL.png,0.8405657410621643,1108.5,626.5,3.198427200317383,3.2145698070526123,0.42023634910583496,1.0,0.4270875282617904,-0.03703049838016768,3.198427200317383,da3_bbox_median
right_rear,190,1772699929210660000,data\camera\right_rear_camera\1772699929210660000.jpg,2000106,2,motorcycle,0.710458,1581.0,602.0,1614.0,675.0,1581.0,602.0,1614.0,675.0,tentative,1,CYCLIST_MOTOR,preprocessed/masks/right_rear_camera/masks/frame_000190_gt2d_001_track_-1_CYCLIST_MOTOR.png,0.9216004610061646,1597.5,638.5,3.090484142303467,3.095026969909668,0.2785642147064209,1.0,1.7590643382243096,-0.002746627902693252,3.090484142303467,da3_bbox_median
right_rear,190,1772699929210660000,data\camera\right_rear_camera\1772699929210660000.jpg,3000043,3,person,0.901924,1070.0,578.0,1105.0,684.0,1068.2298583984375,578.1607055664062,1103.4332275390625,685.3673095703125,matched,0,PEDESTRIAN_NORMAL,preprocessed/masks/right_rear_camera/masks/frame_000190_gt2d_000_track_-1_PEDESTRIAN_NORMAL.png,0.917788028717041,1087.5,631.0,3.2102560997009277,3.2289042472839355,0.44546008110046387,1.0,0.36860575989994654,-0.02429955893115058,3.2102560997009277,da3_bbox_median
right_rear,191,1772699929310637000,data\camera\right_rear_camera\1772699929310637000.jpg,-1,3,person,0.325569,1906.0,621.0,1919.0,667.0,1906.0,621.0,1919.0,667.0,unassigned,2,PEDESTRIAN_NORMAL,preprocessed/masks/right_rear_camera/masks/frame_000191_gt2d_002_track_-1_PEDESTRIAN_NORMAL.png,0.7565512657165527,1912.5,644.0,2.9693374633789062,2.9452593326568604,0.16416454315185547,1.0,2.5234176084540545,0.01190817340122166,2.9693374633789062,da3_bbox_median
right_rear,191,1772699929310637000,data\camera\right_rear_camera\1772699929310637000.jpg,3000042,3,person,0.640241,1124.0,575.0,1157.0,678.0,1123.3067626953125,575.3109130859375,1156.5687255859375,678.897216796875,matched,1,PEDESTRIAN_NORMAL,preprocessed/masks/right_rear_camera/masks/frame_000191_gt2d_001_track_-1_PEDESTRIAN_NORMAL.png,0.8283987045288086,1140.5,626.5,3.1742329597473145,3.1904423236846924,0.42288875579833984,1.0,0.5143518284544003,-0.03675038420838025,3.1742329597473145,da3_bbox_median
right_rear,191,1772699929310637000,data\camera\right_rear_camera\1772699929310637000.jpg,3000043,3,person,0.896526,1096.0,581.0,1136.0,686.0,1095.6575927734375,581.665771484375,1134.616455078125,686.6854858398438,matched,0,PEDESTRIAN_NORMAL,preprocessed/masks/right_rear_camera/masks/frame_000191_gt2d_000_track_-1_PEDESTRIAN_NORMAL.png,0.9265417456626892,1116.0,633.5,3.1737959384918213,3.190288782119751,0.42098021507263184,1.0,0.4450053421828698,-0.016955942816358538,3.1737959384918213,da3_bbox_median
right_rear,192,1772699929410645000,data\camera\right_rear_camera\1772699929410645000.jpg,-1,1,car,0.35909,1792.0,627.0,1866.0,663.0,1792.0,627.0,1866.0,663.0,unassigned,2,VEHICLE_CAR,preprocessed/masks/right_rear_camera/masks/frame_000192_gt2d_002_track_-1_VEHICLE_CAR.png,0.7331544756889343,1829.0,645.0,2.8340420722961426,2.8307271003723145,0.11743831634521484,1.0,2.19761211690924,0.01389000660751457,2.8340420722961426,da3_bbox_median
right_rear,192,1772699929410645000,data\camera\right_rear_camera\1772699929410645000.jpg,-1,3,person,0.335789,1907.0,622.0,1919.0,667.0,1907.0,622.0,1919.0,667.0,unassigned,3,PEDESTRIAN_NORMAL,preprocessed/masks/right_rear_camera/masks/frame_000192_gt2d_003_track_-1_PEDESTRIAN_NORMAL.png,0.8072840571403503,1913.0,644.5,2.869717597961426,2.845592498779297,0.15912342071533203,1.0,2.440036478378512,0.012786758397694305,2.869717597961426,da3_bbox_median
right_rear,192,1772699929410645000,data\camera\right_rear_camera\1772699929410645000.jpg,3000042,3,person,0.857327,1153.0,570.0,1190.0,679.0,1152.6561279296875,571.4404296875,1188.5987548828125,678.552490234375,matched,1,PEDESTRIAN_NORMAL,preprocessed/masks/right_rear_camera/masks/frame_000192_gt2d_001_track_-1_PEDESTRIAN_NORMAL.png,0.9081062078475952,1171.5,624.5,3.0881497859954834,3.1101233959198,0.4184868335723877,1.0,0.5856924627298654,-0.04125526788158219,3.0881497859954834,da3_bbox_median
right_rear,192,1772699929410645000,data\camera\right_rear_camera\1772699929410645000.jpg,3000043,3,person,0.880552,1123.0,581.0,1161.0,684.0,1123.447509765625,581.56982421875,1162.0997314453125,684.541748046875,matched,0,PEDESTRIAN_NORMAL,preprocessed/masks/right_rear_camera/masks/frame_000192_gt2d_000_track_-1_PEDESTRIAN_NORMAL.png,0.9081447124481201,1142.0,632.5,3.0650434494018555,3.0828874111175537,0.41005969047546387,1.0,0.5007548244905181,-0.01910511815779931,3.0650434494018555,da3_bbox_median
right_rear,193,1772699929510652000,data\camera\right_rear_camera\1772699929510652000.jpg,-1,3,person,0.487143,1906.0,616.0,1919.0,667.0,1906.0,616.0,1919.0,667.0,unassigned,3,PEDESTRIAN_NORMAL,preprocessed/masks/right_rear_camera/masks/frame_000193_gt2d_003_track_-1_PEDESTRIAN_NORMAL.png,0.787168025970459,1912.5,641.5,2.844241142272949,2.828242778778076,0.17258954048156738,1.0,2.417107610575813,0.005072729470116758,2.844241142272949,da3_bbox_median
right_rear,193,1772699929510652000,data\camera\right_rear_camera\1772699929510652000.jpg,-1,1,car,0.35082,1795.0,627.0,1869.0,663.0,1795.0,627.0,1869.0,663.0,unassigned,4,VEHICLE_CAR,preprocessed/masks/right_rear_camera/masks/frame_000193_gt2d_004_track_-1_VEHICLE_CAR.png,0.7674242854118347,1832.0,645.0,2.7918643951416016,2.788867235183716,0.11744856834411621,1.0,2.172368049995167,0.013683288358659661,2.7918643951416016,da3_bbox_median
right_rear,193,1772699929510652000,data\camera\right_rear_camera\1772699929510652000.jpg,2000107,2,motorcycle,0.587778,1573.0,607.0,1602.0,671.0,1573.0,607.0,1602.0,671.0,tentative,2,CYCLIST_MOTOR,preprocessed/masks/right_rear_camera/masks/frame_000193_gt2d_002_track_-1_CYCLIST_MOTOR.png,0.8875753879547119,1587.5,639.0,2.886967182159424,2.8825576305389404,0.22448205947875977,1.0,1.6175046808254452,-0.0012799737347938317,2.886967182159424,da3_bbox_median
right_rear,193,1772699929510652000,data\camera\right_rear_camera\1772699929510652000.jpg,3000042,3,person,0.902226,1179.0,570.0,1215.0,679.0,1181.1634521484375,570.420654296875,1217.082763671875,678.4337158203125,matched,0,PEDESTRIAN_NORMAL,preprocessed/masks/right_rear_camera/masks/frame_000193_gt2d_000_track_-1_PEDESTRIAN_NORMAL.png,0.9323998689651489,1197.0,624.5,3.0449399948120117,3.0664680004119873,0.41554927825927734,1.0,0.6466732398905797,-0.04067801883800747,3.0449399948120117,da3_bbox_median
right_rear,193,1772699929510652000,data\camera\right_rear_camera\1772699929510652000.jpg,3000043,3,person,0.886141,1150.0,581.0,1185.0,682.0,1151.9996337890625,581.4553833007812,1188.267822265625,682.4196166992188,matched,1,PEDESTRIAN_NORMAL,preprocessed/masks/right_rear_camera/masks/frame_000193_gt2d_001_track_-1_PEDESTRIAN_NORMAL.png,0.9417877197265625,1167.5,631.5,3.0120849609375,3.026301145553589,0.3834848403930664,1.0,0.5605321248508471,-0.021458026451084463,3.0120849609375,da3_bbox_median
right_rear,194,1772699929610660000,data\camera\right_rear_camera\1772699929610660000.jpg,-1,1,car,0.349728,1793.0,628.0,1869.0,664.0,1793.0,628.0,1869.0,664.0,unassigned,4,VEHICLE_CAR,preprocessed/masks/right_rear_camera/masks/frame_000194_gt2d_004_track_-1_VEHICLE_CAR.png,0.7536815404891968,1831.0,646.0,2.8901214599609375,2.885770082473755,0.11360621452331543,1.0,2.246247669504631,0.016739230797092768,2.8901214599609375,da3_bbox_median
right_rear,194,1772699929610660000,data\camera\right_rear_camera\1772699929610660000.jpg,2000108,2,motorcycle,0.79861,1570.0,599.0,1607.0,671.0,1570.0,599.0,1607.0,671.0,tentative,2,CYCLIST_MOTOR,preprocessed/masks/right_rear_camera/masks/frame_000194_gt2d_002_track_-1_CYCLIST_MOTOR.png,0.9332965016365051,1588.5,635.0,3.005788564682007,3.0093839168548584,0.24324560165405273,1.0,1.68675560556663,-0.012042263432395513,3.005788564682007,da3_bbox_median
right_rear,194,1772699929610660000,data\camera\right_rear_camera\1772699929610660000.jpg,3000042,3,person,0.934032,1203.0,570.0,1241.0,679.0,1206.4188232421875,569.9164428710938,1243.7332763671875,678.3212890625,matched,0,PEDESTRIAN_NORMAL,preprocessed/masks/right_rear_camera/masks/frame_000194_gt2d_000_track_-1_PEDESTRIAN_NORMAL.png,0.9281493425369263,1222.0,624.5,3.132547616958618,3.1528518199920654,0.3985443115234375,1.0,0.735049770117861,-0.041848388208210026,3.132547616958618,da3_bbox_median
right_rear,194,1772699929610660000,data\camera\right_rear_camera\1772699929610660000.jpg,3000043,3,person,0.901331,1173.0,582.0,1208.0,679.0,1176.3447265625,581.9473266601562,1211.716064453125,679.46923828125,matched,1,PEDESTRIAN_NORMAL,preprocessed/masks/right_rear_camera/masks/frame_000194_gt2d_001_track_-1_PEDESTRIAN_NORMAL.png,0.9500631093978882,1190.5,630.5,3.0888314247131348,3.1017305850982666,0.34574151039123535,1.0,0.6381075061064112,-0.02475613905464217,3.0888314247131348,da3_bbox_median
right_rear,194,1772699929610660000,data\camera\right_rear_camera\1772699929610660000.jpg,3000044,3,person,0.58172,1906.0,615.0,1919.0,666.0,1906.0,615.0,1919.0,666.0,tentative,3,PEDESTRIAN_NORMAL,preprocessed/masks/right_rear_camera/masks/frame_000194_gt2d_003_track_-1_PEDESTRIAN_NORMAL.png,0.7873451709747314,1912.5,640.5,2.9388175010681152,2.922513723373413,0.1655874252319336,1.0,2.497480977385935,0.002623659456138757,2.9388175010681152,da3_bbox_median
right_rear,195,1772699929710637000,data\camera\right_rear_camera\1772699929710637000.jpg,-1,1,car,0.376868,1793.0,625.0,1871.0,661.0,1793.0,625.0,1871.0,661.0,unassigned,4,VEHICLE_CAR,preprocessed/masks/right_rear_camera/masks/frame_000195_gt2d_004_track_-1_VEHICLE_CAR.png,0.733252763748169,1832.0,643.0,2.78804087638855,2.7852540016174316,0.09898805618286133,1.0,2.1693929449033362,0.00869766136762821,2.78804087638855,da3_bbox_median
right_rear,195,1772699929710637000,data\camera\right_rear_camera\1772699929710637000.jpg,2000109,2,motorcycle,0.816275,1569.0,596.0,1608.0,670.0,1569.0,596.0,1608.0,670.0,tentative,2,CYCLIST_MOTOR,preprocessed/masks/right_rear_camera/masks/frame_000195_gt2d_002_track_-1_CYCLIST_MOTOR.png,0.9136460423469543,1588.5,633.0,2.903097629547119,2.9050371646881104,0.2344198226928711,1.0,1.6291286279026251,-0.01680270757064374,2.903097629547119,da3_bbox_median
right_rear,195,1772699929710637000,data\camera\right_rear_camera\1772699929710637000.jpg,3000042,3,person,0.917749,1224.0,570.0,1266.0,676.0,1227.967041015625,570.2997436523438,1268.4854736328125,676.8207397460938,matched,0,PEDESTRIAN_NORMAL,preprocessed/masks/right_rear_camera/masks/frame_000195_gt2d_000_track_-1_PEDESTRIAN_NORMAL.png,0.9330332279205322,1245.0,623.0,2.9966530799865723,3.0117156505584717,0.3484632968902588,1.0,0.7645666933478301,-0.044036840529417566,2.9966530799865723,da3_bbox_median
right_rear,195,1772699929710637000,data\camera\right_rear_camera\1772699929710637000.jpg,3000043,3,person,0.906721,1193.0,582.0,1230.0,676.0,1196.746826171875,582.582763671875,1233.2283935546875,676.9057006835938,matched,1,PEDESTRIAN_NORMAL,preprocessed/masks/right_rear_camera/masks/frame_000195_gt2d_001_track_-1_PEDESTRIAN_NORMAL.png,0.9098924994468689,1211.5,629.0,2.9576468467712402,2.966759443283081,0.29833483695983887,1.0,0.66634185913252,-0.027656510555699055,2.9576468467712402,da3_bbox_median
right_rear,195,1772699929710637000,data\camera\right_rear_camera\1772699929710637000.jpg,3000045,3,person,0.563481,1904.0,608.0,1919.0,665.0,1904.0,608.0,1919.0,665.0,tentative,3,PEDESTRIAN_NORMAL,preprocessed/masks/right_rear_camera/masks/frame_000195_gt2d_003_track_-1_PEDESTRIAN_NORMAL.png,0.7750869393348694,1911.5,636.5,2.855245590209961,2.8393900394439697,0.1617298126220703,1.0,2.423915689477908,-0.007624175125797712,2.855245590209961,da3_bbox_median
right_rear,196,1772699929810644000,data\camera\right_rear_camera\1772699929810644000.jpg,-1,1,car,0.332261,1800.0,629.0,1870.0,664.0,1800.0,629.0,1870.0,664.0,unassigned,4,VEHICLE_CAR,preprocessed/masks/right_rear_camera/masks/frame_000196_gt2d_004_track_-1_VEHICLE_CAR.png,0.7374368906021118,1835.0,646.5,2.6141138076782227,2.612602472305298,0.10748124122619629,1.0,2.0410459984655582,0.01630488736280133,2.6141138076782227,da3_bbox_median
right_rear,196,1772699929810644000,data\camera\right_rear_camera\1772699929810644000.jpg,2000110,2,motorcycle,0.844836,1565.0,601.0,1605.0,675.0,1565.0,601.0,1605.0,675.0,tentative,2,CYCLIST_MOTOR,preprocessed/masks/right_rear_camera/masks/frame_000196_gt2d_002_track_-1_CYCLIST_MOTOR.png,0.9193447232246399,1585.0,638.0,2.725182056427002,2.7296717166900635,0.2320566177368164,1.0,1.5207902517592964,-0.0036356965401645996,2.725182056427002,da3_bbox_median
right_rear,196,1772699929810644000,data\camera\right_rear_camera\1772699929810644000.jpg,3000042,3,person,0.902384,1243.0,581.0,1286.0,681.0,1245.7374267578125,580.2865600585938,1288.088134765625,682.0281372070312,matched,0,PEDESTRIAN_NORMAL,preprocessed/masks/right_rear_camera/masks/frame_000196_gt2d_000_track_-1_PEDESTRIAN_NORMAL.png,0.9135959148406982,1264.5,631.0,2.815025806427002,2.8285486698150635,0.3477931022644043,1.0,0.7671312039083404,-0.02130792165844813,2.815025806427002,da3_bbox_median
right_rear,196,1772699929810644000,data\camera\right_rear_camera\1772699929810644000.jpg,3000043,3,person,0.894246,1212.0,590.0,1252.0,683.0,1214.181396484375,590.54345703125,1253.092041015625,683.1847534179688,matched,1,PEDESTRIAN_NORMAL,preprocessed/masks/right_rear_camera/masks/frame_000196_gt2d_001_track_-1_PEDESTRIAN_NORMAL.png,0.9207442998886108,1232.0,636.5,2.784322500228882,2.7939834594726562,0.3173942565917969,1.0,0.6781449393970485,-0.007434793847937584,2.784322500228882,da3_bbox_median
right_rear,196,1772699929810644000,data\camera\right_rear_camera\1772699929810644000.jpg,3000046,3,person,0.586879,1904.0,615.0,1919.0,666.0,1904.0,615.0,1919.0,666.0,tentative,3,PEDESTRIAN_NORMAL,preprocessed/masks/right_rear_camera/masks/frame_000196_gt2d_003_track_-1_PEDESTRIAN_NORMAL.png,0.7777605652809143,1911.5,640.5,2.661116361618042,2.6498336791992188,0.15590596199035645,1.0,2.2591127441258085,0.0023757389165904915,2.661116361618042,da3_bbox_median
right_rear,197,1772699929910651000,data\camera\right_rear_camera\1772699929910651000.jpg,-1,1,car,0.314751,1807.0,628.0,1869.0,661.0,1807.0,628.0,1869.0,661.0,unassigned,4,VEHICLE_CAR,preprocessed/masks/right_rear_camera/masks/frame_000197_gt2d_004_track_-1_VEHICLE_CAR.png,0.7009384632110596,1838.0,644.5,2.6314501762390137,2.6226911544799805,0.10278081893920898,1.0,2.0616150619023457,0.011725097153476303,2.6314501762390137,da3_bbox_median
right_rear,197,1772699929910651000,data\camera\right_rear_camera\1772699929910651000.jpg,2000111,2,motorcycle,0.844401,1562.0,597.0,1603.0,674.0,1562.0,597.0,1603.0,674.0,tentative,2,CYCLIST_MOTOR,preprocessed/masks/right_rear_camera/masks/frame_000197_gt2d_002_track_-1_CYCLIST_MOTOR.png,0.9205057621002197,1582.5,635.5,2.7600579261779785,2.7645974159240723,0.2623441219329834,1.0,1.534105327791696,-0.009828519686324866,2.7600579261779785,da3_bbox_median
right_rear,197,1772699929910651000,data\camera\right_rear_camera\1772699929910651000.jpg,3000042,3,person,0.906921,1264.0,581.0,1304.0,679.0,1267.1392822265625,581.2156982421875,1308.2354736328125,679.8892211914062,matched,0,PEDESTRIAN_NORMAL,preprocessed/masks/right_rear_camera/masks/frame_000197_gt2d_000_track_-1_PEDESTRIAN_NORMAL.png,0.9084591269493103,1284.0,630.0,2.831345319747925,2.8451220989227295,0.341066837310791,1.0,0.8207669309297378,-0.02395346689296893,2.831345319747925,da3_bbox_median
right_rear,197,1772699929910651000,data\camera\right_rear_camera\1772699929910651000.jpg,3000043,3,person,0.901653,1231.0,591.0,1270.0,682.0,1234.2386474609375,591.4038696289062,1273.3768310546875,682.177490234375,matched,1,PEDESTRIAN_NORMAL,preprocessed/masks/right_rear_camera/masks/frame_000197_gt2d_001_track_-1_PEDESTRIAN_NORMAL.png,0.9401713609695435,1250.5,636.5,2.8102469444274902,2.821331024169922,0.33359694480895996,1.0,0.7307772749207847,-0.007504018191821301,2.8102469444274902,da3_bbox_median
right_rear,197,1772699929910651000,data\camera\right_rear_camera\1772699929910651000.jpg,3000047,3,person,0.567446,1903.0,613.0,1919.0,665.0,1903.0,613.0,1919.0,665.0,tentative,3,PEDESTRIAN_NORMAL,preprocessed/masks/right_rear_camera/masks/frame_000197_gt2d_003_track_-1_PEDESTRIAN_NORMAL.png,0.7774293422698975,1911.0,639.0,2.685129165649414,2.670236349105835,0.16225361824035645,1.0,2.278301925957168,-0.001190486274939004,2.685129165649414,da3_bbox_median
right_rear,198,1772699930010645000,data\camera\right_rear_camera\1772699930010645000.jpg,-1,1,car,0.352387,1807.0,626.0,1869.0,659.0,1807.0,626.0,1869.0,659.0,unassigned,4,VEHICLE_CAR,preprocessed/masks/right_rear_camera/masks/frame_000198_gt2d_004_track_-1_VEHICLE_CAR.png,0.7368040084838867,1838.0,642.5,2.6679768562316895,2.659423351287842,0.09860420227050781,1.0,2.0902319645950715,0.0071348573911143775,2.6679768562316895,da3_bbox_median
right_rear,198,1772699930010645000,data\camera\right_rear_camera\1772699930010645000.jpg,2000112,2,motorcycle,0.845634,1560.0,596.0,1600.0,672.0,1560.0,596.0,1600.0,672.0,tentative,2,CYCLIST_MOTOR,preprocessed/masks/right_rear_camera/masks/frame_000198_gt2d_002_track_-1_CYCLIST_MOTOR.png,0.9223125576972961,1580.0,634.0,2.79464054107666,2.797635078430176,0.25371408462524414,1.0,1.5471027020600963,-0.013685651331560545,2.79464054107666,da3_bbox_median
right_rear,198,1772699930010645000,data\camera\right_rear_camera\1772699930010645000.jpg,3000042,3,person,0.919748,1285.0,580.0,1322.0,678.0,1287.0159912109375,581.052001953125,1325.568359375,678.7106323242188,matched,0,PEDESTRIAN_NORMAL,preprocessed/masks/right_rear_camera/masks/frame_000198_gt2d_000_track_-1_PEDESTRIAN_NORMAL.png,0.8969497680664062,1303.5,629.0,2.863299608230591,2.8747971057891846,0.3297433853149414,1.0,0.8797736099374249,-0.02677428372681006,2.863299608230591,da3_bbox_median
right_rear,198,1772699930010645000,data\camera\right_rear_camera\1772699930010645000.jpg,3000043,3,person,0.888553,1251.0,591.0,1286.0,677.0,1253.0162353515625,591.8822631835938,1289.5562744140625,678.6395263671875,matched,1,PEDESTRIAN_NORMAL,preprocessed/masks/right_rear_camera/masks/frame_000198_gt2d_001_track_-1_PEDESTRIAN_NORMAL.png,0.9352046847343445,1268.5,634.0,2.8228321075439453,2.829803466796875,0.28211188316345215,1.0,0.7793181223606307,-0.013823708424589453,2.8228321075439453,da3_bbox_median
right_rear,198,1772699930010645000,data\camera\right_rear_camera\1772699930010645000.jpg,3000048,3,person,0.536313,1904.0,613.0,1919.0,663.0,1904.0,613.0,1919.0,663.0,tentative,3,PEDESTRIAN_NORMAL,preprocessed/masks/right_rear_camera/masks/frame_000198_gt2d_003_track_-1_PEDESTRIAN_NORMAL.png,0.7610414028167725,1911.5,638.0,2.718886613845825,2.7060015201568604,0.15932321548461914,1.0,2.308155888169233,-0.0036272977182373782,2.718886613845825,da3_bbox_median
right_rear,199,1772699930110561000,data\camera\right_rear_camera\1772699930110561000.jpg,-1,1,car,0.372064,1807.0,622.0,1870.0,656.0,1807.0,622.0,1870.0,656.0,unassigned,3,VEHICLE_CAR,preprocessed/masks/right_rear_camera/masks/frame_000199_gt2d_003_track_-1_VEHICLE_CAR.png,0.7537357211112976,1838.5,639.0,2.749171257019043,2.7407264709472656,0.1006782054901123,1.0,2.1550685223999904,-0.0012188801532556524,2.749171257019043,da3_bbox_median
right_rear,199,1772699930110561000,data\camera\right_rear_camera\1772699930110561000.jpg,2000113,2,motorcycle,0.837199,1557.0,593.0,1598.0,668.0,1557.0,593.0,1598.0,668.0,tentative,2,CYCLIST_MOTOR,preprocessed/masks/right_rear_camera/masks/frame_000199_gt2d_002_track_-1_CYCLIST_MOTOR.png,0.9078778028488159,1577.5,630.5,2.871250629425049,2.8728439807891846,0.24109816551208496,1.0,1.5831186729411173,-0.023012288490096795,2.871250629425049,da3_bbox_median
right_rear,199,1772699930110561000,data\camera\right_rear_camera\1772699930110561000.jpg,3000042,3,person,0.933689,1303.0,576.0,1342.0,675.0,1304.4951171875,576.0240478515625,1343.408935546875,674.0728759765625,matched,0,PEDESTRIAN_NORMAL,preprocessed/masks/right_rear_camera/masks/frame_000199_gt2d_000_track_-1_PEDESTRIAN_NORMAL.png,0.926356315612793,1322.5,625.5,2.9465277194976807,2.95743989944458,0.33373165130615234,1.0,0.9552231070391095,-0.03673869208376901,2.9465277194976807,da3_bbox_median
right_rear,199,1772699930110561000,data\camera\right_rear_camera\1772699930110561000.jpg,3000043,3,person,0.900907,1270.0,586.0,1303.0,673.0,1270.785400390625,586.3731079101562,1304.921875,672.5213623046875,matched,1,PEDESTRIAN_NORMAL,preprocessed/masks/right_rear_camera/masks/frame_000199_gt2d_001_track_-1_PEDESTRIAN_NORMAL.png,0.9166440963745117,1286.5,629.5,2.9073052406311035,2.9135894775390625,0.285628080368042,1.0,0.8492620322962955,-0.02589093462778387,2.9073052406311035,da3_bbox_median
right_rear,200,1772699930210538000,data\camera\right_rear_camera\1772699930210538000.jpg,-1,1,car,0.321937,1813.0,624.0,1869.0,657.0,1813.0,624.0,1869.0,657.0,unassigned,3,VEHICLE_CAR,preprocessed/masks/right_rear_camera/masks/frame_000200_gt2d_003_track_-1_VEHICLE_CAR.png,0.7699101567268372,1841.0,640.5,2.817248821258545,2.806831121444702,0.09823775291442871,1.0,2.214709170225052,0.0025151277707800164,2.817248821258545,da3_bbox_median
right_rear,200,1772699930210538000,data\camera\right_rear_camera\1772699930210538000.jpg,2000114,2,motorcycle,0.795299,1555.0,594.0,1594.0,668.0,1555.0,594.0,1594.0,668.0,tentative,2,CYCLIST_MOTOR,preprocessed/masks/right_rear_camera/masks/frame_000200_gt2d_002_track_-1_CYCLIST_MOTOR.png,0.8980013132095337,1574.5,631.0,2.935655117034912,2.93894100189209,0.2391664981842041,1.0,1.6107830662805573,-0.022221007390833797,2.935655117034912,da3_bbox_median
right_rear,200,1772699930210538000,data\camera\right_rear_camera\1772699930210538000.jpg,3000042,3,person,0.936298,1319.0,578.0,1361.0,672.0,1322.30859375,577.9107055664062,1363.3399658203125,672.7806396484375,matched,0,PEDESTRIAN_NORMAL,preprocessed/masks/right_rear_camera/masks/frame_000200_gt2d_000_track_-1_PEDESTRIAN_NORMAL.png,0.9411065578460693,1340.0,625.0,2.9909615516662598,3.0014994144439697,0.2989788055419922,1.0,1.0162599877174447,-0.03862481150035906,2.9909615516662598,da3_bbox_median
right_rear,200,1772699930210538000,data\camera\right_rear_camera\1772699930210538000.jpg,3000043,3,person,0.90431,1288.0,588.0,1320.0,673.0,1289.9002685546875,588.0863037109375,1322.4776611328125,672.7348022460938,matched,1,PEDESTRIAN_NORMAL,preprocessed/masks/right_rear_camera/masks/frame_000200_gt2d_001_track_-1_PEDESTRIAN_NORMAL.png,0.9010692834854126,1304.0,630.5,2.963120937347412,2.9693596363067627,0.26578688621520996,1.0,0.9117645206661673,-0.02374860388099905,2.963120937347412,da3_bbox_median
right_rear,201,1772699930310546000,data\camera\right_rear_camera\1772699930310546000.jpg,3000042,3,person,0.934639,1332.0,582.0,1377.0,674.0,1335.3433837890625,581.157958984375,1379.10498046875,673.5564575195312,matched,0,PEDESTRIAN_NORMAL,preprocessed/masks/right_rear_camera/masks/frame_000201_gt2d_000_track_-1_PEDESTRIAN_NORMAL.png,0.920526385307312,1354.5,628.0,2.9564476013183594,2.965383768081665,0.30139589309692383,1.0,1.0427250678843982,-0.030278748374631105,2.9564476013183594,da3_bbox_median
right_rear,201,1772699930310546000,data\camera\right_rear_camera\1772699930310546000.jpg,3000043,3,person,0.906738,1301.0,591.0,1333.0,673.0,1303.2774658203125,590.5813598632812,1335.317138671875,672.7362670898438,matched,1,PEDESTRIAN_NORMAL,preprocessed/masks/right_rear_camera/masks/frame_000201_gt2d_001_track_-1_PEDESTRIAN_NORMAL.png,0.9213207960128784,1317.0,632.0,2.929011821746826,2.9342002868652344,0.2528676986694336,1.0,0.9351924648728613,-0.019561708550928782,2.929011821746826,da3_bbox_median
right_rear,201,1772699930310546000,data\camera\right_rear_camera\1772699930310546000.jpg,3000049,3,person,0.590136,1562.0,596.0,1589.0,667.0,1562.0,596.0,1589.0,667.0,tentative,2,PEDESTRIAN_NORMAL,preprocessed/masks/right_rear_camera/masks/frame_000201_gt2d_002_track_-1_PEDESTRIAN_NORMAL.png,0.9124670028686523,1575.5,631.5,2.902106761932373,2.9027397632598877,0.21921801567077637,1.0,1.5949607351644761,-0.020674544200782956,2.902106761932373,da3_bbox_median
right_rear,202,1772699930410553000,data\camera\right_rear_camera\1772699930410553000.jpg,-1,1,car,0.3621,1790.0,626.0,1865.0,660.0,1790.0,626.0,1865.0,660.0,unassigned,2,VEHICLE_CAR,preprocessed/masks/right_rear_camera/masks/frame_000202_gt2d_002_track_-1_VEHICLE_CAR.png,0.6788246631622314,1827.5,643.0,2.7998228073120117,2.7942614555358887,0.10825943946838379,1.0,2.167335740044195,0.008734416655650314,2.7998228073120117,da3_bbox_median
right_rear,202,1772699930410553000,data\camera\right_rear_camera\1772699930410553000.jpg,3000042,3,person,0.949347,1347.0,586.0,1388.0,674.0,1348.00439453125,585.4205932617188,1390.2470703125,674.2684326171875,matched,0,PEDESTRIAN_NORMAL,preprocessed/masks/right_rear_camera/masks/frame_000202_gt2d_000_track_-1_PEDESTRIAN_NORMAL.png,0.9092978239059448,1367.5,630.0,2.97367000579834,2.98427152633667,0.31644535064697266,1.0,1.08324001366189,-0.025157548087722078,2.97367000579834,da3_bbox_median
right_rear,202,1772699930410553000,data\camera\right_rear_camera\1772699930410553000.jpg,3000043,3,person,0.903902,1317.0,595.0,1348.0,675.0,1316.97265625,594.572509765625,1348.15576171875,674.5570678710938,matched,1,PEDESTRIAN_NORMAL,preprocessed/masks/right_rear_camera/masks/frame_000202_gt2d_001_track_-1_PEDESTRIAN_NORMAL.png,0.8598411083221436,1332.5,635.0,2.9421169757843018,2.9494566917419434,0.279238224029541,1.0,0.9800049301186793,-0.011787172287371321,2.9421169757843018,da3_bbox_median
right_rear,203,1772699930510561000,data\camera\right_rear_camera\1772699930510561000.jpg,2000115,2,motorcycle,0.663954,1541.0,597.0,1574.0,672.0,1541.0,597.0,1574.0,672.0,tentative,2,CYCLIST_MOTOR,preprocessed/masks/right_rear_camera/masks/frame_000203_gt2d_002_track_-1_CYCLIST_MOTOR.png,0.8794214129447937,1557.5,634.5,2.976848602294922,2.9796671867370605,0.25607752799987793,1.0,1.5882998179912537,-0.013252131571892785,2.976848602294922,da3_bbox_median
right_rear,203,1772699930510561000,data\camera\right_rear_camera\1772699930510561000.jpg,3000042,3,person,0.931253,1359.0,587.0,1398.0,677.0,1362.491943359375,587.4392700195312,1402.7498779296875,676.4579467773438,matched,0,PEDESTRIAN_NORMAL,preprocessed/masks/right_rear_camera/masks/frame_000203_gt2d_000_track_-1_PEDESTRIAN_NORMAL.png,0.9081060886383057,1378.5,632.0,3.024733781814575,3.0351431369781494,0.3260612487792969,1.0,1.1314839260276581,-0.02020099756672122,3.024733781814575,da3_bbox_median
right_rear,203,1772699930510561000,data\camera\right_rear_camera\1772699930510561000.jpg,3000043,3,person,0.90313,1331.0,596.0,1359.0,677.0,1333.099853515625,596.4857177734375,1361.9417724609375,676.4776611328125,matched,1,PEDESTRIAN_NORMAL,preprocessed/masks/right_rear_camera/masks/frame_000203_gt2d_001_track_-1_PEDESTRIAN_NORMAL.png,0.9308373332023621,1345.0,636.5,2.995907783508301,3.001307725906372,0.27372121810913086,1.0,1.031286080731925,-0.007999776159545037,2.995907783508301,da3_bbox_median
right_rear,204,1772699930610537000,data\camera\right_rear_camera\1772699930610537000.jpg,2000115,2,motorcycle,0.801932,1539.0,597.0,1577.0,673.0,1541.9462890625,597.601806640625,1578.9462890625,673.4017944335938,matched,2,CYCLIST_MOTOR,preprocessed/masks/right_rear_camera/masks/frame_000204_gt2d_002_track_-1_CYCLIST_MOTOR.png,0.9040937423706055,1558.0,635.0,2.8771729469299316,2.8818981647491455,0.2510685920715332,1.0,1.5363994533225562,-0.011526983293037264,2.8771729469299316,da3_bbox_median
right_rear,204,1772699930610537000,data\camera\right_rear_camera\1772699930610537000.jpg,3000042,3,person,0.930771,1372.0,587.0,1409.0,675.0,1371.40625,587.0267333984375,1409.5501708984375,674.8114624023438,matched,0,PEDESTRIAN_NORMAL,preprocessed/masks/right_rear_camera/masks/frame_000204_gt2d_000_track_-1_PEDESTRIAN_NORMAL.png,0.8955510258674622,1390.5,631.0,2.915534496307373,2.925135612487793,0.30000853538513184,1.0,1.1218048408082888,-0.02206870732693992,2.915534496307373,da3_bbox_median
right_rear,204,1772699930610537000,data\camera\right_rear_camera\1772699930610537000.jpg,3000043,3,person,0.906141,1342.0,595.0,1370.0,675.0,1341.4783935546875,595.3571166992188,1369.4986572265625,674.7451171875,matched,1,PEDESTRIAN_NORMAL,preprocessed/masks/right_rear_camera/masks/frame_000204_gt2d_001_track_-1_PEDESTRIAN_NORMAL.png,0.8933950662612915,1356.0,635.0,2.884702205657959,2.8922271728515625,0.26397156715393066,1.0,1.0212758378761648,-0.01155714819489328,2.884702205657959,da3_bbox_median
right_rear,205,1772699930710545000,data\camera\right_rear_camera\1772699930710545000.jpg,2000115,2,motorcycle,0.813889,1533.0,597.0,1578.0,677.0,1539.45068359375,597.7833862304688,1582.388427734375,676.8095703125,matched,2,CYCLIST_MOTOR,preprocessed/masks/right_rear_camera/masks/frame_000205_gt2d_002_track_-1_CYCLIST_MOTOR.png,0.8890263438224792,1555.5,637.0,2.9491593837738037,2.9563817977905273,0.26935410499572754,1.0,1.5682713212900412,-0.006561467066012576,2.9491593837738037,da3_bbox_median
right_rear,205,1772699930710545000,data\camera\right_rear_camera\1772699930710545000.jpg,3000042,3,person,0.924419,1383.0,588.0,1420.0,675.0,1382.8695068359375,587.4932250976562,1420.22265625,674.2223510742188,matched,0,PEDESTRIAN_NORMAL,preprocessed/masks/right_rear_camera/masks/frame_000205_gt2d_000_track_-1_PEDESTRIAN_NORMAL.png,0.9111028909683228,1401.5,631.5,2.979712963104248,2.9891583919525146,0.3040468692779541,1.0,1.1757000109327698,-0.02122740905655912,2.979712963104248,da3_bbox_median
right_rear,205,1772699930710545000,data\camera\right_rear_camera\1772699930710545000.jpg,3000043,3,person,0.898241,1354.0,593.0,1384.0,674.0,1353.4337158203125,593.5325317382812,1382.58056640625,673.4557495117188,matched,1,PEDESTRIAN_NORMAL,preprocessed/masks/right_rear_camera/masks/frame_000205_gt2d_001_track_-1_PEDESTRIAN_NORMAL.png,0.886259138584137,1369.0,633.5,2.959843158721924,2.966869354248047,0.2693204879760742,1.0,1.0821586567457981,-0.015812904268989535,2.959843158721924,da3_bbox_median
right_rear,206,1772699930810552000,data\camera\right_rear_camera\1772699930810552000.jpg,2000115,2,motorcycle,0.743603,1528.0,598.0,1570.0,679.0,1534.2449951171875,598.3511962890625,1577.28271484375,679.23486328125,matched,2,CYCLIST_MOTOR,preprocessed/masks/right_rear_camera/masks/frame_000206_gt2d_002_track_-1_CYCLIST_MOTOR.png,0.8836625218391418,1549.0,638.5,3.038693904876709,3.046015739440918,0.25887393951416016,1.0,1.5982861054182058,-0.002700599997467562,3.038693904876709,da3_bbox_median
right_rear,206,1772699930810552000,data\camera\right_rear_camera\1772699930810552000.jpg,3000042,3,person,0.924781,1395.0,589.0,1430.0,674.0,1395.213134765625,588.3955078125,1430.93701171875,673.45361328125,matched,0,PEDESTRIAN_NORMAL,preprocessed/masks/right_rear_camera/masks/frame_000206_gt2d_000_track_-1_PEDESTRIAN_NORMAL.png,0.9264025688171387,1412.5,631.5,3.0494303703308105,3.0563464164733887,0.27211689949035645,1.0,1.2330928572904059,-0.021724074319249116,3.0494303703308105,da3_bbox_median
right_rear,206,1772699930810552000,data\camera\right_rear_camera\1772699930810552000.jpg,3000043,3,person,0.865873,1366.0,597.0,1394.0,672.0,1365.9560546875,595.6116333007812,1394.169189453125,671.7612915039062,matched,1,PEDESTRIAN_NORMAL,preprocessed/masks/right_rear_camera/masks/frame_000206_gt2d_001_track_-1_PEDESTRIAN_NORMAL.png,0.878360390663147,1380.0,634.5,3.0215582847595215,3.02435302734375,0.24320173263549805,1.0,1.134333966712872,-0.013451167086867128,3.0215582847595215,da3_bbox_median
right_rear,207,1772699930910560000,data\camera\right_rear_camera\1772699930910560000.jpg,2000116,2,motorcycle,0.834255,1523.0,598.0,1566.0,680.0,1523.0,598.0,1566.0,680.0,tentative,2,CYCLIST_MOTOR,preprocessed/masks/right_rear_camera/masks/frame_000207_gt2d_002_track_-1_CYCLIST_MOTOR.png,0.8804448843002319,1544.5,639.0,3.0413994789123535,3.0494394302368164,0.2607245445251465,1.0,1.5875158670980252,-0.0013484432639485698,3.0413994789123535,da3_bbox_median
right_rear,207,1772699930910560000,data\camera\right_rear_camera\1772699930910560000.jpg,3000042,3,person,0.903976,1406.0,592.0,1442.0,675.0,1409.5787353515625,591.4067993164062,1445.3865966796875,674.5658569335938,matched,0,PEDESTRIAN_NORMAL,preprocessed/masks/right_rear_camera/masks/frame_000207_gt2d_000_track_-1_PEDESTRIAN_NORMAL.png,0.9250878691673279,1424.0,633.5,3.0415735244750977,3.049304246902466,0.25963926315307617,1.0,1.2610782642945615,-0.016249547151811237,3.0415735244750977,da3_bbox_median
right_rear,207,1772699930910560000,data\camera\right_rear_camera\1772699930910560000.jpg,3000043,3,person,0.886162,1378.0,600.0,1407.0,673.0,1381.0740966796875,599.107177734375,1409.6451416015625,672.5589599609375,matched,1,PEDESTRIAN_NORMAL,preprocessed/masks/right_rear_camera/masks/frame_000207_gt2d_001_track_-1_PEDESTRIAN_NORMAL.png,0.8674545288085938,1392.5,636.5,3.014488935470581,3.0180304050445557,0.22512531280517578,1.0,1.1652506574525814,-0.008049392191554762,3.014488935470581,da3_bbox_median
right_rear,208,1772699931010523000,data\camera\right_rear_camera\1772699931010523000.jpg,-1,3,person,0.446061,1819.0,621.0,1837.0,664.0,1819.0,621.0,1837.0,664.0,unassigned,3,PEDESTRIAN_NORMAL,preprocessed/masks/right_rear_camera/masks/frame_000208_gt2d_003_track_-1_PEDESTRIAN_NORMAL.png,0.92908775806427,1828.0,642.5,2.891590118408203,2.8738975524902344,0.13725042343139648,1.0,2.2396606617056256,0.007732856857513327,2.891590118408203,da3_bbox_median
right_rear,208,1772699931010523000,data\camera\right_rear_camera\1772699931010523000.jpg,2000117,2,motorcycle,0.84306,1516.0,597.0,1561.0,680.0,1516.0,597.0,1561.0,680.0,tentative,2,CYCLIST_MOTOR,preprocessed/masks/right_rear_camera/masks/frame_000208_gt2d_002_track_-1_CYCLIST_MOTOR.png,0.9363666772842407,1538.5,638.5,3.0088706016540527,3.0159850120544434,0.2668309211730957,1.0,1.55445294053579,-0.002674094921560337,3.0088706016540527,da3_bbox_median
right_rear,208,1772699931010523000,data\camera\right_rear_camera\1772699931010523000.jpg,3000042,3,person,0.902199,1417.0,595.0,1452.0,676.0,1422.0655517578125,594.3140869140625,1457.2420654296875,675.491455078125,matched,0,PEDESTRIAN_NORMAL,preprocessed/masks/right_rear_camera/masks/frame_000208_gt2d_000_track_-1_PEDESTRIAN_NORMAL.png,0.8974733948707581,1434.5,635.5,3.009032726287842,3.0157973766326904,0.2663252353668213,1.0,1.2757346817705735,-0.010715114746910125,3.009032726287842,da3_bbox_median
right_rear,208,1772699931010523000,data\camera\right_rear_camera\1772699931010523000.jpg,3000043,3,person,0.8994,1387.0,602.0,1418.0,676.0,1392.500244140625,601.5121459960938,1422.5560302734375,674.756591796875,matched,1,PEDESTRIAN_NORMAL,preprocessed/masks/right_rear_camera/masks/frame_000208_gt2d_001_track_-1_PEDESTRIAN_NORMAL.png,0.8756810426712036,1402.5,639.0,2.979679584503174,2.98368763923645,0.23155426979064941,1.0,1.1783414782971569,-0.001321078961283062,2.979679584503174,da3_bbox_median
right_rear,209,1772699931110653000,data\camera\right_rear_camera\1772699931110653000.jpg,2000118,2,motorcycle,0.78424,1512.0,597.0,1555.0,678.0,1512.0,597.0,1555.0,678.0,tentative,2,CYCLIST_MOTOR,preprocessed/masks/right_rear_camera/masks/frame_000209_gt2d_002_track_-1_CYCLIST_MOTOR.png,0.9294328689575195,1533.5,637.5,3.0599348545074463,3.0657784938812256,0.2619597911834717,1.0,1.5672032380140952,-0.005445110533673019,3.0599348545074463,da3_bbox_median
right_rear,209,1772699931110653000,data\camera\right_rear_camera\1772699931110653000.jpg,3000042,3,person,0.911395,1427.0,594.0,1463.0,675.0,1431.9625244140625,594.137451171875,1467.590087890625,674.6632690429688,matched,0,PEDESTRIAN_NORMAL,preprocessed/masks/right_rear_camera/masks/frame_000209_gt2d_000_track_-1_PEDESTRIAN_NORMAL.png,0.8939088582992554,1445.0,634.5,3.060267210006714,3.065708875656128,0.2608325481414795,1.0,1.3260840402930347,-0.01362348884014235,3.060267210006714,da3_bbox_median
right_rear,209,1772699931110653000,data\camera\right_rear_camera\1772699931110653000.jpg,3000043,3,person,0.908694,1399.0,602.0,1428.0,675.0,1403.595947265625,601.8272705078125,1432.8924560546875,674.378173828125,matched,1,PEDESTRIAN_NORMAL,preprocessed/masks/right_rear_camera/masks/frame_000209_gt2d_001_track_-1_PEDESTRIAN_NORMAL.png,0.9435889720916748,1413.5,638.5,3.031177043914795,3.034714460372925,0.22425580024719238,1.0,1.2284123087154477,-0.0026939194842832198,3.031177043914795,da3_bbox_median
right_rear,210,1772699931210660000,data\camera\right_rear_camera\1772699931210660000.jpg,3000042,3,person,0.945411,1437.0,596.0,1471.0,676.0,1441.9571533203125,595.4382934570312,1476.427490234375,675.1130981445312,matched,0,PEDESTRIAN_NORMAL,preprocessed/masks/right_rear_camera/masks/frame_000210_gt2d_000_track_-1_PEDESTRIAN_NORMAL.png,0.8718414306640625,1454.0,636.0,3.036309242248535,3.042711019515991,0.25652265548706055,1.0,1.3400483095897366,-0.009459951743078203,3.036309242248535,da3_bbox_median
right_rear,210,1772699931210660000,data\camera\right_rear_camera\1772699931210660000.jpg,3000043,3,person,0.902459,1410.0,603.0,1438.0,674.0,1414.4420166015625,602.6381225585938,1442.784423828125,673.651123046875,matched,1,PEDESTRIAN_NORMAL,preprocessed/masks/right_rear_camera/masks/frame_000210_gt2d_001_track_-1_PEDESTRIAN_NORMAL.png,0.9311270117759705,1424.0,638.5,3.0138356685638428,3.0110812187194824,0.21569442749023438,1.0,1.2495777672964314,-0.00267850756070852,3.0138356685638428,da3_bbox_median
right_rear,210,1772699931210660000,data\camera\right_rear_camera\1772699931210660000.jpg,3000050,3,person,0.630571,1521.0,599.0,1549.0,674.0,1521.0,599.0,1549.0,674.0,tentative,2,PEDESTRIAN_NORMAL,preprocessed/masks/right_rear_camera/masks/frame_000210_gt2d_002_track_-1_PEDESTRIAN_NORMAL.png,0.9343616962432861,1535.0,636.5,3.0300164222717285,3.031696319580078,0.24551010131835938,1.0,1.5559291746597463,-0.008090854221665719,3.0300164222717285,da3_bbox_median
right_rear,211,1772699931310637000,data\camera\right_rear_camera\1772699931310637000.jpg,3000042,3,person,0.934262,1447.0,596.0,1481.0,675.0,1450.923828125,595.8309936523438,1484.9676513671875,674.5814819335938,matched,0,PEDESTRIAN_NORMAL,preprocessed/masks/right_rear_camera/masks/frame_000211_gt2d_000_track_-1_PEDESTRIAN_NORMAL.png,0.8918094635009766,1464.0,635.5,3.039902687072754,3.045530080795288,0.2454850673675537,1.0,1.368717155667103,-0.010825042156191253,3.039902687072754,da3_bbox_median
right_rear,211,1772699931310637000,data\camera\right_rear_camera\1772699931310637000.jpg,3000043,3,person,0.905417,1420.0,604.0,1446.0,673.0,1423.811767578125,603.5338745117188,1450.462890625,672.6944580078125,matched,1,PEDESTRIAN_NORMAL,preprocessed/masks/right_rear_camera/masks/frame_000211_gt2d_001_track_-1_PEDESTRIAN_NORMAL.png,0.9182278513908386,1433.0,638.5,3.0198116302490234,3.015075445175171,0.2081763744354248,1.0,1.2762690085115167,-0.0026838186195440165,3.0198116302490234,da3_bbox_median
right_rear,212,1772699931410645000,data\camera\right_rear_camera\1772699931410645000.jpg,2000119,2,motorcycle,0.758938,1490.0,598.0,1528.0,673.0,1490.0,598.0,1528.0,673.0,tentative,2,CYCLIST_MOTOR,preprocessed/masks/right_rear_camera/masks/frame_000212_gt2d_002_track_-1_CYCLIST_MOTOR.png,0.902136504650116,1509.0,635.5,3.0561957359313965,3.057551383972168,0.23647356033325195,1.0,1.4985794116843318,-0.010883061428156017,3.0561957359313965,da3_bbox_median
right_rear,212,1772699931410645000,data\camera\right_rear_camera\1772699931410645000.jpg,3000042,3,person,0.932039,1456.0,596.0,1488.0,670.0,1458.2147216796875,595.4259643554688,1490.770751953125,670.5255737304688,matched,0,PEDESTRIAN_NORMAL,preprocessed/masks/right_rear_camera/masks/frame_000212_gt2d_000_track_-1_PEDESTRIAN_NORMAL.png,0.9089354276657104,1472.0,633.0,3.056997776031494,3.0573103427886963,0.2366328239440918,1.0,1.3982023956413268,-0.01769345927328613,3.056997776031494,da3_bbox_median
right_rear,212,1772699931410645000,data\camera\right_rear_camera\1772699931410645000.jpg,3000043,3,person,0.884392,1429.0,604.0,1453.0,671.0,1431.1590576171875,603.3257446289062,1455.8353271484375,670.5189819335938,matched,1,PEDESTRIAN_NORMAL,preprocessed/masks/right_rear_camera/masks/frame_000212_gt2d_001_track_-1_PEDESTRIAN_NORMAL.png,0.9089446067810059,1441.0,637.5,3.028163194656372,3.02604603767395,0.205064058303833,1.0,1.3013813045356557,-0.005388573317048122,3.028163194656372,da3_bbox_median
right_rear,213,1772699931510652000,data\camera\right_rear_camera\1772699931510652000.jpg,2000120,2,motorcycle,0.718913,1484.0,596.0,1529.0,674.0,1484.0,596.0,1529.0,674.0,tentative,2,CYCLIST_MOTOR,preprocessed/masks/right_rear_camera/masks/frame_000213_gt2d_002_track_-1_CYCLIST_MOTOR.png,0.8664159774780273,1506.5,635.0,3.0119924545288086,3.019325017929077,0.2463850975036621,1.0,1.4701961474227951,-0.012067118432750022,3.0119924545288086,da3_bbox_median
right_rear,213,1772699931510652000,data\camera\right_rear_camera\1772699931510652000.jpg,3000042,3,person,0.88261,1465.0,599.0,1495.0,670.0,1466.54052734375,597.8885498046875,1497.2001953125,669.660400390625,matched,1,PEDESTRIAN_NORMAL,preprocessed/masks/right_rear_camera/masks/frame_000213_gt2d_001_track_-1_PEDESTRIAN_NORMAL.png,0.8605160713195801,1480.0,634.5,2.995694637298584,2.9984560012817383,0.21494174003601074,1.0,1.3915149556172886,-0.013336029065129254,2.995694637298584,da3_bbox_median
right_rear,213,1772699931510652000,data\camera\right_rear_camera\1772699931510652000.jpg,3000043,3,person,0.900276,1437.0,606.0,1461.0,670.0,1438.813232421875,605.1630249023438,1462.81005859375,669.66748046875,matched,0,PEDESTRIAN_NORMAL,preprocessed/masks/right_rear_camera/masks/frame_000213_gt2d_000_track_-1_PEDESTRIAN_NORMAL.png,0.8725013732910156,1449.0,638.0,2.9763107299804688,2.9683759212493896,0.1874253749847412,1.0,1.300310314570705,-0.003970730174861116,2.9763107299804688,da3_bbox_median
right_rear,214,1772699931610660000,data\camera\right_rear_camera\1772699931610660000.jpg,-1,3,person,0.418567,1493.0,597.0,1522.0,672.0,1493.0,597.0,1522.0,672.0,unassigned,3,PEDESTRIAN_NORMAL,preprocessed/masks/right_rear_camera/masks/frame_000214_gt2d_003_track_-1_PEDESTRIAN_NORMAL.png,0.8946468830108643,1507.5,634.5,3.071274757385254,3.0708224773406982,0.24669909477233887,1.0,1.5018689193995232,-0.01367249148879294,3.071274757385254,da3_bbox_median
right_rear,214,1772699931610660000,data\camera\right_rear_camera\1772699931610660000.jpg,2000121,2,motorcycle,0.539037,1476.0,598.0,1522.0,674.0,1476.0,598.0,1522.0,674.0,tentative,1,CYCLIST_MOTOR,preprocessed/masks/right_rear_camera/masks/frame_000214_gt2d_001_track_-1_CYCLIST_MOTOR.png,0.9209918975830078,1499.0,636.0,3.0697388648986816,3.071716547012329,0.24652409553527832,1.0,1.477871443514962,-0.009564105369019645,3.0697388648986816,da3_bbox_median
right_rear,214,1772699931610660000,data\camera\right_rear_camera\1772699931610660000.jpg,3000042,3,person,0.439381,1473.0,599.0,1505.0,673.0,1473.2916259765625,598.2222900390625,1504.6680908203125,670.9391479492188,matched,2,PEDESTRIAN_NORMAL,preprocessed/masks/right_rear_camera/masks/frame_000214_gt2d_002_track_-1_PEDESTRIAN_NORMAL.png,0.8998429775238037,1489.0,636.0,3.0574569702148438,3.061016798019409,0.22829174995422363,1.0,1.4447192382904102,-0.0095258397900707,3.0574569702148438,da3_bbox_median
right_rear,214,1772699931610660000,data\camera\right_rear_camera\1772699931610660000.jpg,3000043,3,person,0.883764,1446.0,605.0,1469.0,670.0,1446.07763671875,604.592041015625,1469.1746826171875,668.887451171875,matched,0,PEDESTRIAN_NORMAL,preprocessed/masks/right_rear_camera/masks/frame_000214_gt2d_000_track_-1_PEDESTRIAN_NORMAL.png,0.874305248260498,1457.5,637.5,3.039579153060913,3.039071798324585,0.21083831787109375,1.0,1.3509694658612799,-0.005408887852590921,3.039579153060913,da3_bbox_median
right_rear,215,1772699931710637000,data\camera\right_rear_camera\1772699931710637000.jpg,2000121,2,motorcycle,0.791136,1469.0,595.0,1518.0,677.0,1474.2010498046875,596.0098876953125,1522.60107421875,676.8098754882812,matched,0,CYCLIST_MOTOR,preprocessed/masks/right_rear_camera/masks/frame_000215_gt2d_000_track_-1_CYCLIST_MOTOR.png,0.879547119140625,1493.5,636.0,3.067316770553589,3.0708181858062744,0.2568247318267822,1.0,1.4616754383612627,-0.009556559070604799,3.067316770553589,da3_bbox_median
right_rear,215,1772699931710637000,data\camera\right_rear_camera\1772699931710637000.jpg,3000043,3,person,0.692895,1455.0,606.0,1480.0,673.0,1454.5045166015625,605.531005859375,1478.6937255859375,671.1598510742188,matched,1,PEDESTRIAN_NORMAL,preprocessed/masks/right_rear_camera/masks/frame_000215_gt2d_001_track_-1_PEDESTRIAN_NORMAL.png,0.8289128541946411,1467.5,639.5,3.0209884643554688,3.0193991661071777,0.2033369541168213,1.0,1.3696210613667883,6.076955226023798e-06,3.0209884643554688,da3_bbox_median
right_rear,216,1772699931810644000,data\camera\right_rear_camera\1772699931810644000.jpg,-1,1,car,0.343977,695.0,613.0,840.0,666.0,695.0,613.0,840.0,666.0,unassigned,1,VEHICLE_CAR,preprocessed/masks/right_rear_camera/masks/frame_000216_gt2d_001_track_-1_VEHICLE_CAR.png,0.6122465133666992,767.5,639.5,3.0845961570739746,3.088606595993042,0.16585350036621094,1.0,-0.525217594427959,6.20490708854887e-06,3.0845961570739746,da3_bbox_median
right_rear,216,1772699931810644000,data\camera\right_rear_camera\1772699931810644000.jpg,2000121,2,motorcycle,0.882611,1460.0,594.0,1518.0,678.0,1467.7529296875,594.8273315429688,1523.4307861328125,678.0449829101562,matched,0,CYCLIST_MOTOR,preprocessed/masks/right_rear_camera/masks/frame_000216_gt2d_000_track_-1_CYCLIST_MOTOR.png,0.9187051057815552,1489.0,636.0,3.1903324127197266,3.197739362716675,0.2785770893096924,1.0,1.5075059626673246,-0.009939827685785,3.1903324127197266,da3_bbox_median
right_rear,217,1772699931910651000,data\camera\right_rear_camera\1772699931910651000.jpg,2000121,2,motorcycle,0.500518,1470.0,594.0,1504.0,675.0,1470.915283203125,594.1961059570312,1512.0452880859375,675.9921264648438,matched,1,CYCLIST_MOTOR,preprocessed/masks/right_rear_camera/masks/frame_000217_gt2d_001_track_-1_CYCLIST_MOTOR.png,0.8647738695144653,1487.0,634.5,3.146181344985962,3.1505630016326904,0.2634434700012207,1.0,1.481037608079406,-0.014005955526473868,3.146181344985962,da3_bbox_median
right_rear,217,1772699931910651000,data\camera\right_rear_camera\1772699931910651000.jpg,3000042,3,person,0.856327,1498.0,599.0,1526.0,674.0,1496.9371337890625,598.504638671875,1525.359130859375,672.9566040039062,matched,0,PEDESTRIAN_NORMAL,preprocessed/masks/right_rear_camera/masks/frame_000217_gt2d_000_track_-1_PEDESTRIAN_NORMAL.png,0.9002313613891602,1512.0,636.5,3.1282358169555664,3.129021644592285,0.24627470970153809,1.0,1.5422646134669937,-0.008353123032582385,3.1282358169555664,da3_bbox_median
right_rear,218,1772699932010645000,data\camera\right_rear_camera\1772699932010645000.jpg,-1,2,motorcycle,0.374126,1447.0,605.0,1501.0,675.0,1447.0,605.0,1501.0,675.0,unassigned,1,CYCLIST_MOTOR,preprocessed/masks/right_rear_camera/masks/frame_000218_gt2d_001_track_-1_CYCLIST_MOTOR.png,0.7444641590118408,1474.0,640.0,3.069272756576538,3.069164991378784,0.22755098342895508,1.0,1.409285611718552,0.0013731494029672376,3.069272756576538,da3_bbox_median
right_rear,218,1772699932010645000,data\camera\right_rear_camera\1772699932010645000.jpg,3000042,3,person,0.855887,1504.0,601.0,1533.0,672.0,1503.45654296875,599.9385375976562,1532.2098388671875,672.1758422851562,matched,0,PEDESTRIAN_NORMAL,preprocessed/masks/right_rear_camera/masks/frame_000218_gt2d_000_track_-1_PEDESTRIAN_NORMAL.png,0.9061647653579712,1518.5,636.5,3.0717906951904297,3.068265676498413,0.22574329376220703,1.0,1.5322249216936317,-0.00820240132415564,3.0717906951904297,da3_bbox_median
right_rear,219,1772699932110561000,data\camera\right_rear_camera\1772699932110561000.jpg,-1,2,motorcycle,0.400584,1440.0,595.0,1481.0,676.0,1440.0,595.0,1481.0,676.0,unassigned,2,CYCLIST_MOTOR,preprocessed/masks/right_rear_camera/masks/frame_000219_gt2d_002_track_-1_CYCLIST_MOTOR.png,0.8733918070793152,1460.5,635.5,3.01646089553833,3.0211777687072754,0.27553725242614746,1.0,1.348756558880445,-0.010741566332226263,3.01646089553833,da3_bbox_median
right_rear,219,1772699932110561000,data\camera\right_rear_camera\1772699932110561000.jpg,2000121,2,motorcycle,0.660141,1440.0,593.0,1506.0,676.0,1443.224365234375,593.236572265625,1506.7840576171875,676.0927124023438,matched,1,CYCLIST_MOTOR,preprocessed/masks/right_rear_camera/masks/frame_000219_gt2d_001_track_-1_CYCLIST_MOTOR.png,0.8061541318893433,1473.0,634.5,3.0153932571411133,3.0211257934570312,0.2766456604003906,1.0,1.3818598747233297,-0.013423722037400885,3.0153932571411133,da3_bbox_median
right_rear,219,1772699932110561000,data\camera\right_rear_camera\1772699932110561000.jpg,3000042,3,person,0.892447,1512.0,602.0,1540.0,670.0,1510.20361328125,601.1858520507812,1538.3839111328125,670.6071166992188,matched,0,PEDESTRIAN_NORMAL,preprocessed/masks/right_rear_camera/masks/frame_000219_gt2d_000_track_-1_PEDESTRIAN_NORMAL.png,0.9325069189071655,1526.0,636.0,2.9810776710510254,2.977822780609131,0.22764253616333008,1.0,1.5068959239925883,-0.009287871774755903,2.9810776710510254,da3_bbox_median
right_rear,220,1772699932210538000,data\camera\right_rear_camera\1772699932210538000.jpg,2000121,2,motorcycle,0.850778,1433.0,592.0,1485.0,678.0,1433.81787109375,592.3035278320312,1493.4771728515625,677.4722290039062,matched,1,CYCLIST_MOTOR,preprocessed/masks/right_rear_camera/masks/frame_000220_gt2d_001_track_-1_CYCLIST_MOTOR.png,0.9057767391204834,1459.0,635.0,3.1118648052215576,3.11954402923584,0.2823481559753418,1.0,1.3872561066982936,-0.012467242769766356,3.1118648052215576,da3_bbox_median
right_rear,220,1772699932210538000,data\camera\right_rear_camera\1772699932210538000.jpg,3000042,3,person,0.873281,1520.0,604.0,1547.0,671.0,1517.7454833984375,602.9527587890625,1545.0478515625,670.6575927734375,matched,0,PEDESTRIAN_NORMAL,preprocessed/masks/right_rear_camera/masks/frame_000220_gt2d_000_track_-1_PEDESTRIAN_NORMAL.png,0.9393001198768616,1533.5,637.5,3.0548598766326904,3.0550460815429688,0.21827483177185059,1.0,1.5646039925607316,-0.005436079682756933,3.0548598766326904,da3_bbox_median
right_rear,221,1772699932310546000,data\camera\right_rear_camera\1772699932310546000.jpg,2000121,2,motorcycle,0.801689,1427.0,591.0,1478.0,679.0,1427.4683837890625,591.5574951171875,1483.2191162109375,678.8585815429688,matched,1,CYCLIST_MOTOR,preprocessed/masks/right_rear_camera/masks/frame_000221_gt2d_001_track_-1_CYCLIST_MOTOR.png,0.9090514779090881,1452.5,635.0,3.182485818862915,3.19069242477417,0.30940794944763184,1.0,1.4003090721371798,-0.012750175794439034,3.182485818862915,da3_bbox_median
right_rear,221,1772699932310546000,data\camera\right_rear_camera\1772699932310546000.jpg,3000042,3,person,0.873168,1528.0,605.0,1554.0,673.0,1526.77734375,604.5375366210938,1553.08935546875,672.3009643554688,matched,0,PEDESTRIAN_NORMAL,preprocessed/masks/right_rear_camera/masks/frame_000221_gt2d_000_track_-1_PEDESTRIAN_NORMAL.png,0.9302698969841003,1541.0,639.0,3.113208770751953,3.111707925796509,0.2228996753692627,1.0,1.6152904807334099,-0.0013802808296946693,3.113208770751953,da3_bbox_median
right_rear,222,1772699932410553000,data\camera\right_rear_camera\1772699932410553000.jpg,2000121,2,motorcycle,0.855016,1423.0,591.0,1473.0,679.0,1422.5604248046875,591.1485595703125,1475.7403564453125,679.20849609375,matched,1,CYCLIST_MOTOR,preprocessed/masks/right_rear_camera/masks/frame_000222_gt2d_001_track_-1_CYCLIST_MOTOR.png,0.894801139831543,1448.0,635.0,3.188358783721924,3.1958374977111816,0.3030722141265869,1.0,1.390110717933394,-0.012773704991000757,3.188358783721924,da3_bbox_median
right_rear,222,1772699932410553000,data\camera\right_rear_camera\1772699932410553000.jpg,3000042,3,person,0.863271,1534.0,604.0,1564.0,673.0,1533.794189453125,604.3078002929688,1562.490478515625,672.7744140625,matched,0,PEDESTRIAN_NORMAL,preprocessed/masks/right_rear_camera/masks/frame_000222_gt2d_000_track_-1_PEDESTRIAN_NORMAL.png,0.8800781965255737,1549.0,638.5,3.133514404296875,3.130140781402588,0.22594189643859863,1.0,1.648159600898895,-0.002784870492788927,3.133514404296875,da3_bbox_median
right_rear,223,1772699932510561000,data\camera\right_rear_camera\1772699932510561000.jpg,2000121,2,motorcycle,0.847374,1420.0,591.0,1468.0,680.0,1418.696044921875,590.9503173828125,1469.3956298828125,679.9248046875,matched,1,CYCLIST_MOTOR,preprocessed/masks/right_rear_camera/masks/frame_000223_gt2d_001_track_-1_CYCLIST_MOTOR.png,0.9066929817199707,1444.0,635.5,3.1326944828033447,3.140472412109375,0.30774664878845215,1.0,1.3546774798194812,-0.01115547217449542,3.1326944828033447,da3_bbox_median
right_rear,223,1772699932510561000,data\camera\right_rear_camera\1772699932510561000.jpg,3000042,3,person,0.886369,1541.0,603.0,1569.0,673.0,1540.5096435546875,603.4957275390625,1568.7374267578125,672.8998413085938,matched,0,PEDESTRIAN_NORMAL,preprocessed/masks/right_rear_camera/masks/frame_000223_gt2d_000_track_-1_PEDESTRIAN_NORMAL.png,0.8789976835250854,1555.0,638.0,3.077782154083252,3.074106216430664,0.22804832458496094,1.0,1.6352978946417416,-0.004106104361941943,3.077782154083252,da3_bbox_median
right_rear,224,1772699932610537000,data\camera\right_rear_camera\1772699932610537000.jpg,3000042,3,person,0.89485,1550.0,604.0,1576.0,669.0,1548.2567138671875,603.72119140625,1574.969482421875,670.1821899414062,matched,0,PEDESTRIAN_NORMAL,preprocessed/masks/right_rear_camera/masks/frame_000224_gt2d_000_track_-1_PEDESTRIAN_NORMAL.png,0.8749796152114868,1563.0,636.5,3.0232999324798584,3.0234670639038086,0.22490763664245605,1.0,1.6278982073299522,-0.008072919619269543,3.0232999324798584,da3_bbox_median
right_rear,224,1772699932610537000,data\camera\right_rear_camera\1772699932610537000.jpg,3000051,3,person,0.622895,1430.0,591.0,1463.0,679.0,1430.0,591.0,1463.0,679.0,tentative,1,PEDESTRIAN_NORMAL,preprocessed/masks/right_rear_camera/masks/frame_000224_gt2d_001_track_-1_PEDESTRIAN_NORMAL.png,0.8943444490432739,1446.5,635.0,3.0954976081848145,3.1020424365997314,0.3107476234436035,1.0,1.345486912702631,-0.012401669927856488,3.0954976081848145,da3_bbox_median
right_rear,225,1772699932710545000,data\camera\right_rear_camera\1772699932710545000.jpg,3000042,3,person,0.886123,1557.0,607.0,1582.0,669.0,1555.196044921875,605.9055786132812,1580.66259765625,669.2200317382812,matched,0,PEDESTRIAN_NORMAL,preprocessed/masks/right_rear_camera/masks/frame_000225_gt2d_000_track_-1_PEDESTRIAN_NORMAL.png,0.887271523475647,1569.5,638.0,3.1023645401000977,3.0937249660491943,0.21473193168640137,1.0,1.688436211868707,-0.00413890000419258,3.1023645401000977,da3_bbox_median
right_rear,225,1772699932710545000,data\camera\right_rear_camera\1772699932710545000.jpg,3000052,3,person,0.587268,1429.0,590.0,1458.0,668.0,1429.0,590.0,1458.0,668.0,tentative,1,PEDESTRIAN_NORMAL,preprocessed/masks/right_rear_camera/masks/frame_000225_gt2d_001_track_-1_PEDESTRIAN_NORMAL.png,0.8000315427780151,1443.5,629.0,3.144052028656006,3.150387763977051,0.2754862308502197,1.0,1.35818830700784,-0.02939955735861973,3.144052028656006,da3_bbox_median
right_rear,226,1772699932810552000,data\camera\right_rear_camera\1772699932810552000.jpg,3000042,3,person,0.767328,1563.0,605.0,1587.0,671.0,1562.609619140625,605.5462036132812,1586.955078125,670.4485473632812,matched,0,PEDESTRIAN_NORMAL,preprocessed/masks/right_rear_camera/masks/frame_000226_gt2d_000_track_-1_PEDESTRIAN_NORMAL.png,0.9187108278274536,1575.0,638.0,3.0329856872558594,3.0320351123809814,0.21774578094482422,1.0,1.6655390532129,-0.004046340883361916,3.0329856872558594,da3_bbox_median
right_rear,227,1772699932910560000,data\camera\right_rear_camera\1772699932910560000.jpg,2000121,2,motorcycle,0.618351,1404.0,590.0,1447.0,686.0,1402.4930419921875,590.1390380859375,1446.523193359375,685.4692993164062,matched,1,CYCLIST_MOTOR,preprocessed/masks/right_rear_camera/masks/frame_000227_gt2d_001_track_-1_CYCLIST_MOTOR.png,0.8682283163070679,1425.5,638.0,3.1425869464874268,3.1529958248138428,0.3337876796722412,1.0,1.307159480829511,-0.004192561176441468,3.1425869464874268,da3_bbox_median
right_rear,227,1772699932910560000,data\camera\right_rear_camera\1772699932910560000.jpg,3000042,3,person,0.751716,1569.0,611.0,1593.0,673.0,1568.2119140625,609.3460693359375,1592.1717529296875,672.1679077148438,matched,0,PEDESTRIAN_NORMAL,preprocessed/masks/right_rear_camera/masks/frame_000227_gt2d_000_track_-1_PEDESTRIAN_NORMAL.png,0.9134845733642578,1581.0,642.0,3.0301098823547363,3.027350664138794,0.19829392433166504,1.0,1.680157227959827,0.006753761208400674,3.0301098823547363,da3_bbox_median
right_rear,228,1772699933010523000,data\camera\right_rear_camera\1772699933010523000.jpg,2000121,2,motorcycle,0.756354,1400.0,590.0,1446.0,682.0,1399.024658203125,590.023193359375,1444.27880859375,683.2940673828125,matched,0,CYCLIST_MOTOR,preprocessed/masks/right_rear_camera/masks/frame_000228_gt2d_000_track_-1_CYCLIST_MOTOR.png,0.9121432304382324,1423.0,636.0,3.009091377258301,3.018923044204712,0.3323502540588379,1.0,1.2449298779247557,-0.0093751515238599,3.009091377258301,da3_bbox_median
right_rear,228,1772699933010523000,data\camera\right_rear_camera\1772699933010523000.jpg,3000042,3,person,0.560307,1577.0,610.0,1600.0,671.0,1575.59619140625,609.9595336914062,1598.7559814453125,671.3391723632812,matched,1,PEDESTRIAN_NORMAL,preprocessed/masks/right_rear_camera/masks/frame_000228_gt2d_001_track_-1_PEDESTRIAN_NORMAL.png,0.9193809032440186,1588.5,640.5,2.9097070693969727,2.9067041873931885,0.1951143741607666,1.0,1.6328376411869894,0.0025976708197914793,2.9097070693969727,da3_bbox_median
right_rear,229,1772699933110653000,data\camera\right_rear_camera\1772699933110653000.jpg,3000042,3,person,0.594064,1584.0,615.0,1604.0,668.0,1582.2857666015625,613.013671875,1603.1248779296875,668.4913330078125,matched,2,PEDESTRIAN_NORMAL,preprocessed/masks/right_rear_camera/masks/frame_000229_gt2d_002_track_-1_PEDESTRIAN_NORMAL.png,0.8102385401725769,1594.0,641.5,2.9127094745635986,2.9061009883880615,0.1762218475341797,1.0,1.6487948491269997,0.005194843352030077,2.9127094745635986,da3_bbox_median
right_rear,229,1772699933110653000,data\camera\right_rear_camera\1772699933110653000.jpg,3000053,3,person,0.677057,1413.0,589.0,1440.0,678.0,1413.0,589.0,1440.0,678.0,tentative,0,PEDESTRIAN_NORMAL,preprocessed/masks/right_rear_camera/masks/frame_000229_gt2d_000_track_-1_PEDESTRIAN_NORMAL.png,0.8475056290626526,1426.5,633.5,3.0175490379333496,3.0224127769470215,0.2955350875854492,1.0,1.257838321158073,-0.016121196801666224,3.0175490379333496,da3_bbox_median
right_rear,229,1772699933110653000,data\camera\right_rear_camera\1772699933110653000.jpg,3000054,3,person,0.613112,1553.0,617.0,1571.0,668.0,1553.0,617.0,1571.0,668.0,tentative,1,PEDESTRIAN_NORMAL,preprocessed/masks/right_rear_camera/masks/frame_000229_gt2d_001_track_-1_PEDESTRIAN_NORMAL.png,0.8098894357681274,1562.0,642.5,2.9050207138061523,2.895948886871338,0.15781188011169434,1.0,1.561622546872125,0.007768773729362609,2.9050207138061523,da3_bbox_median
right_rear,230,1772699933210660000,data\camera\right_rear_camera\1772699933210660000.jpg,2000121,2,motorcycle,0.492748,1383.0,608.0,1418.0,681.0,1383.12841796875,603.5394287109375,1420.08056640625,681.046630859375,matched,2,CYCLIST_MOTOR,preprocessed/masks/right_rear_camera/masks/frame_000230_gt2d_002_track_-1_CYCLIST_MOTOR.png,0.8761723041534424,1400.5,644.5,2.902252197265625,2.9056293964385986,0.23151135444641113,1.0,1.1425507988149586,0.012931724599652335,2.902252197265625,da3_bbox_median
right_rear,230,1772699933210660000,data\camera\right_rear_camera\1772699933210660000.jpg,3000042,3,person,0.496301,1591.0,616.0,1610.0,669.0,1589.60546875,615.1883544921875,1608.9251708984375,668.5161743164062,matched,1,PEDESTRIAN_NORMAL,preprocessed/masks/right_rear_camera/masks/frame_000230_gt2d_001_track_-1_PEDESTRIAN_NORMAL.png,0.7772812843322754,1600.5,642.5,2.8463916778564453,2.8406667709350586,0.17836236953735352,1.0,1.627737674776646,0.00761198458424592,2.8463916778564453,da3_bbox_median
right_rear,230,1772699933210660000,data\camera\right_rear_camera\1772699933210660000.jpg,3000054,3,person,0.671888,1557.0,616.0,1578.0,668.0,1558.4921875,616.3766479492188,1578.89208984375,668.1766357421875,matched,0,PEDESTRIAN_NORMAL,preprocessed/masks/right_rear_camera/masks/frame_000230_gt2d_000_track_-1_PEDESTRIAN_NORMAL.png,0.7759812474250793,1567.5,642.0,2.838453769683838,2.8304245471954346,0.15979886054992676,1.0,1.5397473254194003,0.006326582106201354,2.838453769683838,da3_bbox_median
right_rear,231,1772699933310637000,data\camera\right_rear_camera\1772699933310637000.jpg,-1,1,car,0.302484,1703.0,0.0,1919.0,74.0,1703.0,0.0,1919.0,74.0,unassigned,2,VEHICLE_CAR,preprocessed/masks/right_rear_camera/masks/frame_000231_gt2d_002_track_-1_VEHICLE_CAR.png,0.9635659456253052,1811.0,37.0,15.789396286010742,16.03968048095703,19.35311508178711,0.9487909078598022,11.990426314660818,-8.473759487539654,15.789396286010742,da3_bbox_median
right_rear,231,1772699933310637000,data\camera\right_rear_camera\1772699933310637000.jpg,2000121,2,motorcycle,0.850106,1376.0,587.0,1427.0,684.0,1375.6358642578125,591.6990356445312,1422.75390625,682.9692993164062,matched,0,CYCLIST_MOTOR,preprocessed/masks/right_rear_camera/masks/frame_000231_gt2d_000_track_-1_CYCLIST_MOTOR.png,0.8974401950836182,1401.5,635.5,3.022941827774048,3.0364668369293213,0.3329172134399414,1.0,1.1927567466969913,-0.010764644822521825,3.022941827774048,da3_bbox_median
right_rear,231,1772699933310637000,data\camera\right_rear_camera\1772699933310637000.jpg,3000054,3,person,0.592059,1564.0,618.0,1584.0,667.0,1565.329345703125,617.7931518554688,1585.4334716796875,667.44580078125,matched,1,PEDESTRIAN_NORMAL,preprocessed/masks/right_rear_camera/masks/frame_000231_gt2d_001_track_-1_PEDESTRIAN_NORMAL.png,0.7870683670043945,1574.0,642.5,2.869489908218384,2.860795259475708,0.14368677139282227,1.0,1.5732002277910369,0.007673755202396,2.869489908218384,da3_bbox_median
right_rear,232,1772699933410645000,data\camera\right_rear_camera\1772699933410645000.jpg,2000121,2,motorcycle,0.877202,1369.0,585.0,1426.0,687.0,1368.3238525390625,587.0662231445312,1421.8658447265625,685.2743530273438,matched,0,CYCLIST_MOTOR,preprocessed/masks/right_rear_camera/masks/frame_000232_gt2d_000_track_-1_CYCLIST_MOTOR.png,0.8979335427284241,1397.5,636.0,2.9808359146118164,2.993598699569702,0.3515961170196533,1.0,1.1655204211406676,-0.009287118556270556,2.9808359146118164,da3_bbox_median
right_rear,232,1772699933410645000,data\camera\right_rear_camera\1772699933410645000.jpg,3000054,3,person,0.73804,1571.0,617.0,1591.0,669.0,1571.75634765625,617.3347778320312,1591.7510986328125,668.645263671875,matched,1,PEDESTRIAN_NORMAL,preprocessed/masks/right_rear_camera/masks/frame_000232_gt2d_001_track_-1_PEDESTRIAN_NORMAL.png,0.8023713827133179,1581.0,643.0,2.828599214553833,2.8183624744415283,0.1618518829345703,1.0,1.568422136441102,0.008824188454796433,2.828599214553833,da3_bbox_median
right_rear,233,1772699933510652000,data\camera\right_rear_camera\1772699933510652000.jpg,2000121,2,motorcycle,0.892972,1360.0,584.0,1418.0,688.0,1359.82177734375,584.6817016601562,1416.662353515625,686.9592895507812,matched,0,CYCLIST_MOTOR,preprocessed/masks/right_rear_camera/masks/frame_000233_gt2d_000_track_-1_CYCLIST_MOTOR.png,0.8707263469696045,1389.0,636.0,3.0893030166625977,3.1057288646698,0.37717509269714355,1.0,1.1845369807045092,-0.009625059612087405,3.0893030166625977,da3_bbox_median
right_rear,233,1772699933510652000,data\camera\right_rear_camera\1772699933510652000.jpg,3000054,3,person,0.779831,1577.0,618.0,1597.0,669.0,1577.5823974609375,617.9695434570312,1597.5504150390625,669.0665893554688,matched,1,PEDESTRIAN_NORMAL,preprocessed/masks/right_rear_camera/masks/frame_000233_gt2d_001_track_-1_PEDESTRIAN_NORMAL.png,0.857556939125061,1587.0,643.5,2.925224781036377,2.915536403656006,0.16200685501098633,1.0,1.6376365167124316,0.010428444706650884,2.925224781036377,da3_bbox_median
right_rear,234,1772699933610660000,data\camera\right_rear_camera\1772699933610660000.jpg,2000121,2,motorcycle,0.896375,1351.0,584.0,1411.0,688.0,1350.9534912109375,583.7796020507812,1410.369873046875,687.6434326171875,matched,0,CYCLIST_MOTOR,preprocessed/masks/right_rear_camera/masks/frame_000234_gt2d_000_track_-1_CYCLIST_MOTOR.png,0.8416780233383179,1381.0,636.0,3.059556245803833,3.075878381729126,0.367154598236084,1.0,1.1513247174356642,-0.009532380311533709,3.059556245803833,da3_bbox_median
right_rear,234,1772699933610660000,data\camera\right_rear_camera\1772699933610660000.jpg,3000054,3,person,0.592359,1582.0,617.0,1603.0,669.0,1582.6790771484375,617.42822265625,1603.3651123046875,669.173583984375,matched,1,PEDESTRIAN_NORMAL,preprocessed/masks/right_rear_camera/masks/frame_000234_gt2d_001_track_-1_PEDESTRIAN_NORMAL.png,0.904187023639679,1592.5,643.0,2.8995063304901123,2.8899247646331787,0.1557321548461914,1.0,1.637446142093333,0.009045392558434893,2.8995063304901123,da3_bbox_median
right_rear,235,1772699933710637000,data\camera\right_rear_camera\1772699933710637000.jpg,2000121,2,motorcycle,0.889421,1342.0,583.0,1402.0,688.0,1341.9222412109375,582.6015014648438,1402.322265625,687.6827392578125,matched,0,CYCLIST_MOTOR,preprocessed/masks/right_rear_camera/masks/frame_000235_gt2d_000_track_-1_CYCLIST_MOTOR.png,0.8663926720619202,1372.0,635.5,3.0140280723571777,3.0282678604125977,0.3582890033721924,1.0,1.1100251105178083,-0.010732903089943369,3.0140280723571777,da3_bbox_median
right_rear,235,1772699933710637000,data\camera\right_rear_camera\1772699933710637000.jpg,3000054,3,person,0.694549,1586.0,617.0,1608.0,667.0,1586.890869140625,617.0261840820312,1608.516357421875,667.5906982421875,matched,1,PEDESTRIAN_NORMAL,preprocessed/masks/right_rear_camera/masks/frame_000235_gt2d_001_track_-1_PEDESTRIAN_NORMAL.png,0.8979654312133789,1597.0,642.0,2.856400966644287,2.8469035625457764,0.1542377471923828,1.0,1.6245547630252704,0.006366584313163174,2.856400966644287,da3_bbox_median
right_rear,236,1772699933810644000,data\camera\right_rear_camera\1772699933810644000.jpg,2000121,2,motorcycle,0.891042,1330.0,581.0,1393.0,688.0,1331.447021484375,581.2725219726562,1394.0899658203125,688.0729370117188,matched,0,CYCLIST_MOTOR,preprocessed/masks/right_rear_camera/masks/frame_000236_gt2d_000_track_-1_CYCLIST_MOTOR.png,0.8856375813484192,1361.5,634.5,3.122878313064575,3.1413278579711914,0.35114097595214844,1.0,1.120899898241497,-0.013902216678348317,3.122878313064575,da3_bbox_median
right_rear,236,1772699933810644000,data\camera\right_rear_camera\1772699933810644000.jpg,3000054,3,person,0.839805,1591.0,618.0,1613.0,666.0,1591.9622802734375,617.9046020507812,1613.9259033203125,666.639404296875,matched,1,PEDESTRIAN_NORMAL,preprocessed/masks/right_rear_camera/masks/frame_000236_gt2d_001_track_-1_PEDESTRIAN_NORMAL.png,0.8386123180389404,1602.0,642.0,2.9502930641174316,2.94006085395813,0.1373441219329834,1.0,1.6910974112312487,0.006575858837952589,2.9502930641174316,da3_bbox_median
right_rear,237,1772699933910651000,data\camera\right_rear_camera\1772699933910651000.jpg,2000121,2,motorcycle,0.871561,1320.0,580.0,1383.0,689.0,1321.0008544921875,580.21533203125,1384.4786376953125,688.9285888671875,matched,0,CYCLIST_MOTOR,preprocessed/masks/right_rear_camera/masks/frame_000237_gt2d_000_track_-1_CYCLIST_MOTOR.png,0.8879581689834595,1351.5,634.5,3.094850540161133,3.111767292022705,0.3600435256958008,1.0,1.083267394307379,-0.013777444550569562,3.094850540161133,da3_bbox_median
right_rear,237,1772699933910651000,data\camera\right_rear_camera\1772699933910651000.jpg,3000054,3,person,0.773111,1595.0,619.0,1617.0,667.0,1596.032958984375,618.9439697265625,1618.1119384765625,667.0347290039062,matched,1,PEDESTRIAN_NORMAL,preprocessed/masks/right_rear_camera/masks/frame_000237_gt2d_001_track_-1_PEDESTRIAN_NORMAL.png,0.8787567615509033,1606.0,643.0,2.9162039756774902,2.9071433544158936,0.1405031681060791,1.0,1.6819500127317863,0.009097483065681953,2.9162039756774902,da3_bbox_median
right_rear,238,1772699934010645000,data\camera\right_rear_camera\1772699934010645000.jpg,-1,3,person,0.310137,1861.0,603.0,1883.0,662.0,1861.0,603.0,1883.0,662.0,unassigned,2,PEDESTRIAN_NORMAL,preprocessed/masks/right_rear_camera/masks/frame_000238_gt2d_002_track_-1_PEDESTRIAN_NORMAL.png,0.8027083873748779,1872.0,632.5,2.954216480255127,2.950028419494629,0.1762087345123291,1.0,2.4039733581182583,-0.018414308263723506,2.954216480255127,da3_bbox_median
right_rear,238,1772699934010645000,data\camera\right_rear_camera\1772699934010645000.jpg,2000121,2,motorcycle,0.867595,1307.0,580.0,1373.0,689.0,1308.504150390625,579.9269409179688,1374.1707763671875,689.3328247070312,matched,0,CYCLIST_MOTOR,preprocessed/masks/right_rear_camera/masks/frame_000238_gt2d_000_track_-1_CYCLIST_MOTOR.png,0.901554524898529,1340.0,634.5,3.0941381454467773,3.1094887256622314,0.3544931411743164,1.0,1.0513170227601396,-0.01377427316036904,3.0941381454467773,da3_bbox_median
right_rear,238,1772699934010645000,data\camera\right_rear_camera\1772699934010645000.jpg,3000054,3,person,0.742793,1598.0,619.0,1622.0,670.0,1598.973388671875,619.3594970703125,1622.418212890625,669.30615234375,matched,1,PEDESTRIAN_NORMAL,preprocessed/masks/right_rear_camera/masks/frame_000238_gt2d_001_track_-1_PEDESTRIAN_NORMAL.png,0.7637515664100647,1610.0,644.5,2.9313015937805176,2.9223134517669678,0.15058135986328125,1.0,1.7011038635537072,0.013061161592023508,2.9313015937805176,da3_bbox_median
right_rear,239,1772699934110561000,data\camera\right_rear_camera\1772699934110561000.jpg,-1,3,person,0.303791,1862.0,603.0,1883.0,663.0,1862.0,603.0,1883.0,663.0,unassigned,2,PEDESTRIAN_NORMAL,preprocessed/masks/right_rear_camera/masks/frame_000239_gt2d_002_track_-1_PEDESTRIAN_NORMAL.png,0.8033474683761597,1872.5,633.0,2.9549849033355713,2.9464972019195557,0.17810726165771484,1.0,2.4059149754532143,-0.017103023577667346,2.9549849033355713,da3_bbox_median
right_rear,239,1772699934110561000,data\camera\right_rear_camera\1772699934110561000.jpg,2000121,2,motorcycle,0.483713,1313.0,580.0,1361.0,690.0,1308.314697265625,580.418212890625,1363.324951171875,690.6883544921875,matched,1,CYCLIST_MOTOR,preprocessed/masks/right_rear_camera/masks/frame_000239_gt2d_001_track_-1_CYCLIST_MOTOR.png,0.8941375017166138,1337.0,635.0,3.0964155197143555,3.1107168197631836,0.3561513423919678,1.0,1.0438149047449237,-0.012405347409558377,3.0964155197143555,da3_bbox_median
right_rear,239,1772699934110561000,data\camera\right_rear_camera\1772699934110561000.jpg,3000054,3,person,0.628695,1602.0,619.0,1625.0,669.0,1603.13818359375,620.033447265625,1626.434814453125,669.9819946289062,matched,0,PEDESTRIAN_NORMAL,preprocessed/masks/right_rear_camera/masks/frame_000239_gt2d_000_track_-1_PEDESTRIAN_NORMAL.png,0.7164552211761475,1613.5,644.0,2.9287853240966797,2.9185571670532227,0.15331768989562988,1.0,1.708776145415501,0.011745543887965278,2.9287853240966797,da3_bbox_median
right_rear,240,1772699934210538000,data\camera\right_rear_camera\1772699934210538000.jpg,-1,2,motorcycle,0.46424,1279.0,606.0,1326.0,692.0,1279.0,606.0,1326.0,692.0,unassigned,1,MOTOR,preprocessed/masks/right_rear_camera/masks/frame_000240_gt2d_001_track_-1_MOTOR.png,0.8914958238601685,1302.5,649.0,2.9650518894195557,2.9718923568725586,0.27277684211730957,1.0,0.9083962743474229,0.02509656682301978,2.9650518894195557,da3_bbox_median
right_rear,240,1772699934210538000,data\camera\right_rear_camera\1772699934210538000.jpg,2000121,2,motorcycle,0.406378,1281.0,602.0,1355.0,692.0,1287.25439453125,594.6195678710938,1355.5606689453125,692.162841796875,matched,2,CYCLIST_MOTOR,preprocessed/masks/right_rear_camera/masks/frame_000240_gt2d_002_track_-1_CYCLIST_MOTOR.png,0.7455282211303711,1318.0,647.0,2.9716689586639404,2.9821574687957764,0.29061222076416016,1.0,0.951459792160092,0.0198585541444113,2.9716689586639404,da3_bbox_median
right_rear,240,1772699934210538000,data\camera\right_rear_camera\1772699934210538000.jpg,3000054,3,person,0.609798,1606.0,620.0,1629.0,668.0,1607.2838134765625,620.5809936523438,1630.4991455078125,669.193603515625,matched,0,PEDESTRIAN_NORMAL,preprocessed/masks/right_rear_camera/masks/frame_000240_gt2d_000_track_-1_PEDESTRIAN_NORMAL.png,0.7508739233016968,1617.5,644.0,2.856011390686035,2.846705436706543,0.14056110382080078,1.0,1.6764946208879936,0.011453692716169946,2.856011390686035,da3_bbox_median
right_rear,241,1772699934310546000,data\camera\right_rear_camera\1772699934310546000.jpg,2000121,2,motorcycle,0.845077,1266.0,579.0,1339.0,692.0,1270.3946533203125,584.3057861328125,1342.320556640625,692.4320678710938,matched,0,CYCLIST_MOTOR,preprocessed/masks/right_rear_camera/masks/frame_000241_gt2d_000_track_-1_CYCLIST_MOTOR.png,0.8739335536956787,1302.5,635.5,2.958216667175293,2.979149341583252,0.3624405860900879,1.0,0.9063021826914957,-0.01053415961816732,2.958216667175293,da3_bbox_median
right_rear,241,1772699934310546000,data\camera\right_rear_camera\1772699934310546000.jpg,3000054,3,person,0.732895,1612.0,620.0,1632.0,668.0,1612.0816650390625,620.5239868164062,1633.2733154296875,668.64013671875,matched,1,PEDESTRIAN_NORMAL,preprocessed/masks/right_rear_camera/masks/frame_000241_gt2d_001_track_-1_PEDESTRIAN_NORMAL.png,0.8207544088363647,1622.0,644.0,2.7761571407318115,2.7681925296783447,0.13844943046569824,1.0,1.6407496551383651,0.011133446780163295,2.7761571407318115,da3_bbox_median
right_rear,242,1772699934410553000,data\camera\right_rear_camera\1772699934410553000.jpg,-1,1,car,0.402593,1703.0,0.0,1919.0,75.0,1703.0,0.0,1919.0,75.0,unassigned,2,VEHICLE_CAR,preprocessed/masks/right_rear_camera/masks/frame_000242_gt2d_002_track_-1_VEHICLE_CAR.png,0.9545290470123291,1811.0,37.5,14.002279281616211,14.479107856750488,18.277647018432617,0.9806780219078064,10.63329432755278,-7.508423884436591,14.002279281616211,da3_bbox_median
right_rear,242,1772699934410553000,data\camera\right_rear_camera\1772699934410553000.jpg,2000121,2,motorcycle,0.896567,1251.0,580.0,1323.0,692.0,1254.714111328125,581.3416748046875,1327.4638671875,692.3568725585938,matched,0,CYCLIST_MOTOR,preprocessed/masks/right_rear_camera/masks/frame_000242_gt2d_000_track_-1_CYCLIST_MOTOR.png,0.8953251838684082,1287.0,636.0,3.0099878311157227,3.0304059982299805,0.36652660369873047,1.0,0.8805977849158643,-0.009377944523371644,3.0099878311157227,da3_bbox_median
right_rear,242,1772699934410553000,data\camera\right_rear_camera\1772699934410553000.jpg,3000054,3,person,0.693638,1616.0,622.0,1638.0,669.0,1616.6981201171875,621.6311645507812,1638.45068359375,668.9028930664062,matched,1,PEDESTRIAN_NORMAL,preprocessed/masks/right_rear_camera/masks/frame_000242_gt2d_001_track_-1_PEDESTRIAN_NORMAL.png,0.7828073501586914,1627.0,645.5,2.8255879878997803,2.8177073001861572,0.1373746395111084,1.0,1.6825507878999728,0.015107016424595074,2.8255879878997803,da3_bbox_median
right_rear,243,1772699934510561000,data\camera\right_rear_camera\1772699934510561000.jpg,2000121,2,motorcycle,0.88751,1235.0,579.0,1308.0,693.0,1238.10009765625,579.8391723632812,1311.7257080078125,693.2536010742188,matched,0,CYCLIST_MOTOR,preprocessed/masks/right_rear_camera/masks/frame_000243_gt2d_000_track_-1_CYCLIST_MOTOR.png,0.8739548921585083,1271.5,636.0,2.9918549060821533,3.011993885040283,0.38953471183776855,1.0,0.8339778297612678,-0.009321449422875428,2.9918549060821533,da3_bbox_median
right_rear,243,1772699934510561000,data\camera\right_rear_camera\1772699934510561000.jpg,3000054,3,person,0.548228,1621.0,622.0,1645.0,669.0,1621.15234375,622.3087158203125,1644.42236328125,669.2809448242188,matched,1,PEDESTRIAN_NORMAL,preprocessed/masks/right_rear_camera/masks/frame_000243_gt2d_001_track_-1_PEDESTRIAN_NORMAL.png,0.8284637928009033,1633.0,645.5,2.794239044189453,2.7869694232940674,0.14104223251342773,1.0,1.6788200114280671,0.014939409183357602,2.794239044189453,da3_bbox_median
right_rear,244,1772699934610537000,data\camera\right_rear_camera\1772699934610537000.jpg,-1,3,person,0.396886,1869.0,605.0,1890.0,662.0,1869.0,605.0,1890.0,662.0,unassigned,2,PEDESTRIAN_NORMAL,preprocessed/masks/right_rear_camera/masks/frame_000244_gt2d_002_track_-1_PEDESTRIAN_NORMAL.png,0.788554310798645,1879.5,633.5,2.7957520484924316,2.7848191261291504,0.16506290435791016,1.0,2.2937048202787853,-0.014936250717329182,2.7957520484924316,da3_bbox_median
right_rear,244,1772699934610537000,data\camera\right_rear_camera\1772699934610537000.jpg,2000121,2,motorcycle,0.888487,1218.0,578.0,1294.0,694.0,1220.689697265625,578.4255981445312,1296.5147705078125,694.0206298828125,matched,0,CYCLIST_MOTOR,preprocessed/masks/right_rear_camera/masks/frame_000244_gt2d_000_track_-1_CYCLIST_MOTOR.png,0.9063965678215027,1256.0,636.0,2.9598701000213623,2.981350898742676,0.38460803031921387,1.0,0.7841887546789874,-0.009221797280189617,2.9598701000213623,da3_bbox_median
right_rear,244,1772699934610537000,data\camera\right_rear_camera\1772699934610537000.jpg,3000054,3,person,0.568126,1625.0,622.0,1648.0,669.0,1624.9522705078125,622.3402709960938,1648.141845703125,669.216064453125,matched,1,PEDESTRIAN_NORMAL,preprocessed/masks/right_rear_camera/masks/frame_000244_gt2d_001_track_-1_PEDESTRIAN_NORMAL.png,0.8372886180877686,1636.5,645.5,2.767597198486328,2.7576377391815186,0.13723111152648926,1.0,1.6714431141182513,0.01479696845868642,2.767597198486328,da3_bbox_median
right_rear,245,1772699934710545000,data\camera\right_rear_camera\1772699934710545000.jpg,-1,1,car,0.414205,1703.0,0.0,1919.0,78.0,1703.0,0.0,1919.0,78.0,unassigned,2,VEHICLE_CAR,preprocessed/masks/right_rear_camera/masks/frame_000245_gt2d_002_track_-1_VEHICLE_CAR.png,0.9274463653564453,1811.0,39.0,12.84797477722168,14.142952919006348,17.90976905822754,0.9823375940322876,9.756718500718518,-6.872286216746611,12.84797477722168,da3_bbox_median
right_rear,245,1772699934710545000,data\camera\right_rear_camera\1772699934710545000.jpg,-1,3,person,0.328084,1870.0,607.0,1891.0,663.0,1870.0,607.0,1891.0,663.0,unassigned,3,PEDESTRIAN_NORMAL,preprocessed/masks/right_rear_camera/masks/frame_000245_gt2d_003_track_-1_PEDESTRIAN_NORMAL.png,0.7893974781036377,1880.5,635.0,2.8018484115600586,2.7915098667144775,0.15877842903137207,1.0,2.301202634093467,-0.011225206279010075,2.8018484115600586,da3_bbox_median
right_rear,245,1772699934710545000,data\camera\right_rear_camera\1772699934710545000.jpg,2000121,2,motorcycle,0.896536,1200.0,578.0,1279.0,693.0,1203.27490234375,577.6751098632812,1281.819091796875,693.4160766601562,matched,0,CYCLIST_MOTOR,preprocessed/masks/right_rear_camera/masks/frame_000245_gt2d_000_track_-1_CYCLIST_MOTOR.png,0.889251708984375,1239.5,635.5,2.960195541381836,2.9803566932678223,0.36920785903930664,1.0,0.7407598753900136,-0.010541206355814129,2.960195541381836,da3_bbox_median
right_rear,245,1772699934710545000,data\camera\right_rear_camera\1772699934710545000.jpg,3000054,3,person,0.701354,1629.0,623.0,1651.0,669.0,1629.366943359375,622.7809448242188,1651.8529052734375,668.9657592773438,matched,1,PEDESTRIAN_NORMAL,preprocessed/masks/right_rear_camera/masks/frame_000245_gt2d_001_track_-1_PEDESTRIAN_NORMAL.png,0.8588210344314575,1640.0,646.0,2.7708849906921387,2.75642466545105,0.13087081909179688,1.0,1.6820688884725143,0.01604862771823536,2.7708849906921387,da3_bbox_median
right_rear,246,1772699934810552000,data\camera\right_rear_camera\1772699934810552000.jpg,-1,3,person,0.401756,1871.0,607.0,1891.0,662.0,1871.0,607.0,1891.0,662.0,unassigned,2,PEDESTRIAN_NORMAL,preprocessed/masks/right_rear_camera/masks/frame_000246_gt2d_002_track_-1_PEDESTRIAN_NORMAL.png,0.7973252534866333,1881.0,634.5,2.6783103942871094,2.6689372062683105,0.15121889114379883,1.0,2.2009319687180304,-0.011923119539266521,2.6783103942871094,da3_bbox_median
right_rear,246,1772699934810552000,data\camera\right_rear_camera\1772699934810552000.jpg,2000121,2,motorcycle,0.893877,1181.0,576.0,1262.0,694.0,1184.28662109375,576.1719970703125,1265.1158447265625,693.8646850585938,matched,0,CYCLIST_MOTOR,preprocessed/masks/right_rear_camera/masks/frame_000246_gt2d_000_track_-1_CYCLIST_MOTOR.png,0.9039611220359802,1221.5,635.0,2.8483104705810547,2.8697359561920166,0.3688199520111084,1.0,0.6670849536461483,-0.011411349895669132,2.8483104705810547,da3_bbox_median
right_rear,246,1772699934810552000,data\camera\right_rear_camera\1772699934810552000.jpg,3000054,3,person,0.736277,1631.0,620.0,1655.0,668.0,1631.777099609375,620.968017578125,1655.3128662109375,668.2512817382812,matched,1,PEDESTRIAN_NORMAL,preprocessed/masks/right_rear_camera/masks/frame_000246_gt2d_001_track_-1_PEDESTRIAN_NORMAL.png,0.877777636051178,1643.0,644.0,2.6629416942596436,2.655625820159912,0.12294578552246094,1.0,1.6236591415484687,0.010679409748362553,2.6629416942596436,da3_bbox_median
right_rear,247,1772699934910560000,data\camera\right_rear_camera\1772699934910560000.jpg,-1,3,person,0.403807,1872.0,607.0,1892.0,662.0,1872.0,607.0,1892.0,662.0,unassigned,2,PEDESTRIAN_NORMAL,preprocessed/masks/right_rear_camera/masks/frame_000247_gt2d_002_track_-1_PEDESTRIAN_NORMAL.png,0.8122196197509766,1882.0,634.5,2.6751575469970703,2.6658875942230225,0.16531944274902344,1.0,2.20072441529886,-0.01190908390874051,2.6751575469970703,da3_bbox_median
right_rear,247,1772699934910560000,data\camera\right_rear_camera\1772699934910560000.jpg,-1,1,car,0.355169,1697.0,0.0,1919.0,80.0,1697.0,0.0,1919.0,80.0,unassigned,3,VEHICLE_CAR,preprocessed/masks/right_rear_camera/masks/frame_000247_gt2d_003_track_-1_VEHICLE_CAR.png,0.9198765158653259,1808.0,40.0,12.87409496307373,13.972293853759766,18.257516860961914,0.9891892075538635,9.742144977162987,-6.874790126996321,12.87409496307373,da3_bbox_median
right_rear,247,1772699934910560000,data\camera\right_rear_camera\1772699934910560000.jpg,2000121,2,motorcycle,0.897006,1163.0,573.0,1245.0,694.0,1165.993408203125,573.7659912109375,1248.2979736328125,694.1089477539062,matched,0,CYCLIST_MOTOR,preprocessed/masks/right_rear_camera/masks/frame_000247_gt2d_000_track_-1_CYCLIST_MOTOR.png,0.8816863298416138,1204.0,633.5,2.865878105163574,2.890200614929199,0.39406633377075195,1.0,0.6265174808503778,-0.015310897805515214,2.865878105163574,da3_bbox_median
right_rear,247,1772699934910560000,data\camera\right_rear_camera\1772699934910560000.jpg,3000054,3,person,0.813737,1635.0,621.0,1658.0,666.0,1635.4478759765625,621.0389404296875,1658.7159423828125,666.7503051757812,matched,1,PEDESTRIAN_NORMAL,preprocessed/masks/right_rear_camera/masks/frame_000247_gt2d_001_track_-1_PEDESTRIAN_NORMAL.png,0.9053211212158203,1646.5,643.5,2.653630018234253,2.6396656036376953,0.1330873966217041,1.0,1.6262561344209756,0.009460207672403399,2.653630018234253,da3_bbox_median
right_rear,248,1772699935010523000,data\camera\right_rear_camera\1772699935010523000.jpg,-1,1,car,0.377512,1699.0,0.0,1919.0,81.0,1699.0,0.0,1919.0,81.0,unassigned,2,VEHICLE_CAR,preprocessed/masks/right_rear_camera/masks/frame_000248_gt2d_002_track_-1_VEHICLE_CAR.png,0.9332379698753357,1809.0,40.5,13.742284774780273,14.310827255249023,18.590187072753906,0.9879879951477051,10.41136879708463,-7.332284604624441,13.742284774780273,da3_bbox_median
right_rear,248,1772699935010523000,data\camera\right_rear_camera\1772699935010523000.jpg,-1,3,person,0.37283,1873.0,607.0,1893.0,662.0,1873.0,607.0,1893.0,662.0,unassigned,3,PEDESTRIAN_NORMAL,preprocessed/masks/right_rear_camera/masks/frame_000248_gt2d_003_track_-1_PEDESTRIAN_NORMAL.png,0.8211890459060669,1883.0,634.5,2.729058265686035,2.7207469940185547,0.16213178634643555,1.0,2.2474973191354697,-0.012149035451904336,2.729058265686035,da3_bbox_median
right_rear,248,1772699935010523000,data\camera\right_rear_camera\1772699935010523000.jpg,2000121,2,motorcycle,0.85062,1147.0,572.0,1228.0,693.0,1149.48779296875,572.7783813476562,1231.662353515625,694.0944213867188,matched,0,CYCLIST_MOTOR,preprocessed/masks/right_rear_camera/masks/frame_000248_gt2d_000_track_-1_CYCLIST_MOTOR.png,0.8957690000534058,1187.5,632.5,2.9225142002105713,2.9458889961242676,0.39594268798828125,1.0,0.5959376698847465,-0.01821670068780445,2.9225142002105713,da3_bbox_median
right_rear,248,1772699935010523000,data\camera\right_rear_camera\1772699935010523000.jpg,3000054,3,person,0.83231,1640.0,621.0,1661.0,666.0,1640.43408203125,621.5717163085938,1662.2677001953125,666.690673828125,matched,1,PEDESTRIAN_NORMAL,preprocessed/masks/right_rear_camera/masks/frame_000248_gt2d_001_track_-1_PEDESTRIAN_NORMAL.png,0.9194426536560059,1650.5,643.5,2.70717716217041,2.6941957473754883,0.13318109512329102,1.0,1.6687195227598526,0.009651103576662575,2.70717716217041,da3_bbox_median
right_rear,249,1772699935110653000,data\camera\right_rear_camera\1772699935110653000.jpg,-1,3,person,0.375461,1873.0,607.0,1893.0,662.0,1873.0,607.0,1893.0,662.0,unassigned,2,PEDESTRIAN_NORMAL,preprocessed/masks/right_rear_camera/masks/frame_000249_gt2d_002_track_-1_PEDESTRIAN_NORMAL.png,0.8221363425254822,1883.0,634.5,2.7072973251342773,2.6989877223968506,0.16056180000305176,1.0,2.229576244980738,-0.012052161580959836,2.7072973251342773,da3_bbox_median
right_rear,249,1772699935110653000,data\camera\right_rear_camera\1772699935110653000.jpg,-1,1,car,0.356741,1702.0,0.0,1919.0,77.0,1702.0,0.0,1919.0,77.0,unassigned,3,VEHICLE_CAR,preprocessed/masks/right_rear_camera/masks/frame_000249_gt2d_003_track_-1_VEHICLE_CAR.png,0.9482365846633911,1810.5,38.5,13.584789276123047,14.152093887329102,18.12327003479004,0.9882189631462097,10.310202069668042,-7.2724531324134425,13.584789276123047,da3_bbox_median
right_rear,249,1772699935110653000,data\camera\right_rear_camera\1772699935110653000.jpg,2000121,2,motorcycle,0.734778,1123.0,583.0,1209.0,697.0,1127.371337890625,579.2766723632812,1212.64794921875,696.3576049804688,matched,1,CYCLIST_MOTOR,preprocessed/masks/right_rear_camera/masks/frame_000249_gt2d_001_track_-1_CYCLIST_MOTOR.png,0.8763389587402344,1166.0,640.0,2.8633546829223633,2.883824586868286,0.3589298725128174,1.0,0.5290277508570896,0.0012810245570106405,2.8633546829223633,da3_bbox_median
right_rear,249,1772699935110653000,data\camera\right_rear_camera\1772699935110653000.jpg,3000054,3,person,0.75331,1644.0,622.0,1664.0,666.0,1644.1671142578125,622.1350708007812,1664.762939453125,666.3795776367188,matched,0,PEDESTRIAN_NORMAL,preprocessed/masks/right_rear_camera/masks/frame_000249_gt2d_000_track_-1_PEDESTRIAN_NORMAL.png,0.868402898311615,1654.0,644.0,2.685593843460083,2.671480655670166,0.13304448127746582,1.0,1.6637896550173166,0.010770253488394117,2.685593843460083,da3_bbox_median
right_rear,250,1772699935210660000,data\camera\right_rear_camera\1772699935210660000.jpg,-1,3,person,0.384733,1874.0,609.0,1895.0,662.0,1874.0,609.0,1895.0,662.0,unassigned,2,PEDESTRIAN_NORMAL,preprocessed/masks/right_rear_camera/masks/frame_000250_gt2d_002_track_-1_PEDESTRIAN_NORMAL.png,0.8582718372344971,1884.5,635.5,2.684331178665161,2.676103353500366,0.15458035469055176,1.0,2.2142498930309333,-0.009558858016672256,2.684331178665161,da3_bbox_median
right_rear,250,1772699935210660000,data\camera\right_rear_camera\1772699935210660000.jpg,2000121,2,motorcycle,0.831282,1100.0,568.0,1189.0,701.0,1104.942626953125,572.1244506835938,1193.28564453125,700.0654296875,matched,0,CYCLIST_MOTOR,preprocessed/masks/right_rear_camera/masks/frame_000250_gt2d_000_track_-1_CYCLIST_MOTOR.png,0.8632561564445496,1144.5,634.5,2.895747184753418,2.926859140396118,0.437899112701416,1.0,0.47954551459229516,-0.012891089812799475,2.895747184753418,da3_bbox_median
right_rear,250,1772699935210660000,data\camera\right_rear_camera\1772699935210660000.jpg,3000054,3,person,0.732032,1647.0,622.0,1667.0,667.0,1647.76708984375,622.5333251953125,1667.9122314453125,667.1426391601562,matched,1,PEDESTRIAN_NORMAL,preprocessed/masks/right_rear_camera/masks/frame_000250_gt2d_001_track_-1_PEDESTRIAN_NORMAL.png,0.8573116064071655,1657.0,644.5,2.6615188121795654,2.6508216857910156,0.12372803688049316,1.0,1.655988148080751,0.011859075626965537,2.6615188121795654,da3_bbox_median
right_rear,251,1772699935310637000,data\camera\right_rear_camera\1772699935310637000.jpg,-1,3,person,0.326971,1876.0,609.0,1896.0,662.0,1876.0,609.0,1896.0,662.0,unassigned,2,PEDESTRIAN_NORMAL,preprocessed/masks/right_rear_camera/masks/frame_000251_gt2d_002_track_-1_PEDESTRIAN_NORMAL.png,0.8832420110702515,1886.0,635.5,2.5144400596618652,2.510328769683838,0.1728804111480713,1.0,2.077470407162063,-0.008953878609603108,2.5144400596618652,da3_bbox_median
right_rear,251,1772699935310637000,data\camera\right_rear_camera\1772699935310637000.jpg,2000121,2,motorcycle,0.864484,1075.0,566.0,1170.0,704.0,1080.1279296875,568.363525390625,1173.447021484375,703.4124755859375,matched,0,CYCLIST_MOTOR,preprocessed/masks/right_rear_camera/masks/frame_000251_gt2d_000_track_-1_CYCLIST_MOTOR.png,0.9132113456726074,1122.5,635.0,2.7660088539123535,2.8054087162017822,0.4833486080169678,1.0,0.40384635201143637,-0.011081620199947375,2.7660088539123535,da3_bbox_median
right_rear,251,1772699935310637000,data\camera\right_rear_camera\1772699935310637000.jpg,3000054,3,person,0.695688,1650.0,622.0,1670.0,667.0,1650.4879150390625,622.7196044921875,1670.4769287109375,667.4754028320312,matched,1,PEDESTRIAN_NORMAL,preprocessed/masks/right_rear_camera/masks/frame_000251_gt2d_001_track_-1_PEDESTRIAN_NORMAL.png,0.8861156105995178,1660.0,644.5,2.4932079315185547,2.48262095451355,0.138106107711792,1.0,1.5579293778796308,0.011109123587000233,2.4932079315185547,da3_bbox_median
right_rear,252,1772699935410645000,data\camera\right_rear_camera\1772699935410645000.jpg,-1,3,person,0.383187,1877.0,608.0,1897.0,661.0,1877.0,608.0,1897.0,661.0,unassigned,2,PEDESTRIAN_NORMAL,preprocessed/masks/right_rear_camera/masks/frame_000252_gt2d_002_track_-1_PEDESTRIAN_NORMAL.png,0.8876340389251709,1887.0,634.5,2.5154409408569336,2.508268356323242,0.16186165809631348,1.0,2.0805383920498683,-0.011198068414988646,2.5154409408569336,da3_bbox_median
right_rear,252,1772699935410645000,data\camera\right_rear_camera\1772699935410645000.jpg,2000121,2,motorcycle,0.86615,1047.0,562.0,1148.0,702.0,1053.313232421875,563.3128051757812,1152.330322265625,702.4072265625,matched,0,CYCLIST_MOTOR,preprocessed/masks/right_rear_camera/masks/frame_000252_gt2d_000_track_-1_CYCLIST_MOTOR.png,0.9219835996627808,1097.5,632.0,2.7582364082336426,2.7988102436065674,0.4748649597167969,1.0,0.3412777812439906,-0.018421167279635137,2.7582364082336426,da3_bbox_median
right_rear,252,1772699935410645000,data\camera\right_rear_camera\1772699935410645000.jpg,3000054,3,person,0.613726,1653.0,621.0,1673.0,666.0,1653.574951171875,621.1512451171875,1673.513671875,665.974853515625,matched,1,PEDESTRIAN_NORMAL,preprocessed/masks/right_rear_camera/masks/frame_000252_gt2d_001_track_-1_PEDESTRIAN_NORMAL.png,0.8886425495147705,1663.0,643.5,2.4928860664367676,2.4819843769073486,0.13006877899169922,1.0,1.5643910936230518,0.008887154475221494,2.4928860664367676,da3_bbox_median
right_rear,253,1772699935510652000,data\camera\right_rear_camera\1772699935510652000.jpg,-1,3,person,0.385334,1877.0,608.0,1898.0,661.0,1877.0,608.0,1898.0,661.0,unassigned,2,PEDESTRIAN_NORMAL,preprocessed/masks/right_rear_camera/masks/frame_000253_gt2d_002_track_-1_PEDESTRIAN_NORMAL.png,0.8883272409439087,1887.5,634.5,2.6632513999938965,2.65701961517334,0.1668078899383545,1.0,2.2039797965402657,-0.011856080935569916,2.6632513999938965,da3_bbox_median
right_rear,253,1772699935510652000,data\camera\right_rear_camera\1772699935510652000.jpg,2000121,2,motorcycle,0.880092,1018.0,560.0,1124.0,705.0,1025.3895263671875,561.4852905273438,1129.7581787109375,705.2974243164062,matched,0,CYCLIST_MOTOR,preprocessed/masks/right_rear_camera/masks/frame_000253_gt2d_000_track_-1_CYCLIST_MOTOR.png,0.9214147925376892,1071.0,632.5,2.938185691833496,2.9859280586242676,0.5432260036468506,1.0,0.2941747282414821,-0.018314384686125378,2.938185691833496,da3_bbox_median
right_rear,253,1772699935510652000,data\camera\right_rear_camera\1772699935510652000.jpg,3000054,3,person,0.804888,1656.0,621.0,1675.0,666.0,1657.0616455078125,621.8820190429688,1676.3184814453125,666.7417602539062,matched,1,PEDESTRIAN_NORMAL,preprocessed/masks/right_rear_camera/masks/frame_000253_gt2d_001_track_-1_PEDESTRIAN_NORMAL.png,0.8942793011665344,1665.5,643.5,2.641068935394287,2.6298370361328125,0.13540124893188477,1.0,1.6632645020463788,0.00941542733323034,2.641068935394287,da3_bbox_median
right_rear,254,1772699935610660000,data\camera\right_rear_camera\1772699935610660000.jpg,-1,3,person,0.313195,1878.0,609.0,1898.0,664.0,1878.0,609.0,1898.0,664.0,unassigned,2,PEDESTRIAN_NORMAL,preprocessed/masks/right_rear_camera/masks/frame_000254_gt2d_002_track_-1_PEDESTRIAN_NORMAL.png,0.877710223197937,1888.0,636.5,2.562169075012207,2.5545713901519775,0.1677243709564209,1.0,2.1214702227850144,-0.006841592119702647,2.562169075012207,da3_bbox_median
right_rear,254,1772699935610660000,data\camera\right_rear_camera\1772699935610660000.jpg,2000121,2,motorcycle,0.891949,986.0,559.0,1099.0,709.0,994.4971923828125,560.0315551757812,1105.3399658203125,708.8070678710938,matched,0,CYCLIST_MOTOR,preprocessed/masks/right_rear_camera/masks/frame_000254_gt2d_000_track_-1_CYCLIST_MOTOR.png,0.9166033267974854,1042.5,634.0,2.842519998550415,2.889580249786377,0.5393345355987549,1.0,0.2124220186160865,-0.013920122116371262,2.842519998550415,da3_bbox_median
right_rear,254,1772699935610660000,data\camera\right_rear_camera\1772699935610660000.jpg,3000054,3,person,0.760447,1659.0,624.0,1679.0,668.0,1660.090576171875,623.984130859375,1679.778564453125,668.2030639648438,matched,1,PEDESTRIAN_NORMAL,preprocessed/masks/right_rear_camera/masks/frame_000254_gt2d_001_track_-1_PEDESTRIAN_NORMAL.png,0.8688565492630005,1669.0,646.0,2.536205291748047,2.528160572052002,0.13318872451782227,1.0,1.6051329745523069,0.014689391541334168,2.536205291748047,da3_bbox_median
right_rear,255,1772699935710637000,data\camera\right_rear_camera\1772699935710637000.jpg,-1,3,person,0.329925,1879.0,608.0,1899.0,662.0,1879.0,608.0,1899.0,662.0,unassigned,2,PEDESTRIAN_NORMAL,preprocessed/masks/right_rear_camera/masks/frame_000255_gt2d_002_track_-1_PEDESTRIAN_NORMAL.png,0.8891226053237915,1889.0,635.0,2.6169893741607666,2.6081979274749756,0.1645057201385498,1.0,2.1691928188019487,-0.010484594895901417,2.6169893741607666,da3_bbox_median
right_rear,255,1772699935710637000,data\camera\right_rear_camera\1772699935710637000.jpg,2000121,2,motorcycle,0.887397,953.0,557.0,1071.0,707.0,961.0423583984375,557.078857421875,1077.5308837890625,707.7168579101562,matched,0,CYCLIST_MOTOR,preprocessed/masks/right_rear_camera/masks/frame_000255_gt2d_000_track_-1_CYCLIST_MOTOR.png,0.9196652173995972,1012.0,632.0,2.8875222206115723,2.936176061630249,0.526416540145874,1.0,0.13732277884346036,-0.019284615956328705,2.8875222206115723,da3_bbox_median
right_rear,255,1772699935710637000,data\camera\right_rear_camera\1772699935710637000.jpg,3000054,3,person,0.824202,1663.0,623.0,1682.0,666.0,1662.935791015625,623.011474609375,1682.118896484375,666.3313598632812,matched,1,PEDESTRIAN_NORMAL,preprocessed/masks/right_rear_camera/masks/frame_000255_gt2d_001_track_-1_PEDESTRIAN_NORMAL.png,0.8717402815818787,1672.5,644.5,2.58292293548584,2.57012939453125,0.12877535820007324,1.0,1.6427540591276812,0.011508871660187913,2.58292293548584,da3_bbox_median
right_rear,256,1772699935810644000,data\camera\right_rear_camera\1772699935810644000.jpg,-1,3,person,0.370736,1880.0,607.0,1900.0,660.0,1880.0,607.0,1900.0,660.0,unassigned,2,PEDESTRIAN_NORMAL,preprocessed/masks/right_rear_camera/masks/frame_000256_gt2d_002_track_-1_PEDESTRIAN_NORMAL.png,0.8862971663475037,1890.0,633.5,2.661696434020996,2.652174949645996,0.1665959358215332,1.0,2.208621335736681,-0.014220061215155452,2.661696434020996,da3_bbox_median
right_rear,256,1772699935810644000,data\camera\right_rear_camera\1772699935810644000.jpg,2000121,2,motorcycle,0.858704,917.0,552.0,1042.0,707.0,925.358642578125,552.6422119140625,1048.422119140625,707.1165161132812,matched,0,CYCLIST_MOTOR,preprocessed/masks/right_rear_camera/masks/frame_000256_gt2d_000_track_-1_CYCLIST_MOTOR.png,0.8644195795059204,979.5,629.5,2.955514907836914,3.0098190307617188,0.5696895122528076,1.0,0.05498029005760269,-0.026320264621968417,2.955514907836914,da3_bbox_median
right_rear,256,1772699935810644000,data\camera\right_rear_camera\1772699935810644000.jpg,3000054,3,person,0.736732,1666.0,622.0,1684.0,665.0,1665.705810546875,621.8695068359375,1684.0316162109375,664.86572265625,matched,1,PEDESTRIAN_NORMAL,preprocessed/masks/right_rear_camera/masks/frame_000256_gt2d_001_track_-1_PEDESTRIAN_NORMAL.png,0.8640426397323608,1675.0,643.5,2.6273937225341797,2.613664150238037,0.1316511631011963,1.0,1.6768896921474759,0.009366675113541846,2.6273937225341797,da3_bbox_median
right_rear,257,1772699935910651000,data\camera\right_rear_camera\1772699935910651000.jpg,-1,3,person,0.304749,1880.0,606.0,1900.0,660.0,1880.0,606.0,1900.0,660.0,unassigned,2,PEDESTRIAN_NORMAL,preprocessed/masks/right_rear_camera/masks/frame_000257_gt2d_002_track_-1_PEDESTRIAN_NORMAL.png,0.8876863718032837,1890.0,633.0,2.594141721725464,2.5856828689575195,0.16045832633972168,1.0,2.1525658152804783,-0.015014515634377418,2.594141721725464,da3_bbox_median
right_rear,257,1772699935910651000,data\camera\right_rear_camera\1772699935910651000.jpg,2000121,2,motorcycle,0.859284,876.0,548.0,1010.0,707.0,886.2785034179688,548.4559936523438,1017.5241088867188,706.8994750976562,matched,0,CYCLIST_MOTOR,preprocessed/masks/right_rear_camera/masks/frame_000257_gt2d_000_track_-1_CYCLIST_MOTOR.png,0.8013451099395752,943.0,627.5,2.889594793319702,2.9488964080810547,0.5825686454772949,1.0,-0.04021085589861852,-0.030881020144144664,2.889594793319702,da3_bbox_median
right_rear,257,1772699935910651000,data\camera\right_rear_camera\1772699935910651000.jpg,3000054,3,person,0.745465,1667.0,620.0,1688.0,665.0,1667.5684814453125,620.1680908203125,1687.629638671875,664.3926391601562,matched,1,PEDESTRIAN_NORMAL,preprocessed/masks/right_rear_camera/masks/frame_000257_gt2d_001_track_-1_PEDESTRIAN_NORMAL.png,0.8379891514778137,1677.5,642.5,2.572490930557251,2.560145616531372,0.12855029106140137,1.0,1.6475785807712418,0.006879503428446231,2.572490930557251,da3_bbox_median
right_rear,258,1772699936010645000,data\camera\right_rear_camera\1772699936010645000.jpg,-1,3,person,0.339803,1881.0,607.0,1901.0,661.0,1881.0,607.0,1901.0,661.0,unassigned,2,PEDESTRIAN_NORMAL,preprocessed/masks/right_rear_camera/masks/frame_000258_gt2d_002_track_-1_PEDESTRIAN_NORMAL.png,0.8971368074417114,1891.0,634.0,2.511223554611206,2.503127336502075,0.1690671443939209,1.0,2.0859992973976738,-0.012297728269114202,2.511223554611206,da3_bbox_median
right_rear,258,1772699936010645000,data\camera\right_rear_camera\1772699936010645000.jpg,2000121,2,motorcycle,0.844019,833.0,546.0,975.0,707.0,843.0074462890625,546.3471069335938,982.43408203125,707.52880859375,matched,0,CYCLIST_MOTOR,preprocessed/masks/right_rear_camera/masks/frame_000258_gt2d_000_track_-1_CYCLIST_MOTOR.png,0.8624995946884155,904.0,626.5,2.828850746154785,2.8931689262390137,0.6054720878601074,1.0,-0.1376557759489484,-0.032751645234515916,2.828850746154785,da3_bbox_median
right_rear,258,1772699936010645000,data\camera\right_rear_camera\1772699936010645000.jpg,3000054,3,person,0.596704,1670.0,621.0,1690.0,665.0,1668.929443359375,620.904296875,1688.9453125,664.9305419921875,matched,1,PEDESTRIAN_NORMAL,preprocessed/masks/right_rear_camera/masks/frame_000258_gt2d_001_track_-1_PEDESTRIAN_NORMAL.png,0.8075021505355835,1680.0,643.0,2.48856782913208,2.476722240447998,0.1356666088104248,1.0,1.599371905538763,0.0077634156842785185,2.48856782913208,da3_bbox_median
right_rear,259,1772699936110561000,data\camera\right_rear_camera\1772699936110561000.jpg,-1,3,person,0.374032,1881.0,608.0,1902.0,662.0,1881.0,608.0,1902.0,662.0,unassigned,2,PEDESTRIAN_NORMAL,preprocessed/masks/right_rear_camera/masks/frame_000259_gt2d_002_track_-1_PEDESTRIAN_NORMAL.png,0.8902976512908936,1891.5,635.0,2.569408893585205,2.5610716342926025,0.1699657440185547,1.0,2.13547670221029,-0.010293970482706371,2.569408893585205,da3_bbox_median
right_rear,259,1772699936110561000,data\camera\right_rear_camera\1772699936110561000.jpg,2000121,2,motorcycle,0.827094,788.0,545.0,935.0,714.0,800.8218383789062,545.6311645507812,946.56396484375,712.9246215820312,matched,0,CYCLIST_MOTOR,preprocessed/masks/right_rear_camera/masks/frame_000259_gt2d_000_track_-1_CYCLIST_MOTOR.png,0.8125888109207153,861.5,629.5,2.910848617553711,2.9900729656219482,0.6773676872253418,1.0,-0.25186179477795373,-0.0259224900829809,2.910848617553711,da3_bbox_median
right_rear,259,1772699936110561000,data\camera\right_rear_camera\1772699936110561000.jpg,3000054,3,person,0.59531,1671.0,622.0,1694.0,665.0,1672.5390625,622.48681640625,1694.517333984375,665.781005859375,matched,1,PEDESTRIAN_NORMAL,preprocessed/masks/right_rear_camera/masks/frame_000259_gt2d_001_track_-1_PEDESTRIAN_NORMAL.png,0.7948590517044067,1682.5,643.5,2.534329414367676,2.5245728492736816,0.1337604522705078,1.0,1.6344269852492348,0.009034900270743865,2.534329414367676,da3_bbox_median
right_rear,260,1772699936210538000,data\camera\right_rear_camera\1772699936210538000.jpg,-1,3,person,0.397968,1882.0,608.0,1902.0,661.0,1882.0,608.0,1902.0,661.0,unassigned,2,PEDESTRIAN_NORMAL,preprocessed/masks/right_rear_camera/masks/frame_000260_gt2d_002_track_-1_PEDESTRIAN_NORMAL.png,0.8789252638816833,1892.0,634.5,2.5977158546447754,2.590420961380005,0.17401885986328125,1.0,2.160160239299228,-0.011564334264633155,2.5977158546447754,da3_bbox_median
right_rear,260,1772699936210538000,data\camera\right_rear_camera\1772699936210538000.jpg,2000121,2,motorcycle,0.800877,739.0,541.0,897.0,718.0,751.0699462890625,541.7514038085938,906.13134765625,716.4447021484375,matched,0,CYCLIST_MOTOR,preprocessed/masks/right_rear_camera/masks/frame_000260_gt2d_000_track_-1_CYCLIST_MOTOR.png,0.7779995203018188,818.0,629.5,2.9627370834350586,3.052711009979248,0.7212507724761963,1.0,-0.3711715841674792,-0.026384581527420473,2.9627370834350586,da3_bbox_median
right_rear,260,1772699936210538000,data\camera\right_rear_camera\1772699936210538000.jpg,3000054,3,person,0.624954,1674.0,622.0,1695.0,665.0,1673.2078857421875,622.0172119140625,1694.6358642578125,665.04248046875,matched,1,PEDESTRIAN_NORMAL,preprocessed/masks/right_rear_camera/masks/frame_000260_gt2d_001_track_-1_PEDESTRIAN_NORMAL.png,0.7746463418006897,1684.5,643.5,2.5608866214752197,2.5530483722686768,0.1364591121673584,1.0,1.6561171839316773,0.009129576880787478,2.5608866214752197,da3_bbox_median
right_rear,261,1772699936310546000,data\camera\right_rear_camera\1772699936310546000.jpg,-1,1,car,0.462752,1703.0,0.0,1919.0,76.0,1703.0,0.0,1919.0,76.0,unassigned,2,VEHICLE_CAR,preprocessed/masks/right_rear_camera/masks/frame_000261_gt2d_002_track_-1_VEHICLE_CAR.png,0.9580007791519165,1811.0,38.0,13.822624206542969,13.497394561767578,15.068923950195312,0.9990516901016235,10.49686473260816,-7.405931436676074,13.822624206542969,da3_bbox_median
right_rear,261,1772699936310546000,data\camera\right_rear_camera\1772699936310546000.jpg,-1,3,person,0.398867,1883.0,606.0,1903.0,660.0,1883.0,606.0,1903.0,660.0,unassigned,3,PEDESTRIAN_NORMAL,preprocessed/masks/right_rear_camera/masks/frame_000261_gt2d_003_track_-1_PEDESTRIAN_NORMAL.png,0.8932259678840637,1893.0,633.0,2.640754222869873,2.6328415870666504,0.16827774047851562,1.0,2.1983019693762498,-0.01528430202319686,2.640754222869873,da3_bbox_median
right_rear,261,1772699936310546000,data\camera\right_rear_camera\1772699936310546000.jpg,2000121,2,motorcycle,0.863069,691.0,533.0,855.0,722.0,702.5211791992188,535.1281127929688,864.94384765625,720.2660522460938,matched,0,CYCLIST_MOTOR,preprocessed/masks/right_rear_camera/masks/frame_000261_gt2d_000_track_-1_CYCLIST_MOTOR.png,0.7514172792434692,773.0,627.5,3.044231414794922,3.14631986618042,0.792478084564209,1.0,-0.5034278333125067,-0.03253361746811499,3.044231414794922,da3_bbox_median
right_rear,261,1772699936310546000,data\camera\right_rear_camera\1772699936310546000.jpg,3000054,3,person,0.697301,1677.0,623.0,1697.0,664.0,1676.0211181640625,622.4480590820312,1696.5528564453125,664.0505981445312,matched,1,PEDESTRIAN_NORMAL,preprocessed/masks/right_rear_camera/masks/frame_000261_gt2d_001_track_-1_PEDESTRIAN_NORMAL.png,0.8204629421234131,1687.0,643.5,2.6051015853881836,2.596172571182251,0.13225317001342773,1.0,1.6905131616453877,0.009287203504683898,2.6051015853881836,da3_bbox_median
right_rear,262,1772699936410553000,data\camera\right_rear_camera\1772699936410553000.jpg,-1,1,car,0.492268,1702.0,0.0,1919.0,75.0,1702.0,0.0,1919.0,75.0,unassigned,2,VEHICLE_CAR,preprocessed/masks/right_rear_camera/masks/frame_000262_gt2d_002_track_-1_VEHICLE_CAR.png,0.9593738317489624,1810.5,37.5,13.724889755249023,13.158973693847656,14.809532165527344,0.9993069767951965,10.4165315990031,-7.359679661929729,13.724889755249023,da3_bbox_median
right_rear,262,1772699936410553000,data\camera\right_rear_camera\1772699936410553000.jpg,-1,3,person,0.412261,1883.0,607.0,1903.0,660.0,1883.0,607.0,1903.0,660.0,unassigned,3,PEDESTRIAN_NORMAL,preprocessed/masks/right_rear_camera/masks/frame_000262_gt2d_003_track_-1_PEDESTRIAN_NORMAL.png,0.897484540939331,1893.0,633.5,2.6158041954040527,2.6074273586273193,0.16220927238464355,1.0,2.1775322612227592,-0.01397488282663141,2.6158041954040527,da3_bbox_median
right_rear,262,1772699936410553000,data\camera\right_rear_camera\1772699936410553000.jpg,-1,3,person,0.376112,715.0,531.0,779.0,708.0,715.0,531.0,779.0,708.0,unassigned,4,PEDESTRIAN_NORMAL,preprocessed/masks/right_rear_camera/masks/frame_000262_gt2d_004_track_-1_PEDESTRIAN_NORMAL.png,0.8559211492538452,747.0,619.5,2.9923908710479736,3.0847113132476807,0.7289869785308838,1.0,-0.5641699228039677,-0.05330334462224467,2.9923908710479736,da3_bbox_median
right_rear,262,1772699936410553000,data\camera\right_rear_camera\1772699936410553000.jpg,2000121,2,motorcycle,0.786312,633.0,530.0,807.0,723.0,647.7467041015625,530.4503784179688,819.265380859375,722.1305541992188,matched,0,CYCLIST_MOTOR,preprocessed/masks/right_rear_camera/masks/frame_000262_gt2d_000_track_-1_CYCLIST_MOTOR.png,0.7809730768203735,720.0,626.5,3.032456874847412,3.1454365253448486,0.8276162147521973,1.0,-0.6446685131114211,-0.03510894022562792,3.032456874847412,da3_bbox_median
right_rear,262,1772699936410553000,data\camera\right_rear_camera\1772699936410553000.jpg,3000054,3,person,0.668737,1678.0,622.0,1698.0,663.0,1677.9766845703125,621.7470092773438,1698.1612548828125,662.8260498046875,matched,1,PEDESTRIAN_NORMAL,preprocessed/masks/right_rear_camera/masks/frame_000262_gt2d_001_track_-1_PEDESTRIAN_NORMAL.png,0.8488582968711853,1688.0,642.5,2.579291820526123,2.571582794189453,0.12662291526794434,1.0,1.6760625101447486,0.0068976907601493625,2.579291820526123,da3_bbox_median
right_rear,263,1772699936510561000,data\camera\right_rear_camera\1772699936510561000.jpg,-1,3,person,0.434974,1883.0,609.0,1903.0,661.0,1883.0,609.0,1903.0,661.0,unassigned,2,PEDESTRIAN_NORMAL,preprocessed/masks/right_rear_camera/masks/frame_000263_gt2d_002_track_-1_PEDESTRIAN_NORMAL.png,0.8860160708427429,1893.0,635.0,2.7054338455200195,2.6964356899261475,0.14603495597839355,1.0,2.2521446710631214,-0.010838935063324258,2.7054338455200195,da3_bbox_median
right_rear,263,1772699936510561000,data\camera\right_rear_camera\1772699936510561000.jpg,2000121,2,motorcycle,0.885446,571.0,525.0,761.0,727.0,586.9754028320312,525.6807861328125,772.0119018554688,725.546142578125,matched,0,CYCLIST_MOTOR,preprocessed/masks/right_rear_camera/masks/frame_000263_gt2d_000_track_-1_CYCLIST_MOTOR.png,0.6648871898651123,666.0,626.0,3.1541640758514404,3.2787742614746094,0.8664588928222656,1.0,-0.8222869460893348,-0.03792281600115598,3.1541640758514404,da3_bbox_median
right_rear,263,1772699936510561000,data\camera\right_rear_camera\1772699936510561000.jpg,3000054,3,person,0.750879,1681.0,622.0,1700.0,664.0,1679.87353515625,621.6613159179688,1699.264404296875,663.2324829101562,matched,1,PEDESTRIAN_NORMAL,preprocessed/masks/right_rear_camera/masks/frame_000263_gt2d_001_track_-1_PEDESTRIAN_NORMAL.png,0.7824622392654419,1690.5,643.0,2.680936336517334,2.667768955230713,0.1267242431640625,1.0,1.7480838487207593,0.008363534624141526,2.680936336517334,da3_bbox_median
right_rear,264,1772699936610537000,data\camera\right_rear_camera\1772699936610537000.jpg,-1,3,person,0.404671,1884.0,609.0,1903.0,660.0,1884.0,609.0,1903.0,660.0,unassigned,2,PEDESTRIAN_NORMAL,preprocessed/masks/right_rear_camera/masks/frame_000264_gt2d_002_track_-1_PEDESTRIAN_NORMAL.png,0.8929924964904785,1893.5,634.5,2.6331310272216797,2.623286724090576,0.14440178871154785,1.0,2.193128968815009,-0.011721993114421016,2.6331310272216797,da3_bbox_median
right_rear,264,1772699936610537000,data\camera\right_rear_camera\1772699936610537000.jpg,2000121,2,motorcycle,0.869858,505.0,519.0,706.0,729.0,522.71044921875,520.0582275390625,719.8689575195312,728.09765625,matched,0,CYCLIST_MOTOR,preprocessed/masks/right_rear_camera/masks/frame_000264_gt2d_000_track_-1_CYCLIST_MOTOR.png,0.7635593414306641,605.5,624.0,3.09035587310791,3.227522134780884,0.9027016162872314,1.0,-0.9722232728669289,-0.04266110468059478,3.09035587310791,da3_bbox_median
right_rear,264,1772699936610537000,data\camera\right_rear_camera\1772699936610537000.jpg,3000054,3,person,0.508346,1683.0,622.0,1701.0,663.0,1682.1881103515625,621.6170654296875,1700.6092529296875,662.7163696289062,matched,1,PEDESTRIAN_NORMAL,preprocessed/masks/right_rear_camera/masks/frame_000264_gt2d_001_track_-1_PEDESTRIAN_NORMAL.png,0.8095971941947937,1692.0,642.5,2.6088669300079346,2.5952160358428955,0.12388420104980469,1.0,1.7045779614977823,0.006976782221526341,2.6088669300079346,da3_bbox_median
right_rear,265,1772699936710545000,data\camera\right_rear_camera\1772699936710545000.jpg,-1,3,person,0.305991,1885.0,609.0,1903.0,659.0,1885.0,609.0,1903.0,659.0,unassigned,2,PEDESTRIAN_NORMAL,preprocessed/masks/right_rear_camera/masks/frame_000265_gt2d_002_track_-1_PEDESTRIAN_NORMAL.png,0.896660566329956,1894.0,634.0,2.6316895484924316,2.622368812561035,0.14437150955200195,1.0,2.193100668587901,-0.01288766302649563,2.6316895484924316,da3_bbox_median
right_rear,265,1772699936710545000,data\camera\right_rear_camera\1772699936710545000.jpg,2000121,2,motorcycle,0.894088,431.0,512.0,650.0,733.0,451.2469177246094,513.8143310546875,664.3598022460938,731.9205322265625,matched,0,CYCLIST_MOTOR,preprocessed/masks/right_rear_camera/masks/frame_000265_gt2d_000_track_-1_CYCLIST_MOTOR.png,0.8197104334831238,540.5,622.5,3.118675708770752,3.2728161811828613,0.966209888458252,1.0,-1.1617332872658601,-0.04721898286392202,3.118675708770752,da3_bbox_median
right_rear,265,1772699936710545000,data\camera\right_rear_camera\1772699936710545000.jpg,3000054,3,person,0.565488,1685.0,622.0,1704.0,663.0,1684.1025390625,621.914306640625,1702.8525390625,662.8480224609375,matched,1,PEDESTRIAN_NORMAL,preprocessed/masks/right_rear_camera/masks/frame_000265_gt2d_001_track_-1_PEDESTRIAN_NORMAL.png,0.7878354787826538,1694.5,642.5,2.607816696166992,2.5942277908325195,0.1262810230255127,1.0,1.7097001104765406,0.00697397362569278,2.607816696166992,da3_bbox_median
right_rear,266,1772699936810552000,data\camera\right_rear_camera\1772699936810552000.jpg,-1,3,person,0.36842,1884.0,609.0,1904.0,660.0,1884.0,609.0,1904.0,660.0,unassigned,2,PEDESTRIAN_NORMAL,preprocessed/masks/right_rear_camera/masks/frame_000266_gt2d_002_track_-1_PEDESTRIAN_NORMAL.png,0.8900514841079712,1894.0,634.5,2.6138839721679688,2.605767011642456,0.14287972450256348,1.0,2.178262512102406,-0.011636310387477294,2.6138839721679688,da3_bbox_median
right_rear,266,1772699936810552000,data\camera\right_rear_camera\1772699936810552000.jpg,2000121,2,motorcycle,0.896327,349.0,505.0,593.0,740.0,372.28167724609375,506.891845703125,607.14697265625,737.6859741210938,matched,0,CYCLIST_MOTOR,preprocessed/masks/right_rear_camera/masks/frame_000266_gt2d_000_track_-1_CYCLIST_MOTOR.png,0.7850754261016846,471.0,622.5,3.1431548595428467,3.3314294815063477,1.0879764556884766,1.0,-1.3654714304921607,-0.04758961473102515,3.1431548595428467,da3_bbox_median
right_rear,266,1772699936810552000,data\camera\right_rear_camera\1772699936810552000.jpg,3000054,3,person,0.461342,1686.0,622.0,1708.0,664.0,1685.2076416015625,621.9155883789062,1706.0748291015625,663.4652709960938,matched,1,PEDESTRIAN_NORMAL,preprocessed/masks/right_rear_camera/masks/frame_000266_gt2d_001_track_-1_PEDESTRIAN_NORMAL.png,0.8009647727012634,1697.0,643.0,2.5879311561584473,2.5799715518951416,0.12363195419311523,1.0,1.7024270909714168,0.008073392692921129,2.5879311561584473,da3_bbox_median
right_rear,267,1772699936910560000,data\camera\right_rear_camera\1772699936910560000.jpg,1000000,1,car,0.50587,1705.0,0.0,1919.0,73.0,1705.0,0.0,1919.0,73.0,tentative,2,VEHICLE_CAR,preprocessed/masks/right_rear_camera/masks/frame_000267_gt2d_002_track_-1_VEHICLE_CAR.png,0.9644622802734375,1812.0,36.5,13.087596893310547,12.686868667602539,13.621347427368164,0.9984520077705383,9.950346830009869,-7.029602704638686,13.087596893310547,da3_bbox_median
right_rear,267,1772699936910560000,data\camera\right_rear_camera\1772699936910560000.jpg,2000121,2,motorcycle,0.895971,263.0,499.0,518.0,746.0,288.2239685058594,500.31146240234375,538.521484375,743.5459594726562,matched,0,CYCLIST_MOTOR,preprocessed/masks/right_rear_camera/masks/frame_000267_gt2d_000_track_-1_CYCLIST_MOTOR.png,0.7799171209335327,390.5,622.5,3.2277517318725586,3.449918031692505,1.1994550228118896,1.0,-1.6337122935000963,-0.04887047194027073,3.2277517318725586,da3_bbox_median
right_rear,267,1772699936910560000,data\camera\right_rear_camera\1772699936910560000.jpg,3000054,3,person,0.71083,1688.0,621.0,1709.0,665.0,1686.789794921875,621.119140625,1707.79150390625,664.227294921875,matched,1,PEDESTRIAN_NORMAL,preprocessed/masks/right_rear_camera/masks/frame_000267_gt2d_001_track_-1_PEDESTRIAN_NORMAL.png,0.8152508735656738,1698.5,643.0,2.6398277282714844,2.627161741256714,0.13027501106262207,1.0,1.7400941684329743,0.008235290896854415,2.6398277282714844,da3_bbox_median
right_rear,268,1772699937010523000,data\camera\right_rear_camera\1772699937010523000.jpg,-1,1,car,0.338175,1704.0,0.0,1919.0,82.0,1704.0,0.0,1919.0,82.0,unassigned,2,VEHICLE_CAR,preprocessed/masks/right_rear_camera/masks/frame_000268_gt2d_002_track_-1_VEHICLE_CAR.png,0.9324913024902344,1811.5,41.0,13.534337997436523,12.855195045471191,14.106690406799316,0.9989331364631653,10.283969901986167,-7.215305414629215,13.534337997436523,da3_bbox_median
right_rear,268,1772699937010523000,data\camera\right_rear_camera\1772699937010523000.jpg,2000121,2,motorcycle,0.848214,158.0,491.0,451.0,747.0,190.02001953125,492.57867431640625,469.9361267089844,746.27734375,matched,0,CYCLIST_MOTOR,preprocessed/masks/right_rear_camera/masks/frame_000268_gt2d_000_track_50_CYCLIST_MOTOR.png,0.7588754296302795,304.5,619.0,3.171187162399292,3.410961151123047,1.2611956596374512,1.0,-1.8480542503285355,-0.05790060153177708,3.171187162399292,da3_bbox_median
right_rear,268,1772699937010523000,data\camera\right_rear_camera\1772699937010523000.jpg,3000054,3,person,0.66159,1690.0,620.0,1711.0,664.0,1688.878662109375,620.0006103515625,1709.927001953125,663.6972045898438,matched,1,PEDESTRIAN_NORMAL,preprocessed/masks/right_rear_camera/masks/frame_000268_gt2d_001_track_-1_PEDESTRIAN_NORMAL.png,0.8459072709083557,1700.5,642.0,2.567349433898926,2.5554325580596924,0.13489103317260742,1.0,1.696893254452859,0.005722322189055875,2.567349433898926,da3_bbox_median
right_rear,269,1772699937110653000,data\camera\right_rear_camera\1772699937110653000.jpg,-1,2,motorcycle,0.46585,1691.0,621.0,1715.0,664.0,1691.0,621.0,1715.0,664.0,unassigned,1,CYCLIST_MOTOR,preprocessed/masks/right_rear_camera/masks/frame_000269_gt2d_001_track_-1_CYCLIST_MOTOR.png,0.8814924955368042,1703.0,642.5,2.573699712753296,2.566054582595825,0.12178182601928711,1.0,1.7068228414079938,0.00688273602342379,2.573699712753296,da3_bbox_median
right_rear,269,1772699937110653000,data\camera\right_rear_camera\1772699937110653000.jpg,2000121,2,motorcycle,0.828324,37.0,485.0,353.0,756.0,77.71375274658203,485.9854736328125,383.4433288574219,753.1302490234375,matched,0,CYCLIST_MOTOR,preprocessed/masks/right_rear_camera/masks/frame_000269_gt2d_000_track_50_CYCLIST_MOTOR.png,0.727628231048584,195.0,620.5,3.20851993560791,3.4894464015960693,1.3646149635314941,1.0,-2.1828177921120036,-0.05429525853770332,3.20851993560791,da3_bbox_median
right_rear,270,1772699937210660000,data\camera\right_rear_camera\1772699937210660000.jpg,2000121,2,motorcycle,0.833938,0.0,474.0,269.0,750.0,9.416414260864258,476.5737609863281,296.94097900390625,752.0294799804688,matched,0,CYCLIST_MOTOR,preprocessed/masks/right_rear_camera/masks/frame_000270_gt2d_000_track_50_CYCLIST_MOTOR.png,0.9199691414833069,134.5,612.0,3.2742276191711426,3.5830299854278564,1.485978126525879,1.0,-2.4040017831126157,-0.08019754622617234,3.2742276191711426,da3_bbox_median
right_rear,270,1772699937210660000,data\camera\right_rear_camera\1772699937210660000.jpg,2000122,2,motorcycle,0.50359,1694.0,622.0,1717.0,663.0,1694.0,622.0,1717.0,663.0,tentative,1,CYCLIST_MOTOR,preprocessed/masks/right_rear_camera/masks/frame_000270_gt2d_001_track_-1_CYCLIST_MOTOR.png,0.8763194680213928,1705.5,642.5,2.592212677001953,2.584059715270996,0.12798738479614258,1.0,1.7248738398193788,0.006932244458810869,2.592212677001953,da3_bbox_median
right_rear,271,1772699937310637000,data\camera\right_rear_camera\1772699937310637000.jpg,-1,3,person,0.325409,1887.0,607.0,1905.0,659.0,1887.0,607.0,1905.0,659.0,unassigned,2,PEDESTRIAN_NORMAL,preprocessed/masks/right_rear_camera/masks/frame_000271_gt2d_002_track_-1_PEDESTRIAN_NORMAL.png,0.8974963426589966,1896.0,633.0,2.641970634460449,2.6332576274871826,0.14475607872009277,1.0,2.206375877883314,-0.015291342436868785,2.641970634460449,da3_bbox_median
right_rear,271,1772699937310637000,data\camera\right_rear_camera\1772699937310637000.jpg,2000121,2,motorcycle,0.780276,0.0,466.0,166.0,753.0,-16.4375057220459,467.95361328125,196.16854858398438,753.4532470703125,matched,0,CYCLIST_MOTOR,preprocessed/masks/right_rear_camera/masks/frame_000271_gt2d_000_track_50_CYCLIST_MOTOR.png,0.6999437808990479,83.0,609.5,3.3324673175811768,3.6767053604125977,1.582963466644287,1.0,-2.5996629640811153,-0.08904502187872887,3.3324673175811768,da3_bbox_median
right_rear,271,1772699937310637000,data\camera\right_rear_camera\1772699937310637000.jpg,3000054,3,person,0.487919,1696.0,622.0,1717.0,661.0,1695.0032958984375,621.3507080078125,1716.031494140625,661.1090698242188,matched,1,PEDESTRIAN_NORMAL,preprocessed/masks/right_rear_camera/masks/frame_000271_gt2d_001_track_-1_PEDESTRIAN_NORMAL.png,0.8907596468925476,1706.5,641.5,2.6141304969787598,2.5985286235809326,0.11209630966186523,1.0,1.7417870532884268,0.00466232507984815,2.6141304969787598,da3_bbox_median
right_rear,272,1772699937410645000,data\camera\right_rear_camera\1772699937410645000.jpg,-1,2,motorcycle,0.478416,0.0,628.0,47.0,758.0,0.0,628.0,47.0,758.0,unassigned,0,CYCLIST_MOTOR,preprocessed/masks/right_rear_camera/masks/frame_000272_gt2d_000_track_-1_CYCLIST_MOTOR.png,0.8981844186782837,23.5,693.0,2.77412486076355,2.800137758255005,0.3648405075073242,1.0,-2.3111537459028706,0.13220665067912918,2.77412486076355,da3_bbox_median
right_rear,272,1772699937410645000,data\camera\right_rear_camera\1772699937410645000.jpg,3000054,3,person,0.352708,1698.0,622.0,1719.0,661.0,1697.1063232421875,621.8153076171875,1718.11083984375,660.9239501953125,matched,1,PEDESTRIAN_NORMAL,preprocessed/masks/right_rear_camera/masks/frame_000272_gt2d_001_track_-1_PEDESTRIAN_NORMAL.png,0.8580414652824402,1708.5,641.5,2.6350173950195312,2.618401050567627,0.11049890518188477,1.0,1.7603990751933463,0.004699577048978332,2.6350173950195312,da3_bbox_median
right_rear,273,1772699937510652000,data\camera\right_rear_camera\1772699937510652000.jpg,-1,2,motorcycle,0.418278,1701.0,623.0,1720.0,660.0,1701.0,623.0,1720.0,660.0,unassigned,0,CYCLIST_MOTOR,preprocessed/masks/right_rear_camera/masks/frame_000273_gt2d_000_track_-1_CYCLIST_MOTOR.png,0.8374890089035034,1710.5,641.5,2.5994873046875,2.5803439617156982,0.0985569953918457,1.0,1.741294015504575,0.004636208815664903,2.5994873046875,da3_bbox_median
right_rear,274,1772699937610660000,data\camera\right_rear_camera\1772699937610660000.jpg,3000054,3,person,0.50292,1701.0,622.0,1720.0,660.0,1700.6468505859375,621.848876953125,1720.0860595703125,659.994140625,matched,0,PEDESTRIAN_NORMAL,preprocessed/masks/right_rear_camera/masks/frame_000274_gt2d_000_track_-1_PEDESTRIAN_NORMAL.png,0.8293729424476624,1710.5,641.0,2.609483242034912,2.5910136699676514,0.10809326171875,1.0,1.7479898996702798,0.0034918397894239087,2.609483242034912,da3_bbox_median
right_rear,275,1772699937710637000,data\camera\right_rear_camera\1772699937710637000.jpg,3000054,3,person,0.506434,1703.0,621.0,1721.0,661.0,1702.5521240234375,621.1267700195312,1720.9407958984375,660.5226440429688,matched,0,PEDESTRIAN_NORMAL,preprocessed/masks/right_rear_camera/masks/frame_000275_gt2d_000_track_-1_PEDESTRIAN_NORMAL.png,0.8509624004364014,1712.0,641.0,2.6680150032043457,2.648693084716797,0.11121273040771484,1.0,1.7907634747067538,0.003570163163685973,2.6680150032043457,da3_bbox_median
right_rear,276,1772699937810644000,data\camera\right_rear_camera\1772699937810644000.jpg,-1,2,motorcycle,0.449067,1703.0,621.0,1722.0,660.0,1703.0,621.0,1722.0,660.0,unassigned,0,CYCLIST_MOTOR,preprocessed/masks/right_rear_camera/masks/frame_000276_gt2d_000_track_-1_CYCLIST_MOTOR.png,0.8642393946647644,1712.5,640.5,2.6737499237060547,2.6540513038635254,0.11084151268005371,1.0,1.7958037760109695,0.002387017658678043,2.6737499237060547,da3_bbox_median
right_rear,277,1772699937910651000,data\camera\right_rear_camera\1772699937910651000.jpg,-1,1,car,0.457687,1707.0,0.0,1919.0,71.0,1707.0,0.0,1919.0,71.0,unassigned,1,VEHICLE_CAR,preprocessed/masks/right_rear_camera/masks/frame_000277_gt2d_001_track_-1_VEHICLE_CAR.png,0.9643609523773193,1813.0,35.5,13.784149169921875,12.81812572479248,13.285041809082031,0.9982138872146606,10.492207866186916,-7.416012685474637,13.784149169921875,da3_bbox_median
right_rear,277,1772699937910651000,data\camera\right_rear_camera\1772699937910651000.jpg,3000054,3,person,0.628962,1706.0,622.0,1724.0,661.0,1705.5728759765625,621.8965454101562,1723.5989990234375,661.0042114257812,matched,0,PEDESTRIAN_NORMAL,preprocessed/masks/right_rear_camera/masks/frame_000277_gt2d_000_track_-1_PEDESTRIAN_NORMAL.png,0.8278116583824158,1715.0,641.5,2.6604926586151123,2.6412174701690674,0.10930180549621582,1.0,1.7928253085639023,0.004745012409039618,2.6604926586151123,da3_bbox_median
right_rear,278,1772699938010645000,data\camera\right_rear_camera\1772699938010645000.jpg,3000054,3,person,0.684101,1706.0,622.0,1727.0,663.0,1706.0015869140625,622.0982055664062,1726.060791015625,662.4793090820312,matched,0,PEDESTRIAN_NORMAL,preprocessed/masks/right_rear_camera/masks/frame_000278_gt2d_000_track_-1_PEDESTRIAN_NORMAL.png,0.8268172740936279,1716.5,642.5,2.632702350616455,2.6237761974334717,0.12448787689208984,1.0,1.7776165289658872,0.007040524276297843,2.632702350616455,da3_bbox_median
right_rear,279,1772699938110561000,data\camera\right_rear_camera\1772699938110561000.jpg,3000054,3,person,0.693222,1707.0,622.0,1727.0,663.0,1707.2525634765625,622.1787109375,1727.3603515625,663.0020751953125,matched,0,PEDESTRIAN_NORMAL,preprocessed/masks/right_rear_camera/masks/frame_000279_gt2d_000_track_-1_PEDESTRIAN_NORMAL.png,0.8707833886146545,1717.0,642.5,2.7158753871917725,2.7061681747436523,0.12873125076293945,1.0,1.8349852709932688,0.007262950401683729,2.7158753871917725,da3_bbox_median
right_rear,280,1772699938210538000,data\camera\right_rear_camera\1772699938210538000.jpg,3000054,3,person,0.617212,1709.0,622.0,1730.0,662.0,1708.682373046875,621.843017578125,1729.4493408203125,662.1749267578125,matched,0,PEDESTRIAN_NORMAL,preprocessed/masks/right_rear_camera/masks/frame_000280_gt2d_000_track_-1_PEDESTRIAN_NORMAL.png,0.8837727308273315,1719.5,642.0,2.701836109161377,2.6847856044769287,0.11314749717712402,1.0,1.8315173690953064,0.006022077288936437,2.701836109161377,da3_bbox_median
right_rear,281,1772699938310546000,data\camera\right_rear_camera\1772699938310546000.jpg,3000054,3,person,0.594525,1711.0,621.0,1731.0,661.0,1710.3958740234375,621.191650390625,1730.7598876953125,661.3289794921875,matched,0,PEDESTRIAN_NORMAL,preprocessed/masks/right_rear_camera/masks/frame_000281_gt2d_000_track_-1_PEDESTRIAN_NORMAL.png,0.8914852142333984,1721.0,641.0,2.6691057682037354,2.6517956256866455,0.11400318145751953,1.0,1.8128970799796253,0.0035716227540617323,2.6691057682037354,da3_bbox_median
right_rear,282,1772699938410553000,data\camera\right_rear_camera\1772699938410553000.jpg,3000054,3,person,0.463344,1712.0,621.0,1732.0,661.0,1711.6256103515625,620.990478515625,1731.8173828125,661.0521850585938,matched,0,PEDESTRIAN_NORMAL,preprocessed/masks/right_rear_camera/masks/frame_000282_gt2d_000_track_-1_PEDESTRIAN_NORMAL.png,0.8692724704742432,1722.0,641.0,2.658910036087036,2.6417455673217773,0.10860252380371094,1.0,1.8083408437399413,0.003557979492241191,2.658910036087036,da3_bbox_median
right_rear,283,1772699938510561000,data\camera\right_rear_camera\1772699938510561000.jpg,3000054,3,person,0.539522,1714.0,622.0,1732.0,660.0,1713.87841796875,622.0392456054688,1732.679931640625,660.7485961914062,matched,0,PEDESTRIAN_NORMAL,preprocessed/masks/right_rear_camera/masks/frame_000283_gt2d_000_track_-1_PEDESTRIAN_NORMAL.png,0.8675060272216797,1723.0,641.0,2.671365261077881,2.650787830352783,0.10773181915283203,1.0,1.8191916738366645,0.0035746462596335515,2.671365261077881,da3_bbox_median
right_rear,284,1772699938610537000,data\camera\right_rear_camera\1772699938610537000.jpg,3000054,3,person,0.356883,1716.0,622.0,1734.0,659.0,1715.63818359375,622.114013671875,1733.894775390625,659.6380004882812,matched,0,PEDESTRIAN_NORMAL,preprocessed/masks/right_rear_camera/masks/frame_000284_gt2d_000_track_-1_PEDESTRIAN_NORMAL.png,0.8326396346092224,1725.0,640.5,2.603109359741211,2.5835154056549072,0.09679794311523438,1.0,1.7773479030155728,0.0023239525709119685,2.603109359741211,da3_bbox_median
right_rear,285,1772699938710545000,data\camera\right_rear_camera\1772699938710545000.jpg,-1,2,motorcycle,0.362538,1716.0,622.0,1736.0,661.0,1716.0,622.0,1736.0,661.0,unassigned,0,CYCLIST_MOTOR,preprocessed/masks/right_rear_camera/masks/frame_000285_gt2d_000_track_-1_CYCLIST_MOTOR.png,0.8334514498710632,1726.0,641.5,2.6426308155059814,2.6263301372528076,0.10678434371948242,1.0,1.80668667154978,0.0047131556523871635,2.6426308155059814,da3_bbox_median
right_rear,286,1772699938810552000,data\camera\right_rear_camera\1772699938810552000.jpg,-1,3,person,0.421234,1718.0,622.0,1736.0,661.0,1718.0,622.0,1736.0,661.0,unassigned,0,PEDESTRIAN_NORMAL,preprocessed/masks/right_rear_camera/masks/frame_000286_gt2d_000_track_-1_PEDESTRIAN_NORMAL.png,0.8146253824234009,1727.0,641.5,2.576615571975708,2.5577244758605957,0.11166858673095703,1.0,1.7638495906736684,0.004595416876178709,2.576615571975708,da3_bbox_median
right_rear,287,1772699938910560000,data\camera\right_rear_camera\1772699938910560000.jpg,-1,2,motorcycle,0.394159,1717.0,621.0,1737.0,662.0,1717.0,621.0,1737.0,662.0,unassigned,0,CYCLIST_MOTOR,preprocessed/masks/right_rear_camera/masks/frame_000287_gt2d_000_track_-1_CYCLIST_MOTOR.png,0.8221257925033569,1727.0,641.5,2.551764965057373,2.5426626205444336,0.11990165710449219,1.0,1.746837843435299,0.004551095596878114,2.551764965057373,da3_bbox_median
right_rear,288,1772699939010523000,data\camera\right_rear_camera\1772699939010523000.jpg,-1,3,person,0.43375,1719.0,622.0,1738.0,661.0,1719.0,622.0,1738.0,661.0,unassigned,0,PEDESTRIAN_NORMAL,preprocessed/masks/right_rear_camera/masks/frame_000288_gt2d_000_track_-1_PEDESTRIAN_NORMAL.png,0.8478103280067444,1728.5,641.5,2.6244425773620605,2.606288433074951,0.1064295768737793,1.0,1.8000973037745822,0.004680716767276164,2.6244425773620605,da3_bbox_median
right_rear,289,1772699939110653000,data\camera\right_rear_camera\1772699939110653000.jpg,3000054,3,person,0.61521,1721.0,622.0,1739.0,662.0,1720.9422607421875,622.081787109375,1738.9576416015625,661.8568115234375,matched,0,PEDESTRIAN_NORMAL,preprocessed/masks/right_rear_camera/masks/frame_000289_gt2d_000_track_-1_PEDESTRIAN_NORMAL.png,0.8496216535568237,1730.0,642.0,2.5888547897338867,2.570267915725708,0.10726499557495117,1.0,1.7791474162998187,0.005770255116787903,2.5888547897338867,da3_bbox_median
right_rear,290,1772699939210660000,data\camera\right_rear_camera\1772699939210660000.jpg,-1,3,person,0.309449,454.0,607.0,486.0,689.0,454.0,607.0,486.0,689.0,unassigned,1,PEDESTRIAN_NORMAL,preprocessed/masks/right_rear_camera/masks/frame_000290_gt2d_001_track_-1_PEDESTRIAN_NORMAL.png,0.6938204765319824,470.0,648.0,2.7182247638702393,2.7282376289367676,0.2544393539428711,1.0,-1.18329201487304,0.02058613632281551,2.7182247638702393,da3_bbox_median
right_rear,290,1772699939210660000,data\camera\right_rear_camera\1772699939210660000.jpg,3000054,3,person,0.635546,1722.0,622.0,1740.0,662.0,1721.758544921875,621.9509887695312,1739.758056640625,661.9547119140625,matched,0,PEDESTRIAN_NORMAL,preprocessed/masks/right_rear_camera/masks/frame_000290_gt2d_000_track_-1_PEDESTRIAN_NORMAL.png,0.8595806360244751,1731.0,642.0,2.611929178237915,2.5948562622070312,0.11475610733032227,1.0,1.797331909810632,0.0058216852351785165,2.611929178237915,da3_bbox_median
right_rear,291,1772699939310637000,data\camera\right_rear_camera\1772699939310637000.jpg,3000054,3,person,0.59915,1723.0,623.0,1741.0,662.0,1722.8314208984375,622.5929565429688,1740.8258056640625,662.0178833007812,matched,0,PEDESTRIAN_NORMAL,preprocessed/masks/right_rear_camera/masks/frame_000291_gt2d_000_track_-1_PEDESTRIAN_NORMAL.png,0.8583702445030212,1732.0,642.5,2.592630386352539,2.5739364624023438,0.11391544342041016,1.0,1.7863617524061168,0.006933361521217316,2.592630386352539,da3_bbox_median
right_rear,292,1772699939410645000,data\camera\right_rear_camera\1772699939410645000.jpg,3000054,3,person,0.583023,1725.0,622.0,1742.0,661.0,1724.344482421875,622.0364990234375,1741.6741943359375,661.232421875,matched,0,PEDESTRIAN_NORMAL,preprocessed/masks/right_rear_camera/masks/frame_000292_gt2d_000_track_-1_PEDESTRIAN_NORMAL.png,0.863032341003418,1733.5,641.5,2.5825393199920654,2.56347918510437,0.11558413505554199,1.0,1.7828600839355628,0.004605981933652039,2.5825393199920654,da3_bbox_median
right_rear,293,1772699939510652000,data\camera\right_rear_camera\1772699939510652000.jpg,3000054,3,person,0.467918,1726.0,621.0,1744.0,661.0,1725.8865966796875,621.0543823242188,1743.63818359375,660.8194580078125,matched,0,PEDESTRIAN_NORMAL,preprocessed/masks/right_rear_camera/masks/frame_000293_gt2d_000_track_-1_PEDESTRIAN_NORMAL.png,0.87444007396698,1735.0,641.0,2.616846799850464,2.597423553466797,0.1134185791015625,1.0,1.8100413838247533,0.0035016932208458387,2.616846799850464,da3_bbox_median
right_rear,294,1772699939610660000,data\camera\right_rear_camera\1772699939610660000.jpg,3000054,3,person,0.521685,1726.0,622.0,1746.0,661.0,1726.2420654296875,621.558349609375,1745.4677734375,660.8771362304688,matched,0,PEDESTRIAN_NORMAL,preprocessed/masks/right_rear_camera/masks/frame_000294_gt2d_000_track_-1_PEDESTRIAN_NORMAL.png,0.8764735460281372,1736.0,641.5,2.617187976837158,2.6023976802825928,0.11914229393005371,1.0,1.812609060576705,0.004667778122472233,2.617187976837158,da3_bbox_median
right_rear,295,1772699939710637000,data\camera\right_rear_camera\1772699939710637000.jpg,3000054,3,person,0.473087,1727.0,622.0,1746.0,661.0,1727.0736083984375,621.6511840820312,1746.2066650390625,660.7916870117188,matched,0,PEDESTRIAN_NORMAL,preprocessed/masks/right_rear_camera/masks/frame_000295_gt2d_000_track_-1_PEDESTRIAN_NORMAL.png,0.862724781036377,1736.5,641.5,2.627155303955078,2.60811448097229,0.11265707015991211,1.0,1.820682504996939,0.004685554939373546,2.627155303955078,da3_bbox_median
right_rear,296,1772699939810644000,data\camera\right_rear_camera\1772699939810644000.jpg,3000054,3,person,0.467941,1728.0,623.0,1747.0,663.0,1728.131103515625,622.5958251953125,1747.218505859375,662.3272094726562,matched,0,PEDESTRIAN_NORMAL,preprocessed/masks/right_rear_camera/masks/frame_000296_gt2d_000_track_-1_PEDESTRIAN_NORMAL.png,0.8551159501075745,1737.5,643.0,2.501725196838379,2.4841270446777344,0.10738039016723633,1.0,1.7359852122939787,0.007804461828819624,2.501725196838379,da3_bbox_median
right_rear,297,1772699939910651000,data\camera\right_rear_camera\1772699939910651000.jpg,3000054,3,person,0.552896,1728.0,623.0,1747.0,661.0,1728.2545166015625,622.7734985351562,1747.31982421875,661.41064453125,matched,0,PEDESTRIAN_NORMAL,preprocessed/masks/right_rear_camera/masks/frame_000297_gt2d_000_track_-1_PEDESTRIAN_NORMAL.png,0.8650683760643005,1737.5,642.0,2.528139591217041,2.5104756355285645,0.11049795150756836,1.0,1.7543145628121766,0.005634928026872352,2.528139591217041,da3_bbox_median
right_rear,298,1772699940010645000,data\camera\right_rear_camera\1772699940010645000.jpg,3000054,3,person,0.527975,1729.0,624.0,1748.0,660.0,1728.98828125,623.5028076171875,1748.0416259765625,660.3795166015625,matched,0,PEDESTRIAN_NORMAL,preprocessed/masks/right_rear_camera/masks/frame_000298_gt2d_000_track_-1_PEDESTRIAN_NORMAL.png,0.8754542469978333,1738.5,642.0,2.508920192718506,2.4918713569641113,0.09934043884277344,1.0,1.7432131609924353,0.005592090231192372,2.508920192718506,da3_bbox_median
right_rear,299,1772699940110561000,data\camera\right_rear_camera\1772699940110561000.jpg,-1,2,motorcycle,0.471652,1729.0,624.0,1749.0,662.0,1729.0,624.0,1749.0,662.0,unassigned,0,CYCLIST_MOTOR,preprocessed/masks/right_rear_camera/masks/frame_000299_gt2d_000_track_-1_CYCLIST_MOTOR.png,0.8889024257659912,1739.0,643.0,2.516207218170166,2.5018863677978516,0.10853147506713867,1.0,1.7493970928356504,0.007849640405120059,2.516207218170166,da3_bbox_median
right_rear,300,1772699940210538000,data\camera\right_rear_camera\1772699940210538000.jpg,3000054,3,person,0.575379,1731.0,624.0,1750.0,661.0,1730.9466552734375,623.7274780273438,1749.9761962890625,660.6585083007812,matched,0,PEDESTRIAN_NORMAL,preprocessed/masks/right_rear_camera/masks/frame_000300_gt2d_000_track_-1_PEDESTRIAN_NORMAL.png,0.885783314704895,1740.5,642.5,2.605032444000244,2.5850934982299805,0.0982351303100586,1.0,1.8146342619784919,0.006966527818168533,2.605032444000244,da3_bbox_median
right_rear,301,1772699940310546000,data\camera\right_rear_camera\1772699940310546000.jpg,3000054,3,person,0.614414,1733.0,623.0,1751.0,661.0,1732.566650390625,623.0780029296875,1750.8966064453125,660.7430419921875,matched,0,PEDESTRIAN_NORMAL,preprocessed/masks/right_rear_camera/masks/frame_000301_gt2d_000_track_-1_PEDESTRIAN_NORMAL.png,0.8926570415496826,1742.0,642.0,2.5640203952789307,2.545870065689087,0.10809135437011719,1.0,1.7894922437348997,0.00571490215058667,2.5640203952789307,da3_bbox_median
right_rear,302,1772699940410553000,data\camera\right_rear_camera\1772699940410553000.jpg,3000054,3,person,0.526927,1732.0,622.0,1752.0,662.0,1732.7000732421875,622.0770874023438,1752.1253662109375,661.3191528320312,matched,0,PEDESTRIAN_NORMAL,preprocessed/masks/right_rear_camera/masks/frame_000302_gt2d_000_track_-1_PEDESTRIAN_NORMAL.png,0.8825204372406006,1742.0,642.0,2.6335976123809814,2.6185672283172607,0.10914397239685059,1.0,1.838051877103664,0.005869981645422392,2.6335976123809814,da3_bbox_median
right_rear,303,1772699940510561000,data\camera\right_rear_camera\1772699940510561000.jpg,-1,2,motorcycle,0.422665,1734.0,622.0,1753.0,662.0,1734.0,622.0,1753.0,662.0,unassigned,0,CYCLIST_MOTOR,preprocessed/masks/right_rear_camera/masks/frame_000303_gt2d_000_track_-1_CYCLIST_MOTOR.png,0.8360159397125244,1743.5,642.0,2.583995819091797,2.5653765201568604,0.11423158645629883,1.0,1.8068867543189295,0.005759425038437806,2.583995819091797,da3_bbox_median
right_rear,304,1772699940610537000,data\camera\right_rear_camera\1772699940610537000.jpg,-1,3,person,0.445193,1735.0,622.0,1754.0,661.0,1735.0,622.0,1754.0,661.0,unassigned,0,PEDESTRIAN_NORMAL,preprocessed/masks/right_rear_camera/masks/frame_000304_gt2d_000_track_-1_PEDESTRIAN_NORMAL.png,0.8478355407714844,1744.5,641.5,2.589473247528076,2.571532726287842,0.11151123046875,1.0,1.8130239021331382,0.004618348655317371,2.589473247528076,da3_bbox_median
right_rear,305,1772699940710545000,data\camera\right_rear_camera\1772699940710545000.jpg,3000054,3,person,0.506291,1736.0,623.0,1755.0,660.0,1735.679931640625,622.6826782226562,1754.7557373046875,660.0853881835938,matched,0,PEDESTRIAN_NORMAL,preprocessed/masks/right_rear_camera/masks/frame_000305_gt2d_000_track_-1_PEDESTRIAN_NORMAL.png,0.8706390261650085,1745.5,641.5,2.5178356170654297,2.499596118927002,0.10060667991638184,1.0,1.765109873114424,0.004490582301819371,2.5178356170654297,da3_bbox_median
right_rear,306,1772699940810552000,data\camera\right_rear_camera\1772699940810552000.jpg,-1,2,motorcycle,0.418905,1737.0,623.0,1756.0,660.0,1737.0,623.0,1756.0,660.0,unassigned,0,CYCLIST_MOTOR,preprocessed/masks/right_rear_camera/masks/frame_000306_gt2d_000_track_-1_CYCLIST_MOTOR.png,0.8184353113174438,1746.5,641.5,2.518981695175171,2.5007195472717285,0.09778189659118652,1.0,1.7681575180391793,0.004492626342360073,2.518981695175171,da3_bbox_median
right_rear,307,1772699940910560000,data\camera\right_rear_camera\1772699940910560000.jpg,-1,2,motorcycle,0.325005,1738.0,623.0,1757.0,660.0,1738.0,623.0,1757.0,660.0,unassigned,0,CYCLIST_MOTOR,preprocessed/masks/right_rear_camera/masks/frame_000307_gt2d_000_track_-1_CYCLIST_MOTOR.png,0.8033449649810791,1747.5,641.5,2.553839683532715,2.5357460975646973,0.10138607025146484,1.0,1.79490075703173,0.004554795875801598,2.553839683532715,da3_bbox_median
right_rear,308,1772699941010523000,data\camera\right_rear_camera\1772699941010523000.jpg,-1,3,person,0.400593,1739.0,624.0,1758.0,662.0,1739.0,624.0,1758.0,662.0,unassigned,0,PEDESTRIAN_NORMAL,preprocessed/masks/right_rear_camera/masks/frame_000308_gt2d_000_track_-1_PEDESTRIAN_NORMAL.png,0.8034127950668335,1748.5,643.0,2.567809581756592,2.549848794937134,0.11211013793945312,1.0,1.807006838749656,0.00801062078673675,2.567809581756592,da3_bbox_median
right_rear,309,1772699941110653000,data\camera\right_rear_camera\1772699941110653000.jpg,3000054,3,person,0.553245,1739.0,623.0,1757.0,660.0,1738.87451171875,622.8482055664062,1756.9886474609375,659.869384765625,matched,0,PEDESTRIAN_NORMAL,preprocessed/masks/right_rear_camera/masks/frame_000309_gt2d_000_track_-1_PEDESTRIAN_NORMAL.png,0.8201993107795715,1748.0,641.5,2.6309289932250977,2.610713481903076,0.10106325149536133,1.0,1.8502529676612436,0.004692285347877444,2.6309289932250977,da3_bbox_median
right_rear,310,1772699941210660000,data\camera\right_rear_camera\1772699941210660000.jpg,-1,2,motorcycle,0.475269,1739.0,623.0,1759.0,661.0,1739.0,623.0,1759.0,661.0,unassigned,0,CYCLIST_MOTOR,preprocessed/masks/right_rear_camera/masks/frame_000310_gt2d_000_track_-1_CYCLIST_MOTOR.png,0.7933773398399353,1749.0,642.0,2.5725924968719482,2.5572824478149414,0.11319231986999512,1.0,1.8115186282077846,0.005734008364374667,2.5725924968719482,da3_bbox_median
right_rear,310,1772699941210660000,data\camera\right_rear_camera\1772699941210660000.jpg,-1,3,person,0.354368,598.0,611.0,623.0,674.0,598.0,611.0,623.0,674.0,unassigned,1,PEDESTRIAN_NORMAL,preprocessed/masks/right_rear_camera/masks/frame_000310_gt2d_001_track_-1_PEDESTRIAN_NORMAL.png,0.7655273079872131,610.5,642.5,2.6371254920959473,2.6363577842712402,0.19145703315734863,1.0,-0.8178901320054515,0.007052352896026379,2.6371254920959473,da3_bbox_median
right_rear,311,1772699941310637000,data\camera\right_rear_camera\1772699941310637000.jpg,3000054,3,person,0.551608,1742.0,624.0,1759.0,659.0,1741.4151611328125,623.6434936523438,1758.61962890625,659.0556030273438,matched,0,PEDESTRIAN_NORMAL,preprocessed/masks/right_rear_camera/masks/frame_000311_gt2d_000_track_-1_PEDESTRIAN_NORMAL.png,0.7904796600341797,1750.5,641.5,2.5917818546295166,2.572817325592041,0.10141873359680176,1.0,1.8284946016257722,0.004622466076693618,2.5917818546295166,da3_bbox_median
right_rear,312,1772699941410645000,data\camera\right_rear_camera\1772699941410645000.jpg,3000054,3,person,0.570142,1743.0,624.0,1760.0,660.0,1742.6739501953125,623.7713623046875,1759.7098388671875,659.5380859375,matched,0,PEDESTRIAN_NORMAL,preprocessed/masks/right_rear_camera/masks/frame_000312_gt2d_000_track_-1_PEDESTRIAN_NORMAL.png,0.817055344581604,1751.5,642.0,2.686497449874878,2.666207790374756,0.10238313674926758,1.0,1.8977096176089339,0.0059878892079426455,2.686497449874878,da3_bbox_median
right_rear,313,1772699941510652000,data\camera\right_rear_camera\1772699941510652000.jpg,3000054,3,person,0.640477,1744.0,625.0,1761.0,661.0,1743.6422119140625,624.5204467773438,1760.6221923828125,660.4068603515625,matched,0,PEDESTRIAN_NORMAL,preprocessed/masks/right_rear_camera/masks/frame_000313_gt2d_000_track_-1_PEDESTRIAN_NORMAL.png,0.7973892688751221,1752.5,643.0,2.584521532058716,2.56553053855896,0.09859824180603027,1.0,1.8279776365701423,0.008062755920676675,2.584521532058716,da3_bbox_median
right_rear,314,1772699941610660000,data\camera\right_rear_camera\1772699941610660000.jpg,3000054,3,person,0.671422,1745.0,624.0,1762.0,660.0,1744.626708984375,624.1885375976562,1761.5894775390625,660.1234130859375,matched,0,PEDESTRIAN_NORMAL,preprocessed/masks/right_rear_camera/masks/frame_000314_gt2d_000_track_-1_PEDESTRIAN_NORMAL.png,0.8141201138496399,1753.5,642.0,2.560558795928955,2.541642427444458,0.09700202941894531,1.0,1.8133105351092815,0.0057071866497247934,2.560558795928955,da3_bbox_median
right_rear,315,1772699941710637000,data\camera\right_rear_camera\1772699941710637000.jpg,3000054,3,person,0.699313,1747.0,624.0,1763.0,660.0,1746.3551025390625,623.9873046875,1762.6478271484375,659.9434204101562,matched,0,PEDESTRIAN_NORMAL,preprocessed/masks/right_rear_camera/masks/frame_000315_gt2d_000_track_-1_PEDESTRIAN_NORMAL.png,0.8397942781448364,1755.0,642.0,2.539267063140869,2.5218427181243896,0.09498429298400879,1.0,1.8016257738175052,0.005659729862827,2.539267063140869,da3_bbox_median
right_rear,316,1772699941810644000,data\camera\right_rear_camera\1772699941810644000.jpg,3000054,3,person,0.379575,1747.0,624.0,1763.0,659.0,1747.0194091796875,623.9262084960938,1763.0640869140625,659.230224609375,matched,0,PEDESTRIAN_NORMAL,preprocessed/masks/right_rear_camera/masks/frame_000316_gt2d_000_track_-1_PEDESTRIAN_NORMAL.png,0.8214430809020996,1755.0,641.5,2.5950851440429688,2.577392578125,0.09626221656799316,1.0,1.8412290493681536,0.004628357522853684,2.5950851440429688,da3_bbox_median
right_rear,317,1772699941910651000,data\camera\right_rear_camera\1772699941910651000.jpg,3000054,3,person,0.503755,1748.0,625.0,1764.0,660.0,1747.6820068359375,624.7019653320312,1763.642578125,659.7621459960938,matched,0,PEDESTRIAN_NORMAL,preprocessed/masks/right_rear_camera/masks/frame_000317_gt2d_000_track_-1_PEDESTRIAN_NORMAL.png,0.8120628595352173,1756.0,642.5,2.5348691940307617,2.5174763202667236,0.09636139869689941,1.0,1.8007638081403439,0.0067788932135204125,2.5348691940307617,da3_bbox_median
right_rear,318,1772699942010645000,data\camera\right_rear_camera\1772699942010645000.jpg,3000054,3,person,0.362575,1749.0,625.0,1764.0,659.0,1748.6290283203125,624.9450073242188,1763.8941650390625,659.2534790039062,matched,0,PEDESTRIAN_NORMAL,preprocessed/masks/right_rear_camera/masks/frame_000318_gt2d_000_track_-1_PEDESTRIAN_NORMAL.png,0.8240265846252441,1756.5,642.0,2.5133137702941895,2.4934744834899902,0.08806157112121582,1.0,1.7865704698082916,0.0056018830027250305,2.5133137702941895,da3_bbox_median
right_rear,319,1772699942110561000,data\camera\right_rear_camera\1772699942110561000.jpg,3000054,3,person,0.46277,1749.0,625.0,1765.0,660.0,1749.0380859375,624.9915161132812,1764.732421875,659.6946411132812,matched,0,PEDESTRIAN_NORMAL,preprocessed/masks/right_rear_camera/masks/frame_000319_gt2d_000_track_-1_PEDESTRIAN_NORMAL.png,0.8294789791107178,1757.0,642.5,2.493244171142578,2.4757678508758545,0.09067225456237793,1.0,1.7734147767198845,0.006667577179606784,2.493244171142578,da3_bbox_median
right_rear,320,1772699942210538000,data\camera\right_rear_camera\1772699942210538000.jpg,3000054,3,person,0.628895,1750.0,624.0,1765.0,659.0,1749.710693359375,624.2783813476562,1764.89697265625,659.1319580078125,matched,0,PEDESTRIAN_NORMAL,preprocessed/masks/right_rear_camera/masks/frame_000320_gt2d_000_track_-1_PEDESTRIAN_NORMAL.png,0.8289734125137329,1757.5,641.5,2.5731935501098633,2.5547029972076416,0.09769248962402344,1.0,1.8314280610813587,0.00458931366962978,2.5731935501098633,da3_bbox_median
right_rear,321,1772699942310546000,data\camera\right_rear_camera\1772699942310546000.jpg,3000054,3,person,0.565751,1750.0,625.0,1766.0,659.0,1749.9840087890625,624.7003173828125,1765.6600341796875,658.9534912109375,matched,0,PEDESTRIAN_NORMAL,preprocessed/masks/right_rear_camera/masks/frame_000321_gt2d_000_track_-1_PEDESTRIAN_NORMAL.png,0.8293882012367249,1758.0,642.0,2.6442794799804688,2.6228678226470947,0.09233307838439941,1.0,1.8832002114788688,0.00589379028135563,2.6442794799804688,da3_bbox_median
right_rear,322,1772699942410553000,data\camera\right_rear_camera\1772699942410553000.jpg,3000054,3,person,0.553983,1751.0,625.0,1767.0,659.0,1750.647216796875,624.9146728515625,1766.502685546875,658.945556640625,matched,0,PEDESTRIAN_NORMAL,preprocessed/masks/right_rear_camera/masks/frame_000322_gt2d_000_track_-1_PEDESTRIAN_NORMAL.png,0.8328375816345215,1759.0,642.0,2.6184988021850586,2.5978362560272217,0.0944066047668457,1.0,1.8671726117397034,0.005836328160052752,2.6184988021850586,da3_bbox_median
right_rear,323,1772699942510561000,data\camera\right_rear_camera\1772699942510561000.jpg,3000054,3,person,0.326163,1751.0,626.0,1766.0,659.0,1750.8004150390625,625.6609497070312,1766.067138671875,658.9493408203125,matched,0,PEDESTRIAN_NORMAL,preprocessed/masks/right_rear_camera/masks/frame_000323_gt2d_000_track_-1_PEDESTRIAN_NORMAL.png,0.830540657043457,1758.5,642.5,2.601123332977295,2.5818052291870117,0.09615850448608398,1.0,1.8536239998300916,0.006956073848296332,2.601123332977295,da3_bbox_median
right_rear,324,1772699942610537000,data\camera\right_rear_camera\1772699942610537000.jpg,3000054,3,person,0.36078,1753.0,626.0,1767.0,659.0,1752.2620849609375,625.8047485351562,1766.634765625,658.82275390625,matched,0,PEDESTRIAN_NORMAL,preprocessed/masks/right_rear_camera/masks/frame_000324_gt2d_000_track_-1_PEDESTRIAN_NORMAL.png,0.8196607828140259,1760.0,642.5,2.5585744380950928,2.53159236907959,0.09588122367858887,1.0,1.826721822106317,0.0068422871426789475,2.5585744380950928,da3_bbox_median
right_rear,325,1772699942710545000,data\camera\right_rear_camera\1772699942710545000.jpg,3000054,3,person,0.56341,1755.0,626.0,1768.0,659.0,1754.138916015625,625.8819580078125,1767.505126953125,658.8089599609375,matched,0,PEDESTRIAN_NORMAL,preprocessed/masks/right_rear_camera/masks/frame_000325_gt2d_000_track_-1_PEDESTRIAN_NORMAL.png,0.8381569385528564,1761.5,642.5,2.5949788093566895,2.5670530796051025,0.09437346458435059,1.0,1.8561809691368405,0.006939641809290088,2.5949788093566895,da3_bbox_median
right_rear,333,1772699943510652000,data\camera\right_rear_camera\1772699943510652000.jpg,-1,3,person,0.349731,1893.0,610.0,1911.0,657.0,1893.0,610.0,1911.0,657.0,unassigned,0,PEDESTRIAN_NORMAL,preprocessed/masks/right_rear_camera/masks/frame_000333_gt2d_000_track_-1_PEDESTRIAN_NORMAL.png,0.7921937704086304,1902.0,633.5,2.6605467796325684,2.650394916534424,0.13846278190612793,1.0,2.2361111883678535,-0.014213919209038316,2.6605467796325684,da3_bbox_median
right_rear,334,1772699943610660000,data\camera\right_rear_camera\1772699943610660000.jpg,-1,3,person,0.445485,1893.0,610.0,1911.0,657.0,1893.0,610.0,1911.0,657.0,unassigned,0,PEDESTRIAN_NORMAL,preprocessed/masks/right_rear_camera/masks/frame_000334_gt2d_000_track_-1_PEDESTRIAN_NORMAL.png,0.8367645740509033,1902.0,633.5,2.631057024002075,2.6215364933013916,0.13817477226257324,1.0,2.2113259175308992,-0.01405637076552476,2.631057024002075,da3_bbox_median
right_rear,334,1772699943610660000,data\camera\right_rear_camera\1772699943610660000.jpg,-1,3,person,0.303487,1901.0,611.0,1916.0,659.0,1901.0,611.0,1916.0,659.0,unassigned,1,PEDESTRIAN_NORMAL,preprocessed/masks/right_rear_camera/masks/frame_000334_gt2d_001_track_-1_PEDESTRIAN_NORMAL.png,0.8132563829421997,1908.5,635.0,2.6326332092285156,2.6175994873046875,0.14062762260437012,1.0,2.227896074014895,-0.010547269691192187,2.6326332092285156,da3_bbox_median
right_rear,335,1772699943710637000,data\camera\right_rear_camera\1772699943710637000.jpg,-1,3,person,0.352192,1893.0,610.0,1911.0,657.0,1893.0,610.0,1911.0,657.0,unassigned,0,PEDESTRIAN_NORMAL,preprocessed/masks/right_rear_camera/masks/frame_000335_gt2d_000_track_-1_PEDESTRIAN_NORMAL.png,0.8154193162918091,1902.0,633.5,2.6524658203125,2.643921136856079,0.13626909255981445,1.0,2.2293193801250206,-0.014170746841694021,2.6524658203125,da3_bbox_median
right_rear,336,1772699943810644000,data\camera\right_rear_camera\1772699943810644000.jpg,-1,3,person,0.380728,1893.0,610.0,1912.0,658.0,1893.0,610.0,1912.0,658.0,unassigned,0,PEDESTRIAN_NORMAL,preprocessed/masks/right_rear_camera/masks/frame_000336_gt2d_000_track_-1_PEDESTRIAN_NORMAL.png,0.8268498182296753,1902.5,634.0,2.67086124420166,2.6612977981567383,0.13930153846740723,1.0,2.2459699454707587,-0.013079490977769805,2.67086124420166,da3_bbox_median
right_rear,337,1772699943910651000,data\camera\right_rear_camera\1772699943910651000.jpg,-1,3,person,0.317396,1893.0,611.0,1912.0,658.0,1893.0,611.0,1912.0,658.0,unassigned,0,PEDESTRIAN_NORMAL,preprocessed/masks/right_rear_camera/masks/frame_000337_gt2d_000_track_-1_PEDESTRIAN_NORMAL.png,0.8473296761512756,1902.5,634.5,2.648777961730957,2.639261245727539,0.13817214965820312,1.0,2.227399759979387,-0.011791649070271065,2.648777961730957,da3_bbox_median
right_rear,338,1772699944010645000,data\camera\right_rear_camera\1772699944010645000.jpg,-1,3,person,0.315281,644.0,535.0,687.0,646.0,644.0,535.0,687.0,646.0,unassigned,0,PEDESTRIAN_NORMAL,preprocessed/masks/right_rear_camera/masks/frame_000338_gt2d_000_track_-1_PEDESTRIAN_NORMAL.png,0.7053985595703125,665.5,590.5,2.8408946990966797,2.86611270904541,0.4065122604370117,1.0,-0.7418834760165753,-0.12398992153790138,2.8408946990966797,da3_bbox_median
right_rear,339,1772699944110561000,data\camera\right_rear_camera\1772699944110561000.jpg,-1,3,person,0.384623,641.0,536.0,686.0,637.0,641.0,536.0,686.0,637.0,unassigned,0,PEDESTRIAN_NORMAL,preprocessed/masks/right_rear_camera/masks/frame_000339_gt2d_000_track_-1_PEDESTRIAN_NORMAL.png,0.7222328782081604,663.5,586.5,2.8029160499572754,2.8183372020721436,0.3527030944824219,1.0,-0.7369598808987644,-0.13231913082407146,2.8029160499572754,da3_bbox_median
right_rear,340,1772699944210538000,data\camera\right_rear_camera\1772699944210538000.jpg,-1,3,person,0.346161,643.0,536.0,686.0,636.0,643.0,536.0,686.0,636.0,unassigned,0,PEDESTRIAN_NORMAL,preprocessed/masks/right_rear_camera/masks/frame_000340_gt2d_000_track_-1_PEDESTRIAN_NORMAL.png,0.7151645421981812,664.5,586.0,2.8187923431396484,2.8353312015533447,0.3559250831604004,1.0,-0.7386228724427586,-0.13432403137650809,2.8187923431396484,da3_bbox_median
right_rear,341,1772699944310546000,data\camera\right_rear_camera\1772699944310546000.jpg,-1,3,person,0.366534,639.0,536.0,686.0,638.0,639.0,536.0,686.0,638.0,unassigned,0,PEDESTRIAN_NORMAL,preprocessed/masks/right_rear_camera/masks/frame_000341_gt2d_000_track_-1_PEDESTRIAN_NORMAL.png,0.7383720874786377,662.5,587.0,2.8322677612304688,2.8535375595092773,0.36060094833374023,1.0,-0.7472005191493172,-0.13244333729303492,2.8322677612304688,da3_bbox_median
right_rear,342,1772699944410553000,data\camera\right_rear_camera\1772699944410553000.jpg,-1,3,person,0.347014,642.0,536.0,686.0,637.0,642.0,536.0,686.0,637.0,unassigned,0,PEDESTRIAN_NORMAL,preprocessed/masks/right_rear_camera/masks/frame_000342_gt2d_000_track_-1_PEDESTRIAN_NORMAL.png,0.7166101336479187,664.0,586.5,2.815939426422119,2.831787586212158,0.3539242744445801,1.0,-0.7391296873532247,-0.132933934058813,2.815939426422119,da3_bbox_median
right_rear,343,1772699944510561000,data\camera\right_rear_camera\1772699944510561000.jpg,-1,3,person,0.319991,640.0,536.0,686.0,637.0,640.0,536.0,686.0,637.0,unassigned,0,PEDESTRIAN_NORMAL,preprocessed/masks/right_rear_camera/masks/frame_000343_gt2d_000_track_-1_PEDESTRIAN_NORMAL.png,0.7360163927078247,663.0,586.5,2.8322625160217285,2.847541332244873,0.3565645217895508,1.0,-0.7459374845705177,-0.13370450905631132,2.8322625160217285,da3_bbox_median
right_rear,344,1772699944610537000,data\camera\right_rear_camera\1772699944610537000.jpg,-1,3,person,0.3459,640.0,536.0,686.0,637.0,640.0,536.0,686.0,637.0,unassigned,0,PEDESTRIAN_NORMAL,preprocessed/masks/right_rear_camera/masks/frame_000344_gt2d_000_track_-1_PEDESTRIAN_NORMAL.png,0.7200758457183838,663.0,586.5,2.8244364261627197,2.8404805660247803,0.3515799045562744,1.0,-0.7438763148341573,-0.13333505760309675,2.8244364261627197,da3_bbox_median
right_rear,345,1772699944710545000,data\camera\right_rear_camera\1772699944710545000.jpg,-1,3,person,0.338965,641.0,536.0,686.0,638.0,641.0,536.0,686.0,638.0,unassigned,0,PEDESTRIAN_NORMAL,preprocessed/masks/right_rear_camera/masks/frame_000345_gt2d_000_track_-1_PEDESTRIAN_NORMAL.png,0.7302300930023193,663.5,587.0,2.8433916568756104,2.864975690841675,0.3635702133178711,1.0,-0.7476019757464842,-0.13296351616987317,2.8433916568756104,da3_bbox_median
right_rear,346,1772699944810552000,data\camera\right_rear_camera\1772699944810552000.jpg,-1,3,person,0.353262,643.0,536.0,686.0,637.0,643.0,536.0,686.0,637.0,unassigned,0,PEDESTRIAN_NORMAL,preprocessed/masks/right_rear_camera/masks/frame_000346_gt2d_000_track_-1_PEDESTRIAN_NORMAL.png,0.7188442945480347,664.5,586.5,2.8309946060180664,2.8471415042877197,0.3558955192565918,1.0,-0.7418202950835197,-0.13364465398157574,2.8309946060180664,da3_bbox_median
right_rear,347,1772699944910560000,data\camera\right_rear_camera\1772699944910560000.jpg,-1,3,person,0.40699,642.0,536.0,686.0,637.0,642.0,536.0,686.0,637.0,unassigned,0,PEDESTRIAN_NORMAL,preprocessed/masks/right_rear_camera/masks/frame_000347_gt2d_000_track_-1_PEDESTRIAN_NORMAL.png,0.7279463410377502,664.0,586.5,2.834634304046631,2.8503434658050537,0.35462403297424316,1.0,-0.7440367314906298,-0.13381647563838528,2.834634304046631,da3_bbox_median
right_rear,348,1772699945010523000,data\camera\right_rear_camera\1772699945010523000.jpg,-1,3,person,0.354302,642.0,536.0,686.0,636.0,642.0,536.0,686.0,636.0,unassigned,0,PEDESTRIAN_NORMAL,preprocessed/masks/right_rear_camera/masks/frame_000348_gt2d_000_track_-1_PEDESTRIAN_NORMAL.png,0.739352822303772,664.0,586.0,2.8188059329986572,2.8347268104553223,0.35622334480285645,1.0,-0.7398820899403801,-0.13432467897463726,2.8188059329986572,da3_bbox_median
right_rear,349,1772699945110653000,data\camera\right_rear_camera\1772699945110653000.jpg,-1,3,person,0.385946,643.0,536.0,686.0,635.0,643.0,536.0,686.0,635.0,unassigned,0,PEDESTRIAN_NORMAL,preprocessed/masks/right_rear_camera/masks/frame_000349_gt2d_000_track_-1_PEDESTRIAN_NORMAL.png,0.7337546348571777,664.5,585.5,2.824069023132324,2.839763641357422,0.3481612205505371,1.0,-0.7400055484467705,-0.13583324910235453,2.824069023132324,da3_bbox_median
right_rear,351,1772699945310637000,data\camera\right_rear_camera\1772699945310637000.jpg,-1,3,person,0.327391,642.0,536.0,686.0,636.0,642.0,536.0,686.0,636.0,unassigned,0,PEDESTRIAN_NORMAL,preprocessed/masks/right_rear_camera/masks/frame_000351_gt2d_000_track_-1_PEDESTRIAN_NORMAL.png,0.740581750869751,664.0,586.0,2.8350772857666016,2.8508949279785156,0.35097599029541016,1.0,-0.7441530056324358,-0.13510005843991038,2.8350772857666016,da3_bbox_median
right_rear,352,1772699945410645000,data\camera\right_rear_camera\1772699945410645000.jpg,-1,3,person,0.318564,644.0,536.0,686.0,636.0,644.0,536.0,686.0,636.0,unassigned,0,PEDESTRIAN_NORMAL,preprocessed/masks/right_rear_camera/masks/frame_000352_gt2d_000_track_-1_PEDESTRIAN_NORMAL.png,0.7330667972564697,665.0,586.0,2.847797155380249,2.864036798477173,0.35279035568237305,1.0,-0.7449545839910331,-0.1357061989274305,2.847797155380249,da3_bbox_median
right_rear,353,1772699945510652000,data\camera\right_rear_camera\1772699945510652000.jpg,-1,3,person,0.330843,1894.0,611.0,1911.0,656.0,1894.0,611.0,1911.0,656.0,unassigned,0,PEDESTRIAN_NORMAL,preprocessed/masks/right_rear_camera/masks/frame_000353_gt2d_000_track_-1_PEDESTRIAN_NORMAL.png,0.8124908804893494,1902.5,633.5,2.6507773399353027,2.636030435562134,0.13297533988952637,1.0,2.229081069095066,-0.014161726168255293,2.6507773399353027,da3_bbox_median
right_rear,353,1772699945510652000,data\camera\right_rear_camera\1772699945510652000.jpg,-1,3,person,0.322504,643.0,536.0,686.0,636.0,643.0,536.0,686.0,636.0,unassigned,1,PEDESTRIAN_NORMAL,preprocessed/masks/right_rear_camera/masks/frame_000353_gt2d_001_track_-1_PEDESTRIAN_NORMAL.png,0.7438005208969116,664.5,586.0,2.8268091678619385,2.842613697052002,0.34872865676879883,1.0,-0.7407235628744818,-0.1347060574658572,2.8268091678619385,da3_bbox_median
right_rear,354,1772699945610660000,data\camera\right_rear_camera\1772699945610660000.jpg,-1,3,person,0.309122,642.0,536.0,686.0,636.0,642.0,536.0,686.0,636.0,unassigned,0,PEDESTRIAN_NORMAL,preprocessed/masks/right_rear_camera/masks/frame_000354_gt2d_000_track_-1_PEDESTRIAN_NORMAL.png,0.740166425704956,664.0,586.0,2.826744794845581,2.8428354263305664,0.34800124168395996,1.0,-0.7419658877734581,-0.13470298989577173,2.826744794845581,da3_bbox_median
right_rear,354,1772699945610660000,data\camera\right_rear_camera\1772699945610660000.jpg,-1,3,person,0.308513,1894.0,611.0,1911.0,657.0,1894.0,611.0,1911.0,657.0,unassigned,1,PEDESTRIAN_NORMAL,preprocessed/masks/right_rear_camera/masks/frame_000354_gt2d_001_track_-1_PEDESTRIAN_NORMAL.png,0.793401837348938,1902.5,634.0,2.6511740684509277,2.6365888118743896,0.13227105140686035,1.0,2.2294146844502403,-0.012983080788671254,2.6511740684509277,da3_bbox_median
right_rear,355,1772699945710637000,data\camera\right_rear_camera\1772699945710637000.jpg,-1,3,person,0.387827,1907.0,610.0,1919.0,666.0,1907.0,610.0,1919.0,666.0,unassigned,0,PEDESTRIAN_NORMAL,preprocessed/masks/right_rear_camera/masks/frame_000355_gt2d_000_track_-1_PEDESTRIAN_NORMAL.png,0.8666600584983826,1913.0,638.0,2.6819992065429688,2.669966220855713,0.15939664840698242,1.0,2.280425050742235,-0.0035780858063981847,2.6819992065429688,da3_bbox_median
right_rear,355,1772699945710637000,data\camera\right_rear_camera\1772699945710637000.jpg,-1,3,person,0.359604,1894.0,610.0,1914.0,658.0,1894.0,610.0,1914.0,658.0,unassigned,1,PEDESTRIAN_NORMAL,preprocessed/masks/right_rear_camera/masks/frame_000355_gt2d_001_track_-1_PEDESTRIAN_NORMAL.png,0.8223886489868164,1904.0,634.0,2.654764413833618,2.644813060760498,0.1331949234008789,1.0,2.235981612477929,-0.013000663091062261,2.654764413833618,da3_bbox_median
right_rear,355,1772699945710637000,data\camera\right_rear_camera\1772699945710637000.jpg,-1,3,person,0.319708,1897.0,607.0,1919.0,666.0,1897.0,607.0,1919.0,666.0,unassigned,2,PEDESTRIAN_NORMAL,preprocessed/masks/right_rear_camera/masks/frame_000355_gt2d_002_track_-1_PEDESTRIAN_NORMAL.png,0.8583627939224243,1908.0,636.5,2.6875693798065186,2.6847426891326904,0.17092514038085938,1.0,2.2731892427422777,-0.007176440333060691,2.6875693798065186,da3_bbox_median
right_rear,356,1772699945810644000,data\camera\right_rear_camera\1772699945810644000.jpg,-1,4,truck,0.457289,1898.0,553.0,1919.0,669.0,1898.0,553.0,1919.0,669.0,unassigned,0,VEHICLE_TRUCK,preprocessed/masks/right_rear_camera/masks/frame_000356_gt2d_000_track_-1_VEHICLE_TRUCK.png,0.9126222133636475,1908.5,611.0,2.861546277999878,2.8797495365142822,0.3931717872619629,1.0,2.421616386217396,-0.0726384225844634,2.861546277999878,da3_bbox_median
right_rear,356,1772699945810644000,data\camera\right_rear_camera\1772699945810644000.jpg,-1,3,person,0.308123,641.0,536.0,686.0,637.0,641.0,536.0,686.0,637.0,unassigned,1,PEDESTRIAN_NORMAL,preprocessed/masks/right_rear_camera/masks/frame_000356_gt2d_001_track_-1_PEDESTRIAN_NORMAL.png,0.7408652305603027,663.5,586.5,2.8181395530700684,2.8332738876342773,0.34015417098999023,1.0,-0.7409625377179142,-0.1330377969075644,2.8181395530700684,da3_bbox_median
right_rear,357,1772699945910651000,data\camera\right_rear_camera\1772699945910651000.jpg,4000000,4,truck,0.518325,1897.0,552.0,1919.0,669.0,1897.0,552.0,1919.0,669.0,tentative,0,VEHICLE_TRUCK,preprocessed/masks/right_rear_camera/masks/frame_000357_gt2d_000_track_-1_VEHICLE_TRUCK.png,0.9288567304611206,1908.0,610.5,2.8507838249206543,2.869396448135376,0.38757991790771484,1.0,2.4112386355063498,-0.0736348909276496,2.8507838249206543,da3_bbox_median
right_rear,358,1772699946010645000,data\camera\right_rear_camera\1772699946010645000.jpg,-1,3,person,0.325993,1780.0,627.0,1794.0,659.0,1780.0,627.0,1794.0,659.0,unassigned,1,PEDESTRIAN_NORMAL,preprocessed/masks/right_rear_camera/masks/frame_000358_gt2d_001_track_-1_PEDESTRIAN_NORMAL.png,0.6458476185798645,1787.0,643.0,2.6121749877929688,2.584258556365967,0.09254288673400879,1.0,1.9278255230759889,0.008149024524432866,2.6121749877929688,da3_bbox_median
right_rear,358,1772699946010645000,data\camera\right_rear_camera\1772699946010645000.jpg,4000000,4,truck,0.527315,1895.0,551.0,1919.0,669.0,1895.40087890625,551.2023315429688,1919.0008544921875,669.0023803710938,matched,0,VEHICLE_TRUCK,preprocessed/masks/right_rear_camera/masks/frame_000358_gt2d_000_track_-1_VEHICLE_TRUCK.png,0.9408060908317566,1907.0,610.0,2.8587324619293213,2.8780040740966797,0.39530205726623535,1.0,2.415414835999209,-0.07511340791278207,2.8587324619293213,da3_bbox_median
right_rear,359,1772699946110561000,data\camera\right_rear_camera\1772699946110561000.jpg,4000000,4,truck,0.543517,1893.0,548.0,1919.0,670.0,1893.59033203125,548.7395629882812,1918.9981689453125,669.7697143554688,matched,0,VEHICLE_TRUCK,preprocessed/masks/right_rear_camera/masks/frame_000359_gt2d_000_track_-1_VEHICLE_TRUCK.png,0.9510576128959656,1906.0,609.0,2.8860254287719727,2.909472703933716,0.4357292652130127,1.0,2.435904149249537,-0.078401255970943,2.8860254287719727,da3_bbox_median
right_rear,360,1772699946210538000,data\camera\right_rear_camera\1772699946210538000.jpg,4000000,4,truck,0.544273,1891.0,547.0,1919.0,670.0,1891.4671630859375,547.1401977539062,1919.001220703125,670.0291137695312,matched,0,VEHICLE_TRUCK,preprocessed/masks/right_rear_camera/masks/frame_000360_gt2d_000_track_-1_VEHICLE_TRUCK.png,0.947007417678833,1905.0,608.5,2.9163060188293457,2.941009283065796,0.43975329399108887,1.0,2.4588638255813584,-0.08052270098141123,2.9163060188293457,da3_bbox_median
right_rear,361,1772699946310546000,data\camera\right_rear_camera\1772699946310546000.jpg,-1,3,person,0.432271,1781.0,626.0,1796.0,659.0,1781.0,626.0,1796.0,659.0,unassigned,1,PEDESTRIAN_NORMAL,preprocessed/masks/right_rear_camera/masks/frame_000361_gt2d_001_track_-1_PEDESTRIAN_NORMAL.png,0.7594784498214722,1788.5,642.5,2.5998971462249756,2.5719857215881348,0.0950160026550293,1.0,1.9222387123504603,0.006952794709051837,2.5998971462249756,da3_bbox_median
right_rear,361,1772699946310546000,data\camera\right_rear_camera\1772699946310546000.jpg,4000000,4,truck,0.598642,1887.0,546.0,1919.0,670.0,1887.9443359375,545.9580078125,1918.998046875,670.0942993164062,matched,0,VEHICLE_TRUCK,preprocessed/masks/right_rear_camera/masks/frame_000361_gt2d_000_track_-1_VEHICLE_TRUCK.png,0.9495519399642944,1903.0,608.0,2.873856782913208,2.8972666263580322,0.4393627643585205,1.0,2.4179523205068247,-0.08063056881204264,2.873856782913208,da3_bbox_median
right_rear,362,1772699946410553000,data\camera\right_rear_camera\1772699946410553000.jpg,4000000,4,truck,0.581317,1883.0,544.0,1919.0,672.0,1884.0396728515625,544.1953735351562,1918.994873046875,671.5283813476562,matched,0,VEHICLE_TRUCK,preprocessed/masks/right_rear_camera/masks/frame_000362_gt2d_000_track_-1_VEHICLE_TRUCK.png,0.9405471086502075,1901.0,608.0,2.8967888355255127,2.928004026412964,0.4693570137023926,1.0,2.432084887645059,-0.08127396358980309,2.8967888355255127,da3_bbox_median
right_rear,363,1772699946510561000,data\camera\right_rear_camera\1772699946510561000.jpg,4000000,4,truck,0.589362,1879.0,543.0,1919.0,672.0,1880.008056640625,542.9402465820312,1918.9970703125,672.0174560546875,matched,0,VEHICLE_TRUCK,preprocessed/masks/right_rear_camera/masks/frame_000363_gt2d_000_track_-1_VEHICLE_TRUCK.png,0.9467805624008179,1899.0,607.5,2.917417526245117,2.9500136375427246,0.4685549736022949,1.0,2.444205981336464,-0.08315207682704759,2.917417526245117,da3_bbox_median
right_rear,364,1772699946610537000,data\camera\right_rear_camera\1772699946610537000.jpg,4000000,4,truck,0.656599,1874.0,541.0,1919.0,673.0,1875.306396484375,541.1849365234375,1918.993896484375,672.853759765625,matched,0,VEHICLE_TRUCK,preprocessed/masks/right_rear_camera/masks/frame_000364_gt2d_000_track_-1_VEHICLE_TRUCK.png,0.9458184242248535,1896.5,607.0,2.9317455291748047,2.9712624549865723,0.48767948150634766,1.0,2.4496801196742735,-0.0848661770153363,2.9317455291748047,da3_bbox_median
right_rear,365,1772699946710545000,data\camera\right_rear_camera\1772699946710545000.jpg,4000000,4,truck,0.640412,1869.0,539.0,1919.0,673.0,1870.3594970703125,539.2495727539062,1918.99267578125,673.1415405273438,matched,0,VEHICLE_TRUCK,preprocessed/masks/right_rear_camera/masks/frame_000365_gt2d_000_track_-1_VEHICLE_TRUCK.png,0.9539548754692078,1894.0,606.0,2.933443069458008,2.973235607147217,0.48896169662475586,1.0,2.4445649224006116,-0.08752827678413579,2.933443069458008,da3_bbox_median
right_rear,366,1772699946810552000,data\camera\right_rear_camera\1772699946810552000.jpg,4000000,4,truck,0.582944,1863.0,536.0,1919.0,674.0,1864.709716796875,536.583740234375,1918.9949951171875,673.8897094726562,matched,0,VEHICLE_TRUCK,preprocessed/masks/right_rear_camera/masks/frame_000366_gt2d_000_track_-1_VEHICLE_TRUCK.png,0.9491473436355591,1891.0,605.0,2.9555134773254395,3.0022575855255127,0.5525126457214355,1.0,2.455057824632715,-0.09081943485044344,2.9555134773254395,da3_bbox_median
right_rear,367,1772699946910560000,data\camera\right_rear_camera\1772699946910560000.jpg,4000000,4,truck,0.585223,1860.0,531.0,1919.0,674.0,1860.5946044921875,532.3404541015625,1918.994873046875,674.1544189453125,matched,0,VEHICLE_TRUCK,preprocessed/masks/right_rear_camera/masks/frame_000367_gt2d_000_track_-1_VEHICLE_TRUCK.png,0.9502207040786743,1889.5,602.5,2.963531970977783,3.0148959159851074,0.5603570938110352,1.0,2.4577581736210785,-0.09766523911902292,2.963531970977783,da3_bbox_median
right_rear,368,1772699947010523000,data\camera\right_rear_camera\1772699947010523000.jpg,4000000,4,truck,0.638728,1858.0,530.0,1919.0,674.0,1857.7333984375,530.1207885742188,1918.9910888671875,674.2330932617188,matched,0,VEHICLE_TRUCK,preprocessed/masks/right_rear_camera/masks/frame_000368_gt2d_000_track_-1_VEHICLE_TRUCK.png,0.9536728858947754,1888.5,602.0,2.946927547454834,3.002410411834717,0.5729613304138184,1.0,2.441362100422792,-0.09843051479863851,2.946927547454834,da3_bbox_median
right_rear,369,1772699947110653000,data\camera\right_rear_camera\1772699947110653000.jpg,4000000,4,truck,0.598156,1855.0,528.0,1919.0,675.0,1854.80126953125,528.036865234375,1918.98974609375,674.8969116210938,matched,0,VEHICLE_TRUCK,preprocessed/masks/right_rear_camera/masks/frame_000369_gt2d_000_track_-1_VEHICLE_TRUCK.png,0.9556645154953003,1887.0,601.5,2.9614760875701904,3.0201354026794434,0.6013028621673584,1.0,2.449457109984223,-0.10023541696417694,2.9614760875701904,da3_bbox_median
right_rear,370,1772699947210660000,data\camera\right_rear_camera\1772699947210660000.jpg,4000000,4,truck,0.608444,1852.0,527.0,1919.0,675.0,1851.8389892578125,526.6521606445312,1918.9921875,675.1317138671875,matched,0,VEHICLE_TRUCK,preprocessed/masks/right_rear_camera/masks/frame_000370_gt2d_000_track_-1_VEHICLE_TRUCK.png,0.9566085338592529,1885.5,601.0,2.95595645904541,3.0145394802093506,0.601283073425293,1.0,2.440941534150603,-0.10136510434837556,2.95595645904541,da3_bbox_median
right_rear,371,1772699947310637000,data\camera\right_rear_camera\1772699947310637000.jpg,4000000,4,truck,0.672409,1847.0,524.0,1919.0,676.0,1847.6219482421875,524.2459106445312,1918.9954833984375,675.8619384765625,matched,0,VEHICLE_TRUCK,preprocessed/masks/right_rear_camera/masks/frame_000371_gt2d_000_track_-1_VEHICLE_TRUCK.png,0.9680054187774658,1883.0,600.0,2.9626684188842773,3.0261731147766113,0.6307744979858398,1.0,2.439885367290202,-0.10423426258367358,2.9626684188842773,da3_bbox_median
right_rear,372,1772699947410645000,data\camera\right_rear_camera\1772699947410645000.jpg,4000000,4,truck,0.713142,1841.0,522.0,1919.0,677.0,1842.2763671875,522.0917358398438,1918.9951171875,676.7792358398438,matched,0,VEHICLE_TRUCK,preprocessed/masks/right_rear_camera/masks/frame_000372_gt2d_000_track_-1_VEHICLE_TRUCK.png,0.9725944995880127,1880.0,599.5,2.9602270126342773,3.028057098388672,0.629845380783081,1.0,2.4299628430196134,-0.1054667768033329,2.9602270126342773,da3_bbox_median
right_rear,373,1772699947510652000,data\camera\right_rear_camera\1772699947510652000.jpg,4000000,4,truck,0.669255,1837.0,517.0,1919.0,678.0,1837.701171875,518.0833740234375,1918.9852294921875,677.7606201171875,matched,0,VEHICLE_TRUCK,preprocessed/masks/right_rear_camera/masks/frame_000373_gt2d_000_track_-1_VEHICLE_TRUCK.png,0.972570538520813,1878.0,597.5,2.985771656036377,3.064347743988037,0.6881663799285889,1.0,2.445611555606303,-0.11169602399963807,2.985771656036377,da3_bbox_median
right_rear,374,1772699947610660000,data\camera\right_rear_camera\1772699947610660000.jpg,4000000,4,truck,0.638004,1831.0,514.0,1919.0,679.0,1832.21142578125,514.6624145507812,1918.9837646484375,678.7655639648438,matched,0,VEHICLE_TRUCK,preprocessed/masks/right_rear_camera/masks/frame_000374_gt2d_000_track_-1_VEHICLE_TRUCK.png,0.9654702544212341,1875.0,596.5,2.9821979999542236,3.0685722827911377,0.7211909294128418,1.0,2.4347137710426017,-0.11421872446886999,2.9821979999542236,da3_bbox_median
right_rear,375,1772699947710637000,data\camera\right_rear_camera\1772699947710637000.jpg,4000000,4,truck,0.637301,1828.0,511.0,1919.0,680.0,1828.212646484375,511.474365234375,1918.98681640625,679.784912109375,matched,0,VEHICLE_TRUCK,preprocessed/masks/right_rear_camera/masks/frame_000375_gt2d_000_track_-1_VEHICLE_TRUCK.png,0.9682413339614868,1873.5,595.5,2.9823756217956543,3.0714614391326904,0.7271397113800049,1.0,2.430873225178655,-0.11688207455018354,2.9823756217956543,da3_bbox_median
right_rear,376,1772699947810644000,data\camera\right_rear_camera\1772699947810644000.jpg,4000000,4,truck,0.735242,1824.0,508.0,1919.0,680.0,1824.196044921875,508.3637390136719,1918.9830322265625,680.146728515625,matched,0,VEHICLE_TRUCK,preprocessed/masks/right_rear_camera/masks/frame_000376_gt2d_000_track_-1_VEHICLE_TRUCK.png,0.96600341796875,1871.5,594.0,2.9848833084106445,3.0791382789611816,0.741448163986206,1.0,2.427598641989515,-0.12096852439767845,2.9848833084106445,da3_bbox_median
right_rear,377,1772699947910651000,data\camera\right_rear_camera\1772699947910651000.jpg,4000000,4,truck,0.71894,1815.0,505.0,1919.0,682.0,1817.059326171875,505.29815673828125,1918.9805908203125,681.5518188476562,matched,0,VEHICLE_TRUCK,preprocessed/masks/right_rear_camera/masks/frame_000377_gt2d_000_track_-1_VEHICLE_TRUCK.png,0.9632465839385986,1867.0,593.5,3.0018718242645264,3.106566905975342,0.8122243881225586,1.0,2.429380522443578,-0.12299397555665824,3.0018718242645264,da3_bbox_median
right_rear,378,1772699948010645000,data\camera\right_rear_camera\1772699948010645000.jpg,4000000,4,truck,0.686076,1810.0,502.0,1919.0,682.0,1811.18603515625,502.27166748046875,1918.9866943359375,682.093017578125,matched,0,VEHICLE_TRUCK,preprocessed/masks/right_rear_camera/masks/frame_000378_gt2d_000_track_-1_VEHICLE_TRUCK.png,0.9646974802017212,1864.5,592.0,3.0151896476745605,3.1236953735351562,0.8116586208343506,1.0,2.4334427998011514,-0.12756830338415376,3.0151896476745605,da3_bbox_median
right_rear,379,1772699948110561000,data\camera\right_rear_camera\1772699948110561000.jpg,4000000,4,truck,0.773928,1805.0,498.0,1919.0,683.0,1805.7952880859375,498.5899353027344,1918.9893798828125,682.912841796875,matched,0,VEHICLE_TRUCK,preprocessed/masks/right_rear_camera/masks/frame_000379_gt2d_000_track_-1_VEHICLE_TRUCK.png,0.9645217657089233,1862.0,590.5,3.0367233753204346,3.1528334617614746,0.8390405178070068,1.0,2.4440581909874455,-0.1325368001700362,3.0367233753204346,da3_bbox_median
right_rear,380,1772699948210538000,data\camera\right_rear_camera\1772699948210538000.jpg,4000000,4,truck,0.778732,1798.0,495.0,1919.0,684.0,1799.3660888671875,495.3270568847656,1918.9945068359375,683.8680419921875,matched,0,VEHICLE_TRUCK,preprocessed/masks/right_rear_camera/masks/frame_000380_gt2d_000_track_-1_VEHICLE_TRUCK.png,0.9582500457763672,1858.5,589.5,3.060089111328125,3.1913673877716064,0.9282898902893066,1.0,2.453321765448131,-0.13628236040911815,3.060089111328125,da3_bbox_median
right_rear,381,1772699948310546000,data\camera\right_rear_camera\1772699948310546000.jpg,4000000,4,truck,0.809642,1793.0,491.0,1919.0,685.0,1793.76123046875,491.561279296875,1918.9901123046875,684.8512573242188,matched,0,VEHICLE_TRUCK,preprocessed/masks/right_rear_camera/masks/frame_000381_gt2d_000_track_-1_VEHICLE_TRUCK.png,0.9571841955184937,1856.0,588.0,3.077589511871338,3.215308427810669,0.9410440921783447,1.0,2.4604974459312845,-0.14117378630365238,3.077589511871338,da3_bbox_median
right_rear,382,1772699948410553000,data\camera\right_rear_camera\1772699948410553000.jpg,4000000,4,truck,0.840398,1786.0,485.0,1919.0,686.0,1787.2442626953125,486.33056640625,1918.986572265625,685.8580322265625,matched,0,VEHICLE_TRUCK,preprocessed/masks/right_rear_camera/masks/frame_000382_gt2d_000_track_-1_VEHICLE_TRUCK.png,0.965697169303894,1852.5,585.5,3.124363899230957,3.276008367538452,1.0095555782318115,1.0,2.4881506454724196,-0.1502769572324143,3.124363899230957,da3_bbox_median
right_rear,383,1772699948510561000,data\camera\right_rear_camera\1772699948510561000.jpg,4000000,4,truck,0.817262,1782.0,481.0,1919.0,687.0,1782.2467041015625,481.81396484375,1918.9896240234375,686.8662109375,matched,0,VEHICLE_TRUCK,preprocessed/masks/right_rear_camera/masks/frame_000383_gt2d_000_track_-1_VEHICLE_TRUCK.png,0.9726226329803467,1850.5,584.0,3.163949966430664,3.3354175090789795,1.0826671123504639,1.0,2.514038201029912,-0.15640841075334602,3.163949966430664,da3_bbox_median
right_rear,384,1772699948610537000,data\camera\right_rear_camera\1772699948610537000.jpg,4000000,4,truck,0.855227,1771.0,476.0,1919.0,688.0,1773.4703369140625,476.93310546875,1918.9927978515625,687.871337890625,matched,0,VEHICLE_TRUCK,preprocessed/masks/right_rear_camera/masks/frame_000384_gt2d_000_track_-1_VEHICLE_TRUCK.png,0.967555046081543,1845.0,582.0,3.170348644256592,3.3572514057159424,1.149674892425537,1.0,2.5035877272105203,-0.16237269415382097,3.170348644256592,da3_bbox_median
right_rear,385,1772699948710545000,data\camera\right_rear_camera\1772699948710545000.jpg,4000000,4,truck,0.860623,1763.0,471.0,1919.0,688.0,1765.0784912109375,471.9231872558594,1918.9833984375,688.2405395507812,matched,0,VEHICLE_TRUCK,preprocessed/masks/right_rear_camera/masks/frame_000385_gt2d_000_track_-1_VEHICLE_TRUCK.png,0.9683606624603271,1841.0,579.5,3.192335367202759,3.3870768547058105,1.176574945449829,1.0,2.509574006679075,-0.1706076882183055,3.192335367202759,da3_bbox_median
right_rear,386,1772699948810552000,data\camera\right_rear_camera\1772699948810552000.jpg,4000000,4,truck,0.866477,1754.0,466.0,1919.0,689.0,1756.209228515625,466.863037109375,1918.9808349609375,688.998291015625,matched,0,VEHICLE_TRUCK,preprocessed/masks/right_rear_camera/masks/frame_000386_gt2d_000_track_-1_VEHICLE_TRUCK.png,0.96915203332901,1836.5,577.5,3.2402281761169434,3.4577114582061768,1.241476058959961,1.0,2.5342332943830352,-0.17893967714940873,3.2402281761169434,da3_bbox_median
right_rear,387,1772699948910560000,data\camera\right_rear_camera\1772699948910560000.jpg,4000000,4,truck,0.880869,1748.0,462.0,1919.0,691.0,1749.024169921875,462.4411315917969,1918.97705078125,690.560546875,matched,0,VEHICLE_TRUCK,preprocessed/masks/right_rear_camera/masks/frame_000387_gt2d_000_track_-1_VEHICLE_TRUCK.png,0.9704480171203613,1833.5,576.5,3.2601265907287598,3.496408700942993,1.3229074478149414,1.0,2.5410826818727585,-0.18294250872174972,3.2601265907287598,da3_bbox_median
right_rear,388,1772699949010523000,data\camera\right_rear_camera\1772699949010523000.jpg,4000000,4,truck,0.838911,1732.0,455.0,1919.0,693.0,1736.2591552734375,456.3477783203125,1918.9720458984375,692.4351806640625,matched,0,VEHICLE_TRUCK,preprocessed/masks/right_rear_camera/masks/frame_000388_gt2d_000_track_-1_VEHICLE_TRUCK.png,0.9650530815124512,1825.5,574.0,3.3058173656463623,3.5838656425476074,1.4334893226623535,1.0,2.5531344491353494,-0.19286808472809636,3.3058173656463623,da3_bbox_median
right_rear,389,1772699949110653000,data\camera\right_rear_camera\1772699949110653000.jpg,4000000,4,truck,0.850606,1724.0,448.0,1919.0,694.0,1726.3231201171875,449.59112548828125,1918.9783935546875,693.767822265625,matched,0,VEHICLE_TRUCK,preprocessed/masks/right_rear_camera/masks/frame_000389_gt2d_000_track_-1_VEHICLE_TRUCK.png,0.9619788527488708,1821.5,571.0,3.320606231689453,3.626197576522827,1.4894134998321533,1.0,2.5527226267124634,-0.2026043739445698,3.320606231689453,da3_bbox_median
right_rear,390,1772699949210660000,data\camera\right_rear_camera\1772699949210660000.jpg,4000000,4,truck,0.872645,1717.0,444.0,1919.0,695.0,1718.1077880859375,444.4935302734375,1918.992919921875,694.8887939453125,matched,0,VEHICLE_TRUCK,preprocessed/masks/right_rear_camera/masks/frame_000390_gt2d_000_track_-1_VEHICLE_TRUCK.png,0.9648339152336121,1818.0,569.5,3.3693175315856934,3.7085940837860107,1.5945215225219727,1.0,2.5796633355643883,-0.21007828116583754,3.3693175315856934,da3_bbox_median
right_rear,391,1772699949310637000,data\camera\right_rear_camera\1772699949310637000.jpg,4000000,4,truck,0.894618,1708.0,437.0,1919.0,697.0,1709.3350830078125,438.1610107421875,1918.9910888671875,696.5918579101562,matched,0,VEHICLE_TRUCK,preprocessed/masks/right_rear_camera/masks/frame_000391_gt2d_000_track_-1_VEHICLE_TRUCK.png,0.9686466455459595,1813.5,567.0,3.3942041397094727,3.7657806873321533,1.6464293003082275,1.0,2.5851096194900633,-0.21918842812648387,3.3942041397094727,da3_bbox_median
right_rear,392,1772699949410645000,data\camera\right_rear_camera\1772699949410645000.jpg,4000000,4,truck,0.887727,1698.0,430.0,1919.0,699.0,1699.7239990234375,431.345947265625,1918.9862060546875,698.5125732421875,matched,0,VEHICLE_TRUCK,preprocessed/masks/right_rear_camera/masks/frame_000392_gt2d_000_track_-1_VEHICLE_TRUCK.png,0.967351496219635,1808.5,564.5,3.440403699874878,3.868670701980591,1.8172237873077393,1.0,2.6049708296811387,-0.22983320706434562,3.440403699874878,da3_bbox_median
right_rear,393,1772699949510652000,data\camera\right_rear_camera\1772699949510652000.jpg,4000000,4,truck,0.908764,1692.0,422.0,1919.0,701.0,1692.290771484375,423.6914367675781,1918.978515625,700.50048828125,matched,0,VEHICLE_TRUCK,preprocessed/masks/right_rear_camera/masks/frame_000393_gt2d_000_track_-1_VEHICLE_TRUCK.png,0.9732280969619751,1805.5,561.5,3.4992642402648926,4.008060932159424,1.9710361957550049,1.0,2.6401856433783086,-0.24311622974085595,3.4992642402648926,da3_bbox_median
right_rear,394,1772699949610660000,data\camera\right_rear_camera\1772699949610660000.jpg,4000000,4,truck,0.915625,1677.0,415.0,1919.0,703.0,1680.0745849609375,416.3706970214844,1918.979248046875,702.5305786132812,matched,0,VEHICLE_TRUCK,preprocessed/masks/right_rear_camera/masks/frame_000394_gt2d_000_track_-1_VEHICLE_TRUCK.png,0.9712080955505371,1798.0,559.0,3.5552730560302734,4.129720211029053,2.0783846378326416,1.0,2.658688334942632,-0.25492465669814984,3.5552730560302734,da3_bbox_median
right_rear,395,1772699949710637000,data\camera\right_rear_camera\1772699949710637000.jpg,4000000,4,truck,0.885027,1669.0,407.0,1919.0,705.0,1670.37109375,408.5221252441406,1918.9730224609375,704.5491333007812,matched,0,VEHICLE_TRUCK,preprocessed/masks/right_rear_camera/masks/frame_000395_gt2d_000_track_-1_VEHICLE_TRUCK.png,0.9714043140411377,1794.0,556.0,3.646425247192383,4.330084323883057,2.356311321258545,1.0,2.7138587557990688,-0.2712047110319122,3.646425247192383,da3_bbox_median
right_rear,396,1772699949810644000,data\camera\right_rear_camera\1772699949810644000.jpg,4000000,4,truck,0.904414,1651.0,400.0,1918.0,707.0,1655.367919921875,401.1512145996094,1918.3387451171875,706.6004028320312,matched,0,VEHICLE_TRUCK,preprocessed/masks/right_rear_camera/masks/frame_000396_gt2d_000_track_-1_VEHICLE_TRUCK.png,0.9744805097579956,1784.5,553.5,3.716114044189453,4.528870105743408,2.5513856410980225,1.0,2.734272769984461,-0.2846631594949201,3.716114044189453,da3_bbox_median
right_rear,397,1772699949910651000,data\camera\right_rear_camera\1772699949910651000.jpg,4000000,4,truck,0.916518,1636.0,390.0,1919.0,709.0,1640.1806640625,392.013916015625,1918.7069091796875,708.615234375,matched,0,VEHICLE_TRUCK,preprocessed/masks/right_rear_camera/masks/frame_000397_gt2d_000_track_-1_VEHICLE_TRUCK.png,0.9745711088180542,1777.5,549.5,3.770662784576416,4.726710319519043,2.718458652496338,1.0,2.750893740979103,-0.3022765740439169,3.770662784576416,da3_bbox_median
right_rear,398,1772699950010645000,data\camera\right_rear_camera\1772699950010645000.jpg,4000000,4,truck,0.917238,1621.0,381.0,1919.0,711.0,1624.9263916015625,382.8519592285156,1918.8634033203125,710.634033203125,matched,0,VEHICLE_TRUCK,preprocessed/masks/right_rear_camera/masks/frame_000398_gt2d_000_track_-1_VEHICLE_TRUCK.png,0.9768695831298828,1770.0,546.0,3.9090168476104736,5.132621765136719,3.126166582107544,1.0,2.8257107174323317,-0.32555460909695094,3.9090168476104736,da3_bbox_median
right_rear,399,1772699950110561000,data\camera\right_rear_camera\1772699950110561000.jpg,4000000,4,truck,0.896454,1607.0,371.0,1919.0,714.0,1610.263671875,373.076171875,1918.923828125,713.3172607421875,matched,0,VEHICLE_TRUCK,preprocessed/masks/right_rear_camera/masks/frame_000399_gt2d_000_track_-1_VEHICLE_TRUCK.png,0.9821487665176392,1763.0,542.5,3.9640583992004395,5.299890041351318,3.386728525161743,1.0,2.8407771609168266,-0.3424970632396617,3.9640583992004395,da3_bbox_median
right_rear,400,1772699950210538000,data\camera\right_rear_camera\1772699950210538000.jpg,4000000,4,truck,0.916638,1595.0,361.0,1919.0,716.0,1597.093994140625,362.9993896484375,1918.9365234375,715.552490234375,matched,0,VEHICLE_TRUCK,preprocessed/masks/right_rear_camera/masks/frame_000400_gt2d_000_track_-1_VEHICLE_TRUCK.png,0.9829447269439697,1757.0,538.5,4.053470611572266,5.547573566436768,3.952360153198242,1.0,2.883185194119106,-0.3646648272188619,4.053470611572266,da3_bbox_median
right_rear,401,1772699950310546000,data\camera\right_rear_camera\1772699950310546000.jpg,4000000,4,truck,0.916539,1576.0,350.0,1919.0,719.0,1580.141845703125,352.27764892578125,1918.93212890625,718.3482666015625,matched,0,VEHICLE_TRUCK,preprocessed/masks/right_rear_camera/masks/frame_000401_gt2d_000_track_-1_VEHICLE_TRUCK.png,0.981945812702179,1747.5,534.5,4.101562976837158,5.668642044067383,4.410367965698242,1.0,2.882678399747728,-0.3836052368933899,4.101562976837158,da3_bbox_median
right_rear,402,1772699950410553000,data\camera\right_rear_camera\1772699950410553000.jpg,4000000,4,truck,0.901855,1567.0,340.0,1919.0,722.0,1567.9964599609375,341.8674011230469,1918.937744140625,721.2802734375,matched,0,VEHICLE_TRUCK,preprocessed/masks/right_rear_camera/masks/frame_000402_gt2d_000_track_-1_VEHICLE_TRUCK.png,0.9817328453063965,1743.0,531.0,4.182878494262695,5.781749725341797,5.056422233581543,1.0,2.923059298987056,-0.4042510278687725,4.182878494262695,da3_bbox_median
right_rear,403,1772699950510561000,data\camera\right_rear_camera\1772699950510561000.jpg,4000000,4,truck,0.922335,1538.0,329.0,1919.0,726.0,1545.1666259765625,330.98919677734375,1918.932861328125,724.9367065429688,matched,0,VEHICLE_TRUCK,preprocessed/masks/right_rear_camera/masks/frame_000403_gt2d_000_track_-1_VEHICLE_TRUCK.png,0.9847482442855835,1728.5,527.5,4.272768497467041,5.911009788513184,5.919053077697754,1.0,2.930679115743636,-0.426259247148049,4.272768497467041,da3_bbox_median
right_rear,404,1772699950610537000,data\camera\right_rear_camera\1772699950610537000.jpg,4000000,4,truck,0.926872,1524.0,315.0,1919.0,729.0,1527.6021728515625,318.0079040527344,1918.932861328125,728.2139892578125,matched,0,VEHICLE_TRUCK,preprocessed/masks/right_rear_camera/masks/frame_000404_gt2d_000_track_-1_VEHICLE_TRUCK.png,0.9804506301879883,1721.5,522.0,4.490090847015381,6.2198991775512695,7.313559055328369,1.0,3.05173787885054,-0.46993720820124385,4.490090847015381,da3_bbox_median
right_rear,405,1772699950710545000,data\camera\right_rear_camera\1772699950710545000.jpg,4000000,4,truck,0.919492,1498.0,303.0,1919.0,732.0,1504.5479736328125,305.49609375,1918.9312744140625,731.3565063476562,matched,0,VEHICLE_TRUCK,preprocessed/masks/right_rear_camera/masks/frame_000405_gt2d_000_track_-1_VEHICLE_TRUCK.png,0.9837158918380737,1708.5,517.5,4.608210563659668,6.328707218170166,6.97006368637085,1.0,3.07864746164325,-0.5007711394036434,4.608210563659668,da3_bbox_median
right_rear,406,1772699950810552000,data\camera\right_rear_camera\1772699950810552000.jpg,4000000,4,truck,0.92318,1477.0,289.0,1919.0,736.0,1482.5086669921875,291.8961486816406,1918.9405517578125,735.0665893554688,matched,0,VEHICLE_TRUCK,preprocessed/masks/right_rear_camera/masks/frame_000406_gt2d_000_track_-1_VEHICLE_TRUCK.png,0.9835346937179565,1698.0,512.5,4.875082969665527,6.466439723968506,6.72222900390625,1.0,3.2113348162605657,-0.551484352559626,4.875082969665527,da3_bbox_median
right_rear,407,1772699950910560000,data\camera\right_rear_camera\1772699950910560000.jpg,4000000,4,truck,0.918505,1453.0,274.0,1919.0,741.0,1458.97607421875,277.2579040527344,1918.9471435546875,739.6382446289062,matched,0,VEHICLE_TRUCK,preprocessed/masks/right_rear_camera/masks/frame_000407_gt2d_000_track_-1_VEHICLE_TRUCK.png,0.9756718873977661,1686.0,507.5,5.134510040283203,6.617275238037109,6.715793609619141,0.9994847178459167,3.3273328223015897,-0.603699329324992,5.134510040283203,da3_bbox_median
right_rear,408,1772699951010523000,data\camera\right_rear_camera\1772699951010523000.jpg,4000000,4,truck,0.900371,1427.0,258.0,1919.0,746.0,1433.6102294921875,261.6194152832031,1918.9393310546875,744.573974609375,matched,0,VEHICLE_TRUCK,preprocessed/masks/right_rear_camera/masks/frame_000408_gt2d_000_track_-1_VEHICLE_TRUCK.png,0.9697983860969543,1673.0,502.0,5.376071453094482,6.5805559158325195,6.38724422454834,0.9995308518409729,3.4216076231945283,-0.658439357373951,5.376071453094482,da3_bbox_median
right_rear,409,1772699951110653000,data\camera\right_rear_camera\1772699951110653000.jpg,4000000,4,truck,0.906938,1400.0,237.0,1919.0,751.0,1406.9248046875,242.4208984375,1918.943359375,749.6323852539062,matched,0,VEHICLE_TRUCK,preprocessed/masks/right_rear_camera/masks/frame_000409_gt2d_000_track_-1_VEHICLE_TRUCK.png,0.9695297479629517,1659.5,494.0,5.808452606201172,6.764161586761475,6.301677227020264,0.9979531168937683,3.6269369581946904,-0.7527866134187488,5.808452606201172,da3_bbox_median
right_rear,410,1772699951210660000,data\camera\right_rear_camera\1772699951210660000.jpg,4000000,4,truck,0.914105,1373.0,222.0,1919.0,756.0,1379.704345703125,225.61648559570312,1918.92822265625,754.7230834960938,matched,0,VEHICLE_TRUCK,preprocessed/masks/right_rear_camera/masks/frame_000410_gt2d_000_track_-1_VEHICLE_TRUCK.png,0.9783586263656616,1646.0,489.0,6.065279960632324,6.604001045227051,5.830526828765869,0.9978380799293518,3.714356953631793,-0.8130851322460021,6.065279960632324,da3_bbox_median
right_rear,411,1772699951310637000,data\camera\right_rear_camera\1772699951310637000.jpg,4000000,4,truck,0.907398,1344.0,201.0,1919.0,762.0,1351.0594482421875,205.97938537597656,1918.9295654296875,760.4619750976562,matched,0,VEHICLE_TRUCK,preprocessed/masks/right_rear_camera/masks/frame_000411_gt2d_000_track_-1_VEHICLE_TRUCK.png,0.9741908311843872,1631.5,481.5,6.413272857666016,6.448224067687988,5.386890411376953,0.9983798265457153,3.844618370250951,-0.9025801583505985,6.413272857666016,da3_bbox_median
right_rear,412,1772699951410645000,data\camera\right_rear_camera\1772699951410645000.jpg,4000000,4,truck,0.909274,1311.0,178.0,1919.0,769.0,1319.3380126953125,183.980712890625,1918.9080810546875,767.0647583007812,matched,0,VEHICLE_TRUCK,preprocessed/masks/right_rear_camera/masks/frame_000412_gt2d_000_track_-1_VEHICLE_TRUCK.png,0.9627807140350342,1615.0,473.5,7.30264949798584,6.64047908782959,5.204852104187012,0.9994598031044006,4.270430921975632,-1.0797863202564737,7.30264949798584,da3_bbox_median
right_rear,413,1772699951510652000,data\camera\right_rear_camera\1772699951510652000.jpg,4000000,4,truck,0.900789,1275.0,157.0,1917.0,777.0,1284.5721435546875,162.38345336914062,1917.6575927734375,774.6917114257812,matched,0,VEHICLE_TRUCK,preprocessed/masks/right_rear_camera/masks/frame_000413_gt2d_000_track_-1_VEHICLE_TRUCK.png,0.9784616231918335,1596.0,467.0,7.258053302764893,6.547480583190918,4.746965408325195,0.9998517036437988,4.121492345354651,-1.1152153845101744,7.258053302764893,da3_bbox_median
right_rear,414,1772699951610660000,data\camera\right_rear_camera\1772699951610660000.jpg,4000000,4,truck,0.876559,1236.0,132.0,1914.0,785.0,1246.7139892578125,138.3587188720703,1915.2738037109375,782.6409301757812,matched,0,VEHICLE_TRUCK,preprocessed/masks/right_rear_camera/masks/frame_000414_gt2d_000_track_-1_VEHICLE_TRUCK.png,0.9819072484970093,1575.0,458.5,7.105951309204102,6.709260940551758,4.495759963989258,1.0,3.9021745026488674,-1.1456463305358018,7.105951309204102,da3_bbox_median
right_rear,415,1772699951710637000,data\camera\right_rear_camera\1772699951710637000.jpg,4000000,4,truck,0.902467,1194.0,108.0,1913.0,793.0,1205.781982421875,114.0320816040039,1913.697998046875,790.7154541015625,matched,0,VEHICLE_TRUCK,preprocessed/masks/right_rear_camera/masks/frame_000415_gt2d_000_track_-1_VEHICLE_TRUCK.png,0.9920544624328613,1553.5,450.5,6.672934532165527,6.5817413330078125,4.115009307861328,0.9996752738952637,3.5365692184321027,-1.1233851115413338,6.672934532165527,da3_bbox_median
right_rear,416,1772699951810644000,data\camera\right_rear_camera\1772699951810644000.jpg,4000000,4,truck,0.914161,1150.0,74.0,1912.0,803.0,1162.3951416015625,83.35010528564453,1912.42919921875,800.1220703125,matched,0,VEHICLE_TRUCK,preprocessed/masks/right_rear_camera/masks/frame_000416_gt2d_000_track_-1_VEHICLE_TRUCK.png,0.9977208971977234,1531.0,438.5,6.531968116760254,6.863068580627441,4.0524773597717285,0.9995279312133789,3.3309218827210616,-1.169473591009173,6.531968116760254,da3_bbox_median
right_rear,417,1772699951910651000,data\camera\right_rear_camera\1772699951910651000.jpg,4000000,4,truck,0.908614,1099.0,48.0,1908.0,815.0,1113.69873046875,55.21580123901367,1909.4276123046875,811.2946166992188,matched,0,VEHICLE_TRUCK,preprocessed/masks/right_rear_camera/masks/frame_000417_gt2d_000_track_-1_VEHICLE_TRUCK.png,1.0003011226654053,1503.5,431.5,6.238574981689453,6.884424209594727,3.7785093784332275,0.9993371367454529,3.0284626498950353,-1.1558439491789214,6.238574981689453,da3_bbox_median
right_rear,418,1772699952010645000,data\camera\right_rear_camera\1772699952010645000.jpg,4000000,4,truck,0.862109,1046.0,19.0,1904.0,826.0,1061.6290283203125,26.22353172302246,1905.694580078125,822.5662841796875,matched,0,VEHICLE_TRUCK,preprocessed/masks/right_rear_camera/masks/frame_000418_gt2d_000_track_-1_VEHICLE_TRUCK.png,1.0012893676757812,1475.0,422.5,5.8369245529174805,6.587538242340088,3.4060728549957275,0.9991288185119629,2.685279303488255,-1.1282217782976645,5.8369245529174805,da3_bbox_median
right_rear,419,1772699952110561000,data\camera\right_rear_camera\1772699952110561000.jpg,4000000,4,truck,0.851906,975.0,0.0,1896.0,838.0,997.0946044921875,3.1644375324249268,1899.24609375,834.4757080078125,matched,0,VEHICLE_TRUCK,preprocessed/masks/right_rear_camera/masks/frame_000419_gt2d_000_track_-1_VEHICLE_TRUCK.png,1.0081250667572021,1435.5,419.0,5.371078014373779,6.234162330627441,3.0408408641815186,0.99915611743927,2.2819523251592284,-1.0549230730251475,5.371078014373779,da3_bbox_median
right_rear,420,1772699952210538000,data\camera\right_rear_camera\1772699952210538000.jpg,4000000,4,truck,0.813141,911.0,0.0,1892.0,853.0,931.959228515625,-5.589092254638672,1894.13818359375,848.49560546875,matched,0,VEHICLE_TRUCK,preprocessed/masks/right_rear_camera/masks/frame_000420_gt2d_000_track_-1_VEHICLE_TRUCK.png,1.0076509714126587,1401.5,426.5,5.19859504699707,6.060805320739746,2.6752755641937256,0.9980612397193909,2.0512003435465354,-0.9863162137262533,5.19859504699707,da3_bbox_median
right_rear,421,1772699952310546000,data\camera\right_rear_camera\1772699952310546000.jpg,4000000,4,truck,0.735298,824.0,0.0,1891.0,874.0,852.3165283203125,-8.41875171661377,1891.4613037109375,867.2550659179688,matched,0,VEHICLE_TRUCK,preprocessed/masks/right_rear_camera/masks/frame_000421_gt2d_000_track_-1_VEHICLE_TRUCK.png,1.0055670738220215,1357.5,437.0,4.568063259124756,5.4946818351745605,2.103551149368286,0.9975798726081848,1.623343529172021,-0.8239625605160624,4.568063259124756,da3_bbox_median
right_rear,422,1772699952410553000,data\camera\right_rear_camera\1772699952410553000.jpg,4000000,4,truck,0.667944,686.0,0.0,1902.0,895.0,735.5103149414062,-9.010015487670898,1897.114990234375,887.7882690429688,matched,0,VEHICLE_TRUCK,preprocessed/masks/right_rear_camera/masks/frame_000422_gt2d_000_track_-1_VEHICLE_TRUCK.png,0.9928802251815796,1294.0,447.5,4.337830543518066,5.4196248054504395,2.026280403137207,0.994331419467926,1.2961220018023931,-0.7418633011910224,4.337830543518066,da3_bbox_median
right_rear,423,1772699952510561000,data\camera\right_rear_camera\1772699952510561000.jpg,4000000,4,truck,0.709324,639.0,0.0,1882.0,907.0,660.1719970703125,-8.673495292663574,1887.2286376953125,903.348388671875,matched,0,VEHICLE_TRUCK,preprocessed/masks/right_rear_camera/masks/frame_000423_gt2d_000_track_-1_VEHICLE_TRUCK.png,0.9948434829711914,1260.5,453.5,3.825288772583008,4.8876848220825195,1.5795247554779053,0.9957166910171509,1.028809013601537,-0.6337632933700884,3.825288772583008,da3_bbox_median
right_rear,424,1772699952610537000,data\camera\right_rear_camera\1772699952610537000.jpg,4000000,4,truck,0.674431,525.0,0.0,1882.0,938.0,559.5889892578125,-8.013731956481934,1883.09765625,929.009033203125,matched,0,VEHICLE_TRUCK,preprocessed/masks/right_rear_camera/masks/frame_000424_gt2d_000_track_-1_VEHICLE_TRUCK.png,0.9974417686462402,1203.5,469.0,3.5750298500061035,4.650160312652588,1.476280927658081,0.9974096417427063,0.7799545691524209,-0.542942062249099,3.5750298500061035,da3_bbox_median
right_rear,425,1772699952710545000,data\camera\right_rear_camera\1772699952710545000.jpg,4000000,4,truck,0.655683,395.0,0.0,1882.0,970.0,439.724609375,-7.235482692718506,1881.4517822265625,959.302978515625,matched,0,VEHICLE_TRUCK,preprocessed/masks/right_rear_camera/masks/frame_000425_gt2d_000_track_-1_VEHICLE_TRUCK.png,0.9987460970878601,1138.5,485.0,3.1924009323120117,4.211623191833496,1.5659079551696777,0.9994797110557556,0.5116074539460381,-0.43933393421643824,3.1924009323120117,da3_bbox_median
right_rear,426,1772699952810552000,data\camera\right_rear_camera\1772699952810552000.jpg,4000000,4,truck,0.641353,244.0,0.0,1874.0,1004.0,299.1140441894531,-6.473433494567871,1875.7454833984375,992.623046875,matched,0,VEHICLE_TRUCK,preprocessed/masks/right_rear_camera/masks/frame_000426_gt2d_000_track_-1_VEHICLE_TRUCK.png,1.00100576877594,1059.0,502.0,2.8627936840057373,3.878086805343628,1.577615737915039,0.9994971752166748,0.25602036171368453,-0.35062332225996473,2.8627936840057373,da3_bbox_median
right_rear,427,1772699952910560000,data\camera\right_rear_camera\1772699952910560000.jpg,4000000,4,truck,0.623907,52.0,0.0,1874.0,1056.0,124.97249603271484,-5.852962970733643,1873.2679443359375,1038.44580078125,matched,0,VEHICLE_TRUCK,preprocessed/masks/right_rear_camera/masks/frame_000427_gt2d_000_track_-1_VEHICLE_TRUCK.png,1.006378173828125,963.0,528.0,2.527818441390991,3.6514358520507812,1.6490671634674072,0.9995631575584412,0.009864894425946203,-0.25105399340429496,2.527818441390991,da3_bbox_median
right_rear,428,1772699953010523000,data\camera\right_rear_camera\1772699953010523000.jpg,4000000,4,truck,0.708553,0.0,0.0,1877.0,1122.0,22.41147232055664,-5.414554119110107,1873.5616455078125,1097.8338623046875,matched,0,VEHICLE_TRUCK,preprocessed/masks/right_rear_camera/masks/frame_000428_gt2d_000_track_-1_VEHICLE_TRUCK.png,0.9941051602363586,938.5,561.0,2.246892213821411,3.176713466644287,1.4706394672393799,0.9996678233146667,-0.04027521477111989,-0.15710665673932125,2.246892213821411,da3_bbox_median
right_rear,429,1772699953110653000,data\camera\right_rear_camera\1772699953110653000.jpg,4000000,4,truck,0.695176,0.0,0.0,1869.0,1180.0,-17.97918701171875,-5.227406978607178,1869.1700439453125,1157.219482421875,matched,0,VEHICLE_TRUCK,preprocessed/masks/right_rear_camera/masks/frame_000429_gt2d_000_track_-1_VEHICLE_TRUCK.png,1.0004289150238037,934.5,590.0,1.9908368587493896,2.7944252490997314,1.3050932884216309,0.9996147155761719,-0.042780115619394335,-0.08777609230213795,1.9908368587493896,da3_bbox_median
right_rear,430,1772699953210660000,data\camera\right_rear_camera\1772699953210660000.jpg,4000000,4,truck,0.686731,0.0,0.0,1865.0,1249.0,-31.74713134765625,-5.140613555908203,1865.2149658203125,1223.554931640625,matched,0,VEHICLE_TRUCK,preprocessed/masks/right_rear_camera/masks/frame_000430_gt2d_000_track_55_VEHICLE_TRUCK.png,1.007554054260254,932.5,624.5,1.927320957183838,2.754042148590088,1.323739767074585,0.9996147155761719,-0.04484940706716243,-0.02574750186761923,1.927320957183838,da3_bbox_median
right_rear,431,1772699953310637000,data\camera\right_rear_camera\1772699953310637000.jpg,4000000,4,truck,0.678237,0.0,0.0,1857.0,1257.0,-34.97694396972656,-4.950915336608887,1858.6553955078125,1254.36865234375,matched,0,VEHICLE_TRUCK,preprocessed/masks/right_rear_camera/masks/frame_000431_gt2d_000_track_55_VEHICLE_TRUCK.png,0.9977729320526123,928.5,628.5,1.9337880611419678,2.7675843238830566,1.3630837202072144,0.9994950890541077,-0.05189125221082651,-0.01894382071230904,1.9337880611419678,da3_bbox_median
right_rear,432,1772699953410645000,data\camera\right_rear_camera\1772699953410645000.jpg,4000000,4,truck,0.669877,0.0,0.0,1839.0,1265.0,-34.14985275268555,-4.780385494232178,1844.61962890625,1270.6654052734375,matched,0,VEHICLE_TRUCK,preprocessed/masks/right_rear_camera/masks/frame_000432_gt2d_000_track_55_VEHICLE_TRUCK.png,0.9893715977668762,919.5,632.5,1.896166205406189,2.713841676712036,1.4085489511489868,0.9995083808898926,-0.06608559248418885,-0.011819238454247951,1.896166205406189,da3_bbox_median
right_rear,433,1772699953510652000,data\camera\right_rear_camera\1772699953510652000.jpg,4000000,4,truck,0.71166,0.0,0.0,1838.0,1162.0,-31.65601348876953,-4.262643337249756,1838.6514892578125,1210.580810546875,matched,0,VEHICLE_TRUCK,preprocessed/masks/right_rear_camera/masks/frame_000433_gt2d_000_track_55_VEHICLE_TRUCK.png,0.9980251789093018,919.0,581.0,2.120943784713745,2.8284974098205566,1.4754676818847656,0.9989902377128601,-0.07486437801690256,-0.11051556367753944,2.120943784713745,da3_bbox_median
right_rear,434,1772699953610660000,data\camera\right_rear_camera\1772699953610660000.jpg,4000000,4,truck,0.730336,0.0,0.0,1839.0,1134.0,-28.65568733215332,-3.3949241638183594,1837.29638671875,1167.0421142578125,matched,0,VEHICLE_TRUCK,preprocessed/masks/right_rear_camera/masks/frame_000434_gt2d_000_track_55_VEHICLE_TRUCK.png,0.9996055960655212,919.5,567.0,2.1424169540405273,2.9499104022979736,1.42694890499115,0.9993622303009033,-0.07466797654776794,-0.1383514323884678,2.1424169540405273,da3_bbox_median
right_rear,435,1772699953710637000,data\camera\right_rear_camera\1772699953710637000.jpg,4000000,4,truck,0.678053,0.0,0.0,1832.0,1175.0,-26.160634994506836,-2.722757577896118,1831.9786376953125,1177.0570068359375,matched,0,VEHICLE_TRUCK,preprocessed/masks/right_rear_camera/masks/frame_000435_gt2d_000_track_55_VEHICLE_TRUCK.png,1.0020581483840942,916.0,587.5,2.2107419967651367,3.1215693950653076,1.2483690977096558,0.9995349645614624,-0.08394278714954581,-0.10239475911218496,2.2107419967651367,da3_bbox_median
right_rear,436,1772699953810644000,data\camera\right_rear_camera\1772699953810644000.jpg,4000000,4,truck,0.707727,0.0,0.0,1824.0,1233.0,-23.410066604614258,-2.540919780731201,1824.99169921875,1218.143310546875,matched,0,VEHICLE_TRUCK,preprocessed/masks/right_rear_camera/masks/frame_000436_gt2d_000_track_55_VEHICLE_TRUCK.png,0.9945698976516724,912.0,616.5,2.1549694538116455,3.096001148223877,1.3310655355453491,0.9993755221366882,-0.08950464827790004,-0.04414499736477566,2.1549694538116455,da3_bbox_median
right_rear,437,1772699953910651000,data\camera\right_rear_camera\1772699953910651000.jpg,4000000,4,truck,0.69909,0.0,0.0,1818.0,1252.0,-21.02861976623535,-2.1646034717559814,1818.35107421875,1245.875732421875,matched,0,VEHICLE_TRUCK,preprocessed/masks/right_rear_camera/masks/frame_000437_gt2d_000_track_55_VEHICLE_TRUCK.png,0.9920538663864136,909.0,626.0,2.0703792572021484,2.954843044281006,1.456788420677185,0.9993356466293335,-0.09152486129875453,-0.024892367592606195,2.0703792572021484,da3_bbox_median
right_rear,438,1772699954010645000,data\camera\right_rear_camera\1772699954010645000.jpg,4000000,4,truck,0.722924,0.0,0.0,1809.0,1255.0,-18.37372589111328,-2.058894634246826,1810.4705810546875,1257.8486328125,matched,0,VEHICLE_TRUCK,preprocessed/masks/right_rear_camera/masks/frame_000438_gt2d_000_track_55_VEHICLE_TRUCK.png,0.9878602027893066,904.5,627.5,2.071065664291382,3.0276358127593994,1.5951961278915405,0.9994419813156128,-0.09985833907362104,-0.022133421837098533,2.071065664291382,da3_bbox_median
right_rear,439,1772699954110561000,data\camera\right_rear_camera\1772699954110561000.jpg,4000000,4,truck,0.731832,0.0,0.0,1798.0,1249.0,-16.311397552490234,-1.901305079460144,1800.238525390625,1257.9105224609375,matched,0,VEHICLE_TRUCK,preprocessed/masks/right_rear_camera/masks/frame_000439_gt2d_000_track_55_VEHICLE_TRUCK.png,0.973798394203186,899.0,624.5,2.1317877769470215,3.068512201309204,1.654503583908081,0.9994950890541077,-0.11323192636084933,-0.02847901879742584,2.1317877769470215,da3_bbox_median
right_rear,440,1772699954210538000,data\camera\right_rear_camera\1772699954210538000.jpg,4000000,4,truck,0.765478,0.0,0.0,1803.0,1257.0,-14.256848335266113,-1.6617563962936401,1800.005126953125,1262.546875,matched,0,VEHICLE_TRUCK,preprocessed/masks/right_rear_camera/masks/frame_000440_gt2d_000_track_55_VEHICLE_TRUCK.png,0.9729814529418945,901.5,628.5,2.303173303604126,3.263622999191284,1.839455485343933,0.9995615482330322,-0.11720540900745739,-0.022562401231853477,2.303173303604126,da3_bbox_median
right_rear,441,1772699954310546000,data\camera\right_rear_camera\1772699954310546000.jpg,4000000,4,truck,0.75951,0.0,0.0,1798.0,1176.0,-12.441851615905762,-1.6294243335723877,1796.9478759765625,1210.714111328125,matched,0,VEHICLE_TRUCK,preprocessed/masks/right_rear_camera/masks/frame_000441_gt2d_000_track_55_VEHICLE_TRUCK.png,0.9717456102371216,899.0,588.0,2.378589630126953,3.3856899738311768,1.7750492095947266,0.9995615482330322,-0.12634104048899816,-0.10910958165549672,2.378589630126953,da3_bbox_median
right_rear,442,1772699954410553000,data\camera\right_rear_camera\1772699954410553000.jpg,4000000,4,truck,0.725794,0.0,0.0,1785.0,1148.0,-11.2686767578125,-1.4251164197921753,1787.0445556640625,1171.2744140625,matched,0,VEHICLE_TRUCK,preprocessed/masks/right_rear_camera/masks/frame_000442_gt2d_000_track_55_VEHICLE_TRUCK.png,0.9568852186203003,892.5,574.0,2.5230188369750977,3.580430746078491,1.5578830242156982,0.9995083808898926,-0.14862318362515714,-0.1471980321348312,2.5230188369750977,da3_bbox_median
right_rear,443,1772699954510561000,data\camera\right_rear_camera\1772699954510561000.jpg,4000000,4,truck,0.720828,0.0,0.0,1782.0,1141.0,-9.859548568725586,-1.2560185194015503,1781.69091796875,1151.638671875,matched,0,VEHICLE_TRUCK,preprocessed/masks/right_rear_camera/masks/frame_000443_gt2d_000_track_55_VEHICLE_TRUCK.png,0.9451080560684204,891.0,570.5,2.661369800567627,3.8181240558624268,1.580996036529541,0.9994685649871826,-0.16032958450558651,-0.16356684841440206,2.661369800567627,da3_bbox_median
right_rear,444,1772699954610537000,data\camera\right_rear_camera\1772699954610537000.jpg,4000000,4,truck,0.731323,0.0,0.0,1767.0,1137.0,-8.491592407226562,-0.9379826188087463,1770.1470947265625,1141.83203125,matched,0,VEHICLE_TRUCK,preprocessed/masks/right_rear_camera/masks/frame_000444_gt2d_000_track_55_VEHICLE_TRUCK.png,0.9712527990341187,883.5,568.5,2.546937942504883,3.6388611793518066,1.5248966217041016,0.9995083808898926,-0.17045410185287163,-0.16107127000874263,2.546937942504883,da3_bbox_median
right_rear,445,1772699954710545000,data\camera\right_rear_camera\1772699954710545000.jpg,4000000,4,truck,0.721762,3.0,0.0,1761.0,1137.0,-5.565497875213623,-0.7921398282051086,1761.8499755859375,1138.165771484375,matched,0,VEHICLE_TRUCK,preprocessed/masks/right_rear_camera/masks/frame_000445_gt2d_000_track_55_VEHICLE_TRUCK.png,0.9446624517440796,882.0,568.5,2.5559096336364746,3.6723828315734863,1.6054649353027344,0.9996811151504517,-0.1744701758059647,-0.16163865002243485,2.5559096336364746,da3_bbox_median
right_rear,446,1772699954810552000,data\camera\right_rear_camera\1772699954810552000.jpg,4000000,4,truck,0.686483,0.0,0.0,1751.0,1126.0,-5.906353950500488,-0.7464032769203186,1752.3702392578125,1129.47021484375,matched,0,VEHICLE_TRUCK,preprocessed/masks/right_rear_camera/masks/frame_000446_gt2d_000_track_55_VEHICLE_TRUCK.png,0.9269682168960571,875.5,563.0,2.6045031547546387,3.7316126823425293,1.6887149810791016,0.9996412396430969,-0.19286976130025008,-0.17747152743809416,2.6045031547546387,da3_bbox_median
right_rear,447,1772699954910560000,data\camera\right_rear_camera\1772699954910560000.jpg,4000000,4,truck,0.697623,0.0,0.0,1750.0,1128.0,-5.832370758056641,-0.24843397736549377,1748.1507568359375,1128.0396728515625,matched,0,VEHICLE_TRUCK,preprocessed/masks/right_rear_camera/masks/frame_000447_gt2d_000_track_55_VEHICLE_TRUCK.png,0.9734541177749634,875.0,564.0,2.5909430980682373,3.715243101119995,1.6638941764831543,0.9994552731513977,-0.1930197596984117,-0.17423966249144515,2.5909430980682373,da3_bbox_median
right_rear,448,1772699955010523000,data\camera\right_rear_camera\1772699955010523000.jpg,4000000,4,truck,0.708018,0.0,0.0,1748.0,1132.0,-5.047778129577637,-0.34614041447639465,1745.865966796875,1129.9317626953125,matched,0,VEHICLE_TRUCK,preprocessed/masks/right_rear_camera/masks/frame_000448_gt2d_000_track_55_VEHICLE_TRUCK.png,0.9570613503456116,874.0,566.0,2.579078197479248,3.730478286743164,1.6725151538848877,0.999627947807312,-0.19443358601324195,-0.1688471327280735,2.579078197479248,da3_bbox_median
right_rear,449,1772699955110653000,data\camera\right_rear_camera\1772699955110653000.jpg,-1,1,car,0.380433,1707.0,0.0,1919.0,70.0,1707.0,0.0,1919.0,70.0,unassigned,1,VEHICLE_CAR,preprocessed/masks/right_rear_camera/masks/frame_000449_gt2d_001_track_-1_VEHICLE_CAR.png,0.9760600328445435,1813.0,35.0,11.454853057861328,11.214385032653809,13.270047187805176,0.9986901879310608,8.719196076458964,-6.1679293440518315,11.454853057861328,da3_bbox_median
right_rear,449,1772699955110653000,data\camera\right_rear_camera\1772699955110653000.jpg,-1,3,person,0.332744,1830.0,610.0,1849.0,659.0,1830.0,610.0,1849.0,659.0,unassigned,2,PEDESTRIAN_NORMAL,preprocessed/masks/right_rear_camera/masks/frame_000449_gt2d_002_track_-1_PEDESTRIAN_NORMAL.png,0.7255434393882751,1839.5,634.5,2.170323610305786,2.1659114360809326,0.13796544075012207,1.0,1.7032448605116974,-0.009661698621550589,2.170323610305786,da3_bbox_median
right_rear,449,1772699955110653000,data\camera\right_rear_camera\1772699955110653000.jpg,4000000,4,truck,0.703113,0.0,0.0,1743.0,1140.0,-4.535952091217041,-0.6731530427932739,1741.812744140625,1135.706298828125,matched,0,VEHICLE_TRUCK,preprocessed/masks/right_rear_camera/masks/frame_000449_gt2d_000_track_55_VEHICLE_TRUCK.png,0.9643099904060364,871.5,570.0,2.673650026321411,3.886125326156616,1.781419277191162,0.9997475743293762,-0.20751822070704204,-0.16551236186278367,2.673650026321411,da3_bbox_median
right_rear,450,1772699955210660000,data\camera\right_rear_camera\1772699955210660000.jpg,4000000,4,truck,0.694023,0.0,0.0,1742.0,1151.0,-4.006341934204102,-0.33884716033935547,1739.8861083984375,1145.6416015625,matched,0,VEHICLE_TRUCK,preprocessed/masks/right_rear_camera/masks/frame_000450_gt2d_000_track_55_VEHICLE_TRUCK.png,0.9590965509414673,871.0,575.5,2.5225319862365723,3.7054920196533203,1.6079437732696533,0.9997608661651611,-0.19691271079874972,-0.14379921524065922,2.5225319862365723,da3_bbox_median
right_rear,451,1772699955310637000,data\camera\right_rear_camera\1772699955310637000.jpg,-1,1,car,0.357847,1707.0,0.0,1919.0,71.0,1707.0,0.0,1919.0,71.0,unassigned,1,VEHICLE_CAR,preprocessed/masks/right_rear_camera/masks/frame_000451_gt2d_001_track_-1_VEHICLE_CAR.png,0.9751019477844238,1813.0,35.5,14.137275695800781,11.288968086242676,13.150318145751953,0.9988092184066772,10.761000438504016,-7.605998354028629,14.137275695800781,da3_bbox_median
right_rear,451,1772699955310637000,data\camera\right_rear_camera\1772699955310637000.jpg,4000000,4,truck,0.73869,0.0,0.0,1740.0,1147.0,-3.5631814002990723,-0.30086007714271545,1738.0347900390625,1146.66259765625,matched,0,VEHICLE_TRUCK,preprocessed/masks/right_rear_camera/masks/frame_000451_gt2d_000_track_55_VEHICLE_TRUCK.png,0.977818489074707,870.0,573.5,2.5058703422546387,3.7407188415527344,1.6494994163513184,0.9997608661651611,-0.19784459168018856,-0.14731360454261908,2.5058703422546387,da3_bbox_median
right_rear,452,1772699955410645000,data\camera\right_rear_camera\1772699955410645000.jpg,-1,1,car,0.371572,1706.0,0.0,1919.0,74.0,1706.0,0.0,1919.0,74.0,unassigned,1,VEHICLE_CAR,preprocessed/masks/right_rear_camera/masks/frame_000452_gt2d_001_track_-1_VEHICLE_CAR.png,0.9724266529083252,1812.5,37.0,14.492328643798828,11.076347351074219,12.757802963256836,0.9986960887908936,11.024803655903389,-7.777656923509904,14.492328643798828,da3_bbox_median
right_rear,452,1772699955410645000,data\camera\right_rear_camera\1772699955410645000.jpg,4000000,4,truck,0.719575,0.0,0.0,1740.0,1150.0,-2.897984504699707,-0.33977121114730835,1737.8057861328125,1148.9417724609375,matched,0,VEHICLE_TRUCK,preprocessed/masks/right_rear_camera/masks/frame_000452_gt2d_000_track_55_VEHICLE_TRUCK.png,0.9439268708229065,870.0,575.0,2.4306321144104004,3.6514225006103516,1.6962546110153198,0.9997608661651611,-0.19190434959520056,-0.13964292117358187,2.4306321144104004,da3_bbox_median
right_rear,453,1772699955510652000,data\camera\right_rear_camera\1772699955510652000.jpg,-1,1,car,0.381009,1706.0,0.0,1919.0,74.0,1706.0,0.0,1919.0,74.0,unassigned,1,VEHICLE_CAR,preprocessed/masks/right_rear_camera/masks/frame_000453_gt2d_001_track_-1_VEHICLE_CAR.png,0.9723281860351562,1812.5,37.0,15.455448150634766,11.131591796875,12.80615234375,0.9986960887908936,11.757481179372343,-8.294538184252996,15.455448150634766,da3_bbox_median
right_rear,453,1772699955510652000,data\camera\right_rear_camera\1772699955510652000.jpg,4000000,4,truck,0.72575,0.0,0.0,1733.0,1151.0,-2.5590245723724365,-0.14514216780662537,1733.1583251953125,1150.63623046875,matched,0,VEHICLE_TRUCK,preprocessed/masks/right_rear_camera/masks/frame_000453_gt2d_000_track_55_VEHICLE_TRUCK.png,0.9452940225601196,866.5,575.5,2.4239816665649414,3.652562141418457,1.6421613693237305,0.9997608661651611,-0.19893773552425398,-0.1381812652175004,2.4239816665649414,da3_bbox_median
right_rear,454,1772699955610660000,data\camera\right_rear_camera\1772699955610660000.jpg,-1,1,car,0.386001,1704.0,0.0,1919.0,75.0,1704.0,0.0,1919.0,75.0,unassigned,1,VEHICLE_CAR,preprocessed/masks/right_rear_camera/masks/frame_000454_gt2d_001_track_-1_VEHICLE_CAR.png,0.9724138379096985,1811.5,37.5,15.180750846862793,10.973248481750488,12.697547912597656,0.9992887377738953,11.534984927098588,-8.140354148764633,15.180750846862793,da3_bbox_median
right_rear,454,1772699955610660000,data\camera\right_rear_camera\1772699955610660000.jpg,4000000,4,truck,0.745696,0.0,0.0,1720.0,1154.0,-2.258948802947998,-0.11004234850406647,1722.9599609375,1153.17724609375,matched,0,VEHICLE_TRUCK,preprocessed/masks/right_rear_camera/masks/frame_000454_gt2d_000_track_55_VEHICLE_TRUCK.png,0.9688396453857422,860.0,577.0,2.376051187515259,3.594097137451172,1.6323920488357544,0.9998272657394409,-0.2087636185697308,-0.13227424827975723,2.376051187515259,da3_bbox_median
right_rear,455,1772699955710637000,data\camera\right_rear_camera\1772699955710637000.jpg,-1,1,car,0.379583,1701.0,0.0,1919.0,78.0,1701.0,0.0,1919.0,78.0,unassigned,1,VEHICLE_CAR,preprocessed/masks/right_rear_camera/masks/frame_000455_gt2d_001_track_-1_VEHICLE_CAR.png,0.9697831869125366,1810.0,39.0,14.70468521118164,11.063246726989746,13.1137056350708,0.9988449811935425,11.153598950356141,-7.865426828013589,14.70468521118164,da3_bbox_median
right_rear,455,1772699955710637000,data\camera\right_rear_camera\1772699955710637000.jpg,4000000,4,truck,0.755753,0.0,0.0,1718.0,1159.0,-1.967722773551941,-0.17229977250099182,1717.987548828125,1157.317626953125,matched,0,VEHICLE_TRUCK,preprocessed/masks/right_rear_camera/masks/frame_000455_gt2d_000_track_55_VEHICLE_TRUCK.png,0.9531823396682739,859.0,579.5,2.4110851287841797,3.6540660858154297,1.6693533658981323,0.9997608661651611,-0.21398982499055563,-0.12885540289579409,2.4110851287841797,da3_bbox_median
right_rear,456,1772699955810644000,data\camera\right_rear_camera\1772699955810644000.jpg,-1,1,car,0.372916,1700.0,0.0,1919.0,78.0,1700.0,0.0,1919.0,78.0,unassigned,1,VEHICLE_CAR,preprocessed/masks/right_rear_camera/masks/frame_000456_gt2d_001_track_-1_VEHICLE_CAR.png,0.97029709815979,1809.5,39.0,15.057462692260742,11.17668628692627,13.38094711303711,0.9986140131950378,11.414475503861812,-8.054124880651171,15.057462692260742,da3_bbox_median
right_rear,456,1772699955810644000,data\camera\right_rear_camera\1772699955810644000.jpg,4000000,4,truck,0.763504,1.0,0.0,1713.0,1178.0,-1.0878149271011353,-0.08162157237529755,1712.9718017578125,1171.4732666015625,matched,0,VEHICLE_TRUCK,preprocessed/masks/right_rear_camera/masks/frame_000456_gt2d_000_track_55_VEHICLE_TRUCK.png,0.9721323251724243,857.0,589.0,2.4314985275268555,3.690438747406006,1.645293951034546,0.9997209906578064,-0.2201340760166527,-0.10937074044146762,2.4314985275268555,da3_bbox_median
right_rear,457,1772699955910651000,data\camera\right_rear_camera\1772699955910651000.jpg,-1,1,car,0.347569,1699.0,0.0,1919.0,77.0,1699.0,0.0,1919.0,77.0,unassigned,1,VEHICLE_CAR,preprocessed/masks/right_rear_camera/masks/frame_000457_gt2d_001_track_-1_VEHICLE_CAR.png,0.9718072414398193,1809.0,38.5,15.744894027709961,11.1085786819458,13.221993446350098,0.9990760087966919,11.928576730875136,-8.428839164446371,15.744894027709961,da3_bbox_median
right_rear,457,1772699955910651000,data\camera\right_rear_camera\1772699955910651000.jpg,4000000,4,truck,0.744778,1.0,0.0,1711.0,1177.0,-0.36406210064888,-0.1587328463792801,1710.228271484375,1175.98681640625,matched,0,VEHICLE_TRUCK,preprocessed/masks/right_rear_camera/masks/frame_000457_gt2d_000_track_55_VEHICLE_TRUCK.png,0.9805566072463989,856.0,588.5,2.4113895893096924,3.6558139324188232,1.6324411630630493,0.9997475743293762,-0.22046186701558096,-0.10954019542424329,2.4113895893096924,da3_bbox_median
right_rear,458,1772699956010645000,data\camera\right_rear_camera\1772699956010645000.jpg,-1,1,car,0.339004,1698.0,0.0,1919.0,79.0,1698.0,0.0,1919.0,79.0,unassigned,1,VEHICLE_CAR,preprocessed/masks/right_rear_camera/masks/frame_000458_gt2d_001_track_-1_VEHICLE_CAR.png,0.968799889087677,1808.5,39.5,15.590785026550293,10.988853454589844,12.884162902832031,0.9990760087966919,11.804876331074182,-8.332451297835282,15.590785026550293,da3_bbox_median
right_rear,458,1772699956010645000,data\camera\right_rear_camera\1772699956010645000.jpg,4000000,4,truck,0.754757,1.0,0.0,1711.0,1183.0,0.1964297592639923,-0.18054072558879852,1709.5755615234375,1181.5457763671875,matched,0,VEHICLE_TRUCK,preprocessed/masks/right_rear_camera/masks/frame_000458_gt2d_000_track_55_VEHICLE_TRUCK.png,0.9817565679550171,856.0,591.5,2.4253082275390625,3.657707691192627,1.6313910484313965,0.999774158000946,-0.22173438182777264,-0.1036914455939572,2.4253082275390625,da3_bbox_median
right_rear,459,1772699956110561000,data\camera\right_rear_camera\1772699956110561000.jpg,-1,1,car,0.340966,1698.0,0.0,1919.0,79.0,1698.0,0.0,1919.0,79.0,unassigned,1,VEHICLE_CAR,preprocessed/masks/right_rear_camera/masks/frame_000459_gt2d_001_track_-1_VEHICLE_CAR.png,0.9678765535354614,1808.5,39.5,15.355006217956543,10.839661598205566,12.592498779296875,0.9990760087966919,11.626351665882702,-8.206439975357073,15.355006217956543,da3_bbox_median
right_rear,459,1772699956110561000,data\camera\right_rear_camera\1772699956110561000.jpg,4000000,4,truck,0.775937,0.0,0.0,1710.0,1187.0,-0.026789449155330658,-0.09042840451002121,1708.98828125,1186.2662353515625,matched,0,VEHICLE_TRUCK,preprocessed/masks/right_rear_camera/masks/frame_000459_gt2d_000_track_55_VEHICLE_TRUCK.png,0.9812843799591064,855.0,593.5,2.399570941925049,3.616271495819092,1.6200194358825684,0.999774158000946,-0.22151915510174944,-0.09831624634736223,2.399570941925049,da3_bbox_median
right_rear,460,1772699956210538000,data\camera\right_rear_camera\1772699956210538000.jpg,-1,1,car,0.325511,1700.0,0.0,1919.0,78.0,1700.0,0.0,1919.0,78.0,unassigned,1,VEHICLE_CAR,preprocessed/masks/right_rear_camera/masks/frame_000460_gt2d_001_track_-1_VEHICLE_CAR.png,0.9706612825393677,1809.5,39.0,14.960881233215332,10.661584854125977,12.175862312316895,0.9990760087966919,11.341260864653862,-8.002464176042084,14.960881233215332,da3_bbox_median
right_rear,460,1772699956210538000,data\camera\right_rear_camera\1772699956210538000.jpg,4000000,4,truck,0.758837,0.0,0.0,1711.0,1187.0,0.4375184178352356,-0.15414099395275116,1710.06396484375,1187.832763671875,matched,0,VEHICLE_TRUCK,preprocessed/masks/right_rear_camera/masks/frame_000460_gt2d_000_track_55_VEHICLE_TRUCK.png,0.9828798770904541,855.5,593.5,2.363581657409668,3.559539556503296,1.6279985904693604,0.9997342824935913,-0.21714388915897195,-0.09684167799830527,2.363581657409668,da3_bbox_median
right_rear,461,1772699956310546000,data\camera\right_rear_camera\1772699956310546000.jpg,-1,1,car,0.321717,1699.0,0.0,1919.0,79.0,1699.0,0.0,1919.0,79.0,unassigned,1,VEHICLE_CAR,preprocessed/masks/right_rear_camera/masks/frame_000461_gt2d_001_track_-1_VEHICLE_CAR.png,0.9688317775726318,1809.0,39.5,14.980278968811035,10.686697959899902,12.172046661376953,0.9986140131950378,11.349292463632276,-8.006168048821017,14.980278968811035,da3_bbox_median
right_rear,461,1772699956310546000,data\camera\right_rear_camera\1772699956310546000.jpg,4000000,4,truck,0.737917,1.0,0.0,1710.0,1186.0,1.316267490386963,-0.09095709770917892,1709.9268798828125,1187.723388671875,matched,0,VEHICLE_TRUCK,preprocessed/masks/right_rear_camera/masks/frame_000461_gt2d_000_track_55_VEHICLE_TRUCK.png,0.9823909997940063,855.5,593.0,2.360961437225342,3.5573933124542236,1.6294957399368286,0.9996811151504517,-0.21690316771002444,-0.0977858328524885,2.360961437225342,da3_bbox_median
right_rear,462,1772699956410553000,data\camera\right_rear_camera\1772699956410553000.jpg,-1,1,car,0.319837,1702.0,0.0,1919.0,76.0,1702.0,0.0,1919.0,76.0,unassigned,1,VEHICLE_CAR,preprocessed/masks/right_rear_camera/masks/frame_000462_gt2d_001_track_-1_VEHICLE_CAR.png,0.9723273515701294,1810.5,38.0,15.184142112731934,10.826482772827148,12.410285949707031,0.9997689723968506,11.524033995284805,-8.135410015589423,15.184142112731934,da3_bbox_median
right_rear,462,1772699956410553000,data\camera\right_rear_camera\1772699956410553000.jpg,4000000,4,truck,0.758209,0.0,0.0,1713.0,1180.0,0.7586913108825684,-0.06939754635095596,1711.701171875,1183.6007080078125,matched,0,VEHICLE_TRUCK,preprocessed/masks/right_rear_camera/masks/frame_000462_gt2d_000_track_55_VEHICLE_TRUCK.png,0.9844598770141602,856.5,590.0,2.41709041595459,3.623609781265259,1.606757640838623,0.9998405575752258,-0.21990635691020796,-0.1065696320223447,2.41709041595459,da3_bbox_median
right_rear,463,1772699956510561000,data\camera\right_rear_camera\1772699956510561000.jpg,-1,1,car,0.336137,1698.0,0.0,1919.0,82.0,1698.0,0.0,1919.0,82.0,unassigned,1,VEHICLE_CAR,preprocessed/masks/right_rear_camera/masks/frame_000463_gt2d_001_track_-1_VEHICLE_CAR.png,0.9654636383056641,1808.5,41.0,15.364114761352539,10.96234130859375,12.543724060058594,0.9993069767951965,11.633248382639609,-8.190779663517233,15.364114761352539,da3_bbox_median
right_rear,463,1772699956510561000,data\camera\right_rear_camera\1772699956510561000.jpg,4000000,4,truck,0.75613,0.0,0.0,1711.0,1186.0,0.7296425104141235,-0.2752154767513275,1711.2884521484375,1185.67578125,matched,0,VEHICLE_TRUCK,preprocessed/masks/right_rear_camera/masks/frame_000463_gt2d_000_track_55_VEHICLE_TRUCK.png,0.9830747842788696,855.5,593.0,2.416994094848633,3.6429696083068848,1.628549575805664,0.9997873902320862,-0.22205092689917338,-0.10010658235997352,2.416994094848633,da3_bbox_median
right_rear,464,1772699956610537000,data\camera\right_rear_camera\1772699956610537000.jpg,-1,1,car,0.336093,1699.0,0.0,1919.0,82.0,1699.0,0.0,1919.0,82.0,unassigned,1,VEHICLE_CAR,preprocessed/masks/right_rear_camera/masks/frame_000464_gt2d_001_track_-1_VEHICLE_CAR.png,0.965345025062561,1809.0,41.0,15.197013854980469,10.860740661621094,12.517915725708008,0.9991915225982666,11.513494186132254,-8.101696320485294,15.197013854980469,da3_bbox_median
right_rear,464,1772699956610537000,data\camera\right_rear_camera\1772699956610537000.jpg,4000000,4,truck,0.768123,1.0,0.0,1712.0,1181.0,1.1013343334197998,-0.11024752259254456,1711.562744140625,1183.3238525390625,matched,0,VEHICLE_TRUCK,preprocessed/masks/right_rear_camera/masks/frame_000464_gt2d_000_track_55_VEHICLE_TRUCK.png,0.9849743843078613,856.5,590.5,2.4074597358703613,3.6221773624420166,1.6209403276443481,0.999774158000946,-0.21903015974442921,-0.10507279409234607,2.4074597358703613,da3_bbox_median
right_rear,465,1772699956710545000,data\camera\right_rear_camera\1772699956710545000.jpg,-1,1,car,0.329149,1696.0,0.0,1919.0,85.0,1696.0,0.0,1919.0,85.0,unassigned,1,VEHICLE_CAR,preprocessed/masks/right_rear_camera/masks/frame_000465_gt2d_001_track_-1_VEHICLE_CAR.png,0.9609073400497437,1807.5,42.5,14.481526374816895,10.761588096618652,12.374855041503906,0.9992117285728455,10.952077050685638,-7.700912923562255,14.481526374816895,da3_bbox_median
right_rear,465,1772699956710545000,data\camera\right_rear_camera\1772699956710545000.jpg,4000000,4,truck,0.769525,0.0,0.0,1712.0,1178.0,0.35580551624298096,-0.023652905598282814,1711.4847412109375,1180.3931884765625,matched,0,VEHICLE_TRUCK,preprocessed/masks/right_rear_camera/masks/frame_000465_gt2d_000_track_55_VEHICLE_TRUCK.png,0.9856808185577393,856.0,589.0,2.4016566276550293,3.609997034072876,1.614030122756958,0.999774158000946,-0.2195720286802532,-0.108028428016347,2.4016566276550293,da3_bbox_median
right_rear,466,1772699956810552000,data\camera\right_rear_camera\1772699956810552000.jpg,-1,1,car,0.315489,1696.0,0.0,1919.0,85.0,1696.0,0.0,1919.0,85.0,unassigned,1,VEHICLE_CAR,preprocessed/masks/right_rear_camera/masks/frame_000466_gt2d_001_track_-1_VEHICLE_CAR.png,0.9611259698867798,1807.5,42.5,14.692298889160156,10.823982238769531,12.368823051452637,0.9992117285728455,11.111479917310831,-7.812996466251536,14.692298889160156,da3_bbox_median
right_rear,466,1772699956810552000,data\camera\right_rear_camera\1772699956810552000.jpg,4000000,4,truck,0.761662,0.0,0.0,1711.0,1181.0,0.4039563238620758,-0.224648118019104,1711.161376953125,1180.9739990234375,matched,0,VEHICLE_TRUCK,preprocessed/masks/right_rear_camera/masks/frame_000466_gt2d_000_track_55_VEHICLE_TRUCK.png,0.9856080412864685,855.5,590.5,2.413123369216919,3.6280882358551025,1.6187777519226074,0.9997873902320862,-0.22169532064588285,-0.10531998152047652,2.413123369216919,da3_bbox_median
right_rear,467,1772699956910560000,data\camera\right_rear_camera\1772699956910560000.jpg,4000000,4,truck,0.741456,1.0,0.0,1710.0,1179.0,0.8723434209823608,-0.05310799181461334,1710.199462890625,1180.076171875,matched,0,VEHICLE_TRUCK,preprocessed/masks/right_rear_camera/masks/frame_000467_gt2d_000_track_55_VEHICLE_TRUCK.png,0.9853281378746033,855.5,589.5,2.381516456604004,3.587529420852661,1.6027839183807373,0.9997873902320862,-0.21879157162263235,-0.10606184076720872,2.381516456604004,da3_bbox_median
right_rear,468,1772699957010523000,data\camera\right_rear_camera\1772699957010523000.jpg,-1,1,car,0.303499,1698.0,0.0,1919.0,83.0,1698.0,0.0,1919.0,83.0,unassigned,1,VEHICLE_CAR,preprocessed/masks/right_rear_camera/masks/frame_000468_gt2d_001_track_-1_VEHICLE_CAR.png,0.9624596834182739,1808.5,41.5,15.171625137329102,10.891759872436523,12.472991943359375,0.9994224905967712,11.48750099386207,-8.081404261554448,15.171625137329102,da3_bbox_median
right_rear,468,1772699957010523000,data\camera\right_rear_camera\1772699957010523000.jpg,4000000,4,truck,0.746207,1.0,0.0,1711.0,1183.0,0.9768310189247131,-0.02257690019905567,1710.4566650390625,1182.3037109375,matched,0,VEHICLE_TRUCK,preprocessed/masks/right_rear_camera/masks/frame_000468_gt2d_000_track_55_VEHICLE_TRUCK.png,0.9846483469009399,856.0,591.5,2.4004712104797363,3.6199278831481934,1.6252692937850952,0.999813973903656,-0.2194636516329208,-0.10262956563417307,2.4004712104797363,da3_bbox_median
right_rear,469,1772699957110653000,data\camera\right_rear_camera\1772699957110653000.jpg,4000000,4,truck,0.748179,0.0,0.0,1711.0,1181.0,0.5682101249694824,-0.12101516872644424,1710.798583984375,1181.6795654296875,matched,0,VEHICLE_TRUCK,preprocessed/masks/right_rear_camera/masks/frame_000469_gt2d_000_track_55_VEHICLE_TRUCK.png,0.9843944907188416,855.5,590.5,2.40200138092041,3.6209800243377686,1.6227564811706543,0.9998006820678711,-0.2206735358531665,-0.10483456597280835,2.40200138092041,da3_bbox_median
right_rear,470,1772699957210660000,data\camera\right_rear_camera\1772699957210660000.jpg,-1,1,car,0.318954,1699.0,0.0,1919.0,83.0,1699.0,0.0,1919.0,83.0,unassigned,1,VEHICLE_CAR,preprocessed/masks/right_rear_camera/masks/frame_000470_gt2d_001_track_-1_VEHICLE_CAR.png,0.9630996584892273,1809.0,41.5,15.34201431274414,10.953852653503418,12.58120346069336,0.9994224905967712,11.623348789370732,-8.172164730248987,15.34201431274414,da3_bbox_median
right_rear,470,1772699957210660000,data\camera\right_rear_camera\1772699957210660000.jpg,4000000,4,truck,0.759771,0.0,0.0,1713.0,1180.0,0.1300075352191925,0.05515724793076515,1711.9925537109375,1180.9576416015625,matched,0,VEHICLE_TRUCK,preprocessed/masks/right_rear_camera/masks/frame_000470_gt2d_000_track_55_VEHICLE_TRUCK.png,0.9871885180473328,856.5,590.0,2.4093430042266846,3.6360702514648438,1.639524221420288,0.9998006820678711,-0.21920149908721495,-0.10622804826878769,2.4093430042266846,da3_bbox_median
right_rear,471,1772699957310637000,data\camera\right_rear_camera\1772699957310637000.jpg,-1,1,car,0.30329,1696.0,0.0,1919.0,85.0,1696.0,0.0,1919.0,85.0,unassigned,1,VEHICLE_CAR,preprocessed/masks/right_rear_camera/masks/frame_000471_gt2d_001_track_-1_VEHICLE_CAR.png,0.9596022367477417,1807.5,42.5,14.558168411254883,10.849719047546387,12.464216232299805,0.9993243217468262,11.010039827996875,-7.7416692384435235,14.558168411254883,da3_bbox_median
right_rear,471,1772699957310637000,data\camera\right_rear_camera\1772699957310637000.jpg,4000000,4,truck,0.759319,0.0,0.0,1714.0,1181.0,-0.036236707121133804,0.0061428844928741455,1713.123046875,1181.19873046875,matched,0,VEHICLE_TRUCK,preprocessed/masks/right_rear_camera/masks/frame_000471_gt2d_000_track_55_VEHICLE_TRUCK.png,0.9858485460281372,857.0,590.5,2.3948397636413574,3.614046573638916,1.631258249282837,0.9998006820678711,-0.21681519960176346,-0.10452199952506336,2.3948397636413574,da3_bbox_median
right_rear,472,1772699957410645000,data\camera\right_rear_camera\1772699957410645000.jpg,-1,1,car,0.311915,1693.0,0.0,1919.0,85.0,1693.0,0.0,1919.0,85.0,unassigned,1,VEHICLE_CAR,preprocessed/masks/right_rear_camera/masks/frame_000472_gt2d_001_track_-1_VEHICLE_CAR.png,0.9588009119033813,1806.0,42.5,14.61156177520752,10.882525444030762,12.53759765625,0.9992117285728455,11.030893656244874,-7.770062491741074,14.61156177520752,da3_bbox_median
right_rear,472,1772699957410645000,data\camera\right_rear_camera\1772699957410645000.jpg,4000000,4,truck,0.747666,1.0,0.0,1712.0,1181.0,0.5807082056999207,-0.059809405356645584,1712.25927734375,1181.21728515625,matched,0,VEHICLE_TRUCK,preprocessed/masks/right_rear_camera/masks/frame_000472_gt2d_000_track_55_VEHICLE_TRUCK.png,0.9867805242538452,856.5,590.5,2.39335298538208,3.6186563968658447,1.6515202522277832,0.9997873902320862,-0.21774673067316128,-0.10445710957339754,2.39335298538208,da3_bbox_median
right_rear,473,1772699957510652000,data\camera\right_rear_camera\1772699957510652000.jpg,-1,1,car,0.330341,1694.0,0.0,1919.0,84.0,1694.0,0.0,1919.0,84.0,unassigned,1,VEHICLE_CAR,preprocessed/masks/right_rear_camera/masks/frame_000473_gt2d_001_track_-1_VEHICLE_CAR.png,0.9613395929336548,1806.5,42.0,14.610881805419922,10.894139289855957,12.561150550842285,0.9992117285728455,11.036888835653459,-7.776208212645325,14.610881805419922,da3_bbox_median
right_rear,473,1772699957510652000,data\camera\right_rear_camera\1772699957510652000.jpg,4000000,4,truck,0.749511,0.0,0.0,1711.0,1175.0,-0.13230596482753754,0.06562894582748413,1710.9942626953125,1177.38720703125,matched,0,VEHICLE_TRUCK,preprocessed/masks/right_rear_camera/masks/frame_000473_gt2d_000_track_55_VEHICLE_TRUCK.png,0.9865114688873291,855.5,587.5,2.3987646102905273,3.6256673336029053,1.6564550399780273,0.9997873902320862,-0.22037617148638658,-0.11110338736810403,2.3987646102905273,da3_bbox_median
right_rear,474,1772699957610660000,data\camera\right_rear_camera\1772699957610660000.jpg,-1,1,car,0.330412,1693.0,0.0,1919.0,85.0,1693.0,0.0,1919.0,85.0,unassigned,1,VEHICLE_CAR,preprocessed/masks/right_rear_camera/masks/frame_000474_gt2d_001_track_-1_VEHICLE_CAR.png,0.9591946601867676,1806.0,42.5,14.484676361083984,10.87082290649414,12.498714447021484,0.9983108043670654,10.935102423845596,-7.702588007343166,14.484676361083984,da3_bbox_median
right_rear,474,1772699957610660000,data\camera\right_rear_camera\1772699957610660000.jpg,4000000,4,truck,0.758681,0.0,0.0,1709.0,1176.0,-0.31318792700767517,-0.017864197492599487,1709.295166015625,1176.451904296875,matched,0,VEHICLE_TRUCK,preprocessed/masks/right_rear_camera/masks/frame_000474_gt2d_000_track_55_VEHICLE_TRUCK.png,0.9879821538925171,854.5,588.0,2.3920702934265137,3.614971160888672,1.6649808883666992,0.9996811151504517,-0.2218922882494826,-0.10972796051094273,2.3920702934265137,da3_bbox_median
right_rear,475,1772699957710637000,data\camera\right_rear_camera\1772699957710637000.jpg,-1,1,car,0.339208,1696.0,0.0,1919.0,85.0,1696.0,0.0,1919.0,85.0,unassigned,1,VEHICLE_CAR,preprocessed/masks/right_rear_camera/masks/frame_000475_gt2d_001_track_-1_VEHICLE_CAR.png,0.9592721462249756,1807.5,42.5,14.561853408813477,10.844653129577637,12.421037673950195,0.9983108043670654,11.012826714969195,-7.743628827825733,14.561853408813477,da3_bbox_median
right_rear,475,1772699957710637000,data\camera\right_rear_camera\1772699957710637000.jpg,4000000,4,truck,0.749573,0.0,0.0,1710.0,1180.0,-0.3020707368850708,-0.021425552666187286,1709.4083251953125,1178.7708740234375,matched,0,VEHICLE_TRUCK,preprocessed/masks/right_rear_camera/masks/frame_000475_gt2d_000_track_55_VEHICLE_TRUCK.png,0.9873569011688232,855.0,590.0,2.386477470397949,3.6038527488708496,1.6513445377349854,0.9996678233146667,-0.22031041619790814,-0.10521990578887122,2.386477470397949,da3_bbox_median
right_rear,476,1772699957810644000,data\camera\right_rear_camera\1772699957810644000.jpg,-1,1,car,0.308186,1686.0,0.0,1919.0,88.0,1686.0,0.0,1919.0,88.0,unassigned,1,VEHICLE_CAR,preprocessed/masks/right_rear_camera/masks/frame_000476_gt2d_001_track_-1_VEHICLE_CAR.png,0.952832818031311,1802.5,44.0,13.406347274780273,10.71107006072998,12.311859130859375,0.9976928234100342,10.07922197544144,-7.111247085292221,13.406347274780273,da3_bbox_median
right_rear,476,1772699957810644000,data\camera\right_rear_camera\1772699957810644000.jpg,4000000,4,truck,0.748327,1.0,0.0,1711.0,1171.0,0.19189977645874023,0.05978817865252495,1709.9578857421875,1173.7818603515625,matched,0,VEHICLE_TRUCK,preprocessed/masks/right_rear_camera/masks/frame_000476_gt2d_000_track_55_VEHICLE_TRUCK.png,0.9823179244995117,856.0,585.5,2.3868212699890137,3.5950021743774414,1.6502563953399658,0.999588131904602,-0.21821570257542414,-0.11480232440268681,2.3868212699890137,da3_bbox_median
right_rear,477,1772699957910651000,data\camera\right_rear_camera\1772699957910651000.jpg,-1,1,car,0.324093,1693.0,0.0,1919.0,85.0,1693.0,0.0,1919.0,85.0,unassigned,1,VEHICLE_CAR,preprocessed/masks/right_rear_camera/masks/frame_000477_gt2d_001_track_-1_VEHICLE_CAR.png,0.960377037525177,1806.0,42.5,14.536125183105469,10.790453910827637,12.243675231933594,0.9978603720664978,10.97394334264601,-7.729947201957919,14.536125183105469,da3_bbox_median
right_rear,477,1772699957910651000,data\camera\right_rear_camera\1772699957910651000.jpg,4000000,4,truck,0.738173,1.0,0.0,1711.0,1174.0,0.4561554491519928,0.004240576643496752,1710.2579345703125,1173.7889404296875,matched,0,VEHICLE_TRUCK,preprocessed/masks/right_rear_camera/masks/frame_000477_gt2d_000_track_55_VEHICLE_TRUCK.png,0.9857780933380127,856.0,587.0,2.382925510406494,3.5900380611419678,1.6823005676269531,0.9996147155761719,-0.2178595318285595,-0.11143106292387846,2.382925510406494,da3_bbox_median
right_rear,478,1772699958010645000,data\camera\right_rear_camera\1772699958010645000.jpg,-1,1,car,0.327271,1693.0,0.0,1919.0,85.0,1693.0,0.0,1919.0,85.0,unassigned,1,VEHICLE_CAR,preprocessed/masks/right_rear_camera/masks/frame_000478_gt2d_001_track_-1_VEHICLE_CAR.png,0.955552339553833,1806.0,42.5,14.461877822875977,10.780983924865723,12.290021896362305,0.9977477192878723,10.91789083111106,-7.69046431589102,14.461877822875977,da3_bbox_median
right_rear,478,1772699958010645000,data\camera\right_rear_camera\1772699958010645000.jpg,4000000,4,truck,0.740009,1.0,0.0,1711.0,1173.0,0.5840993523597717,0.019165975973010063,1710.41259765625,1173.17919921875,matched,0,VEHICLE_TRUCK,preprocessed/masks/right_rear_camera/masks/frame_000478_gt2d_000_track_55_VEHICLE_TRUCK.png,0.9822779893875122,856.0,586.5,2.3990068435668945,3.6113359928131104,1.679136037826538,0.999601423740387,-0.2193297715394543,-0.11325151903376102,2.3990068435668945,da3_bbox_median
right_rear,479,1772699958110561000,data\camera\right_rear_camera\1772699958110561000.jpg,-1,1,car,0.343493,1699.0,0.0,1919.0,81.0,1699.0,0.0,1919.0,81.0,unassigned,1,VEHICLE_CAR,preprocessed/masks/right_rear_camera/masks/frame_000479_gt2d_001_track_-1_VEHICLE_CAR.png,0.9656862020492554,1809.0,40.5,15.327885627746582,10.86827564239502,12.495728492736816,0.9984984993934631,11.612644677751872,-8.178292158231562,15.327885627746582,da3_bbox_median
right_rear,479,1772699958110561000,data\camera\right_rear_camera\1772699958110561000.jpg,4000000,4,truck,0.777196,1.0,0.0,1710.0,1173.0,0.48853519558906555,0.07383707910776138,1709.6776123046875,1173.0106201171875,matched,0,VEHICLE_TRUCK,preprocessed/masks/right_rear_camera/masks/frame_000479_gt2d_000_track_55_VEHICLE_TRUCK.png,0.9849382638931274,855.5,586.5,2.3942480087280273,3.6112828254699707,1.684706449508667,0.9996944069862366,-0.2199612281625593,-0.11302686553776216,2.3942480087280273,da3_bbox_median
right_rear,480,1772699958210538000,data\camera\right_rear_camera\1772699958210538000.jpg,-1,1,car,0.329962,1696.0,0.0,1919.0,84.0,1696.0,0.0,1919.0,84.0,unassigned,1,VEHICLE_CAR,preprocessed/masks/right_rear_camera/masks/frame_000480_gt2d_001_track_-1_VEHICLE_CAR.png,0.9594502449035645,1807.5,42.0,15.129907608032227,10.74657154083252,12.416269302368164,0.9980855584144592,11.442434285178654,-8.05244429220566,15.129907608032227,da3_bbox_median
right_rear,480,1772699958210538000,data\camera\right_rear_camera\1772699958210538000.jpg,4000000,4,truck,0.750602,1.0,0.0,1710.0,1170.0,0.6110013723373413,-0.01807132177054882,1709.5694580078125,1170.8641357421875,matched,0,VEHICLE_TRUCK,preprocessed/masks/right_rear_camera/masks/frame_000480_gt2d_000_track_55_VEHICLE_TRUCK.png,0.9736921191215515,855.5,585.0,2.3736190795898438,3.578571319580078,1.660376787185669,0.9996147155761719,-0.21806603410898925,-0.1152244689701553,2.3736190795898438,da3_bbox_median
right_rear,481,1772699958310546000,data\camera\right_rear_camera\1772699958310546000.jpg,-1,1,car,0.339306,1700.0,0.0,1919.0,81.0,1700.0,0.0,1919.0,81.0,unassigned,1,VEHICLE_CAR,preprocessed/masks/right_rear_camera/masks/frame_000481_gt2d_001_track_-1_VEHICLE_CAR.png,0.9646161198616028,1809.5,40.5,14.65535831451416,10.389613151550293,11.850502967834473,0.9980365037918091,11.109655849741532,-7.819460876110764,14.65535831451416,da3_bbox_median
right_rear,481,1772699958310546000,data\camera\right_rear_camera\1772699958310546000.jpg,4000000,4,truck,0.757807,2.0,0.0,1710.0,1158.0,1.315436840057373,0.03856964036822319,1709.537841796875,1162.2210693359375,matched,0,VEHICLE_TRUCK,preprocessed/masks/right_rear_camera/masks/frame_000481_gt2d_000_track_55_VEHICLE_TRUCK.png,0.9730380773544312,856.0,579.0,2.351923942565918,3.483930826187134,1.6796345710754395,0.9996147155761719,-0.21502520611161877,-0.1267411435775316,2.351923942565918,da3_bbox_median
right_rear,482,1772699958410553000,data\camera\right_rear_camera\1772699958410553000.jpg,-1,1,car,0.350344,1701.0,0.0,1919.0,81.0,1701.0,0.0,1919.0,81.0,unassigned,1,VEHICLE_CAR,preprocessed/masks/right_rear_camera/masks/frame_000482_gt2d_001_track_-1_VEHICLE_CAR.png,0.9644554257392883,1810.0,40.5,15.309660911560059,10.844991683959961,12.436422348022461,0.9980365037918091,11.61247693650988,-8.168568243459884,15.309660911560059,da3_bbox_median
right_rear,482,1772699958410553000,data\camera\right_rear_camera\1772699958410553000.jpg,4000000,4,truck,0.739858,1.0,0.0,1709.0,1164.0,0.8339112997055054,0.05019066855311394,1708.79052734375,1162.95654296875,matched,0,VEHICLE_TRUCK,preprocessed/masks/right_rear_camera/masks/frame_000482_gt2d_000_track_55_VEHICLE_TRUCK.png,0.9695571064949036,855.0,582.0,2.4230241775512695,3.624793291091919,1.7159026861190796,0.999601423740387,-0.2236842675597936,-0.12409769645417061,2.4230241775512695,da3_bbox_median
right_rear,483,1772699958510561000,data\camera\right_rear_camera\1772699958510561000.jpg,-1,1,car,0.352823,1701.0,0.0,1919.0,80.0,1701.0,0.0,1919.0,80.0,unassigned,1,VEHICLE_CAR,preprocessed/masks/right_rear_camera/masks/frame_000483_gt2d_001_track_-1_VEHICLE_CAR.png,0.967056155204773,1810.0,40.0,15.282343864440918,10.827388763427734,12.417081832885742,0.9983829855918884,11.591756779383145,-8.160799420694744,15.282343864440918,da3_bbox_median
right_rear,483,1772699958510561000,data\camera\right_rear_camera\1772699958510561000.jpg,4000000,4,truck,0.754688,0.0,0.0,1711.0,1171.0,0.13478563725948334,-0.005303452257066965,1709.9874267578125,1167.854736328125,matched,0,VEHICLE_TRUCK,preprocessed/masks/right_rear_camera/masks/frame_000483_gt2d_000_track_55_VEHICLE_TRUCK.png,0.9752548933029175,855.5,585.5,2.4066872596740723,3.6210944652557373,1.6836682558059692,0.9996678233146667,-0.22110403079016508,-0.115757847055799,2.4066872596740723,da3_bbox_median
right_rear,484,1772699958610537000,data\camera\right_rear_camera\1772699958610537000.jpg,-1,1,car,0.352638,1704.0,0.0,1919.0,77.0,1704.0,0.0,1919.0,77.0,unassigned,1,VEHICLE_CAR,preprocessed/masks/right_rear_camera/masks/frame_000484_gt2d_001_track_-1_VEHICLE_CAR.png,0.9700658321380615,1811.5,38.5,15.337909698486328,10.920957565307617,12.460200309753418,0.9982219338417053,11.65440095618204,-8.210965011248591,15.337909698486328,da3_bbox_median
right_rear,484,1772699958610537000,data\camera\right_rear_camera\1772699958610537000.jpg,4000000,4,truck,0.736526,0.0,0.0,1711.0,1176.0,-0.09249334782361984,0.010636451654136181,1710.486083984375,1173.07568359375,matched,0,VEHICLE_TRUCK,preprocessed/masks/right_rear_camera/masks/frame_000484_gt2d_000_track_55_VEHICLE_TRUCK.png,0.9669941663742065,855.5,588.0,2.4137473106384277,3.635969638824463,1.6913883686065674,0.9996412396430969,-0.2217526425778115,-0.1107223187850956,2.4137473106384277,da3_bbox_median
right_rear,485,1772699958710545000,data\camera\right_rear_camera\1772699958710545000.jpg,-1,1,car,0.338673,1702.0,0.0,1919.0,82.0,1702.0,0.0,1919.0,82.0,unassigned,1,VEHICLE_CAR,preprocessed/masks/right_rear_camera/masks/frame_000485_gt2d_001_track_-1_VEHICLE_CAR.png,0.9632130265235901,1810.5,41.0,15.27800178527832,10.850088119506836,12.337437629699707,0.9982674717903137,11.595268975119714,-8.144871882681862,15.27800178527832,da3_bbox_median
right_rear,485,1772699958710545000,data\camera\right_rear_camera\1772699958710545000.jpg,4000000,4,truck,0.750752,0.0,0.0,1708.0,1168.0,-0.05994505062699318,-0.007666347548365593,1708.813720703125,1169.75927734375,matched,0,VEHICLE_TRUCK,preprocessed/masks/right_rear_camera/masks/frame_000485_gt2d_000_track_55_VEHICLE_TRUCK.png,0.9762291312217712,854.0,584.0,2.426394462585449,3.6367602348327637,1.6708173751831055,0.9996678233146667,-0.2261571074832278,-0.1199476937942362,2.426394462585449,da3_bbox_median
right_rear,486,1772699958810552000,data\camera\right_rear_camera\1772699958810552000.jpg,-1,1,car,0.3456,1492.0,0.0,1919.0,143.0,1492.0,0.0,1919.0,143.0,unassigned,1,VEHICLE_CAR,preprocessed/masks/right_rear_camera/masks/frame_000486_gt2d_001_track_-1_VEHICLE_CAR.png,0.8785940408706665,1705.5,71.5,5.1287384033203125,8.273269653320312,11.990899085998535,0.9985650181770325,3.412693249149461,-2.5948505025727044,5.1287384033203125,da3_bbox_median
right_rear,486,1772699958810552000,data\camera\right_rear_camera\1772699958810552000.jpg,-1,1,car,0.314056,1701.0,0.0,1919.0,83.0,1701.0,0.0,1919.0,83.0,unassigned,2,VEHICLE_CAR,preprocessed/masks/right_rear_camera/masks/frame_000486_gt2d_002_track_-1_VEHICLE_CAR.png,0.9633887410163879,1810.0,41.5,15.488761901855469,11.094080924987793,12.524255752563477,0.9981520175933838,11.748326197386788,-8.250332136923122,15.488761901855469,da3_bbox_median
right_rear,486,1772699958810552000,data\camera\right_rear_camera\1772699958810552000.jpg,4000000,4,truck,0.69028,0.0,0.0,1702.0,1147.0,0.11961051821708679,0.08144163340330124,1704.384765625,1154.708251953125,matched,0,VEHICLE_TRUCK,preprocessed/masks/right_rear_camera/masks/frame_000486_gt2d_000_track_55_VEHICLE_TRUCK.png,0.9631316661834717,851.0,573.5,2.4840831756591797,3.734426498413086,1.6898622512817383,0.9996811151504517,-0.23817341467756972,-0.1460327936443745,2.4840831756591797,da3_bbox_median
right_rear,487,1772699958910560000,data\camera\right_rear_camera\1772699958910560000.jpg,-1,1,car,0.332171,1702.0,0.0,1919.0,92.0,1702.0,0.0,1919.0,92.0,unassigned,1,VEHICLE_CAR,preprocessed/masks/right_rear_camera/masks/frame_000487_gt2d_001_track_-1_VEHICLE_CAR.png,0.9408162832260132,1810.5,46.0,15.398724555969238,11.03426742553711,12.45605754852295,0.9984984993934631,11.686891755196344,-8.140648560714489,15.398724555969238,da3_bbox_median
right_rear,487,1772699958910560000,data\camera\right_rear_camera\1772699958910560000.jpg,4000000,4,truck,0.730981,0.0,0.0,1710.0,1171.0,0.35584139823913574,0.009040878154337406,1708.185791015625,1164.881103515625,matched,0,VEHICLE_TRUCK,preprocessed/masks/right_rear_camera/masks/frame_000487_gt2d_000_track_55_VEHICLE_TRUCK.png,0.9730474948883057,855.0,585.5,2.4560327529907227,3.7214837074279785,1.6516046524047852,0.9997209906578064,-0.22673149221762928,-0.11813128716326662,2.4560327529907227,da3_bbox_median
right_rear,488,1772699959010523000,data\camera\right_rear_camera\1772699959010523000.jpg,-1,1,car,0.36028,1704.0,0.0,1919.0,79.0,1704.0,0.0,1919.0,79.0,unassigned,1,VEHICLE_CAR,preprocessed/masks/right_rear_camera/masks/frame_000488_gt2d_001_track_-1_VEHICLE_CAR.png,0.9677721858024597,1811.5,39.5,15.261822700500488,10.905261039733887,12.401094436645508,0.998458981513977,11.596586795092884,-8.15663830599653,15.261822700500488,da3_bbox_median
right_rear,488,1772699959010523000,data\camera\right_rear_camera\1772699959010523000.jpg,4000000,4,truck,0.74272,0.0,0.0,1710.0,1174.0,0.5597779750823975,-0.0784432664513588,1709.7523193359375,1170.635498046875,matched,0,VEHICLE_TRUCK,preprocessed/masks/right_rear_camera/masks/frame_000488_gt2d_000_track_55_VEHICLE_TRUCK.png,0.9788637161254883,855.0,587.0,2.447108745574951,3.659592390060425,1.6755086183547974,0.9997209906578064,-0.22590766219521805,-0.11443241822662746,2.447108745574951,da3_bbox_median
right_rear,489,1772699959110653000,data\camera\right_rear_camera\1772699959110653000.jpg,-1,1,car,0.333886,1704.0,0.0,1919.0,79.0,1704.0,0.0,1919.0,79.0,unassigned,1,VEHICLE_CAR,preprocessed/masks/right_rear_camera/masks/frame_000489_gt2d_001_track_-1_VEHICLE_CAR.png,0.968380331993103,1811.5,39.5,15.287392616271973,10.889533996582031,12.41381549835205,0.998458981513977,11.616015912663325,-8.170304075711963,15.287392616271973,da3_bbox_median
right_rear,489,1772699959110653000,data\camera\right_rear_camera\1772699959110653000.jpg,4000000,4,truck,0.739536,0.0,0.0,1710.0,1171.0,0.5979002118110657,-0.09182004630565643,1710.311767578125,1170.8699951171875,matched,0,VEHICLE_TRUCK,preprocessed/masks/right_rear_camera/masks/frame_000489_gt2d_000_track_55_VEHICLE_TRUCK.png,0.9668065309524536,855.0,585.5,2.431945323944092,3.6490535736083984,1.689071536064148,0.9997209906578064,-0.2245078334635762,-0.11697271996001275,2.431945323944092,da3_bbox_median
right_rear,490,1772699959210660000,data\camera\right_rear_camera\1772699959210660000.jpg,-1,1,car,0.337188,1703.0,0.0,1919.0,81.0,1703.0,0.0,1919.0,81.0,unassigned,1,VEHICLE_CAR,preprocessed/masks/right_rear_camera/masks/frame_000490_gt2d_001_track_-1_VEHICLE_CAR.png,0.9644173383712769,1811.0,40.5,15.326667785644531,10.93395709991455,12.439713478088379,0.998458981513977,11.63903149963231,-8.17764237072955,15.326667785644531,da3_bbox_median
right_rear,490,1772699959210660000,data\camera\right_rear_camera\1772699959210660000.jpg,4000000,4,truck,0.733323,0.0,0.0,1709.0,1157.0,0.49628445506095886,-0.0640966072678566,1709.747314453125,1161.738525390625,matched,0,VEHICLE_TRUCK,preprocessed/masks/right_rear_camera/masks/frame_000490_gt2d_000_track_55_VEHICLE_TRUCK.png,0.9587733149528503,854.5,578.5,2.429093360900879,3.6515750885009766,1.6909534931182861,0.9997209906578064,-0.22532660754289022,-0.13198152689625228,2.429093360900879,da3_bbox_median
right_rear,491,1772699959310637000,data\camera\right_rear_camera\1772699959310637000.jpg,-1,1,car,0.349731,1703.0,0.0,1919.0,81.0,1703.0,0.0,1919.0,81.0,unassigned,1,VEHICLE_CAR,preprocessed/masks/right_rear_camera/masks/frame_000491_gt2d_001_track_-1_VEHICLE_CAR.png,0.963342547416687,1811.0,40.5,15.441247940063477,10.99881649017334,12.525676727294922,0.998458981513977,11.726043369737821,-8.238777350538973,15.441247940063477,da3_bbox_median
right_rear,491,1772699959310637000,data\camera\right_rear_camera\1772699959310637000.jpg,4000000,4,truck,0.733293,0.0,0.0,1710.0,1174.0,0.4372193515300751,-0.06780814379453659,1710.1737060546875,1169.533447265625,matched,0,VEHICLE_TRUCK,preprocessed/masks/right_rear_camera/masks/frame_000491_gt2d_000_track_55_VEHICLE_TRUCK.png,0.9763330221176147,855.0,587.0,2.4293887615203857,3.648252248764038,1.7274484634399414,0.9997209906578064,-0.22427182145902597,-0.1136037911253726,2.4293887615203857,da3_bbox_median
right_rear,492,1772699959410645000,data\camera\right_rear_camera\1772699959410645000.jpg,-1,1,car,0.361739,1703.0,0.0,1919.0,78.0,1703.0,0.0,1919.0,78.0,unassigned,1,VEHICLE_CAR,preprocessed/masks/right_rear_camera/masks/frame_000492_gt2d_001_track_-1_VEHICLE_CAR.png,0.9682452082633972,1811.0,39.0,15.331745147705078,10.935340881347656,12.432324409484863,0.9983404278755188,11.642887235124475,-8.200836527484986,15.331745147705078,da3_bbox_median
right_rear,492,1772699959410645000,data\camera\right_rear_camera\1772699959410645000.jpg,4000000,4,truck,0.735074,0.0,0.0,1710.0,1176.0,0.3369024991989136,-0.01759987324476242,1710.2572021484375,1173.8428955078125,matched,0,VEHICLE_TRUCK,preprocessed/masks/right_rear_camera/masks/frame_000492_gt2d_000_track_55_VEHICLE_TRUCK.png,0.9790217876434326,855.0,588.0,2.427774429321289,3.655456066131592,1.6901946067810059,0.9997076988220215,-0.22412279252283182,-0.11136576439333921,2.427774429321289,da3_bbox_median
right_rear,493,1772699959510652000,data\camera\right_rear_camera\1772699959510652000.jpg,-1,1,car,0.380923,1704.0,0.0,1919.0,77.0,1704.0,0.0,1919.0,77.0,unassigned,1,VEHICLE_CAR,preprocessed/masks/right_rear_camera/masks/frame_000493_gt2d_001_track_-1_VEHICLE_CAR.png,0.9696166515350342,1811.5,38.5,15.335061073303223,10.963558197021484,12.470869064331055,0.9978662729263306,11.65223644871587,-8.209440034105784,15.335061073303223,da3_bbox_median
right_rear,493,1772699959510652000,data\camera\right_rear_camera\1772699959510652000.jpg,4000000,4,truck,0.735708,0.0,0.0,1710.0,1175.0,0.3237524628639221,-0.04871617630124092,1710.3121337890625,1174.757080078125,matched,0,VEHICLE_TRUCK,preprocessed/masks/right_rear_camera/masks/frame_000493_gt2d_000_track_55_VEHICLE_TRUCK.png,0.9769783616065979,855.0,587.5,2.439530611038208,3.667797803878784,1.683109998703003,0.9996545314788818,-0.22520807797768289,-0.11299154294330631,2.439530611038208,da3_bbox_median
right_rear,494,1772699959610660000,data\camera\right_rear_camera\1772699959610660000.jpg,-1,1,car,0.376676,1704.0,0.0,1919.0,78.0,1704.0,0.0,1919.0,78.0,unassigned,1,VEHICLE_CAR,preprocessed/masks/right_rear_camera/masks/frame_000494_gt2d_001_track_-1_VEHICLE_CAR.png,0.9689719676971436,1811.5,39.0,15.334012031555176,10.95758056640625,12.44964599609375,0.9982219338417053,11.651439341848517,-8.202049066807964,15.334012031555176,da3_bbox_median
right_rear,494,1772699959610660000,data\camera\right_rear_camera\1772699959610660000.jpg,4000000,4,truck,0.735649,0.0,0.0,1710.0,1175.0,0.33771568536758423,-0.06382449716329575,1710.35009765625,1175.07763671875,matched,0,VEHICLE_TRUCK,preprocessed/masks/right_rear_camera/masks/frame_000494_gt2d_000_track_55_VEHICLE_TRUCK.png,0.9790175557136536,855.0,587.5,2.4369313716888428,3.6668763160705566,1.6881508827209473,0.9996944069862366,-0.2249681262035892,-0.11287115418358555,2.4369313716888428,da3_bbox_median
right_rear,495,1772699959710637000,data\camera\right_rear_camera\1772699959710637000.jpg,-1,1,car,0.387914,1705.0,0.0,1919.0,76.0,1705.0,0.0,1919.0,76.0,unassigned,1,VEHICLE_CAR,preprocessed/masks/right_rear_camera/masks/frame_000495_gt2d_001_track_-1_VEHICLE_CAR.png,0.9705016613006592,1812.0,38.0,15.358663558959961,10.976094245910645,12.470324516296387,0.9982219338417053,11.67701225082797,-8.228915694806437,15.358663558959961,da3_bbox_median
right_rear,495,1772699959710637000,data\camera\right_rear_camera\1772699959710637000.jpg,4000000,4,truck,0.735691,0.0,0.0,1710.0,1175.0,0.27550190687179565,-0.03309987112879753,1710.295166015625,1175.2120361328125,matched,0,VEHICLE_TRUCK,preprocessed/masks/right_rear_camera/masks/frame_000495_gt2d_000_track_55_VEHICLE_TRUCK.png,0.9788345098495483,855.0,587.5,2.443006992340088,3.675950288772583,1.6919004917144775,0.9996944069862366,-0.22552900412133178,-0.11315255821623683,2.443006992340088,da3_bbox_median
right_rear,496,1772699959810644000,data\camera\right_rear_camera\1772699959810644000.jpg,-1,1,car,0.373134,1704.0,0.0,1919.0,76.0,1704.0,0.0,1919.0,76.0,unassigned,1,VEHICLE_CAR,preprocessed/masks/right_rear_camera/masks/frame_000496_gt2d_001_track_-1_VEHICLE_CAR.png,0.971349835395813,1811.5,38.0,15.423431396484375,11.008103370666504,12.5137939453125,0.9983404278755188,11.719384006579128,-8.263617221581688,15.423431396484375,da3_bbox_median
right_rear,496,1772699959810644000,data\camera\right_rear_camera\1772699959810644000.jpg,4000000,4,truck,0.729725,0.0,0.0,1710.0,1173.0,0.2541990578174591,-0.05074280872941017,1710.2747802734375,1173.89111328125,matched,0,VEHICLE_TRUCK,preprocessed/masks/right_rear_camera/masks/frame_000496_gt2d_000_track_55_VEHICLE_TRUCK.png,0.9773691892623901,855.0,586.5,2.4562301635742188,3.686732292175293,1.6997103691101074,0.9997076988220215,-0.22674971640300348,-0.11595289853685112,2.4562301635742188,da3_bbox_median
right_rear,497,1772699959910651000,data\camera\right_rear_camera\1772699959910651000.jpg,-1,1,car,0.368129,1704.0,0.0,1919.0,76.0,1704.0,0.0,1919.0,76.0,unassigned,1,VEHICLE_CAR,preprocessed/masks/right_rear_camera/masks/frame_000497_gt2d_001_track_-1_VEHICLE_CAR.png,0.9710248708724976,1811.5,38.0,15.356983184814453,10.95570182800293,12.467351913452148,0.9986960887908936,11.66889380831574,-8.228015378374215,15.356983184814453,da3_bbox_median
right_rear,497,1772699959910651000,data\camera\right_rear_camera\1772699959910651000.jpg,4000000,4,truck,0.722226,0.0,0.0,1710.0,1153.0,0.22316662967205048,-0.021607814356684685,1710.24267578125,1160.194091796875,matched,0,VEHICLE_TRUCK,preprocessed/masks/right_rear_camera/masks/frame_000497_gt2d_000_track_55_VEHICLE_TRUCK.png,0.9608104228973389,855.0,576.5,2.4461638927459717,3.671488046646118,1.6940388679504395,0.9997475743293762,-0.22582043701811905,-0.13726686581930383,2.4461638927459717,da3_bbox_median
right_rear,498,1772699960010645000,data\camera\right_rear_camera\1772699960010645000.jpg,-1,1,car,0.364116,1704.0,0.0,1919.0,76.0,1704.0,0.0,1919.0,76.0,unassigned,1,VEHICLE_CAR,preprocessed/masks/right_rear_camera/masks/frame_000498_gt2d_001_track_-1_VEHICLE_CAR.png,0.9696004986763,1811.5,38.0,15.425247192382812,10.99524211883545,12.494888305664062,0.9982219338417053,11.720763726102257,-8.264590094729789,15.425247192382812,da3_bbox_median
right_rear,498,1772699960010645000,data\camera\right_rear_camera\1772699960010645000.jpg,4000000,4,truck,0.724101,0.0,0.0,1710.0,1176.0,0.14587938785552979,-0.025238271802663803,1710.16357421875,1170.2596435546875,matched,0,VEHICLE_TRUCK,preprocessed/masks/right_rear_camera/masks/frame_000498_gt2d_000_track_55_VEHICLE_TRUCK.png,0.978891134262085,855.0,588.0,2.4643332958221436,3.681831121444702,1.7246696949005127,0.9996944069862366,-0.22749776638888888,-0.1130427760893393,2.4643332958221436,da3_bbox_median
right_rear,499,1772699960110561000,data\camera\right_rear_camera\1772699960110561000.jpg,-1,1,car,0.352394,1706.0,0.0,1919.0,75.0,1706.0,0.0,1919.0,75.0,unassigned,1,VEHICLE_CAR,preprocessed/masks/right_rear_camera/masks/frame_000499_gt2d_001_track_-1_VEHICLE_CAR.png,0.9733840227127075,1812.5,37.5,15.304021835327148,10.916500091552734,12.405232429504395,0.9985775351524353,11.642286069211924,-8.206455589496434,15.304021835327148,da3_bbox_median
right_rear,499,1772699960110561000,data\camera\right_rear_camera\1772699960110561000.jpg,4000000,4,truck,0.748724,0.0,0.0,1708.0,1177.0,0.18416671454906464,-0.04682207480072975,1708.8782958984375,1174.680908203125,matched,0,VEHICLE_TRUCK,preprocessed/masks/right_rear_camera/masks/frame_000499_gt2d_000_track_55_VEHICLE_TRUCK.png,0.9782348275184631,854.0,588.5,2.4403903484344482,3.661961555480957,1.6827609539031982,0.9997342824935913,-0.22746162293159486,-0.11085758886247513,2.4403903484344482,da3_bbox_median
right_rear,500,1772699960210538000,data\camera\right_rear_camera\1772699960210538000.jpg,-1,1,car,0.35643,1706.0,0.0,1919.0,74.0,1706.0,0.0,1919.0,74.0,unassigned,1,VEHICLE_CAR,preprocessed/masks/right_rear_camera/masks/frame_000500_gt2d_001_track_-1_VEHICLE_CAR.png,0.9739952683448792,1812.5,37.0,15.225098609924316,10.887763023376465,12.494234085083008,0.9994072914123535,11.58224650722413,-8.170915559886101,15.225098609924316,da3_bbox_median
right_rear,500,1772699960210538000,data\camera\right_rear_camera\1772699960210538000.jpg,4000000,4,truck,0.743695,0.0,0.0,1708.0,1175.0,0.15029746294021606,-0.023841364309191704,1708.3448486328125,1175.062744140625,matched,0,VEHICLE_TRUCK,preprocessed/masks/right_rear_camera/masks/frame_000500_gt2d_000_track_55_VEHICLE_TRUCK.png,0.9767231941223145,854.0,587.5,2.427565097808838,3.645665168762207,1.644716739654541,0.9998272657394409,-0.226266218957113,-0.11243733723021641,2.427565097808838,da3_bbox_median
right_rear,501,1772699960310546000,data\camera\right_rear_camera\1772699960310546000.jpg,-1,1,car,0.364113,1706.0,0.0,1919.0,75.0,1706.0,0.0,1919.0,75.0,unassigned,1,VEHICLE_CAR,preprocessed/masks/right_rear_camera/masks/frame_000501_gt2d_001_track_-1_VEHICLE_CAR.png,0.9732894897460938,1812.5,37.5,15.336915969848633,10.938292503356934,12.502036094665527,0.9992887377738953,11.6673097478383,-8.224094368178934,15.336915969848633,da3_bbox_median
right_rear,501,1772699960310546000,data\camera\right_rear_camera\1772699960310546000.jpg,4000000,4,truck,0.750024,0.0,0.0,1708.0,1176.0,0.12884065508842468,-0.014071065932512283,1708.139892578125,1175.848388671875,matched,0,VEHICLE_TRUCK,preprocessed/masks/right_rear_camera/masks/frame_000501_gt2d_000_track_55_VEHICLE_TRUCK.png,0.9751713275909424,854.0,588.0,2.43310546875,3.656156063079834,1.6503103971481323,0.9998272657394409,-0.22678262067404661,-0.11161030740928794,2.43310546875,da3_bbox_median
right_rear,502,1772699960410553000,data\camera\right_rear_camera\1772699960410553000.jpg,-1,1,car,0.363247,1706.0,0.0,1919.0,77.0,1706.0,0.0,1919.0,77.0,unassigned,1,VEHICLE_CAR,preprocessed/masks/right_rear_camera/masks/frame_000502_gt2d_001_track_-1_VEHICLE_CAR.png,0.9707080125808716,1812.5,38.5,15.336919784545898,10.932663917541504,12.494821548461914,0.9991702437400818,11.667312649807291,-8.21043507275705,15.336919784545898,da3_bbox_median
right_rear,502,1772699960410553000,data\camera\right_rear_camera\1772699960410553000.jpg,4000000,4,truck,0.752854,0.0,0.0,1708.0,1178.0,0.1240546852350235,-0.023077694699168205,1708.0721435546875,1177.4334716796875,matched,0,VEHICLE_TRUCK,preprocessed/masks/right_rear_camera/masks/frame_000502_gt2d_000_track_55_VEHICLE_TRUCK.png,0.9790069460868835,854.0,589.0,2.4266676902770996,3.650195837020874,1.6601907014846802,0.999813973903656,-0.22618257423456636,-0.10915344553424206,2.4266676902770996,da3_bbox_median
right_rear,503,1772699960510561000,data\camera\right_rear_camera\1772699960510561000.jpg,-1,1,car,0.372293,1705.0,0.0,1919.0,77.0,1705.0,0.0,1919.0,77.0,unassigned,1,VEHICLE_CAR,preprocessed/masks/right_rear_camera/masks/frame_000503_gt2d_001_track_-1_VEHICLE_CAR.png,0.9699195623397827,1812.0,38.5,15.323392868041992,10.92569637298584,12.537654876708984,0.9990516901016235,11.650196357090651,-8.203193601115407,15.323392868041992,da3_bbox_median
right_rear,503,1772699960510561000,data\camera\right_rear_camera\1772699960510561000.jpg,4000000,4,truck,0.746082,0.0,0.0,1707.0,1176.0,0.08617660403251648,-0.010976655408740044,1707.355712890625,1176.7061767578125,matched,0,VEHICLE_TRUCK,preprocessed/masks/right_rear_camera/masks/frame_000503_gt2d_000_track_55_VEHICLE_TRUCK.png,0.9760373830795288,853.5,588.0,2.4184012413024902,3.6425058841705322,1.654421091079712,0.9997873902320862,-0.22648937623805435,-0.11093580177576283,2.4184012413024902,da3_bbox_median
right_rear,504,1772699960610537000,data\camera\right_rear_camera\1772699960610537000.jpg,-1,1,car,0.381916,1704.0,0.0,1919.0,76.0,1704.0,0.0,1919.0,76.0,unassigned,1,VEHICLE_CAR,preprocessed/masks/right_rear_camera/masks/frame_000504_gt2d_001_track_-1_VEHICLE_CAR.png,0.9720349311828613,1811.5,38.0,15.271186828613281,10.914092063903809,12.452847480773926,0.9991702437400818,11.603702060847926,-8.182047122126479,15.271186828613281,da3_bbox_median
right_rear,504,1772699960610537000,data\camera\right_rear_camera\1772699960610537000.jpg,4000000,4,truck,0.735492,0.0,0.0,1708.0,1178.0,0.08460304886102676,-0.021383265033364296,1707.765380859375,1177.7132568359375,matched,0,VEHICLE_TRUCK,preprocessed/masks/right_rear_camera/masks/frame_000504_gt2d_000_track_55_VEHICLE_TRUCK.png,0.9790782928466797,854.0,589.0,2.426285743713379,3.648294687271118,1.658052682876587,0.999813973903656,-0.22614697411620302,-0.10913626527358786,2.426285743713379,da3_bbox_median
right_rear,505,1772699960710545000,data\camera\right_rear_camera\1772699960710545000.jpg,-1,1,car,0.376045,1705.0,0.0,1919.0,76.0,1705.0,0.0,1919.0,76.0,unassigned,1,VEHICLE_CAR,preprocessed/masks/right_rear_camera/masks/frame_000505_gt2d_001_track_-1_VEHICLE_CAR.png,0.9723025560379028,1812.0,38.0,15.208860397338867,10.856856346130371,12.397845268249512,0.9994072914123535,11.563118659321969,-8.148653660088168,15.208860397338867,da3_bbox_median
right_rear,505,1772699960710545000,data\camera\right_rear_camera\1772699960710545000.jpg,4000000,4,truck,0.734179,0.0,0.0,1709.0,1177.0,0.0813717171549797,-0.013074298389256,1708.585693359375,1177.4259033203125,matched,0,VEHICLE_TRUCK,preprocessed/masks/right_rear_camera/masks/frame_000505_gt2d_000_track_55_VEHICLE_TRUCK.png,0.9782154560089111,854.5,588.5,2.4202029705047607,3.63564133644104,1.657559871673584,0.9998405575752258,-0.2245019206288614,-0.1099405535840098,2.4202029705047607,da3_bbox_median
right_rear,506,1772699960810552000,data\camera\right_rear_camera\1772699960810552000.jpg,-1,1,car,0.371499,1704.0,0.0,1919.0,77.0,1704.0,0.0,1919.0,77.0,unassigned,1,VEHICLE_CAR,preprocessed/masks/right_rear_camera/masks/frame_000506_gt2d_001_track_-1_VEHICLE_CAR.png,0.9716982841491699,1811.5,38.5,15.321526527404785,10.929694175720215,12.467232704162598,0.9992887377738953,11.641952320841796,-8.202194478159775,15.321526527404785,da3_bbox_median
right_rear,506,1772699960810552000,data\camera\right_rear_camera\1772699960810552000.jpg,4000000,4,truck,0.735858,0.0,0.0,1709.0,1175.0,0.06742443889379501,-0.009245483204722404,1708.8870849609375,1175.9761962890625,matched,0,VEHICLE_TRUCK,preprocessed/masks/right_rear_camera/masks/frame_000506_gt2d_000_track_55_VEHICLE_TRUCK.png,0.9752233624458313,854.5,587.5,2.43325138092041,3.6597883701324463,1.6680376529693604,0.9998272657394409,-0.22571231216840074,-0.11270070834738209,2.43325138092041,da3_bbox_median
right_rear,507,1772699960910560000,data\camera\right_rear_camera\1772699960910560000.jpg,-1,1,car,0.375934,1704.0,0.0,1919.0,77.0,1704.0,0.0,1919.0,77.0,unassigned,1,VEHICLE_CAR,preprocessed/masks/right_rear_camera/masks/frame_000507_gt2d_001_track_-1_VEHICLE_CAR.png,0.9721494913101196,1811.5,38.5,15.318391799926758,10.934745788574219,12.466594696044922,0.9992887377738953,11.639570420593623,-8.200516339603228,15.318391799926758,da3_bbox_median
right_rear,507,1772699960910560000,data\camera\right_rear_camera\1772699960910560000.jpg,4000000,4,truck,0.736528,0.0,0.0,1709.0,1175.0,0.07320979237556458,-0.0169130340218544,1709.012939453125,1175.4031982421875,matched,0,VEHICLE_TRUCK,preprocessed/masks/right_rear_camera/masks/frame_000507_gt2d_000_track_55_VEHICLE_TRUCK.png,0.9728714227676392,854.5,587.5,2.4325332641601562,3.659895420074463,1.6669716835021973,0.9998272657394409,-0.2256456985025729,-0.11266744739120167,2.4325332641601562,da3_bbox_median
right_rear,508,1772699961010523000,data\camera\right_rear_camera\1772699961010523000.jpg,-1,1,car,0.372011,1705.0,0.0,1919.0,75.0,1705.0,0.0,1919.0,75.0,unassigned,1,VEHICLE_CAR,preprocessed/masks/right_rear_camera/masks/frame_000508_gt2d_001_track_-1_VEHICLE_CAR.png,0.9727603197097778,1812.0,37.5,15.287527084350586,10.91392707824707,12.466987609863281,0.9994072914123535,11.622928021278597,-8.197610630778687,15.287527084350586,da3_bbox_median
right_rear,508,1772699961010523000,data\camera\right_rear_camera\1772699961010523000.jpg,4000000,4,truck,0.745252,0.0,0.0,1708.0,1175.0,0.05158679559826851,-0.0059873368591070175,1708.375732421875,1175.19189453125,matched,0,VEHICLE_TRUCK,preprocessed/masks/right_rear_camera/masks/frame_000508_gt2d_000_track_55_VEHICLE_TRUCK.png,0.9735586643218994,854.0,587.5,2.436391830444336,3.6605522632598877,1.6675925254821777,0.9998405575752258,-0.227088932803585,-0.11284616429519369,2.436391830444336,da3_bbox_median
right_rear,509,1772699961110653000,data\camera\right_rear_camera\1772699961110653000.jpg,-1,1,car,0.38829,1704.0,0.0,1919.0,76.0,1704.0,0.0,1919.0,76.0,unassigned,1,VEHICLE_CAR,preprocessed/masks/right_rear_camera/masks/frame_000509_gt2d_001_track_-1_VEHICLE_CAR.png,0.9717316031455994,1811.5,38.0,15.346863746643066,10.946991920471191,12.486371994018555,0.9994072914123535,11.661204625616206,-8.22259355223215,15.346863746643066,da3_bbox_median
right_rear,509,1772699961110653000,data\camera\right_rear_camera\1772699961110653000.jpg,4000000,4,truck,0.740815,0.0,0.0,1708.0,1172.0,0.04550350084900856,-0.0032587964087724686,1708.13720703125,1173.1224365234375,matched,0,VEHICLE_TRUCK,preprocessed/masks/right_rear_camera/masks/frame_000509_gt2d_000_track_55_VEHICLE_TRUCK.png,0.9671528935432434,854.0,586.0,2.440103054046631,3.666560411453247,1.6669540405273438,0.9998405575752258,-0.22743484506478598,-0.11627833458231966,2.440103054046631,da3_bbox_median
right_rear,510,1772699961210660000,data\camera\right_rear_camera\1772699961210660000.jpg,-1,1,car,0.345782,1703.0,0.0,1919.0,78.0,1703.0,0.0,1919.0,78.0,unassigned,1,VEHICLE_CAR,preprocessed/masks/right_rear_camera/masks/frame_000510_gt2d_001_track_-1_VEHICLE_CAR.png,0.9694554805755615,1811.0,39.0,15.353437423706055,10.940971374511719,12.49692440032959,0.9995258450508118,11.659360292882702,-8.212439564691728,15.353437423706055,da3_bbox_median
right_rear,510,1772699961210660000,data\camera\right_rear_camera\1772699961210660000.jpg,4000000,4,truck,0.714985,0.0,0.0,1707.0,1172.0,0.03265944868326187,0.030469365417957306,1707.3779296875,1172.370849609375,matched,0,VEHICLE_TRUCK,preprocessed/masks/right_rear_camera/masks/frame_000510_gt2d_000_track_55_VEHICLE_TRUCK.png,0.9711631536483765,853.5,586.0,2.43399715423584,3.662101984024048,1.6633862257003784,0.9998405575752258,-0.2279499728221989,-0.11598736987902657,2.43399715423584,da3_bbox_median
right_rear,511,1772699961310637000,data\camera\right_rear_camera\1772699961310637000.jpg,-1,1,car,0.381431,1704.0,0.0,1919.0,78.0,1704.0,0.0,1919.0,78.0,unassigned,1,VEHICLE_CAR,preprocessed/masks/right_rear_camera/masks/frame_000511_gt2d_001_track_-1_VEHICLE_CAR.png,0.9699510335922241,1811.5,39.0,15.459061622619629,11.102216720581055,12.537353515625,0.9992887377738953,11.74645737900749,-8.268937163646823,15.459061622619629,da3_bbox_median
right_rear,511,1772699961310637000,data\camera\right_rear_camera\1772699961310637000.jpg,4000000,4,truck,0.74485,0.0,0.0,1708.0,1172.0,0.041335754096508026,-0.03424542024731636,1707.769287109375,1172.015380859375,matched,0,VEHICLE_TRUCK,preprocessed/masks/right_rear_camera/masks/frame_000511_gt2d_000_track_55_VEHICLE_TRUCK.png,0.9659532308578491,854.0,586.0,2.497558116912842,3.7522196769714355,1.6729216575622559,0.999813973903656,-0.23279006286982648,-0.11901624313594661,2.497558116912842,da3_bbox_median
right_rear,512,1772699961410645000,data\camera\right_rear_camera\1772699961410645000.jpg,-1,1,car,0.385283,1703.0,0.0,1919.0,79.0,1703.0,0.0,1919.0,79.0,unassigned,1,VEHICLE_CAR,preprocessed/masks/right_rear_camera/masks/frame_000512_gt2d_001_track_-1_VEHICLE_CAR.png,0.9692356586456299,1811.0,39.5,15.237621307373047,10.877158164978027,12.375564575195312,0.9989331364631653,11.571409836526655,-8.143703939367091,15.237621307373047,da3_bbox_median
right_rear,512,1772699961410645000,data\camera\right_rear_camera\1772699961410645000.jpg,4000000,4,truck,0.749021,0.0,0.0,1709.0,1173.0,0.035654179751873016,-0.01802089996635914,1708.573974609375,1172.5904541015625,matched,0,VEHICLE_TRUCK,preprocessed/masks/right_rear_camera/masks/frame_000512_gt2d_000_track_55_VEHICLE_TRUCK.png,0.9708971381187439,854.5,586.5,2.4266200065612793,3.647552251815796,1.6645019054412842,0.999774158000946,-0.225097175215766,-0.11455507206981293,2.4266200065612793,da3_bbox_median
right_rear,513,1772699961510652000,data\camera\right_rear_camera\1772699961510652000.jpg,-1,1,car,0.379865,1703.0,0.0,1919.0,79.0,1703.0,0.0,1919.0,79.0,unassigned,1,VEHICLE_CAR,preprocessed/masks/right_rear_camera/masks/frame_000513_gt2d_001_track_-1_VEHICLE_CAR.png,0.968532919883728,1811.0,39.5,15.302555084228516,10.9266357421875,12.439691543579102,0.998814582824707,11.620720377133452,-8.178407614153917,15.302555084228516,da3_bbox_median
right_rear,513,1772699961510652000,data\camera\right_rear_camera\1772699961510652000.jpg,4000000,4,truck,0.749086,0.0,0.0,1709.0,1173.0,0.038235925137996674,-0.011825701221823692,1708.885009765625,1172.8145751953125,matched,0,VEHICLE_TRUCK,preprocessed/masks/right_rear_camera/masks/frame_000513_gt2d_000_track_55_VEHICLE_TRUCK.png,0.9672898054122925,854.5,586.5,2.4450128078460693,3.671501398086548,1.6701298952102661,0.999774158000946,-0.22680332104919548,-0.11542335332977445,2.4450128078460693,da3_bbox_median
right_rear,514,1772699961610660000,data\camera\right_rear_camera\1772699961610660000.jpg,-1,1,car,0.379916,1703.0,0.0,1919.0,81.0,1703.0,0.0,1919.0,81.0,unassigned,1,VEHICLE_CAR,preprocessed/masks/right_rear_camera/masks/frame_000514_gt2d_001_track_-1_VEHICLE_CAR.png,0.9646972417831421,1811.0,40.5,15.262554168701172,10.903553009033203,12.410943031311035,0.9990516901016235,11.590343786321393,-8.143434137225082,15.262554168701172,da3_bbox_median
right_rear,514,1772699961610660000,data\camera\right_rear_camera\1772699961610660000.jpg,4000000,4,truck,0.746103,0.0,0.0,1710.0,1173.0,0.019176693633198738,-0.0030136583372950554,1709.6424560546875,1172.9100341796875,matched,0,VEHICLE_TRUCK,preprocessed/masks/right_rear_camera/masks/frame_000514_gt2d_000_track_55_VEHICLE_TRUCK.png,0.9710721969604492,855.0,586.5,2.437562942504883,3.66267991065979,1.675489902496338,0.9998006820678711,-0.2250264303908552,-0.1150716625587586,2.437562942504883,da3_bbox_median
right_rear,515,1772699961710637000,data\camera\right_rear_camera\1772699961710637000.jpg,-1,1,car,0.384053,1702.0,0.0,1919.0,81.0,1702.0,0.0,1919.0,81.0,unassigned,1,VEHICLE_CAR,preprocessed/masks/right_rear_camera/masks/frame_000515_gt2d_001_track_-1_VEHICLE_CAR.png,0.9653772115707397,1810.5,40.5,15.302022933959961,10.912054061889648,12.404409408569336,0.9991915225982666,11.613499872325352,-8.164492951287912,15.302022933959961,da3_bbox_median
right_rear,515,1772699961710637000,data\camera\right_rear_camera\1772699961710637000.jpg,4000000,4,truck,0.752056,0.0,0.0,1710.0,1175.0,0.022310279309749603,-0.0047214459627866745,1709.9364013671875,1174.2657470703125,matched,0,VEHICLE_TRUCK,preprocessed/masks/right_rear_camera/masks/frame_000515_gt2d_000_track_55_VEHICLE_TRUCK.png,0.9764825105667114,855.0,587.5,2.4426159858703613,3.669232130050659,1.6692159175872803,0.999813973903656,-0.22549290790875487,-0.11313444800105227,2.4426159858703613,da3_bbox_median
right_rear,516,1772699961810644000,data\camera\right_rear_camera\1772699961810644000.jpg,-1,1,car,0.371732,1704.0,0.0,1919.0,80.0,1704.0,0.0,1919.0,80.0,unassigned,1,VEHICLE_CAR,preprocessed/masks/right_rear_camera/masks/frame_000516_gt2d_001_track_-1_VEHICLE_CAR.png,0.9661178588867188,1811.5,40.0,15.320999145507812,10.915406227111816,12.436250686645508,0.998814582824707,11.6415515934803,-8.181441411094628,15.320999145507812,da3_bbox_median
right_rear,516,1772699961810644000,data\camera\right_rear_camera\1772699961810644000.jpg,4000000,4,truck,0.744408,0.0,0.0,1710.0,1174.0,0.02445540763437748,-0.0038729775696992874,1710.04345703125,1174.119384765625,matched,0,VEHICLE_TRUCK,preprocessed/masks/right_rear_camera/masks/frame_000516_gt2d_000_track_55_VEHICLE_TRUCK.png,0.9766546487808228,855.0,587.0,2.4377763271331787,3.665032386779785,1.671999216079712,0.999774158000946,-0.2250461292385725,-0.11399601293318641,2.4377763271331787,da3_bbox_median
right_rear,517,1772699961910651000,data\camera\right_rear_camera\1772699961910651000.jpg,-1,1,car,0.380077,1704.0,0.0,1919.0,78.0,1704.0,0.0,1919.0,78.0,unassigned,1,VEHICLE_CAR,preprocessed/masks/right_rear_camera/masks/frame_000517_gt2d_001_track_-1_VEHICLE_CAR.png,0.9693323969841003,1811.5,39.0,15.359694480895996,10.946598052978516,12.489044189453125,0.9991702437400818,11.670953967246547,-8.21578641807753,15.359694480895996,da3_bbox_median
right_rear,517,1772699961910651000,data\camera\right_rear_camera\1772699961910651000.jpg,4000000,4,truck,0.750404,0.0,0.0,1710.0,1174.0,0.014401432126760483,0.005335552617907524,1710.067626953125,1174.069580078125,matched,0,VEHICLE_TRUCK,preprocessed/masks/right_rear_camera/masks/frame_000517_gt2d_000_track_55_VEHICLE_TRUCK.png,0.9752450585365295,855.0,587.0,2.4397521018981934,3.670708179473877,1.6768335103988647,0.999813973903656,-0.22522852516151456,-0.11408840469331584,2.4397521018981934,da3_bbox_median
right_rear,518,1772699962010645000,data\camera\right_rear_camera\1772699962010645000.jpg,-1,1,car,0.373869,1704.0,0.0,1919.0,78.0,1704.0,0.0,1919.0,78.0,unassigned,1,VEHICLE_CAR,preprocessed/masks/right_rear_camera/masks/frame_000518_gt2d_001_track_-1_VEHICLE_CAR.png,0.9692515134811401,1811.5,39.0,15.328432083129883,10.910173416137695,12.452491760253906,0.9991702437400818,11.647199457956804,-8.199064393867813,15.328432083129883,da3_bbox_median
right_rear,518,1772699962010645000,data\camera\right_rear_camera\1772699962010645000.jpg,4000000,4,truck,0.752784,0.0,0.0,1710.0,1175.0,0.01973816007375717,-0.009377460926771164,1710.0806884765625,1174.69091796875,matched,0,VEHICLE_TRUCK,preprocessed/masks/right_rear_camera/masks/frame_000518_gt2d_000_track_55_VEHICLE_TRUCK.png,0.9750384092330933,855.0,587.5,2.4331088066101074,3.658008337020874,1.6677255630493164,0.999813973903656,-0.2246152417058783,-0.1126941047445282,2.4331088066101074,da3_bbox_median
right_rear,519,1772699962110561000,data\camera\right_rear_camera\1772699962110561000.jpg,-1,1,car,0.380728,1707.0,0.0,1919.0,70.0,1707.0,0.0,1919.0,70.0,unassigned,1,VEHICLE_CAR,preprocessed/masks/right_rear_camera/masks/frame_000519_gt2d_001_track_-1_VEHICLE_CAR.png,0.97652268409729,1813.0,35.0,15.34687328338623,10.95687198638916,12.417675018310547,0.9992855191230774,11.681720982582162,-8.263609282973741,15.34687328338623,da3_bbox_median
right_rear,519,1772699962110561000,data\camera\right_rear_camera\1772699962110561000.jpg,4000000,4,truck,0.771927,0.0,0.0,1708.0,1175.0,0.013418380171060562,0.0043349070474505424,1708.7510986328125,1174.9422607421875,matched,0,VEHICLE_TRUCK,preprocessed/masks/right_rear_camera/masks/frame_000519_gt2d_000_track_55_VEHICLE_TRUCK.png,0.9680968523025513,854.0,587.5,2.4368250370025635,3.6637725830078125,1.672989845275879,0.9998272657394409,-0.22712931071561135,-0.11286622908848047,2.4368250370025635,da3_bbox_median
right_rear,520,1772699962210538000,data\camera\right_rear_camera\1772699962210538000.jpg,-1,1,car,0.381426,1706.0,0.0,1919.0,74.0,1706.0,0.0,1919.0,74.0,unassigned,1,VEHICLE_CAR,preprocessed/masks/right_rear_camera/masks/frame_000520_gt2d_001_track_-1_VEHICLE_CAR.png,0.9755353927612305,1812.5,37.0,15.107271194458008,10.800122261047363,12.223101615905762,0.9995258450508118,11.492611214461538,-8.10768064186808,15.107271194458008,da3_bbox_median
right_rear,520,1772699962210538000,data\camera\right_rear_camera\1772699962210538000.jpg,4000000,4,truck,0.750731,0.0,0.0,1709.0,1173.0,0.007560012862086296,0.0010431979317218065,1708.9034423828125,1173.7027587890625,matched,0,VEHICLE_TRUCK,preprocessed/masks/right_rear_camera/masks/frame_000520_gt2d_000_track_55_VEHICLE_TRUCK.png,0.9610578417778015,854.5,586.5,2.422577381134033,3.6268696784973145,1.6706914901733398,0.9998405575752258,-0.224722174778257,-0.1143642291500656,2.422577381134033,da3_bbox_median
right_rear,521,1772699962310546000,data\camera\right_rear_camera\1772699962310546000.jpg,-1,1,car,0.370316,1706.0,0.0,1919.0,73.0,1706.0,0.0,1919.0,73.0,unassigned,1,VEHICLE_CAR,preprocessed/masks/right_rear_camera/masks/frame_000521_gt2d_001_track_-1_VEHICLE_CAR.png,0.9755447506904602,1812.5,36.5,15.081817626953125,10.81218147277832,12.137150764465332,0.9996427893638611,11.47324782635595,-8.100737426859975,15.081817626953125,da3_bbox_median
right_rear,521,1772699962310546000,data\camera\right_rear_camera\1772699962310546000.jpg,4000000,4,truck,0.755733,0.0,0.0,1710.0,1173.0,0.012227155268192291,-0.0031359100248664618,1709.630126953125,1173.227783203125,matched,0,VEHICLE_TRUCK,preprocessed/masks/right_rear_camera/masks/frame_000521_gt2d_000_track_55_VEHICLE_TRUCK.png,0.9621163606643677,855.0,586.5,2.4290432929992676,3.6299309730529785,1.6583659648895264,0.9998538494110107,-0.2242399291346211,-0.11466946977188368,2.4290432929992676,da3_bbox_median
right_rear,522,1772699962410553000,data\camera\right_rear_camera\1772699962410553000.jpg,-1,1,car,0.373488,1707.0,0.0,1919.0,73.0,1707.0,0.0,1919.0,73.0,unassigned,1,VEHICLE_CAR,preprocessed/masks/right_rear_camera/masks/frame_000522_gt2d_001_track_-1_VEHICLE_CAR.png,0.9761423468589783,1813.0,36.5,15.024311065673828,10.789199829101562,12.099620819091797,0.9992855191230774,11.436193326410116,-8.06984953491168,15.024311065673828,da3_bbox_median
right_rear,522,1772699962410553000,data\camera\right_rear_camera\1772699962410553000.jpg,4000000,4,truck,0.755876,0.0,0.0,1709.0,1177.0,0.007500587962567806,0.0010389548260718584,1709.2374267578125,1175.699462890625,matched,0,VEHICLE_TRUCK,preprocessed/masks/right_rear_camera/masks/frame_000522_gt2d_000_track_55_VEHICLE_TRUCK.png,0.9721623063087463,854.5,588.5,2.423912286758423,3.622213125228882,1.6550227403640747,0.9998006820678711,-0.224846002771275,-0.1101090536178151,2.423912286758423,da3_bbox_median
right_rear,523,1772699962510561000,data\camera\right_rear_camera\1772699962510561000.jpg,-1,1,car,0.376807,1706.0,0.0,1919.0,73.0,1706.0,0.0,1919.0,73.0,unassigned,1,VEHICLE_CAR,preprocessed/masks/right_rear_camera/masks/frame_000523_gt2d_001_track_-1_VEHICLE_CAR.png,0.9761999845504761,1812.5,36.5,15.161934852600098,10.871519088745117,12.18387508392334,0.9995236992835999,11.534195704638542,-8.143769946174807,15.161934852600098,da3_bbox_median
right_rear,523,1772699962510561000,data\camera\right_rear_camera\1772699962510561000.jpg,4000000,4,truck,0.759281,0.0,0.0,1709.0,1174.0,0.009707675315439701,0.0006003488670103252,1709.0911865234375,1174.6488037109375,matched,0,VEHICLE_TRUCK,preprocessed/masks/right_rear_camera/masks/frame_000523_gt2d_000_track_55_VEHICLE_TRUCK.png,0.9673988223075867,854.5,587.0,2.4369468688964844,3.642484664916992,1.6666078567504883,0.9998405575752258,-0.2260551115775414,-0.11395722556339152,2.4369468688964844,da3_bbox_median
right_rear,524,1772699962610537000,data\camera\right_rear_camera\1772699962610537000.jpg,-1,1,car,0.375339,1706.0,0.0,1919.0,74.0,1706.0,0.0,1919.0,74.0,unassigned,1,VEHICLE_CAR,preprocessed/masks/right_rear_camera/masks/frame_000524_gt2d_001_track_-1_VEHICLE_CAR.png,0.9737843871116638,1812.5,37.0,15.155330657958984,10.81924057006836,12.28300952911377,0.99964439868927,11.529171670819464,-8.13347290950331,15.155330657958984,da3_bbox_median
right_rear,524,1772699962610537000,data\camera\right_rear_camera\1772699962610537000.jpg,4000000,4,truck,0.743139,0.0,0.0,1709.0,1173.0,0.010560338385403156,0.0011349929263815284,1709.0357666015625,1173.584228515625,matched,0,VEHICLE_TRUCK,preprocessed/masks/right_rear_camera/masks/frame_000524_gt2d_000_track_55_VEHICLE_TRUCK.png,0.9686702489852905,854.5,586.5,2.4304580688476562,3.6369521617889404,1.6608105897903442,0.9998405575752258,-0.22545320004727223,-0.11473625804068414,2.4304580688476562,da3_bbox_median
right_rear,525,1772699962710545000,data\camera\right_rear_camera\1772699962710545000.jpg,-1,1,car,0.378979,1706.0,0.0,1919.0,74.0,1706.0,0.0,1919.0,74.0,unassigned,1,VEHICLE_CAR,preprocessed/masks/right_rear_camera/masks/frame_000525_gt2d_001_track_-1_VEHICLE_CAR.png,0.9741787314414978,1812.5,37.0,15.210807800292969,10.877117156982422,12.319899559020996,0.9995258450508118,11.571375005884219,-8.163246052990162,15.210807800292969,da3_bbox_median
right_rear,525,1772699962710545000,data\camera\right_rear_camera\1772699962710545000.jpg,4000000,4,truck,0.743092,0.0,0.0,1709.0,1177.0,0.00614357041195035,-0.005256993696093559,1709.010498046875,1175.8182373046875,matched,0,VEHICLE_TRUCK,preprocessed/masks/right_rear_camera/masks/frame_000525_gt2d_000_track_55_VEHICLE_TRUCK.png,0.972529411315918,854.5,588.5,2.444047451019287,3.6564409732818604,1.6670366525650024,0.9998405575752258,-0.22671377299709158,-0.11102371702924076,2.444047451019287,da3_bbox_median
right_rear,526,1772699962810552000,data\camera\right_rear_camera\1772699962810552000.jpg,-1,1,car,0.375996,1705.0,0.0,1919.0,75.0,1705.0,0.0,1919.0,75.0,unassigned,1,VEHICLE_CAR,preprocessed/masks/right_rear_camera/masks/frame_000526_gt2d_001_track_-1_VEHICLE_CAR.png,0.9728554487228394,1812.0,37.5,15.302980422973633,10.938751220703125,12.4030122756958,0.9994072914123535,11.634677013873219,-8.205897154313746,15.302980422973633,da3_bbox_median
right_rear,526,1772699962810552000,data\camera\right_rear_camera\1772699962810552000.jpg,4000000,4,truck,0.750266,0.0,0.0,1709.0,1174.0,0.000870050280354917,0.0015595427248626947,1708.997802734375,1174.6884765625,matched,0,VEHICLE_TRUCK,preprocessed/masks/right_rear_camera/masks/frame_000526_gt2d_000_track_55_VEHICLE_TRUCK.png,0.9682906270027161,854.5,587.0,2.443073272705078,3.664252758026123,1.6795730590820312,0.9998272657394409,-0.2266234066496239,-0.11424371025849055,2.443073272705078,da3_bbox_median
right_rear,527,1772699962910560000,data\camera\right_rear_camera\1772699962910560000.jpg,-1,1,car,0.375745,1706.0,0.0,1919.0,75.0,1706.0,0.0,1919.0,75.0,unassigned,1,VEHICLE_CAR,preprocessed/masks/right_rear_camera/masks/frame_000527_gt2d_001_track_-1_VEHICLE_CAR.png,0.972058117389679,1812.5,37.5,15.26872730255127,10.935124397277832,12.404254913330078,0.9992887377738953,11.615436326596722,-8.187529648401089,15.26872730255127,da3_bbox_median
right_rear,527,1772699962910560000,data\camera\right_rear_camera\1772699962910560000.jpg,4000000,4,truck,0.749706,0.0,0.0,1709.0,1175.0,0.003681367728859186,-0.0020721210166811943,1708.998291015625,1174.909423828125,matched,0,VEHICLE_TRUCK,preprocessed/masks/right_rear_camera/masks/frame_000527_gt2d_000_track_55_VEHICLE_TRUCK.png,0.9695494174957275,854.5,587.5,2.4431562423706055,3.6633026599884033,1.673083782196045,0.9998272657394409,-0.2266311030492614,-0.11315947101788655,2.4431562423706055,da3_bbox_median
right_rear,528,1772699963010523000,data\camera\right_rear_camera\1772699963010523000.jpg,-1,1,car,0.377652,1706.0,0.0,1919.0,74.0,1706.0,0.0,1919.0,74.0,unassigned,1,VEHICLE_CAR,preprocessed/masks/right_rear_camera/masks/frame_000528_gt2d_001_track_-1_VEHICLE_CAR.png,0.9730879068374634,1812.5,37.0,15.228593826293945,10.911097526550293,12.366981506347656,0.9994072914123535,11.584905436313939,-8.172791351862985,15.228593826293945,da3_bbox_median
right_rear,528,1772699963010523000,data\camera\right_rear_camera\1772699963010523000.jpg,4000000,4,truck,0.747778,0.0,0.0,1708.0,1175.0,0.0038509515579789877,-0.0013742975424975157,1708.3372802734375,1174.99267578125,matched,0,VEHICLE_TRUCK,preprocessed/masks/right_rear_camera/masks/frame_000528_gt2d_000_track_55_VEHICLE_TRUCK.png,0.9706180095672607,854.0,587.5,2.4424314498901367,3.6609833240509033,1.6747673749923706,0.9998272657394409,-0.2276518680085666,-0.11312590086291029,2.4424314498901367,da3_bbox_median
right_rear,529,1772699963110653000,data\camera\right_rear_camera\1772699963110653000.jpg,-1,1,car,0.377202,1705.0,0.0,1919.0,76.0,1705.0,0.0,1919.0,76.0,unassigned,1,VEHICLE_CAR,preprocessed/masks/right_rear_camera/masks/frame_000529_gt2d_001_track_-1_VEHICLE_CAR.png,0.9714093208312988,1812.0,38.0,15.246271133422852,10.90507984161377,12.397994995117188,0.9995258450508118,11.591561604366516,-8.168697708330646,15.246271133422852,da3_bbox_median
right_rear,529,1772699963110653000,data\camera\right_rear_camera\1772699963110653000.jpg,4000000,4,truck,0.743172,0.0,0.0,1703.0,1153.0,-0.0038224230520427227,0.05631300434470177,1704.7763671875,1160.5421142578125,matched,0,VEHICLE_TRUCK,preprocessed/masks/right_rear_camera/masks/frame_000529_gt2d_000_track_55_VEHICLE_TRUCK.png,0.9559441804885864,851.5,576.5,2.4324276447296143,3.6496317386627197,1.675729513168335,0.9998405575752258,-0.23213715074579333,-0.13649605413374447,2.4324276447296143,da3_bbox_median
right_rear,530,1772699963210660000,data\camera\right_rear_camera\1772699963210660000.jpg,-1,1,car,0.38002,1706.0,0.0,1919.0,75.0,1706.0,0.0,1919.0,75.0,unassigned,1,VEHICLE_CAR,preprocessed/masks/right_rear_camera/masks/frame_000530_gt2d_001_track_-1_VEHICLE_CAR.png,0.9723305106163025,1812.5,37.5,15.49901008605957,11.13451862335205,12.484786987304688,0.998814582824707,11.790620214287557,-8.311013883866838,15.49901008605957,da3_bbox_median
right_rear,530,1772699963210660000,data\camera\right_rear_camera\1772699963210660000.jpg,4000000,4,truck,0.744304,0.0,0.0,1708.0,1175.0,0.016767073422670364,-0.04510776326060295,1706.7689208984375,1169.5648193359375,matched,0,VEHICLE_TRUCK,preprocessed/masks/right_rear_camera/masks/frame_000530_gt2d_000_track_55_VEHICLE_TRUCK.png,0.9739174842834473,854.0,587.5,2.4878151416778564,3.7515835762023926,1.6817350387573242,0.9997608661651611,-0.23188194873941542,-0.11522793366231655,2.4878151416778564,da3_bbox_median
right_rear,531,1772699963310637000,data\camera\right_rear_camera\1772699963310637000.jpg,-1,1,car,0.377892,1707.0,0.0,1919.0,74.0,1707.0,0.0,1919.0,74.0,unassigned,1,VEHICLE_CAR,preprocessed/masks/right_rear_camera/masks/frame_000531_gt2d_001_track_-1_VEHICLE_CAR.png,0.9741008281707764,1813.0,37.0,15.24563217163086,10.90622329711914,12.363492965698242,0.9992887377738953,11.60465835245196,-8.181935389914559,15.24563217163086,da3_bbox_median
right_rear,531,1772699963310637000,data\camera\right_rear_camera\1772699963310637000.jpg,4000000,4,truck,0.74346,0.0,0.0,1708.0,1176.0,0.009316247887909412,-0.015626780688762665,1707.5194091796875,1173.6944580078125,matched,0,VEHICLE_TRUCK,preprocessed/masks/right_rear_camera/masks/frame_000531_gt2d_000_track_55_VEHICLE_TRUCK.png,0.9737170338630676,854.0,588.0,2.4443740844726562,3.662086009979248,1.67677903175354,0.999813973903656,-0.22783293527724613,-0.11212721622439531,2.4443740844726562,da3_bbox_median
right_rear,532,1772699963410645000,data\camera\right_rear_camera\1772699963410645000.jpg,-1,1,car,0.386262,1706.0,0.0,1919.0,74.0,1706.0,0.0,1919.0,74.0,unassigned,1,VEHICLE_CAR,preprocessed/masks/right_rear_camera/masks/frame_000532_gt2d_001_track_-1_VEHICLE_CAR.png,0.9734430313110352,1812.5,37.0,15.205257415771484,10.874922752380371,12.314428329467773,0.9995258450508118,11.567152640999447,-8.160267305567116,15.205257415771484,da3_bbox_median
right_rear,532,1772699963410645000,data\camera\right_rear_camera\1772699963410645000.jpg,4000000,4,truck,0.742237,0.0,0.0,1708.0,1174.0,0.004001847002655268,-0.005984099581837654,1707.806884765625,1173.94580078125,matched,0,VEHICLE_TRUCK,preprocessed/masks/right_rear_camera/masks/frame_000532_gt2d_000_track_55_VEHICLE_TRUCK.png,0.9706122279167175,854.0,587.0,2.438084125518799,3.651334047317505,1.6643035411834717,0.9998538494110107,-0.2272466666613522,-0.11401040629173921,2.438084125518799,da3_bbox_median
right_rear,533,1772699963510652000,data\camera\right_rear_camera\1772699963510652000.jpg,-1,1,car,0.37635,1706.0,0.0,1919.0,75.0,1706.0,0.0,1919.0,75.0,unassigned,1,VEHICLE_CAR,preprocessed/masks/right_rear_camera/masks/frame_000533_gt2d_001_track_-1_VEHICLE_CAR.png,0.9728838205337524,1812.5,37.5,15.186363220214844,10.865778923034668,12.300256729125977,0.9994072914123535,11.55277918857727,-8.143363664378297,15.186363220214844,da3_bbox_median
right_rear,533,1772699963510652000,data\camera\right_rear_camera\1772699963510652000.jpg,4000000,4,truck,0.742996,0.0,0.0,1708.0,1177.0,0.0007079658098518848,-7.428545359289274e-05,1707.9173583984375,1176.01904296875,matched,0,VEHICLE_TRUCK,preprocessed/masks/right_rear_camera/masks/frame_000533_gt2d_000_track_55_VEHICLE_TRUCK.png,0.9776626825332642,854.0,588.5,2.4344301223754883,3.6476385593414307,1.6673942804336548,0.9998405575752258,-0.2269060877512169,-0.11058683861532903,2.4344301223754883,da3_bbox_median
right_rear,534,1772699963610660000,data\camera\right_rear_camera\1772699963610660000.jpg,-1,1,car,0.371161,1707.0,0.0,1919.0,74.0,1707.0,0.0,1919.0,74.0,unassigned,1,VEHICLE_CAR,preprocessed/masks/right_rear_camera/masks/frame_000534_gt2d_001_track_-1_VEHICLE_CAR.png,0.9734221696853638,1813.0,37.0,15.092108726501465,10.822273254394531,12.227415084838867,0.9994072914123535,11.487799496763888,-8.099543338555534,15.092108726501465,da3_bbox_median
right_rear,534,1772699963610660000,data\camera\right_rear_camera\1772699963610660000.jpg,4000000,4,truck,0.740318,0.0,0.0,1709.0,1174.0,0.00516704423353076,-0.0028721210546791553,1708.627197265625,1174.8084716796875,matched,0,VEHICLE_TRUCK,preprocessed/masks/right_rear_camera/masks/frame_000534_gt2d_000_track_55_VEHICLE_TRUCK.png,0.9711259007453918,854.5,587.0,2.431562900543213,3.6369006633758545,1.6581904888153076,0.9998405575752258,-0.22555568601255982,-0.11370545885321381,2.431562900543213,da3_bbox_median
right_rear,535,1772699963710637000,data\camera\right_rear_camera\1772699963710637000.jpg,-1,1,car,0.373855,1707.0,0.0,1919.0,73.0,1707.0,0.0,1919.0,73.0,unassigned,1,VEHICLE_CAR,preprocessed/masks/right_rear_camera/masks/frame_000535_gt2d_001_track_-1_VEHICLE_CAR.png,0.9742705821990967,1813.0,36.5,15.15968132019043,10.88323974609375,12.207255363464355,0.9994046092033386,11.539234350689371,-8.142559530110564,15.15968132019043,da3_bbox_median
right_rear,535,1772699963710637000,data\camera\right_rear_camera\1772699963710637000.jpg,4000000,4,truck,0.742334,0.0,0.0,1708.0,1174.0,-0.0028210140299052,0.0009556598379276693,1708.225341796875,1174.342529296875,matched,0,VEHICLE_TRUCK,preprocessed/masks/right_rear_camera/masks/frame_000535_gt2d_000_track_55_VEHICLE_TRUCK.png,0.9720725417137146,854.0,587.0,2.428730010986328,3.6379289627075195,1.668618083000183,0.9998405575752258,-0.22637479709589162,-0.11357298643932968,2.428730010986328,da3_bbox_median
right_rear,536,1772699963810644000,data\camera\right_rear_camera\1772699963810644000.jpg,-1,1,car,0.369692,1707.0,0.0,1919.0,74.0,1707.0,0.0,1919.0,74.0,unassigned,1,VEHICLE_CAR,preprocessed/masks/right_rear_camera/masks/frame_000536_gt2d_001_track_-1_VEHICLE_CAR.png,0.9735600352287292,1813.0,37.0,15.189363479614258,10.877772331237793,12.288884162902832,0.9992887377738953,11.561827793545582,-8.151737442241943,15.189363479614258,da3_bbox_median
right_rear,536,1772699963810644000,data\camera\right_rear_camera\1772699963810644000.jpg,4000000,4,truck,0.74231,0.0,0.0,1708.0,1175.0,0.0027274799067527056,0.00016025271906983107,1708.08056640625,1174.818359375,matched,0,VEHICLE_TRUCK,preprocessed/masks/right_rear_camera/masks/frame_000536_gt2d_000_track_55_VEHICLE_TRUCK.png,0.9732693433761597,854.0,587.5,2.4361166954040527,3.651883363723755,1.671210765838623,0.9998272657394409,-0.22706328827387756,-0.11283342088767967,2.4361166954040527,da3_bbox_median
right_rear,537,1772699963910651000,data\camera\right_rear_camera\1772699963910651000.jpg,-1,1,car,0.372912,1707.0,0.0,1919.0,73.0,1707.0,0.0,1919.0,73.0,unassigned,1,VEHICLE_CAR,preprocessed/masks/right_rear_camera/masks/frame_000537_gt2d_001_track_-1_VEHICLE_CAR.png,0.9749104976654053,1813.0,36.5,15.19428539276123,10.911965370178223,12.211844444274902,0.9994046092033386,11.5655742515388,-8.161146050166018,15.19428539276123,da3_bbox_median
right_rear,537,1772699963910651000,data\camera\right_rear_camera\1772699963910651000.jpg,4000000,4,truck,0.748123,0.0,0.0,1708.0,1173.0,-0.002394366078078747,0.0023451978340744972,1708.018798828125,1173.6741943359375,matched,0,VEHICLE_TRUCK,preprocessed/masks/right_rear_camera/masks/frame_000537_gt2d_000_track_55_VEHICLE_TRUCK.png,0.972453236579895,854.0,586.5,2.425872325897217,3.6407055854797363,1.6653870344161987,0.9998405575752258,-0.22610844065475355,-0.11451977580911891,2.425872325897217,da3_bbox_median
right_rear,538,1772699964010645000,data\camera\right_rear_camera\1772699964010645000.jpg,-1,1,car,0.366619,1707.0,0.0,1919.0,73.0,1707.0,0.0,1919.0,73.0,unassigned,1,VEHICLE_CAR,preprocessed/masks/right_rear_camera/masks/frame_000538_gt2d_001_track_-1_VEHICLE_CAR.png,0.9746872186660767,1813.0,36.5,15.166531562805176,10.904753684997559,12.195556640625,0.9992855191230774,11.54444861299615,-8.146238928582614,15.166531562805176,da3_bbox_median
right_rear,538,1772699964010645000,data\camera\right_rear_camera\1772699964010645000.jpg,4000000,4,truck,0.745549,0.0,0.0,1708.0,1174.0,0.0004985400009900331,0.0008311158162541687,1708.0009765625,1173.8955078125,matched,0,VEHICLE_TRUCK,preprocessed/masks/right_rear_camera/masks/frame_000538_gt2d_000_track_55_VEHICLE_TRUCK.png,0.973462700843811,854.0,587.0,2.4281041622161865,3.6422784328460693,1.6702624559402466,0.9998272657394409,-0.22631646356861082,-0.11354372031523897,2.4281041622161865,da3_bbox_median
right_rear,539,1772699964110561000,data\camera\right_rear_camera\1772699964110561000.jpg,-1,1,car,0.38124,1708.0,0.0,1919.0,72.0,1708.0,0.0,1919.0,72.0,unassigned,1,VEHICLE_CAR,preprocessed/masks/right_rear_camera/masks/frame_000539_gt2d_001_track_-1_VEHICLE_CAR.png,0.9749785661697388,1813.5,36.0,15.204537391662598,10.941088676452637,12.211952209472656,0.9992855191230774,11.580150825709525,-8.173424308832743,15.204537391662598,da3_bbox_median
right_rear,539,1772699964110561000,data\camera\right_rear_camera\1772699964110561000.jpg,4000000,4,truck,0.770877,0.0,0.0,1708.0,1176.0,0.011025659739971161,-0.0038974557537585497,1708.00439453125,1175.2955322265625,matched,0,VEHICLE_TRUCK,preprocessed/masks/right_rear_camera/masks/frame_000539_gt2d_000_track_55_VEHICLE_TRUCK.png,0.9782055020332336,854.0,588.0,2.437957525253296,3.6558754444122314,1.6774519681930542,0.9998272657394409,-0.22723486662211942,-0.1118328787383386,2.437957525253296,da3_bbox_median
right_rear,540,1772699964210538000,data\camera\right_rear_camera\1772699964210538000.jpg,-1,1,car,0.393929,1707.0,0.0,1919.0,73.0,1707.0,0.0,1919.0,73.0,unassigned,1,VEHICLE_CAR,preprocessed/masks/right_rear_camera/masks/frame_000540_gt2d_001_track_-1_VEHICLE_CAR.png,0.9754138588905334,1813.0,36.5,15.185379028320312,10.91364860534668,12.174113273620605,0.9992855191230774,11.558794912031212,-8.156362268691637,15.185379028320312,da3_bbox_median
right_rear,540,1772699964210538000,data\camera\right_rear_camera\1772699964210538000.jpg,4000000,4,truck,0.744673,0.0,0.0,1708.0,1160.0,-0.00017036354984156787,-0.0036343999672681093,1707.9913330078125,1165.2554931640625,matched,0,VEHICLE_TRUCK,preprocessed/masks/right_rear_camera/masks/frame_000540_gt2d_000_track_55_VEHICLE_TRUCK.png,0.9633263945579529,854.0,580.0,2.433100461959839,3.6444623470306396,1.6684653759002686,0.9998272657394409,-0.22678215400582835,-0.12894832583523086,2.433100461959839,da3_bbox_median
right_rear,541,1772699964310546000,data\camera\right_rear_camera\1772699964310546000.jpg,-1,1,car,0.397498,1707.0,0.0,1919.0,73.0,1707.0,0.0,1919.0,73.0,unassigned,1,VEHICLE_CAR,preprocessed/masks/right_rear_camera/masks/frame_000541_gt2d_001_track_-1_VEHICLE_CAR.png,0.9742221832275391,1813.0,36.5,15.231231689453125,10.877416610717773,12.204662322998047,0.9992855191230774,11.593697004709743,-8.180990624328023,15.231231689453125,da3_bbox_median
right_rear,541,1772699964310546000,data\camera\right_rear_camera\1772699964310546000.jpg,4000000,4,truck,0.743934,0.0,0.0,1708.0,1173.0,-0.009275567717850208,0.004085201304405928,1707.982177734375,1170.080078125,matched,0,VEHICLE_TRUCK,preprocessed/masks/right_rear_camera/masks/frame_000541_gt2d_000_track_55_VEHICLE_TRUCK.png,0.9754102230072021,854.0,586.5,2.4222412109375,3.6174511909484863,1.693040132522583,0.9998272657394409,-0.22576999508504447,-0.1143483593389755,2.4222412109375,da3_bbox_median
right_rear,542,1772699964410553000,data\camera\right_rear_camera\1772699964410553000.jpg,-1,1,car,0.394573,1707.0,0.0,1919.0,73.0,1707.0,0.0,1919.0,73.0,unassigned,1,VEHICLE_CAR,preprocessed/masks/right_rear_camera/masks/frame_000542_gt2d_001_track_-1_VEHICLE_CAR.png,0.9746646881103516,1813.0,36.5,15.21080207824707,10.895428657531738,12.255833625793457,0.9992855191230774,11.578146409257174,-8.17001748301266,15.21080207824707,da3_bbox_median
right_rear,542,1772699964410553000,data\camera\right_rear_camera\1772699964410553000.jpg,4000000,4,truck,0.741785,0.0,0.0,1709.0,1175.0,0.0009340722463093698,-0.0025826648343354464,1708.65380859375,1173.2249755859375,matched,0,VEHICLE_TRUCK,preprocessed/masks/right_rear_camera/masks/frame_000542_gt2d_000_track_55_VEHICLE_TRUCK.png,0.9783370494842529,854.5,587.5,2.4284486770629883,3.642864942550659,1.6677234172821045,0.9998272657394409,-0.22526680563306334,-0.11247826189940786,2.4284486770629883,da3_bbox_median
right_rear,543,1772699964510561000,data\camera\right_rear_camera\1772699964510561000.jpg,-1,1,car,0.401989,1707.0,0.0,1919.0,73.0,1707.0,0.0,1919.0,73.0,unassigned,1,VEHICLE_CAR,preprocessed/masks/right_rear_camera/masks/frame_000543_gt2d_001_track_-1_VEHICLE_CAR.png,0.9744644165039062,1813.0,36.5,15.298934936523438,10.958342552185059,12.329912185668945,0.9992855191230774,11.645231309273681,-8.217355354430731,15.298934936523438,da3_bbox_median
right_rear,543,1772699964510561000,data\camera\right_rear_camera\1772699964510561000.jpg,4000000,4,truck,0.739928,0.0,0.0,1709.0,1177.0,-0.0026328423991799355,0.0045214067213237286,1708.8997802734375,1175.751708984375,matched,0,VEHICLE_TRUCK,preprocessed/masks/right_rear_camera/masks/frame_000543_gt2d_000_track_55_VEHICLE_TRUCK.png,0.983209490776062,854.5,588.5,2.435166358947754,3.6561710834503174,1.673241376876831,0.9998272657394409,-0.22588994861060835,-0.11062028302363285,2.435166358947754,da3_bbox_median
right_rear,544,1772699964610537000,data\camera\right_rear_camera\1772699964610537000.jpg,-1,1,car,0.389704,1707.0,0.0,1919.0,75.0,1707.0,0.0,1919.0,75.0,unassigned,1,VEHICLE_CAR,preprocessed/masks/right_rear_camera/masks/frame_000544_gt2d_001_track_-1_VEHICLE_CAR.png,0.9721417427062988,1813.0,37.5,15.275392532348633,10.92037296295166,12.36641788482666,0.9992887377738953,11.627311320507829,-8.1911037358478,15.275392532348633,da3_bbox_median
right_rear,544,1772699964610537000,data\camera\right_rear_camera\1772699964610537000.jpg,4000000,4,truck,0.740354,0.0,0.0,1708.0,1176.0,-0.000484165211673826,0.0013617981458082795,1708.3330078125,1176.0355224609375,matched,0,VEHICLE_TRUCK,preprocessed/masks/right_rear_camera/masks/frame_000544_gt2d_000_track_55_VEHICLE_TRUCK.png,0.9777679443359375,854.0,588.0,2.437499523162842,3.660020112991333,1.681621789932251,0.9998272657394409,-0.22719217759129795,-0.1118118694747591,2.437499523162842,da3_bbox_median
right_rear,545,1772699964710545000,data\camera\right_rear_camera\1772699964710545000.jpg,-1,1,car,0.396751,1706.0,0.0,1919.0,75.0,1706.0,0.0,1919.0,75.0,unassigned,1,VEHICLE_CAR,preprocessed/masks/right_rear_camera/masks/frame_000545_gt2d_001_track_-1_VEHICLE_CAR.png,0.9723029136657715,1812.5,37.5,15.314519882202148,10.950847625732422,12.423835754394531,0.9994072914123535,11.650272287880576,-8.212084943425953,15.314519882202148,da3_bbox_median
right_rear,545,1772699964710545000,data\camera\right_rear_camera\1772699964710545000.jpg,4000000,4,truck,0.738864,0.0,0.0,1708.0,1174.0,-0.0035875998437404633,0.0019232135964557528,1708.112548828125,1174.81005859375,matched,0,VEHICLE_TRUCK,preprocessed/masks/right_rear_camera/masks/frame_000545_gt2d_000_track_55_VEHICLE_TRUCK.png,0.9718302488327026,854.0,587.0,2.442892551422119,3.6676747798919678,1.6810747385025024,0.9998405575752258,-0.22769484592923744,-0.11423525931675312,2.442892551422119,da3_bbox_median
right_rear,546,1772699964810552000,data\camera\right_rear_camera\1772699964810552000.jpg,-1,1,car,0.390427,1707.0,0.0,1919.0,75.0,1707.0,0.0,1919.0,75.0,unassigned,1,VEHICLE_CAR,preprocessed/masks/right_rear_camera/masks/frame_000546_gt2d_001_track_-1_VEHICLE_CAR.png,0.9721099138259888,1813.0,37.5,15.349592208862305,10.974771499633789,12.428563117980957,0.9994072914123535,11.68379057214594,-8.230891731226823,15.349592208862305,da3_bbox_median
right_rear,546,1772699964810552000,data\camera\right_rear_camera\1772699964810552000.jpg,4000000,4,truck,0.74154,0.0,0.0,1708.0,1174.0,0.006148319225758314,-0.003499576821923256,1708.0401611328125,1174.3294677734375,matched,0,VEHICLE_TRUCK,preprocessed/masks/right_rear_camera/masks/frame_000546_gt2d_000_track_55_VEHICLE_TRUCK.png,0.9753892421722412,854.0,587.0,2.4397666454315186,3.667816400527954,1.6796491146087646,0.9998405575752258,-0.22740348940497906,-0.11408908478229471,2.4397666454315186,da3_bbox_median
right_rear,547,1772699964910560000,data\camera\right_rear_camera\1772699964910560000.jpg,-1,1,car,0.392147,1707.0,0.0,1919.0,75.0,1707.0,0.0,1919.0,75.0,unassigned,1,VEHICLE_CAR,preprocessed/masks/right_rear_camera/masks/frame_000547_gt2d_001_track_-1_VEHICLE_CAR.png,0.9720519185066223,1813.0,37.5,15.311038970947266,10.959720611572266,12.394224166870117,0.9992887377738953,11.654444648713696,-8.210218378941692,15.311038970947266,da3_bbox_median
right_rear,547,1772699964910560000,data\camera\right_rear_camera\1772699964910560000.jpg,4000000,4,truck,0.733545,0.0,0.0,1708.0,1174.0,0.010133316740393639,-0.003698255168274045,1708.0137939453125,1174.1439208984375,matched,0,VEHICLE_TRUCK,preprocessed/masks/right_rear_camera/masks/frame_000547_gt2d_000_track_55_VEHICLE_TRUCK.png,0.9752762317657471,854.0,587.0,2.4441921710968018,3.6679646968841553,1.685773491859436,0.9998272657394409,-0.22781597966531653,-0.11429603251386491,2.4441921710968018,da3_bbox_median
right_rear,548,1772699965010523000,data\camera\right_rear_camera\1772699965010523000.jpg,-1,1,car,0.386722,1706.0,0.0,1919.0,75.0,1706.0,0.0,1919.0,75.0,unassigned,1,VEHICLE_CAR,preprocessed/masks/right_rear_camera/masks/frame_000548_gt2d_001_track_-1_VEHICLE_CAR.png,0.9731371402740479,1812.5,37.5,15.236854553222656,10.930376052856445,12.341976165771484,0.9994072914123535,11.591189650168214,-8.170438565763149,15.236854553222656,da3_bbox_median
right_rear,548,1772699965010523000,data\camera\right_rear_camera\1772699965010523000.jpg,4000000,4,truck,0.727682,0.0,0.0,1709.0,1174.0,-0.002654248382896185,0.00047091266606003046,1708.6512451171875,1174.074462890625,matched,0,VEHICLE_TRUCK,preprocessed/masks/right_rear_camera/masks/frame_000548_gt2d_000_track_55_VEHICLE_TRUCK.png,0.9779962301254272,854.5,587.0,2.438157081604004,3.658602476119995,1.6834648847579956,0.9998405575752258,-0.22616737285501226,-0.11401381788563322,2.438157081604004,da3_bbox_median
right_rear,549,1772699965110653000,data\camera\right_rear_camera\1772699965110653000.jpg,-1,1,car,0.378338,1706.0,0.0,1919.0,76.0,1706.0,0.0,1919.0,76.0,unassigned,1,VEHICLE_CAR,preprocessed/masks/right_rear_camera/masks/frame_000549_gt2d_001_track_-1_VEHICLE_CAR.png,0.9713740348815918,1812.5,38.0,15.293426513671875,10.958758354187012,12.364187240600586,0.9995258450508118,11.634225850333952,-8.193962774339555,15.293426513671875,da3_bbox_median
right_rear,549,1772699965110653000,data\camera\right_rear_camera\1772699965110653000.jpg,4000000,4,truck,0.724085,0.0,0.0,1708.0,1175.0,-0.006713693030178547,0.0040113478899002075,1708.232177734375,1174.70849609375,matched,0,VEHICLE_TRUCK,preprocessed/masks/right_rear_camera/masks/frame_000549_gt2d_000_track_55_VEHICLE_TRUCK.png,0.9763349294662476,854.0,587.5,2.4393489360809326,3.662076473236084,1.6793944835662842,0.9998538494110107,-0.22736455594219965,-0.11298312831893398,2.4393489360809326,da3_bbox_median
right_rear,550,1772699965210660000,data\camera\right_rear_camera\1772699965210660000.jpg,-1,1,car,0.388349,1707.0,0.0,1919.0,74.0,1707.0,0.0,1919.0,74.0,unassigned,1,VEHICLE_CAR,preprocessed/masks/right_rear_camera/masks/frame_000550_gt2d_001_track_-1_VEHICLE_CAR.png,0.9735093116760254,1813.0,37.0,15.298583030700684,10.959213256835938,12.39171028137207,0.9998814463615417,11.644963445875213,-8.21035274269288,15.298583030700684,da3_bbox_median
right_rear,550,1772699965210660000,data\camera\right_rear_camera\1772699965210660000.jpg,4000000,4,truck,0.727009,0.0,0.0,1708.0,1173.0,0.0025746121536940336,-0.00446765311062336,1708.083251953125,1173.614013671875,matched,0,VEHICLE_TRUCK,preprocessed/masks/right_rear_camera/masks/frame_000550_gt2d_000_track_55_VEHICLE_TRUCK.png,0.9735546112060547,854.0,586.5,2.4402875900268555,3.6651437282562256,1.6718488931655884,0.9998937249183655,-0.22745204512197276,-0.11520028681488459,2.4402875900268555,da3_bbox_median
right_rear,551,1772699965310637000,data\camera\right_rear_camera\1772699965310637000.jpg,-1,1,car,0.384649,1707.0,0.0,1919.0,74.0,1707.0,0.0,1919.0,74.0,unassigned,1,VEHICLE_CAR,preprocessed/masks/right_rear_camera/masks/frame_000551_gt2d_001_track_-1_VEHICLE_CAR.png,0.9734420776367188,1813.0,37.0,15.360713958740234,10.997151374816895,12.458818435668945,0.9995258450508118,11.692256217004863,-8.243696800401485,15.360713958740234,da3_bbox_median
right_rear,551,1772699965310637000,data\camera\right_rear_camera\1772699965310637000.jpg,4000000,4,truck,0.732277,0.0,0.0,1708.0,1174.0,-0.00010626876610331237,0.0008251098915934563,1708.0211181640625,1173.8665771484375,matched,0,VEHICLE_TRUCK,preprocessed/masks/right_rear_camera/masks/frame_000551_gt2d_000_track_55_VEHICLE_TRUCK.png,0.9762892127037048,854.0,587.0,2.4441866874694824,3.6751368045806885,1.6726285219192505,0.9998538494110107,-0.22781546855250606,-0.11429577608687289,2.4441866874694824,da3_bbox_median
right_rear,552,1772699965410645000,data\camera\right_rear_camera\1772699965410645000.jpg,-1,1,car,0.384469,1707.0,0.0,1919.0,74.0,1707.0,0.0,1919.0,74.0,unassigned,1,VEHICLE_CAR,preprocessed/masks/right_rear_camera/masks/frame_000552_gt2d_001_track_-1_VEHICLE_CAR.png,0.9739723801612854,1813.0,37.0,15.333724975585938,10.989959716796875,12.44763469696045,0.99964439868927,11.671712763951568,-8.229212513103851,15.333724975585938,da3_bbox_median
right_rear,552,1772699965410645000,data\camera\right_rear_camera\1772699965410645000.jpg,4000000,4,truck,0.730431,0.0,0.0,1709.0,1163.0,-0.0024880950804799795,0.004717107396572828,1708.6578369140625,1166.6953125,matched,0,VEHICLE_TRUCK,preprocessed/masks/right_rear_camera/masks/frame_000552_gt2d_000_track_55_VEHICLE_TRUCK.png,0.9657046794891357,854.5,581.5,2.4488649368286133,3.677670955657959,1.6760603189468384,0.9998671412467957,-0.22716065073006553,-0.1265118193415189,2.4488649368286133,da3_bbox_median
right_rear,553,1772699965510652000,data\camera\right_rear_camera\1772699965510652000.jpg,-1,1,car,0.386929,1707.0,0.0,1919.0,74.0,1707.0,0.0,1919.0,74.0,unassigned,1,VEHICLE_CAR,preprocessed/masks/right_rear_camera/masks/frame_000553_gt2d_001_track_-1_VEHICLE_CAR.png,0.9739163517951965,1813.0,37.0,15.318461418151855,10.96354866027832,12.437284469604492,0.9995258450508118,11.660094461261886,-8.221020957690474,15.318461418151855,da3_bbox_median
right_rear,553,1772699965510652000,data\camera\right_rear_camera\1772699965510652000.jpg,4000000,4,truck,0.739149,0.0,0.0,1709.0,1171.0,0.003394003724679351,0.0002082762512145564,1708.9051513671875,1169.2830810546875,matched,0,VEHICLE_TRUCK,preprocessed/masks/right_rear_camera/masks/frame_000553_gt2d_000_track_55_VEHICLE_TRUCK.png,0.9710050821304321,854.5,585.5,2.4339680671691895,3.6479990482330322,1.6999224424362183,0.9998538494110107,-0.22577879313768312,-0.11707001070684445,2.4339680671691895,da3_bbox_median
right_rear,554,1772699965610660000,data\camera\right_rear_camera\1772699965610660000.jpg,-1,1,car,0.379829,1706.0,0.0,1919.0,74.0,1706.0,0.0,1919.0,74.0,unassigned,1,VEHICLE_CAR,preprocessed/masks/right_rear_camera/masks/frame_000554_gt2d_001_track_-1_VEHICLE_CAR.png,0.973984956741333,1812.5,37.0,15.34820556640625,10.970943450927734,12.474814414978027,0.9994072914123535,11.675898125072992,-8.236983870641918,15.34820556640625,da3_bbox_median
right_rear,554,1772699965610660000,data\camera\right_rear_camera\1772699965610660000.jpg,4000000,4,truck,0.740755,0.0,0.0,1709.0,1174.0,0.010588452219963074,-0.00716815423220396,1709.00146484375,1172.2559814453125,matched,0,VEHICLE_TRUCK,preprocessed/masks/right_rear_camera/masks/frame_000554_gt2d_000_track_55_VEHICLE_TRUCK.png,0.976467490196228,854.5,587.0,2.433124303817749,3.6624491214752197,1.6722580194473267,0.9998405575752258,-0.22570052429194448,-0.11377847365194528,2.433124303817749,da3_bbox_median
right_rear,555,1772699965710637000,data\camera\right_rear_camera\1772699965710637000.jpg,-1,1,car,0.389072,1706.0,0.0,1919.0,76.0,1706.0,0.0,1919.0,76.0,unassigned,1,VEHICLE_CAR,preprocessed/masks/right_rear_camera/masks/frame_000555_gt2d_001_track_-1_VEHICLE_CAR.png,0.9717109203338623,1812.5,38.0,15.345203399658203,10.980794906616211,12.507989883422852,0.9995258450508118,11.673614275475526,-8.221703966018472,15.345203399658203,da3_bbox_median
right_rear,555,1772699965710637000,data\camera\right_rear_camera\1772699965710637000.jpg,4000000,4,truck,0.749658,0.0,0.0,1709.0,1173.0,-0.0013025449588894844,0.004503108095377684,1709.0203857421875,1172.7442626953125,matched,0,VEHICLE_TRUCK,preprocessed/masks/right_rear_camera/masks/frame_000555_gt2d_000_track_55_VEHICLE_TRUCK.png,0.9737110733985901,854.5,586.5,2.4361984729766846,3.6633646488189697,1.67100191116333,0.9998538494110107,-0.2259856891681677,-0.11500724913402906,2.4361984729766846,da3_bbox_median
right_rear,556,1772699965810644000,data\camera\right_rear_camera\1772699965810644000.jpg,-1,1,car,0.390766,1706.0,0.0,1919.0,75.0,1706.0,0.0,1919.0,75.0,unassigned,1,VEHICLE_CAR,preprocessed/masks/right_rear_camera/masks/frame_000556_gt2d_001_track_-1_VEHICLE_CAR.png,0.9730186462402344,1812.5,37.5,15.272098541259766,10.95776653289795,12.4015531539917,0.9995258450508118,11.618000941694259,-8.189337403319408,15.272098541259766,da3_bbox_median
right_rear,556,1772699965810644000,data\camera\right_rear_camera\1772699965810644000.jpg,4000000,4,truck,0.744887,0.0,0.0,1709.0,1174.0,-0.0083466200158,0.003284160513430834,1709.022216796875,1173.584716796875,matched,0,VEHICLE_TRUCK,preprocessed/masks/right_rear_camera/masks/frame_000556_gt2d_000_track_55_VEHICLE_TRUCK.png,0.9773565530776978,854.5,587.0,2.438897132873535,3.6644835472106934,1.670469045639038,0.9998538494110107,-0.22623602120120404,-0.11404842438055801,2.438897132873535,da3_bbox_median
right_rear,557,1772699965910651000,data\camera\right_rear_camera\1772699965910651000.jpg,-1,1,car,0.402111,1706.0,0.0,1919.0,74.0,1706.0,0.0,1919.0,74.0,unassigned,1,VEHICLE_CAR,preprocessed/masks/right_rear_camera/masks/frame_000557_gt2d_001_track_-1_VEHICLE_CAR.png,0.9736051559448242,1812.5,37.0,15.3289794921875,10.974711418151855,12.46453857421875,0.99964439868927,11.661272201348426,-8.226665735238374,15.3289794921875,da3_bbox_median
right_rear,557,1772699965910651000,data\camera\right_rear_camera\1772699965910651000.jpg,4000000,4,truck,0.741983,0.0,0.0,1709.0,1174.0,0.007078524678945541,-0.003563361708074808,1709.0384521484375,1173.893798828125,matched,0,VEHICLE_TRUCK,preprocessed/masks/right_rear_camera/masks/frame_000557_gt2d_000_track_55_VEHICLE_TRUCK.png,0.9782053828239441,854.5,587.0,2.4468119144439697,3.671757936477661,1.6747689247131348,0.9998538494110107,-0.2269702090712197,-0.11441853772205872,2.4468119144439697,da3_bbox_median
right_rear,558,1772699966010645000,data\camera\right_rear_camera\1772699966010645000.jpg,-1,1,car,0.398055,1707.0,0.0,1919.0,75.0,1707.0,0.0,1919.0,75.0,unassigned,1,VEHICLE_CAR,preprocessed/masks/right_rear_camera/masks/frame_000558_gt2d_001_track_-1_VEHICLE_CAR.png,0.97185218334198,1813.0,37.5,15.363828659057617,10.982680320739746,12.495426177978516,0.9994072914123535,11.694627062152286,-8.238525724273686,15.363828659057617,da3_bbox_median
right_rear,558,1772699966010645000,data\camera\right_rear_camera\1772699966010645000.jpg,4000000,4,truck,0.742986,0.0,0.0,1709.0,1173.0,0.014994475059211254,-0.005992010235786438,1709.0443115234375,1173.345458984375,matched,0,VEHICLE_TRUCK,preprocessed/masks/right_rear_camera/masks/frame_000558_gt2d_000_track_55_VEHICLE_TRUCK.png,0.9721341133117676,854.5,586.5,2.4453704357147217,3.6724836826324463,1.672151803970337,0.9998272657394409,-0.22683649518556392,-0.11544023610752988,2.4453704357147217,da3_bbox_median
right_rear,559,1772699966110561000,data\camera\right_rear_camera\1772699966110561000.jpg,-1,1,car,0.37217,1705.0,0.0,1919.0,74.0,1705.0,0.0,1919.0,74.0,unassigned,1,VEHICLE_CAR,preprocessed/masks/right_rear_camera/masks/frame_000559_gt2d_001_track_-1_VEHICLE_CAR.png,0.9745636582374573,1812.0,37.0,15.396858215332031,11.009709358215332,12.498788833618164,0.9994072914123535,11.70605120129789,-8.263094485510331,15.396858215332031,da3_bbox_median
right_rear,559,1772699966110561000,data\camera\right_rear_camera\1772699966110561000.jpg,4000000,4,truck,0.772789,0.0,0.0,1705.0,1176.0,0.0014461255632340908,-0.0037905536592006683,1706.384765625,1175.1192626953125,matched,0,VEHICLE_TRUCK,preprocessed/masks/right_rear_camera/masks/frame_000559_gt2d_000_track_55_VEHICLE_TRUCK.png,0.9764915704727173,852.5,588.0,2.4554638862609863,3.6874518394470215,1.6709102392196655,0.9998405575752258,-0.23214799295045313,-0.11263592256803748,2.4554638862609863,da3_bbox_median
right_rear,560,1772699966210538000,data\camera\right_rear_camera\1772699966210538000.jpg,-1,1,car,0.368887,1705.0,0.0,1919.0,75.0,1705.0,0.0,1919.0,75.0,unassigned,1,VEHICLE_CAR,preprocessed/masks/right_rear_camera/masks/frame_000560_gt2d_001_track_-1_VEHICLE_CAR.png,0.9739322662353516,1812.0,37.5,15.429035186767578,11.089865684509277,12.484270095825195,0.9990516901016235,11.730514976300517,-8.273491335245426,15.429035186767578,da3_bbox_median
right_rear,560,1772699966210538000,data\camera\right_rear_camera\1772699966210538000.jpg,4000000,4,truck,0.73924,0.0,0.0,1709.0,1177.0,-0.009289048612117767,0.014045890420675278,1708.020263671875,1176.4617919921875,matched,0,VEHICLE_TRUCK,preprocessed/masks/right_rear_camera/masks/frame_000560_gt2d_000_track_55_VEHICLE_TRUCK.png,0.9774987697601318,854.5,588.5,2.472851276397705,3.736433506011963,1.700500726699829,0.9998006820678711,-0.2293856621723885,-0.11233216452146906,2.472851276397705,da3_bbox_median
right_rear,561,1772699966310546000,data\camera\right_rear_camera\1772699966310546000.jpg,-1,1,car,0.369957,1706.0,0.0,1919.0,75.0,1706.0,0.0,1919.0,75.0,unassigned,1,VEHICLE_CAR,preprocessed/masks/right_rear_camera/masks/frame_000561_gt2d_001_track_-1_VEHICLE_CAR.png,0.9746516942977905,1812.5,37.5,15.222736358642578,10.89290714263916,12.35888671875,0.9991702437400818,11.580449462925234,-8.16286798477,15.222736358642578,da3_bbox_median
right_rear,561,1772699966310546000,data\camera\right_rear_camera\1772699966310546000.jpg,4000000,4,truck,0.745175,0.0,0.0,1709.0,1176.0,0.006166697945445776,0.0033116121776401997,1708.6636962890625,1176.28076171875,matched,0,VEHICLE_TRUCK,preprocessed/masks/right_rear_camera/masks/frame_000561_gt2d_000_track_55_VEHICLE_TRUCK.png,0.9708786606788635,854.5,588.0,2.4381964206695557,3.661607027053833,1.678758144378662,0.999813973903656,-0.2261710220100128,-0.11184383724021608,2.4381964206695557,da3_bbox_median
right_rear,562,1772699966410553000,data\camera\right_rear_camera\1772699966410553000.jpg,-1,1,car,0.381226,1706.0,0.0,1919.0,72.0,1706.0,0.0,1919.0,72.0,unassigned,1,VEHICLE_CAR,preprocessed/masks/right_rear_camera/masks/frame_000562_gt2d_001_track_-1_VEHICLE_CAR.png,0.9770093560218811,1812.5,36.0,15.208441734313965,10.948711395263672,12.272834777832031,0.9989283084869385,11.56957505961633,-8.175523146062359,15.208441734313965,da3_bbox_median
right_rear,562,1772699966410553000,data\camera\right_rear_camera\1772699966410553000.jpg,4000000,4,truck,0.748175,0.0,0.0,1709.0,1174.0,0.014129784889519215,-0.0029075900092720985,1708.90966796875,1174.875244140625,matched,0,VEHICLE_TRUCK,preprocessed/masks/right_rear_camera/masks/frame_000562_gt2d_000_track_55_VEHICLE_TRUCK.png,0.973589301109314,854.5,587.0,2.439751148223877,3.6638946533203125,1.676315426826477,0.9997873902320862,-0.2263152410388519,-0.11408836009731722,2.439751148223877,da3_bbox_median
right_rear,563,1772699966510561000,data\camera\right_rear_camera\1772699966510561000.jpg,-1,1,car,0.365724,1706.0,0.0,1919.0,72.0,1706.0,0.0,1919.0,72.0,unassigned,1,VEHICLE_CAR,preprocessed/masks/right_rear_camera/masks/frame_000563_gt2d_001_track_-1_VEHICLE_CAR.png,0.9768056869506836,1812.5,36.0,15.20914077758789,10.952871322631836,12.263298034667969,0.9988092184066772,11.57010684543429,-8.175898927129605,15.20914077758789,da3_bbox_median
right_rear,563,1772699966510561000,data\camera\right_rear_camera\1772699966510561000.jpg,4000000,4,truck,0.740545,0.0,0.0,1709.0,1178.0,-0.0061262547969818115,0.0028863847255706787,1708.977783203125,1176.98583984375,matched,0,VEHICLE_TRUCK,preprocessed/masks/right_rear_camera/masks/frame_000563_gt2d_000_track_55_VEHICLE_TRUCK.png,0.9780765771865845,854.5,589.0,2.435952663421631,3.662935733795166,1.6811392307281494,0.999774158000946,-0.22596288747843712,-0.10957109102170588,2.435952663421631,da3_bbox_median
right_rear,564,1772699966610537000,data\camera\right_rear_camera\1772699966610537000.jpg,-1,1,car,0.373724,1706.0,0.0,1919.0,73.0,1706.0,0.0,1919.0,73.0,unassigned,1,VEHICLE_CAR,preprocessed/masks/right_rear_camera/masks/frame_000564_gt2d_001_track_-1_VEHICLE_CAR.png,0.9765458106994629,1812.5,36.5,15.16904067993164,10.930734634399414,12.220365524291992,0.9989283084869385,11.539601347380197,-8.147586624166626,15.16904067993164,da3_bbox_median
right_rear,564,1772699966610537000,data\camera\right_rear_camera\1772699966610537000.jpg,4000000,4,truck,0.739422,0.0,0.0,1710.0,1176.0,0.004044507164508104,0.0005372373852878809,1709.6798095703125,1176.449951171875,matched,0,VEHICLE_TRUCK,preprocessed/masks/right_rear_camera/masks/frame_000564_gt2d_000_track_55_VEHICLE_TRUCK.png,0.9758919477462769,855.0,588.0,2.437345504760742,3.6618552207946777,1.6881945133209229,0.9997873902320862,-0.22500635737508073,-0.11180480441267042,2.437345504760742,da3_bbox_median
right_rear,565,1772699966710545000,data\camera\right_rear_camera\1772699966710545000.jpg,-1,1,car,0.36941,1706.0,0.0,1919.0,73.0,1706.0,0.0,1919.0,73.0,unassigned,1,VEHICLE_CAR,preprocessed/masks/right_rear_camera/masks/frame_000565_gt2d_001_track_-1_VEHICLE_CAR.png,0.9770480394363403,1812.5,36.5,15.213191986083984,10.966670036315918,12.255738258361816,0.9989283084869385,11.573188736504825,-8.171301148969913,15.213191986083984,da3_bbox_median
right_rear,565,1772699966710545000,data\camera\right_rear_camera\1772699966710545000.jpg,4000000,4,truck,0.742026,0.0,0.0,1709.0,1176.0,0.01816025748848915,-0.0033479745034128428,1709.2916259765625,1176.2320556640625,matched,0,VEHICLE_TRUCK,preprocessed/masks/right_rear_camera/masks/frame_000565_gt2d_000_track_55_VEHICLE_TRUCK.png,0.9743939638137817,854.5,588.0,2.438788414001465,3.6678524017333984,1.691811203956604,0.9997873902320862,-0.22622593626374804,-0.11187099288908016,2.438788414001465,da3_bbox_median
right_rear,566,1772699966810552000,data\camera\right_rear_camera\1772699966810552000.jpg,-1,1,car,0.36578,1706.0,0.0,1919.0,74.0,1706.0,0.0,1919.0,74.0,unassigned,1,VEHICLE_CAR,preprocessed/masks/right_rear_camera/masks/frame_000566_gt2d_001_track_-1_VEHICLE_CAR.png,0.9762104749679565,1812.5,37.0,15.183195114135742,10.904256820678711,12.284673690795898,0.9989331364631653,11.55036910332861,-8.14842704046664,15.183195114135742,da3_bbox_median
right_rear,566,1772699966810552000,data\camera\right_rear_camera\1772699966810552000.jpg,4000000,4,truck,0.74325,0.0,0.0,1709.0,1175.0,0.018481912091374397,-0.0031910280231386423,1709.1353759765625,1175.481689453125,matched,0,VEHICLE_TRUCK,preprocessed/masks/right_rear_camera/masks/frame_000566_gt2d_000_track_55_VEHICLE_TRUCK.png,0.9711335301399231,854.5,587.5,2.437751054763794,3.6569862365722656,1.6808844804763794,0.9997873902320862,-0.2261297091521886,-0.1129091193785883,2.437751054763794,da3_bbox_median
right_rear,567,1772699966910560000,data\camera\right_rear_camera\1772699966910560000.jpg,-1,1,car,0.375655,1706.0,0.0,1919.0,74.0,1706.0,0.0,1919.0,74.0,unassigned,1,VEHICLE_CAR,preprocessed/masks/right_rear_camera/masks/frame_000567_gt2d_001_track_-1_VEHICLE_CAR.png,0.9761307239532471,1812.5,37.0,15.24089527130127,10.946097373962402,12.328994750976562,0.9991702437400818,11.594263560824016,-8.179393218359529,15.24089527130127,da3_bbox_median
right_rear,567,1772699966910560000,data\camera\right_rear_camera\1772699966910560000.jpg,4000000,4,truck,0.745284,0.0,0.0,1709.0,1175.0,0.010958761908113956,-0.0013716018293052912,1709.0662841796875,1175.193603515625,matched,0,VEHICLE_TRUCK,preprocessed/masks/right_rear_camera/masks/frame_000567_gt2d_000_track_55_VEHICLE_TRUCK.png,0.9730618000030518,854.5,587.5,2.4462697505950928,3.6696860790252686,1.6921110153198242,0.9998272657394409,-0.22691991708048515,-0.11330367912770066,2.4462697505950928,da3_bbox_median
right_rear,568,1772699967010523000,data\camera\right_rear_camera\1772699967010523000.jpg,-1,1,car,0.37512,1705.0,0.0,1919.0,73.0,1705.0,0.0,1919.0,73.0,unassigned,1,VEHICLE_CAR,preprocessed/masks/right_rear_camera/masks/frame_000568_gt2d_001_track_-1_VEHICLE_CAR.png,0.9768176078796387,1812.0,36.5,15.24179458618164,10.969857215881348,12.26833724975586,0.9989283084869385,11.588158137862,-8.18666416149584,15.24179458618164,da3_bbox_median
right_rear,568,1772699967010523000,data\camera\right_rear_camera\1772699967010523000.jpg,4000000,4,truck,0.739985,0.0,0.0,1706.0,1167.0,0.0015280816005542874,0.03498281165957451,1707.049560546875,1169.8304443359375,matched,0,VEHICLE_TRUCK,preprocessed/masks/right_rear_camera/masks/frame_000568_gt2d_000_track_55_VEHICLE_TRUCK.png,0.9664533138275146,853.0,583.5,2.4472250938415527,3.6666667461395264,1.6851463317871094,0.9998006820678711,-0.23027893596873816,-0.1220673777200361,2.4472250938415527,da3_bbox_median
right_rear,569,1772699967110653000,data\camera\right_rear_camera\1772699967110653000.jpg,-1,1,car,0.378322,1705.0,0.0,1919.0,75.0,1705.0,0.0,1919.0,75.0,unassigned,1,VEHICLE_CAR,preprocessed/masks/right_rear_camera/masks/frame_000569_gt2d_001_track_-1_VEHICLE_CAR.png,0.9755045175552368,1812.0,37.5,15.261478424072266,11.035346984863281,12.297608375549316,0.9990516901016235,11.603123529564852,-8.183642591786057,15.261478424072266,da3_bbox_median
right_rear,569,1772699967110653000,data\camera\right_rear_camera\1772699967110653000.jpg,4000000,4,truck,0.736539,0.0,0.0,1709.0,1173.0,0.02161504328250885,-0.0313834510743618,1708.2955322265625,1171.6990966796875,matched,0,VEHICLE_TRUCK,preprocessed/masks/right_rear_camera/masks/frame_000569_gt2d_000_track_55_VEHICLE_TRUCK.png,0.9705371856689453,854.5,586.5,2.485031843185425,3.728100061416626,1.6964339017868042,0.9998006820678711,-0.23051555114100708,-0.11731255867097688,2.485031843185425,da3_bbox_median
right_rear,570,1772699967210660000,data\camera\right_rear_camera\1772699967210660000.jpg,-1,1,car,0.371082,1705.0,0.0,1919.0,74.0,1705.0,0.0,1919.0,74.0,unassigned,1,VEHICLE_CAR,preprocessed/masks/right_rear_camera/masks/frame_000570_gt2d_001_track_-1_VEHICLE_CAR.png,0.976199209690094,1812.0,37.0,15.154285430908203,10.87295913696289,12.253292083740234,0.9990516901016235,11.521625950717931,-8.132911963253196,15.154285430908203,da3_bbox_median
right_rear,570,1772699967210660000,data\camera\right_rear_camera\1772699967210660000.jpg,4000000,4,truck,0.735938,0.0,0.0,1708.0,1173.0,0.015434387139976025,-0.013186250813305378,1708.0968017578125,1172.46240234375,matched,0,VEHICLE_TRUCK,preprocessed/masks/right_rear_camera/masks/frame_000570_gt2d_000_track_55_VEHICLE_TRUCK.png,0.9720830321311951,854.0,586.5,2.4379396438598633,3.649794340133667,1.6737415790557861,0.9998006820678711,-0.2272331999499114,-0.11508944575132764,2.4379396438598633,da3_bbox_median
right_rear,571,1772699967310637000,data\camera\right_rear_camera\1772699967310637000.jpg,-1,1,car,0.362334,1705.0,0.0,1919.0,75.0,1705.0,0.0,1919.0,75.0,unassigned,1,VEHICLE_CAR,preprocessed/masks/right_rear_camera/masks/frame_000571_gt2d_001_track_-1_VEHICLE_CAR.png,0.9748468399047852,1812.0,37.5,15.199624061584473,10.91097640991211,12.292352676391602,0.9989331364631653,11.556096381286984,-8.150474507982038,15.199624061584473,da3_bbox_median
right_rear,571,1772699967310637000,data\camera\right_rear_camera\1772699967310637000.jpg,4000000,4,truck,0.756711,0.0,0.0,1706.0,1167.0,0.003305913181975484,0.04682767391204834,1706.691650390625,1168.8485107421875,matched,0,VEHICLE_TRUCK,preprocessed/masks/right_rear_camera/masks/frame_000571_gt2d_000_track_55_VEHICLE_TRUCK.png,0.9682180881500244,853.0,583.5,2.4453821182250977,3.663480281829834,1.6816972494125366,0.9997873902320862,-0.23010551568752186,-0.12197545025440626,2.4453821182250977,da3_bbox_median
right_rear,572,1772699967410645000,data\camera\right_rear_camera\1772699967410645000.jpg,-1,1,car,0.380292,1705.0,0.0,1919.0,74.0,1705.0,0.0,1919.0,74.0,unassigned,1,VEHICLE_CAR,preprocessed/masks/right_rear_camera/masks/frame_000572_gt2d_001_track_-1_VEHICLE_CAR.png,0.9747810363769531,1812.0,37.0,15.177384376525879,10.962244987487793,12.26614761352539,0.9985775351524353,11.53918780887853,-8.145308568293336,15.177384376525879,da3_bbox_median
right_rear,572,1772699967410645000,data\camera\right_rear_camera\1772699967410645000.jpg,4000000,4,truck,0.738406,0.0,0.0,1709.0,1173.0,0.0023319239262491465,-0.03345337137579918,1708.151123046875,1171.3599853515625,matched,0,VEHICLE_TRUCK,preprocessed/masks/right_rear_camera/masks/frame_000572_gt2d_000_track_55_VEHICLE_TRUCK.png,0.9708419442176819,854.5,586.5,2.4713401794433594,3.7116000652313232,1.6516045331954956,0.9997475743293762,-0.22924549038818634,-0.11666620715220301,2.4713401794433594,da3_bbox_median
right_rear,573,1772699967510652000,data\camera\right_rear_camera\1772699967510652000.jpg,-1,1,car,0.375617,1705.0,0.0,1919.0,75.0,1705.0,0.0,1919.0,75.0,unassigned,1,VEHICLE_CAR,preprocessed/masks/right_rear_camera/masks/frame_000573_gt2d_001_track_-1_VEHICLE_CAR.png,0.9738812446594238,1812.0,37.5,15.24891471862793,10.922283172607422,12.365139961242676,0.9989331364631653,11.593571491275446,-8.176905572466701,15.24891471862793,da3_bbox_median
right_rear,573,1772699967510652000,data\camera\right_rear_camera\1772699967510652000.jpg,4000000,4,truck,0.743122,0.0,0.0,1705.0,1167.0,-0.0021624709479510784,0.006647010333836079,1706.0606689453125,1168.4285888671875,matched,0,VEHICLE_TRUCK,preprocessed/masks/right_rear_camera/masks/frame_000573_gt2d_000_track_55_VEHICLE_TRUCK.png,0.965246856212616,852.5,583.5,2.443610191345215,3.6633222103118896,1.6775896549224854,0.9997873902320862,-0.23102730390300244,-0.12188706669366096,2.443610191345215,da3_bbox_median
right_rear,574,1772699967610660000,data\camera\right_rear_camera\1772699967610660000.jpg,-1,1,car,0.373879,1706.0,0.0,1919.0,74.0,1706.0,0.0,1919.0,74.0,unassigned,1,VEHICLE_CAR,preprocessed/masks/right_rear_camera/masks/frame_000574_gt2d_001_track_-1_VEHICLE_CAR.png,0.9755797386169434,1812.5,37.0,15.249835968017578,10.994464874267578,12.340730667114258,0.9990516901016235,11.60106505065129,-8.18419145840954,15.249835968017578,da3_bbox_median
right_rear,574,1772699967610660000,data\camera\right_rear_camera\1772699967610660000.jpg,4000000,4,truck,0.736239,0.0,0.0,1710.0,1174.0,-0.0025714668445289135,-0.017301129177212715,1708.5804443359375,1171.922607421875,matched,0,VEHICLE_TRUCK,preprocessed/masks/right_rear_camera/masks/frame_000574_gt2d_000_track_55_VEHICLE_TRUCK.png,0.9748745560646057,855.0,587.0,2.4771623611450195,3.725299835205078,1.6600103378295898,0.9997873902320862,-0.22868209632946931,-0.11583779422896295,2.4771623611450195,da3_bbox_median
right_rear,575,1772699967710637000,data\camera\right_rear_camera\1772699967710637000.jpg,-1,1,car,0.368865,1706.0,0.0,1919.0,74.0,1706.0,0.0,1919.0,74.0,unassigned,1,VEHICLE_CAR,preprocessed/masks/right_rear_camera/masks/frame_000575_gt2d_001_track_-1_VEHICLE_CAR.png,0.9752559661865234,1812.5,37.0,15.163761138916016,10.872668266296387,12.268379211425781,0.9989331364631653,11.535585022293926,-8.1379973299878,15.163761138916016,da3_bbox_median
right_rear,575,1772699967710637000,data\camera\right_rear_camera\1772699967710637000.jpg,4000000,4,truck,0.72949,0.0,0.0,1709.0,1175.0,-0.015092373825609684,-0.004032924305647612,1708.8638916015625,1173.93505859375,matched,0,VEHICLE_TRUCK,preprocessed/masks/right_rear_camera/masks/frame_000575_gt2d_000_track_55_VEHICLE_TRUCK.png,0.9732490181922913,854.5,587.5,2.4382715225219727,3.6534435749053955,1.6762347221374512,0.9997873902320862,-0.22617798857865015,-0.1129332258418492,2.4382715225219727,da3_bbox_median
right_rear,576,1772699967810644000,data\camera\right_rear_camera\1772699967810644000.jpg,-1,1,car,0.378835,1705.0,0.0,1919.0,74.0,1705.0,0.0,1919.0,74.0,unassigned,1,VEHICLE_CAR,preprocessed/masks/right_rear_camera/masks/frame_000576_gt2d_001_track_-1_VEHICLE_CAR.png,0.975448489189148,1812.0,37.0,15.125958442687988,10.869786262512207,12.233593940734863,0.9991702437400818,11.500089272919977,-8.117709603337945,15.125958442687988,da3_bbox_median
right_rear,576,1772699967810644000,data\camera\right_rear_camera\1772699967810644000.jpg,4000000,4,truck,0.735362,0.0,0.0,1710.0,1174.0,-0.016033710911870003,0.0017393621383234859,1709.6329345703125,1174.0367431640625,matched,0,VEHICLE_TRUCK,preprocessed/masks/right_rear_camera/masks/frame_000576_gt2d_000_track_55_VEHICLE_TRUCK.png,0.9719683527946472,855.0,587.0,2.4477710723876953,3.663583278656006,1.684293508529663,0.999813973903656,-0.22596880565774166,-0.11446339014766518,2.4477710723876953,da3_bbox_median
right_rear,577,1772699967910651000,data\camera\right_rear_camera\1772699967910651000.jpg,-1,1,car,0.366182,1705.0,0.0,1919.0,74.0,1705.0,0.0,1919.0,74.0,unassigned,1,VEHICLE_CAR,preprocessed/masks/right_rear_camera/masks/frame_000577_gt2d_001_track_-1_VEHICLE_CAR.png,0.9748357534408569,1812.0,37.0,15.157709121704102,10.900809288024902,12.296637535095215,0.9989331364631653,11.524228942782527,-8.134749369309679,15.157709121704102,da3_bbox_median
right_rear,577,1772699967910651000,data\camera\right_rear_camera\1772699967910651000.jpg,4000000,4,truck,0.737167,0.0,0.0,1710.0,1176.0,-0.01925116777420044,0.04373526945710182,1709.91650390625,1175.429931640625,matched,0,VEHICLE_TRUCK,preprocessed/masks/right_rear_camera/masks/frame_000577_gt2d_000_track_55_VEHICLE_TRUCK.png,0.9763659238815308,855.0,588.0,2.445160388946533,3.6634416580200195,1.673663854598999,0.9997873902320862,-0.2257277974091335,-0.11216328522558489,2.445160388946533,da3_bbox_median
right_rear,578,1772699968010645000,data\camera\right_rear_camera\1772699968010645000.jpg,-1,1,car,0.375164,1705.0,0.0,1919.0,74.0,1705.0,0.0,1919.0,74.0,unassigned,1,VEHICLE_CAR,preprocessed/masks/right_rear_camera/masks/frame_000578_gt2d_001_track_-1_VEHICLE_CAR.png,0.9740957617759705,1812.0,37.0,15.247602462768555,10.981734275817871,12.3342924118042,0.9983404278755188,11.592573798495255,-8.182992794068513,15.247602462768555,da3_bbox_median
right_rear,578,1772699968010645000,data\camera\right_rear_camera\1772699968010645000.jpg,4000000,4,truck,0.739169,0.0,0.0,1710.0,1176.0,-0.00012147880624979734,-0.03519968315958977,1710.03759765625,1175.85400390625,matched,0,VEHICLE_TRUCK,preprocessed/masks/right_rear_camera/masks/frame_000578_gt2d_000_track_55_VEHICLE_TRUCK.png,0.9750516414642334,855.0,588.0,2.481706142425537,3.716560125350952,1.6830742359161377,0.9997076988220215,-0.22910156073147608,-0.11383969540701085,2.481706142425537,da3_bbox_median
right_rear,579,1772699968110561000,data\camera\right_rear_camera\1772699968110561000.jpg,-1,1,car,0.386993,1706.0,0.0,1919.0,75.0,1706.0,0.0,1919.0,75.0,unassigned,1,VEHICLE_CAR,preprocessed/masks/right_rear_camera/masks/frame_000579_gt2d_001_track_-1_VEHICLE_CAR.png,0.9716876149177551,1812.5,37.5,15.18832015991211,10.881014823913574,12.291141510009766,0.998814582824707,11.554267898670664,-8.144413031589723,15.18832015991211,da3_bbox_median
right_rear,579,1772699968110561000,data\camera\right_rear_camera\1772699968110561000.jpg,4000000,4,truck,0.759009,0.0,0.0,1710.0,1175.0,-0.006550308782607317,-0.007200621068477631,1710.06298828125,1175.400390625,matched,0,VEHICLE_TRUCK,preprocessed/masks/right_rear_camera/masks/frame_000579_gt2d_000_track_55_VEHICLE_TRUCK.png,0.9757480621337891,855.0,587.5,2.4491519927978516,3.6642982959747314,1.6783447265625,0.9997873902320862,-0.2260962869158182,-0.11343717570780196,2.4491519927978516,da3_bbox_median
right_rear,580,1772699968210538000,data\camera\right_rear_camera\1772699968210538000.jpg,-1,1,car,0.395288,1705.0,0.0,1919.0,75.0,1705.0,0.0,1919.0,75.0,unassigned,1,VEHICLE_CAR,preprocessed/masks/right_rear_camera/masks/frame_000580_gt2d_001_track_-1_VEHICLE_CAR.png,0.9719933867454529,1812.0,37.5,15.009164810180664,10.744278907775879,12.118783950805664,0.9991702437400818,11.411292440280778,-8.048344792991292,15.009164810180664,da3_bbox_median
right_rear,580,1772699968210538000,data\camera\right_rear_camera\1772699968210538000.jpg,4000000,4,truck,0.749668,0.0,0.0,1711.0,1173.0,-0.007488572970032692,-0.0001533046452095732,1710.728515625,1173.8929443359375,matched,0,VEHICLE_TRUCK,preprocessed/masks/right_rear_camera/masks/frame_000580_gt2d_000_track_55_VEHICLE_TRUCK.png,0.9765965342521667,855.5,586.5,2.4402432441711426,3.6372692584991455,1.6625521183013916,0.999813973903656,-0.22418684240169093,-0.11519819335044293,2.4402432441711426,da3_bbox_median
right_rear,581,1772699968310546000,data\camera\right_rear_camera\1772699968310546000.jpg,-1,1,car,0.382696,1706.0,0.0,1919.0,74.0,1706.0,0.0,1919.0,74.0,unassigned,1,VEHICLE_CAR,preprocessed/masks/right_rear_camera/masks/frame_000581_gt2d_001_track_-1_VEHICLE_CAR.png,0.9730761051177979,1812.5,37.0,14.999656677246094,10.757220268249512,12.076248168945312,0.99964439868927,11.410745218185374,-8.049926721470921,14.999656677246094,da3_bbox_median
right_rear,581,1772699968310546000,data\camera\right_rear_camera\1772699968310546000.jpg,4000000,4,truck,0.749073,0.0,0.0,1710.0,1175.0,0.012146304361522198,-0.0032414684537798166,1710.3328857421875,1174.6328125,matched,0,VEHICLE_TRUCK,preprocessed/masks/right_rear_camera/masks/frame_000581_gt2d_000_track_55_VEHICLE_TRUCK.png,0.9778530597686768,855.0,587.5,2.4391708374023438,3.6391360759735107,1.6638538837432861,0.9998671412467957,-0.22517486506013498,-0.11297487933677369,2.4391708374023438,da3_bbox_median
right_rear,582,1772699968410553000,data\camera\right_rear_camera\1772699968410553000.jpg,-1,1,car,0.386648,1706.0,0.0,1919.0,75.0,1706.0,0.0,1919.0,75.0,unassigned,1,VEHICLE_CAR,preprocessed/masks/right_rear_camera/masks/frame_000582_gt2d_001_track_-1_VEHICLE_CAR.png,0.9733266234397888,1812.5,37.5,15.007081985473633,10.799067497253418,12.083011627197266,0.99964439868927,11.416393900830188,-8.047227922625915,15.007081985473633,da3_bbox_median
right_rear,582,1772699968410553000,data\camera\right_rear_camera\1772699968410553000.jpg,4000000,4,truck,0.730099,0.0,0.0,1710.0,1176.0,0.009439313784241676,0.001361860428005457,1710.165771484375,1175.5762939453125,matched,0,VEHICLE_TRUCK,preprocessed/masks/right_rear_camera/masks/frame_000582_gt2d_000_track_55_VEHICLE_TRUCK.png,0.9797146320343018,855.0,588.0,2.4378504753112793,3.643022060394287,1.6800041198730469,0.9998671412467957,-0.2250529743130307,-0.11182796819208811,2.4378504753112793,da3_bbox_median
right_rear,583,1772699968510561000,data\camera\right_rear_camera\1772699968510561000.jpg,-1,1,car,0.381173,1705.0,0.0,1919.0,75.0,1705.0,0.0,1919.0,75.0,unassigned,1,VEHICLE_CAR,preprocessed/masks/right_rear_camera/masks/frame_000583_gt2d_001_track_-1_VEHICLE_CAR.png,0.972740888595581,1812.0,37.5,14.993110656738281,10.769194602966309,12.109380722045898,0.9992887377738953,11.399086655206855,-8.039736095312376,14.993110656738281,da3_bbox_median
right_rear,583,1772699968510561000,data\camera\right_rear_camera\1772699968510561000.jpg,4000000,4,truck,0.739917,0.0,0.0,1711.0,1174.0,-0.00736659811809659,8.726799569558352e-05,1710.74267578125,1174.603515625,matched,0,VEHICLE_TRUCK,preprocessed/masks/right_rear_camera/masks/frame_000583_gt2d_000_track_55_VEHICLE_TRUCK.png,0.9765030741691589,855.5,587.0,2.437462329864502,3.6392087936401367,1.6810388565063477,0.9998272657394409,-0.22393135787207094,-0.11398132970064262,2.437462329864502,da3_bbox_median
right_rear,584,1772699968610537000,data\camera\right_rear_camera\1772699968610537000.jpg,-1,1,car,0.387233,1705.0,0.0,1919.0,75.0,1705.0,0.0,1919.0,75.0,unassigned,1,VEHICLE_CAR,preprocessed/masks/right_rear_camera/masks/frame_000584_gt2d_001_track_-1_VEHICLE_CAR.png,0.9727016687393188,1812.0,37.5,15.0458984375,10.789551734924316,12.153324127197266,0.9994072914123535,11.439220587451825,-8.068042417869309,15.0458984375,da3_bbox_median
right_rear,584,1772699968610537000,data\camera\right_rear_camera\1772699968610537000.jpg,4000000,4,truck,0.740092,0.0,0.0,1711.0,1175.0,0.011705840937793255,0.0008927592425607145,1710.9813232421875,1174.8912353515625,matched,0,VEHICLE_TRUCK,preprocessed/masks/right_rear_camera/masks/frame_000584_gt2d_000_track_55_VEHICLE_TRUCK.png,0.9779176115989685,855.5,587.5,2.439795970916748,3.645413875579834,1.6819820404052734,0.9998405575752258,-0.22414575109702983,-0.11300383359544071,2.439795970916748,da3_bbox_median
right_rear,585,1772699968710545000,data\camera\right_rear_camera\1772699968710545000.jpg,-1,1,car,0.391364,1705.0,0.0,1919.0,75.0,1705.0,0.0,1919.0,75.0,unassigned,1,VEHICLE_CAR,preprocessed/masks/right_rear_camera/masks/frame_000585_gt2d_001_track_-1_VEHICLE_CAR.png,0.9727963805198669,1812.0,37.5,15.116521835327148,10.845932006835938,12.19149398803711,0.9994072914123535,11.492914730725223,-8.105912710011076,15.116521835327148,da3_bbox_median
right_rear,585,1772699968710545000,data\camera\right_rear_camera\1772699968710545000.jpg,4000000,4,truck,0.739559,0.0,0.0,1711.0,1177.0,0.003772385185584426,-0.001270812121219933,1711.050048828125,1176.31591796875,matched,0,VEHICLE_TRUCK,preprocessed/masks/right_rear_camera/masks/frame_000585_gt2d_000_track_55_VEHICLE_TRUCK.png,0.9786916971206665,855.5,588.5,2.4484708309173584,3.6589388847351074,1.6922872066497803,0.9998405575752258,-0.22494271651285833,-0.11122465424014126,2.4484708309173584,da3_bbox_median
right_rear,586,1772699968810552000,data\camera\right_rear_camera\1772699968810552000.jpg,-1,1,car,0.388891,1706.0,0.0,1919.0,75.0,1706.0,0.0,1919.0,75.0,unassigned,1,VEHICLE_CAR,preprocessed/masks/right_rear_camera/masks/frame_000586_gt2d_001_track_-1_VEHICLE_CAR.png,0.9734100699424744,1812.5,37.5,15.038549423217773,10.79894733428955,12.149789810180664,0.9995258450508118,11.440332243053193,-8.064101665563634,15.038549423217773,da3_bbox_median
right_rear,586,1772699968810552000,data\camera\right_rear_camera\1772699968810552000.jpg,4000000,4,truck,0.74097,0.0,0.0,1711.0,1178.0,0.004853758495301008,-1.3143901014700532e-05,1711.0738525390625,1177.51123046875,matched,0,VEHICLE_TRUCK,preprocessed/masks/right_rear_camera/masks/frame_000586_gt2d_000_track_55_VEHICLE_TRUCK.png,0.9833479523658752,855.5,589.0,2.4371204376220703,3.6454899311065674,1.6891541481018066,0.9998538494110107,-0.223899947994201,-0.10962361843536647,2.4371204376220703,da3_bbox_median
right_rear,587,1772699968910560000,data\camera\right_rear_camera\1772699968910560000.jpg,-1,1,car,0.37491,1705.0,0.0,1919.0,75.0,1705.0,0.0,1919.0,75.0,unassigned,1,VEHICLE_CAR,preprocessed/masks/right_rear_camera/masks/frame_000587_gt2d_001_track_-1_VEHICLE_CAR.png,0.9734506607055664,1812.0,37.5,15.02981185913086,10.808537483215332,12.146095275878906,0.9995258450508118,11.426990150085368,-8.059416333014374,15.02981185913086,da3_bbox_median
right_rear,587,1772699968910560000,data\camera\right_rear_camera\1772699968910560000.jpg,4000000,4,truck,0.744052,0.0,0.0,1711.0,1177.0,-0.00572273088619113,0.0014208825305104256,1711.06591796875,1177.293212890625,matched,0,VEHICLE_TRUCK,preprocessed/masks/right_rear_camera/masks/frame_000587_gt2d_000_track_55_VEHICLE_TRUCK.png,0.9821638464927673,855.5,588.5,2.4434895515441895,3.6529014110565186,1.6886005401611328,0.9998538494110107,-0.22448508291569177,-0.11099837379237841,2.4434895515441895,da3_bbox_median
right_rear,588,1772699969010523000,data\camera\right_rear_camera\1772699969010523000.jpg,-1,1,car,0.372419,1705.0,0.0,1919.0,75.0,1705.0,0.0,1919.0,75.0,unassigned,1,VEHICLE_CAR,preprocessed/masks/right_rear_camera/masks/frame_000588_gt2d_001_track_-1_VEHICLE_CAR.png,0.9739298820495605,1812.0,37.5,15.004461288452148,10.794329643249512,12.121162414550781,0.9994072914123535,11.407716407728527,-8.045822629693655,15.004461288452148,da3_bbox_median
right_rear,588,1772699969010523000,data\camera\right_rear_camera\1772699969010523000.jpg,4000000,4,truck,0.744892,0.0,0.0,1711.0,1175.0,-0.007435512263327837,0.0012693365570157766,1711.0599365234375,1175.8759765625,matched,0,VEHICLE_TRUCK,preprocessed/masks/right_rear_camera/masks/frame_000588_gt2d_000_track_55_VEHICLE_TRUCK.png,0.9780925512313843,855.5,587.5,2.446718692779541,3.6517529487609863,1.691602349281311,0.9998405575752258,-0.22478174636469497,-0.11332447274672049,2.446718692779541,da3_bbox_median
right_rear,589,1772699969110653000,data\camera\right_rear_camera\1772699969110653000.jpg,-1,1,car,0.376456,1705.0,0.0,1919.0,74.0,1705.0,0.0,1919.0,74.0,unassigned,1,VEHICLE_CAR,preprocessed/masks/right_rear_camera/masks/frame_000589_gt2d_001_track_-1_VEHICLE_CAR.png,0.975140392780304,1812.0,37.0,14.993904113769531,10.77281665802002,12.13670539855957,0.9994072914123535,11.399689911306504,-8.04683946984621,14.993904113769531,da3_bbox_median
right_rear,589,1772699969110653000,data\camera\right_rear_camera\1772699969110653000.jpg,4000000,4,truck,0.744592,0.0,0.0,1711.0,1176.0,-0.004387085326015949,-0.001482161576859653,1711.0565185546875,1175.9893798828125,matched,0,VEHICLE_TRUCK,preprocessed/masks/right_rear_camera/masks/frame_000589_gt2d_000_track_55_VEHICLE_TRUCK.png,0.9803091287612915,855.5,588.0,2.4385986328125,3.6414737701416016,1.679897427558899,0.9998405575752258,-0.22403575081344343,-0.11186228733269844,2.4385986328125,da3_bbox_median
right_rear,590,1772699969210660000,data\camera\right_rear_camera\1772699969210660000.jpg,-1,1,car,0.37213,1705.0,0.0,1919.0,75.0,1705.0,0.0,1919.0,75.0,unassigned,1,VEHICLE_CAR,preprocessed/masks/right_rear_camera/masks/frame_000590_gt2d_001_track_-1_VEHICLE_CAR.png,0.9742097854614258,1812.0,37.5,15.020057678222656,10.786905288696289,12.172818183898926,0.9994072914123535,11.419574160437268,-8.054185861358205,15.020057678222656,da3_bbox_median
right_rear,590,1772699969210660000,data\camera\right_rear_camera\1772699969210660000.jpg,4000000,4,truck,0.750666,0.0,0.0,1710.0,1177.0,-0.007817636243999004,-0.00038216859684325755,1710.3857421875,1176.69140625,matched,0,VEHICLE_TRUCK,preprocessed/masks/right_rear_camera/masks/frame_000590_gt2d_000_track_55_VEHICLE_TRUCK.png,0.9831687211990356,855.0,588.5,2.438109874725342,3.643955707550049,1.6740645170211792,0.9998405575752258,-0.22507692106869148,-0.1107539956741895,2.438109874725342,da3_bbox_median
right_rear,591,1772699969310637000,data\camera\right_rear_camera\1772699969310637000.jpg,-1,1,car,0.372166,1705.0,0.0,1919.0,75.0,1705.0,0.0,1919.0,75.0,unassigned,1,VEHICLE_CAR,preprocessed/masks/right_rear_camera/masks/frame_000591_gt2d_001_track_-1_VEHICLE_CAR.png,0.9739963412284851,1812.0,37.5,15.072071075439453,10.816742897033691,12.226116180419922,0.9992887377738953,11.459119337931138,-8.08207693724083,15.072071075439453,da3_bbox_median
right_rear,591,1772699969310637000,data\camera\right_rear_camera\1772699969310637000.jpg,4000000,4,truck,0.742268,0.0,0.0,1710.0,1181.0,-0.012155581265687943,-0.0003578474570531398,1710.1263427734375,1179.593994140625,matched,0,VEHICLE_TRUCK,preprocessed/masks/right_rear_camera/masks/frame_000591_gt2d_000_track_55_VEHICLE_TRUCK.png,0.9852944612503052,855.0,590.5,2.4424781799316406,3.650454044342041,1.6757944822311401,0.9998272657394409,-0.22548018619481006,-0.10660116264923697,2.4424781799316406,da3_bbox_median
right_rear,592,1772699969410645000,data\camera\right_rear_camera\1772699969410645000.jpg,-1,1,car,0.363911,1704.0,0.0,1919.0,76.0,1704.0,0.0,1919.0,76.0,unassigned,1,VEHICLE_CAR,preprocessed/masks/right_rear_camera/masks/frame_000592_gt2d_001_track_-1_VEHICLE_CAR.png,0.9733358025550842,1811.5,38.0,15.109330177307129,10.834735870361328,12.258936882019043,0.9994072914123535,11.480716442283944,-8.095327028732349,15.109330177307129,da3_bbox_median
right_rear,592,1772699969410645000,data\camera\right_rear_camera\1772699969410645000.jpg,4000000,4,truck,0.748607,0.0,0.0,1709.0,1179.0,-0.012144102714955807,0.008769186213612556,1709.368896484375,1179.369873046875,matched,0,VEHICLE_TRUCK,preprocessed/masks/right_rear_camera/masks/frame_000592_gt2d_000_track_55_VEHICLE_TRUCK.png,0.98081374168396,854.5,589.5,2.4430887699127197,3.655909538269043,1.6739779710769653,0.9998405575752258,-0.22662484419553322,-0.10880398973355683,2.4430887699127197,da3_bbox_median
right_rear,593,1772699969510652000,data\camera\right_rear_camera\1772699969510652000.jpg,-1,1,car,0.377214,1705.0,0.0,1919.0,74.0,1705.0,0.0,1919.0,74.0,unassigned,1,VEHICLE_CAR,preprocessed/masks/right_rear_camera/masks/frame_000593_gt2d_001_track_-1_VEHICLE_CAR.png,0.9754040837287903,1812.0,37.0,15.210844039916992,10.952859878540039,12.29953670501709,0.9992887377738953,11.564626799571094,-8.163265501856499,15.210844039916992,da3_bbox_median
right_rear,593,1772699969510652000,data\camera\right_rear_camera\1772699969510652000.jpg,4000000,4,truck,0.743872,0.0,0.0,1711.0,1178.0,-0.006060546729713678,-0.008126568049192429,1710.4122314453125,1178.5865478515625,matched,0,VEHICLE_TRUCK,preprocessed/masks/right_rear_camera/masks/frame_000593_gt2d_000_track_55_VEHICLE_TRUCK.png,0.9857003092765808,855.5,589.0,2.5065696239471436,3.7391748428344727,1.6771323680877686,0.9998272657394409,-0.2302802929974194,-0.11274749815210909,2.5065696239471436,da3_bbox_median
right_rear,594,1772699969610660000,data\camera\right_rear_camera\1772699969610660000.jpg,-1,1,car,0.375499,1705.0,0.0,1919.0,74.0,1705.0,0.0,1919.0,74.0,unassigned,1,VEHICLE_CAR,preprocessed/masks/right_rear_camera/masks/frame_000594_gt2d_001_track_-1_VEHICLE_CAR.png,0.975381076335907,1812.0,37.0,15.136778831481934,10.856562614440918,12.282492637634277,0.9994072914123535,11.50831588795198,-8.12351662537607,15.136778831481934,da3_bbox_median
right_rear,594,1772699969610660000,data\camera\right_rear_camera\1772699969610660000.jpg,4000000,4,truck,0.747623,0.0,0.0,1711.0,1177.0,-0.009740373119711876,-0.0018158871680498123,1710.802490234375,1177.628662109375,matched,0,VEHICLE_TRUCK,preprocessed/masks/right_rear_camera/masks/frame_000594_gt2d_000_track_55_VEHICLE_TRUCK.png,0.9846718907356262,855.5,588.5,2.452375888824463,3.6641645431518555,1.6832407712936401,0.9998405575752258,-0.2253014768961442,-0.11140204606773461,2.452375888824463,da3_bbox_median
right_rear,595,1772699969710637000,data\camera\right_rear_camera\1772699969710637000.jpg,-1,1,car,0.374756,1705.0,0.0,1919.0,74.0,1705.0,0.0,1919.0,74.0,unassigned,1,VEHICLE_CAR,preprocessed/masks/right_rear_camera/masks/frame_000595_gt2d_001_track_-1_VEHICLE_CAR.png,0.9755319952964783,1812.0,37.0,15.138957977294922,10.867465019226074,12.28416633605957,0.9991702437400818,11.509972667023733,-8.124686116417593,15.138957977294922,da3_bbox_median
right_rear,595,1772699969710637000,data\camera\right_rear_camera\1772699969710637000.jpg,4000000,4,truck,0.743443,0.0,0.0,1711.0,1176.0,0.0009155335137620568,0.001969228032976389,1710.96044921875,1176.5985107421875,matched,0,VEHICLE_TRUCK,preprocessed/masks/right_rear_camera/masks/frame_000595_gt2d_000_track_55_VEHICLE_TRUCK.png,0.9821650981903076,855.5,588.0,2.4506165981292725,3.6654791831970215,1.687286138534546,0.999813973903656,-0.22513984963756514,-0.11241356997155924,2.4506165981292725,da3_bbox_median
right_rear,596,1772699969810644000,data\camera\right_rear_camera\1772699969810644000.jpg,-1,1,car,0.378531,1705.0,0.0,1919.0,74.0,1705.0,0.0,1919.0,74.0,unassigned,1,VEHICLE_CAR,preprocessed/masks/right_rear_camera/masks/frame_000596_gt2d_001_track_-1_VEHICLE_CAR.png,0.9754879474639893,1812.0,37.0,15.141822814941406,10.840057373046875,12.29714298248291,0.9991702437400818,11.512150769575836,-8.126223600482684,15.141822814941406,da3_bbox_median
right_rear,596,1772699969810644000,data\camera\right_rear_camera\1772699969810644000.jpg,4000000,4,truck,0.740648,0.0,0.0,1710.0,1178.0,0.0016143927350640297,-0.0008545843884348869,1710.3533935546875,1177.523681640625,matched,0,VEHICLE_TRUCK,preprocessed/masks/right_rear_camera/masks/frame_000596_gt2d_000_track_55_VEHICLE_TRUCK.png,0.9843710660934448,855.0,589.0,2.4464597702026367,3.6586415767669678,1.683788776397705,0.999813973903656,-0.22584775128629464,-0.1100437090535601,2.4464597702026367,da3_bbox_median
right_rear,597,1772699969910651000,data\camera\right_rear_camera\1772699969910651000.jpg,-1,1,car,0.381112,1705.0,0.0,1919.0,74.0,1705.0,0.0,1919.0,74.0,unassigned,1,VEHICLE_CAR,preprocessed/masks/right_rear_camera/masks/frame_000597_gt2d_001_track_-1_VEHICLE_CAR.png,0.9750682711601257,1812.0,37.0,15.194136619567871,10.855452537536621,12.333710670471191,0.9991702437400818,11.551924343309357,-8.15429906266331,15.194136619567871,da3_bbox_median
right_rear,597,1772699969910651000,data\camera\right_rear_camera\1772699969910651000.jpg,4000000,4,truck,0.744924,0.0,0.0,1710.0,1176.0,-0.004471261519938707,0.005465096794068813,1710.115478515625,1176.5577392578125,matched,0,VEHICLE_TRUCK,preprocessed/masks/right_rear_camera/masks/frame_000597_gt2d_000_track_55_VEHICLE_TRUCK.png,0.9828453660011292,855.0,588.0,2.4495928287506104,3.665951728820801,1.6820064783096313,0.999813973903656,-0.22613698319451012,-0.11236660808826389,2.4495928287506104,da3_bbox_median
