view,frame,timestamp,image,track_id,class_id,class_name,score,x1,y1,x2,y2,filtered_x1,filtered_y1,filtered_x2,filtered_y2,association_status,source_detection_index,raw_label,mask_path,mask_score,cx,cy,depth_median,depth_weighted_mean,depth_iqr,conf_mean,x_cam,y_cam,z_cam,depth_source,depth_source_image_width,depth_source_image_height,depth_source_image_size_source
right_rear,0,1772699910210538000,data\camera\right_rear_camera\1772699910210538000.jpg,-1,2,motorcycle,0.451504,1657.0,618.0,1740.0,677.0,1657.0,618.0,1740.0,677.0,unassigned,3,MOTOR,preprocessed/masks/right_rear_camera/masks/frame_000000_gt2d_003_track_-1_MOTOR.png,0.8372353911399841,1698.5,647.5,19.081985473632812,20.421749114990234,2.1225223541259766,1.0044653415679932,12.57826459249025,0.1360164110799982,19.081985473632812,da3_bbox_median,1920.0,1280.0,image_root
right_rear,0,1772699910210538000,data\camera\right_rear_camera\1772699910210538000.jpg,-1,3,person,0.324638,0.0,495.0,103.0,697.0,0.0,495.0,103.0,697.0,unassigned,4,PEDESTRIAN_NORMAL,preprocessed/masks/right_rear_camera/masks/frame_000000_gt2d_004_track_-1_PEDESTRIAN_NORMAL.png,0.7796964645385742,51.5,596.0,6.98983097076416,7.598606109619141,2.2644529342651367,1.118119716644287,-5.648939166946583,-0.2708248857065491,6.98983097076416,da3_bbox_median,1920.0,1280.0,image_root
right_rear,0,1772699910210538000,data\camera\right_rear_camera\1772699910210538000.jpg,2000000,2,motorcycle,0.643753,1333.0,588.0,1373.0,682.0,1333.0,588.0,1373.0,682.0,matched,1,CYCLIST_MOTOR,preprocessed/masks/right_rear_camera/masks/frame_000000_gt2d_001_track_-1_CYCLIST_MOTOR.png,0.924551248550415,1353.0,635.0,11.946937561035156,12.585125923156738,0.2914314270019531,1.0305384397506714,4.197662763311688,-0.047863702394378635,11.946937561035156,da3_bbox_median,1920.0,1280.0,image_root
right_rear,0,1772699910210538000,data\camera\right_rear_camera\1772699910210538000.jpg,3000000,3,person,0.877983,1643.0,591.0,1673.0,676.0,1643.0,591.0,1673.0,676.0,matched,0,PEDESTRIAN_NORMAL,preprocessed/masks/right_rear_camera/masks/frame_000000_gt2d_000_track_-1_PEDESTRIAN_NORMAL.png,0.8947228789329529,1658.0,633.5,19.122648239135742,22.134037017822266,7.428936004638672,1.0001535415649414,11.91508472925098,-0.10216237474744644,19.122648239135742,da3_bbox_median,1920.0,1280.0,image_root
right_rear,0,1772699910210538000,data\camera\right_rear_camera\1772699910210538000.jpg,3000001,3,person,0.586844,0.0,496.0,53.0,690.0,0.0,496.0,53.0,690.0,matched,2,PEDESTRIAN_NORMAL,preprocessed/masks/right_rear_camera/masks/frame_000000_gt2d_002_track_-1_PEDESTRIAN_NORMAL.png,0.859839141368866,26.5,593.0,6.228002071380615,7.330094814300537,2.0051498413085938,1.155892014503479,-5.171970766991141,-0.2579501553708986,6.228002071380615,da3_bbox_median,1920.0,1280.0,image_root
right_rear,1,1772699910310546000,data\camera\right_rear_camera\1772699910310546000.jpg,-1,3,person,0.361876,1464.0,597.0,1491.0,674.0,1464.0,597.0,1491.0,674.0,unassigned,3,PEDESTRIAN_NORMAL,preprocessed/masks/right_rear_camera/masks/frame_000001_gt2d_003_track_-1_PEDESTRIAN_NORMAL.png,0.8726823925971985,1477.5,635.5,15.06269359588623,16.461301803588867,0.6416521072387695,1.0057464838027954,6.96314667231302,-0.053637997642046915,15.06269359588623,da3_bbox_median,1920.0,1280.0,image_root
right_rear,1,1772699910310546000,data\camera\right_rear_camera\1772699910310546000.jpg,-1,3,person,0.314982,1688.0,603.0,1720.0,679.0,1688.0,603.0,1720.0,679.0,unassigned,4,PEDESTRIAN_NORMAL,preprocessed/masks/right_rear_camera/masks/frame_000001_gt2d_004_track_-1_PEDESTRIAN_NORMAL.png,0.8895735740661621,1704.0,641.0,20.239253997802734,20.92888832092285,0.5235137939453125,1.0022746324539185,13.440273676936227,0.027082845859808354,20.239253997802734,da3_bbox_median,1920.0,1280.0,image_root
right_rear,1,1772699910310546000,data\camera\right_rear_camera\1772699910310546000.jpg,-1,2,motorcycle,0.309912,1662.0,617.0,1745.0,677.0,1662.0,617.0,1745.0,677.0,unassigned,5,MOTOR,preprocessed/masks/right_rear_camera/masks/frame_000001_gt2d_005_track_-1_MOTOR.png,0.8614568710327148,1703.5,647.0,20.239253997802734,21.849573135375977,2.2967262268066406,1.0015121698379517,13.431257962142707,0.13525137791208156,20.239253997802734,da3_bbox_median,1920.0,1280.0,image_root
right_rear,1,1772699910310546000,data\camera\right_rear_camera\1772699910310546000.jpg,2000000,2,motorcycle,0.773453,1321.0,588.0,1374.0,681.0,1324.3204345703125,588.2644653320312,1375.6014404296875,681.3966674804688,matched,1,CYCLIST_MOTOR,preprocessed/masks/right_rear_camera/masks/frame_000001_gt2d_001_track_-1_CYCLIST_MOTOR.png,0.894821286201477,1347.5,634.5,12.931241989135742,13.936808586120605,0.4392271041870117,1.0197125673294067,4.480143461335371,-0.057566421112548685,12.931241989135742,da3_bbox_median,1920.0,1280.0,image_root
right_rear,1,1772699910310546000,data\camera\right_rear_camera\1772699910310546000.jpg,3000000,3,person,0.825942,1654.0,592.0,1684.0,673.0,1654.2791748046875,592.1322021484375,1684.2791748046875,673.6611328125,matched,0,PEDESTRIAN_NORMAL,preprocessed/masks/right_rear_camera/masks/frame_000001_gt2d_000_track_-1_PEDESTRIAN_NORMAL.png,0.8997341394424438,1669.0,632.5,19.883777618408203,23.26854705810547,6.192850112915039,1.0009325742721558,12.584197035554002,-0.12394014215270853,19.883777618408203,da3_bbox_median,1920.0,1280.0,image_root
right_rear,1,1772699910310546000,data\camera\right_rear_camera\1772699910310546000.jpg,3000002,3,person,0.679535,112.0,502.0,213.0,718.0,112.0,502.0,213.0,718.0,tentative,2,PEDESTRIAN_NORMAL,preprocessed/masks/right_rear_camera/masks/frame_000001_gt2d_002_track_-1_PEDESTRIAN_NORMAL.png,0.9155833721160889,162.5,610.0,7.696152210235596,7.932425022125244,1.9065132141113281,1.1290472745895386,-5.458680051094972,-0.20221697134125804,7.696152210235596,da3_bbox_median,1920.0,1280.0,image_root
right_rear,2,1772699910410553000,data\camera\right_rear_camera\1772699910410553000.jpg,2000000,2,motorcycle,0.82448,1324.0,586.0,1378.0,681.0,1326.1513671875,586.6954956054688,1380.141357421875,681.2445068359375,matched,0,CYCLIST_MOTOR,preprocessed/masks/right_rear_camera/masks/frame_000002_gt2d_000_track_-1_CYCLIST_MOTOR.png,0.9091936349868774,1351.0,633.5,13.366861343383789,16.161762237548828,1.1034936904907227,1.1149952411651611,4.67274817145674,-0.07141219566885934,13.366861343383789,da3_bbox_median,1920.0,1280.0,image_root
right_rear,2,1772699910410553000,data\camera\right_rear_camera\1772699910410553000.jpg,3000000,3,person,0.808405,1666.0,592.0,1694.0,672.0,1665.9564208984375,592.263427734375,1694.3973388671875,672.4087524414062,matched,2,PEDESTRIAN_NORMAL,preprocessed/masks/right_rear_camera/masks/frame_000002_gt2d_002_track_-1_PEDESTRIAN_NORMAL.png,0.8668047189712524,1680.0,632.0,20.873994827270508,25.309993743896484,11.874799728393555,1.0056978464126587,13.415459483272938,-0.13940913453232057,20.873994827270508,da3_bbox_median,1920.0,1280.0,image_root
right_rear,2,1772699910410553000,data\camera\right_rear_camera\1772699910410553000.jpg,3000003,3,person,0.812437,252.0,511.0,340.0,718.0,252.0,511.0,340.0,718.0,tentative,1,PEDESTRIAN_NORMAL,preprocessed/masks/right_rear_camera/masks/frame_000002_gt2d_001_track_-1_PEDESTRIAN_NORMAL.png,0.9027960300445557,296.0,614.5,7.38844108581543,8.465723037719727,3.17679500579834,1.3448961973190308,-4.361669668628547,-0.16451624020278802,7.38844108581543,da3_bbox_median,1920.0,1280.0,image_root
right_rear,3,1772699910510561000,data\camera\right_rear_camera\1772699910510561000.jpg,-1,3,person,0.377374,1696.0,597.0,1725.0,670.0,1696.0,597.0,1725.0,670.0,unassigned,3,PEDESTRIAN_NORMAL,preprocessed/masks/right_rear_camera/masks/frame_000003_gt2d_003_track_-1_PEDESTRIAN_NORMAL.png,0.8467167615890503,1710.5,633.5,21.779403686523438,24.311145782470703,3.3266239166259766,1.0389869213104248,14.589163498592526,-0.1163560388380122,21.779403686523438,da3_bbox_median,1920.0,1280.0,image_root
right_rear,3,1772699910510561000,data\camera\right_rear_camera\1772699910510561000.jpg,-1,2,motorcycle,0.329344,1686.0,603.0,1758.0,674.0,1686.0,603.0,1758.0,674.0,unassigned,4,CYCLIST_MOTOR,preprocessed/masks/right_rear_camera/masks/frame_000003_gt2d_004_track_-1_CYCLIST_MOTOR.png,0.8590335845947266,1722.0,638.5,22.112518310546875,25.297149658203125,5.730884552001953,1.0293338298797607,15.038857831292308,-0.019652215314489616,22.112518310546875,da3_bbox_median,1920.0,1280.0,image_root
right_rear,3,1772699910510561000,data\camera\right_rear_camera\1772699910510561000.jpg,2000000,2,motorcycle,0.810667,1327.0,586.0,1381.0,681.0,1328.6019287109375,586.1611938476562,1383.3819580078125,681.1653442382812,matched,0,CYCLIST_MOTOR,preprocessed/masks/right_rear_camera/masks/frame_000003_gt2d_000_track_-1_CYCLIST_MOTOR.png,0.9282939434051514,1354.0,633.5,14.289009094238281,17.392099380493164,1.8085212707519531,1.1479591131210327,5.033300700554629,-0.07633875201802164,14.289009094238281,da3_bbox_median,1920.0,1280.0,image_root
right_rear,3,1772699910510561000,data\camera\right_rear_camera\1772699910510561000.jpg,3000000,3,person,0.792408,1676.0,593.0,1703.0,670.0,1676.616943359375,593.0123291015625,1703.78857421875,670.4802856445312,matched,2,PEDESTRIAN_NORMAL,preprocessed/masks/right_rear_camera/masks/frame_000003_gt2d_002_track_-1_PEDESTRIAN_NORMAL.png,0.8177564144134521,1689.5,631.5,21.756668090820312,26.572641372680664,12.5206298828125,1.0324106216430664,14.166884211911208,-0.15499402089739883,21.756668090820312,da3_bbox_median,1920.0,1280.0,image_root
right_rear,3,1772699910510561000,data\camera\right_rear_camera\1772699910510561000.jpg,3000004,3,person,0.810149,356.0,519.0,451.0,712.0,356.0,519.0,451.0,712.0,tentative,1,PEDESTRIAN_NORMAL,preprocessed/masks/right_rear_camera/masks/frame_000003_gt2d_001_track_-1_PEDESTRIAN_NORMAL.png,0.9094901084899902,403.5,615.5,8.351183891296387,9.619977951049805,4.383988380432129,1.3697757720947266,-4.130192470106861,-0.17851454453819607,8.351183891296387,da3_bbox_median,1920.0,1280.0,image_root
right_rear,4,1772699910610537000,data\camera\right_rear_camera\1772699910610537000.jpg,-1,2,motorcycle,0.313443,1695.0,612.0,1766.0,673.0,1695.0,612.0,1766.0,673.0,unassigned,3,CYCLIST_MOTOR,preprocessed/masks/right_rear_camera/masks/frame_000004_gt2d_003_track_-1_CYCLIST_MOTOR.png,0.8265616297721863,1730.5,642.5,23.12826919555664,26.1411190032959,6.391912460327148,1.0035136938095093,15.904821159417699,0.06185094972925435,23.12826919555664,da3_bbox_median,1920.0,1280.0,image_root
right_rear,4,1772699910610537000,data\camera\right_rear_camera\1772699910610537000.jpg,-1,2,motorcycle,0.304068,0.0,616.0,42.0,780.0,0.0,616.0,42.0,780.0,unassigned,4,MOTOR,preprocessed/masks/right_rear_camera/masks/frame_000004_gt2d_004_track_-1_MOTOR.png,0.9304898381233215,21.0,698.0,6.349276542663574,7.391249656677246,3.1906967163085938,1.6452343463897705,-5.303793337012274,0.3308659375086078,6.349276542663574,da3_bbox_median,1920.0,1280.0,image_root
right_rear,4,1772699910610537000,data\camera\right_rear_camera\1772699910610537000.jpg,-1,3,person,0.302619,1703.0,600.0,1733.0,670.0,1703.0,600.0,1733.0,670.0,unassigned,5,PEDESTRIAN_NORMAL,preprocessed/masks/right_rear_camera/masks/frame_000004_gt2d_005_track_-1_PEDESTRIAN_NORMAL.png,0.8124063611030579,1718.0,635.0,22.651134490966797,25.159530639648438,3.0458202362060547,1.006121039390564,15.324453134405069,-0.09074854159334378,22.651134490966797,da3_bbox_median,1920.0,1280.0,image_root
right_rear,4,1772699910610537000,data\camera\right_rear_camera\1772699910610537000.jpg,2000000,2,motorcycle,0.730031,1334.0,587.0,1383.0,681.0,1332.826171875,586.5770263671875,1384.1917724609375,680.9668579101562,matched,1,CYCLIST_MOTOR,preprocessed/masks/right_rear_camera/masks/frame_000004_gt2d_001_track_-1_CYCLIST_MOTOR.png,0.9132439494132996,1358.5,634.0,14.681046485900879,18.581615447998047,5.600298881530762,1.0645904541015625,5.2302537537510725,-0.07189464277615665,14.681046485900879,da3_bbox_median,1920.0,1280.0,image_root
right_rear,4,1772699910610537000,data\camera\right_rear_camera\1772699910610537000.jpg,3000000,3,person,0.701601,1686.0,593.0,1713.0,670.0,1685.739990234375,593.0579833984375,1712.57470703125,669.7714233398438,matched,2,PEDESTRIAN_NORMAL,preprocessed/masks/right_rear_camera/masks/frame_000004_gt2d_002_track_-1_PEDESTRIAN_NORMAL.png,0.8185162544250488,1699.5,631.5,23.027929306030273,27.43134117126465,11.347696304321289,1.0011842250823975,15.199826680045065,-0.16405045759688777,23.027929306030273,da3_bbox_median,1920.0,1280.0,image_root
right_rear,4,1772699910610537000,data\camera\right_rear_camera\1772699910610537000.jpg,3000005,3,person,0.815045,447.0,529.0,552.0,709.0,447.0,529.0,552.0,709.0,tentative,0,PEDESTRIAN_NORMAL,preprocessed/masks/right_rear_camera/masks/frame_000004_gt2d_000_track_-1_PEDESTRIAN_NORMAL.png,0.9092473387718201,499.5,619.0,11.084056854248047,10.864465713500977,2.739943504333496,1.143639087677002,-4.5337781493145295,-0.20237643709046124,11.084056854248047,da3_bbox_median,1920.0,1280.0,image_root
right_rear,5,1772699910710545000,data\camera\right_rear_camera\1772699910710545000.jpg,-1,3,person,0.461544,1353.0,588.0,1385.0,677.0,1353.0,588.0,1385.0,677.0,unassigned,3,PEDESTRIAN_NORMAL,preprocessed/masks/right_rear_camera/masks/frame_000005_gt2d_003_track_-1_PEDESTRIAN_NORMAL.png,0.8742110729217529,1369.0,632.5,14.972615242004395,16.244510650634766,0.5011167526245117,1.0089880228042603,5.47419046530005,-0.09332774169501067,14.972615242004395,da3_bbox_median,1920.0,1280.0,image_root
right_rear,5,1772699910710545000,data\camera\right_rear_camera\1772699910710545000.jpg,-1,3,person,0.419506,1714.0,601.0,1740.0,672.0,1714.0,601.0,1740.0,672.0,unassigned,4,PEDESTRIAN_NORMAL,preprocessed/masks/right_rear_camera/masks/frame_000005_gt2d_004_track_-1_PEDESTRIAN_NORMAL.png,0.8735148310661316,1727.0,636.5,23.626678466796875,25.13677406311035,0.92913818359375,1.0004924535751343,16.17389400106868,-0.06308877067857654,23.626678466796875,da3_bbox_median,1920.0,1280.0,image_root
right_rear,5,1772699910710545000,data\camera\right_rear_camera\1772699910710545000.jpg,2000001,2,motorcycle,0.644301,0.0,592.0,215.0,766.0,0.0,592.0,215.0,766.0,tentative,2,MOTOR,preprocessed/masks/right_rear_camera/masks/frame_000005_gt2d_002_track_-1_MOTOR.png,0.9451852440834045,107.5,679.0,6.958246231079102,7.569576263427734,0.8125619888305664,1.3984838724136353,-5.276258430965328,0.2448369170954346,6.958246231079102,da3_bbox_median,1920.0,1280.0,image_root
right_rear,5,1772699910710545000,data\camera\right_rear_camera\1772699910710545000.jpg,3000000,3,person,0.757744,1695.0,594.0,1722.0,672.0,1695.08984375,593.797607421875,1721.85595703125,671.0738525390625,matched,1,PEDESTRIAN_NORMAL,preprocessed/masks/right_rear_camera/masks/frame_000005_gt2d_001_track_-1_PEDESTRIAN_NORMAL.png,0.8721822500228882,1708.5,633.0,23.553607940673828,28.37798309326172,15.379898071289062,1.0005619525909424,15.73566448350582,-0.13632486294388715,23.553607940673828,da3_bbox_median,1920.0,1280.0,image_root
right_rear,5,1772699910710545000,data\camera\right_rear_camera\1772699910710545000.jpg,3000006,3,person,0.802313,539.0,538.0,630.0,704.0,539.0,538.0,630.0,704.0,tentative,0,PEDESTRIAN_NORMAL,preprocessed/masks/right_rear_camera/masks/frame_000005_gt2d_000_track_-1_PEDESTRIAN_NORMAL.png,0.9042022228240967,584.5,621.0,12.448793411254883,12.827648162841797,3.7530269622802734,1.006866455078125,-4.149286416511859,-0.2051167635795562,12.448793411254883,da3_bbox_median,1920.0,1280.0,image_root
right_rear,6,1772699910810552000,data\camera\right_rear_camera\1772699910810552000.jpg,-1,0,bicycle,0.450003,0.0,606.0,102.0,765.0,0.0,606.0,102.0,765.0,unassigned,3,BICYCLE,preprocessed/masks/right_rear_camera/masks/frame_000006_gt2d_003_track_-1_BICYCLE.png,0.901318371295929,51.0,685.5,6.8115034103393555,7.103315830230713,1.1014714241027832,1.4264582395553589,-5.507855243332273,0.27911123310389285,6.8115034103393555,da3_bbox_median,1920.0,1280.0,image_root
right_rear,6,1772699910810552000,data\camera\right_rear_camera\1772699910810552000.jpg,-1,1,car,0.389778,1695.0,0.0,1919.0,82.0,1695.0,0.0,1919.0,82.0,unassigned,4,VEHICLE_CAR,preprocessed/masks/right_rear_camera/masks/frame_000006_gt2d_004_track_-1_VEHICLE_CAR.png,0.9575842618942261,1807.0,41.0,11.726921081542969,11.875860214233398,0.8521022796630859,1.1703791618347168,8.863602550467903,-6.251751448250568,11.726921081542969,da3_bbox_median,1920.0,1280.0,image_root
right_rear,6,1772699910810552000,data\camera\right_rear_camera\1772699910810552000.jpg,2000002,2,motorcycle,0.691096,176.0,583.0,355.0,756.0,176.0,583.0,355.0,756.0,tentative,2,MOTOR,preprocessed/masks/right_rear_camera/masks/frame_000006_gt2d_002_track_-1_MOTOR.png,0.953099250793457,265.5,669.5,7.398534774780273,8.005570411682129,1.2975873947143555,1.3883556127548218,-4.568667764045136,0.19772193409278938,7.398534774780273,da3_bbox_median,1920.0,1280.0,image_root
right_rear,6,1772699910810552000,data\camera\right_rear_camera\1772699910810552000.jpg,3000000,3,person,0.780458,1704.0,594.0,1731.0,673.0,1705.099853515625,594.4647216796875,1731.8740234375,672.6912841796875,matched,1,PEDESTRIAN_NORMAL,preprocessed/masks/right_rear_camera/masks/frame_000006_gt2d_001_track_-1_PEDESTRIAN_NORMAL.png,0.8624093532562256,1717.5,633.5,23.921035766601562,27.082233428955078,8.260513305664062,1.000247836112976,16.17293941503212,-0.12779766639921566,23.921035766601562,da3_bbox_median,1920.0,1280.0,image_root
right_rear,6,1772699910810552000,data\camera\right_rear_camera\1772699910810552000.jpg,3000007,3,person,0.799516,626.0,540.0,700.0,701.0,626.0,540.0,700.0,701.0,tentative,0,PEDESTRIAN_NORMAL,preprocessed/masks/right_rear_camera/masks/frame_000006_gt2d_000_track_-1_PEDESTRIAN_NORMAL.png,0.8899966478347778,663.0,620.5,8.512680053710938,9.915410041809082,1.4534902572631836,1.2447798252105713,-2.2419980882061856,-0.14405338711957044,8.512680053710938,da3_bbox_median,1920.0,1280.0,image_root
right_rear,7,1772699910910560000,data\camera\right_rear_camera\1772699910910560000.jpg,-1,0,bicycle,0.497808,130.0,615.0,270.0,745.0,130.0,615.0,270.0,745.0,unassigned,4,BICYCLE,preprocessed/masks/right_rear_camera/masks/frame_000007_gt2d_004_track_-1_BICYCLE.png,0.8732177019119263,200.0,680.0,6.215885162353516,6.608527660369873,0.4538397789001465,1.5339679718017578,-4.201097081168213,0.22425255829287924,6.215885162353516,da3_bbox_median,1920.0,1280.0,image_root
right_rear,7,1772699910910560000,data\camera\right_rear_camera\1772699910910560000.jpg,-1,3,person,0.333622,1729.0,601.0,1755.0,669.0,1729.0,601.0,1755.0,669.0,unassigned,5,PEDESTRIAN_NORMAL,preprocessed/masks/right_rear_camera/masks/frame_000007_gt2d_005_track_-1_PEDESTRIAN_NORMAL.png,0.7632508277893066,1742.0,635.0,22.387752532958984,24.614986419677734,2.390838623046875,1.000479817390442,15.624957424735374,-0.08969333932165446,22.387752532958984,da3_bbox_median,1920.0,1280.0,image_root
right_rear,7,1772699910910560000,data\camera\right_rear_camera\1772699910910560000.jpg,2000000,2,motorcycle,0.702033,1340.0,585.0,1391.0,678.0,1340.6971435546875,585.2725830078125,1391.8402099609375,678.438232421875,matched,2,CYCLIST_MOTOR,preprocessed/masks/right_rear_camera/masks/frame_000007_gt2d_002_track_-1_CYCLIST_MOTOR.png,0.8914296627044678,1365.5,631.5,13.709081649780273,17.933631896972656,6.0240278244018555,1.0871063470840454,4.969477876705043,-0.09766319359381632,13.709081649780273,da3_bbox_median,1920.0,1280.0,image_root
right_rear,7,1772699910910560000,data\camera\right_rear_camera\1772699910910560000.jpg,2000003,2,motorcycle,0.602217,336.0,588.0,484.0,744.0,336.0,588.0,484.0,744.0,tentative,3,MOTOR,preprocessed/masks/right_rear_camera/masks/frame_000007_gt2d_003_track_-1_MOTOR.png,0.94157874584198,410.0,666.0,6.86181640625,8.365615844726562,3.421619415283203,1.538234829902649,-3.3538690017566104,0.1619858806335358,6.86181640625,da3_bbox_median,1920.0,1280.0,image_root
right_rear,7,1772699910910560000,data\camera\right_rear_camera\1772699910910560000.jpg,3000000,3,person,0.760077,1712.0,597.0,1737.0,669.0,1712.568115234375,596.42822265625,1737.97314453125,670.1921997070312,matched,1,PEDESTRIAN_NORMAL,preprocessed/masks/right_rear_camera/masks/frame_000007_gt2d_001_track_-1_PEDESTRIAN_NORMAL.png,0.8668229579925537,1724.5,633.0,22.007953643798828,26.768123626708984,13.286746978759766,1.0006916522979736,15.016760738210898,-0.12737884029161034,22.007953643798828,da3_bbox_median,1920.0,1280.0,image_root
right_rear,7,1772699910910560000,data\camera\right_rear_camera\1772699910910560000.jpg,3000008,3,person,0.838708,705.0,541.0,766.0,697.0,705.0,541.0,766.0,697.0,tentative,0,PEDESTRIAN_NORMAL,preprocessed/masks/right_rear_camera/masks/frame_000007_gt2d_000_track_-1_PEDESTRIAN_NORMAL.png,0.9211641550064087,735.5,619.0,8.118406295776367,10.294903755187988,6.26032018661499,1.2036852836608887,-1.6137795986619394,-0.1482285919854614,8.118406295776367,da3_bbox_median,1920.0,1280.0,image_root
right_rear,8,1772699911010523000,data\camera\right_rear_camera\1772699911010523000.jpg,-1,3,person,0.379255,1735.0,603.0,1766.0,673.0,1735.0,603.0,1766.0,673.0,unassigned,5,PEDESTRIAN_NORMAL,preprocessed/masks/right_rear_camera/masks/frame_000008_gt2d_005_track_-1_PEDESTRIAN_NORMAL.png,0.8084702491760254,1750.5,638.0,21.63482666015625,22.900163650512695,1.5111446380615234,1.002077341079712,15.263307629283421,-0.028863269611616085,21.63482666015625,da3_bbox_median,1920.0,1280.0,image_root
right_rear,8,1772699911010523000,data\camera\right_rear_camera\1772699911010523000.jpg,-1,3,person,0.307795,1591.0,595.0,1615.0,666.0,1591.0,595.0,1615.0,666.0,unassigned,6,PEDESTRIAN_NORMAL,preprocessed/masks/right_rear_camera/masks/frame_000008_gt2d_006_track_-1_PEDESTRIAN_NORMAL.png,0.750059187412262,1603.0,630.5,16.77452278137207,20.156660079956055,4.243408203125,1.0851693153381348,9.630040995461991,-0.13444321215732158,16.77452278137207,da3_bbox_median,1920.0,1280.0,image_root
right_rear,8,1772699911010523000,data\camera\right_rear_camera\1772699911010523000.jpg,0,0,bicycle,0.533257,283.0,609.0,415.0,743.0,283.0,609.0,415.0,743.0,tentative,4,BICYCLE,preprocessed/masks/right_rear_camera/masks/frame_000008_gt2d_004_track_-1_BICYCLE.png,0.8508068323135376,349.0,676.0,6.330613613128662,6.6724958419799805,1.0069260597229004,1.9015194177627563,-3.438273413774295,0.20583571206138268,6.330613613128662,da3_bbox_median,1920.0,1280.0,image_root
right_rear,8,1772699911010523000,data\camera\right_rear_camera\1772699911010523000.jpg,2000000,2,motorcycle,0.765944,1341.0,583.0,1394.0,679.0,1341.390380859375,583.5991821289062,1393.800537109375,678.7139282226562,matched,0,CYCLIST_MOTOR,preprocessed/masks/right_rear_camera/masks/frame_000008_gt2d_000_track_-1_CYCLIST_MOTOR.png,0.8843927383422852,1367.5,631.0,13.051312446594238,16.581470489501953,6.54172420501709,1.1382607221603394,4.754294809238188,-0.09878998001262923,13.051312446594238,da3_bbox_median,1920.0,1280.0,image_root
right_rear,8,1772699911010523000,data\camera\right_rear_camera\1772699911010523000.jpg,2000004,2,motorcycle,0.573423,471.0,591.0,598.0,738.0,471.0,591.0,598.0,738.0,tentative,3,MOTOR,preprocessed/masks/right_rear_camera/masks/frame_000008_gt2d_003_track_-1_MOTOR.png,0.9289761781692505,534.5,664.5,6.956319808959961,7.59198522567749,1.1313114166259766,1.623937726020813,-2.6284733149378763,0.15492230944768426,6.956319808959961,da3_bbox_median,1920.0,1280.0,image_root
right_rear,8,1772699911010523000,data\camera\right_rear_camera\1772699911010523000.jpg,3000000,3,person,0.688796,1721.0,598.0,1747.0,671.0,1720.7535400390625,597.7769165039062,1746.4000244140625,670.6401977539062,matched,2,PEDESTRIAN_NORMAL,preprocessed/masks/right_rear_camera/masks/frame_000008_gt2d_002_track_-1_PEDESTRIAN_NORMAL.png,0.8419677019119263,1734.0,634.5,20.950328826904297,24.394094467163086,9.402425765991211,1.002882719039917,14.472424945070975,-0.09326524495552697,20.950328826904297,da3_bbox_median,1920.0,1280.0,image_root
right_rear,8,1772699911010523000,data\camera\right_rear_camera\1772699911010523000.jpg,3000009,3,person,0.762057,771.0,548.0,819.0,693.0,771.0,548.0,819.0,693.0,tentative,1,PEDESTRIAN_NORMAL,preprocessed/masks/right_rear_camera/masks/frame_000008_gt2d_001_track_-1_PEDESTRIAN_NORMAL.png,0.8710241317749023,795.0,620.5,10.561290740966797,11.679473876953125,6.836265563964844,1.0706133842468262,-1.539529663779152,-0.1787204140166885,10.561290740966797,da3_bbox_median,1920.0,1280.0,image_root
right_rear,9,1772699911110653000,data\camera\right_rear_camera\1772699911110653000.jpg,-1,1,car,0.440238,0.0,617.0,75.0,763.0,0.0,617.0,75.0,763.0,unassigned,4,VEHICLE_CAR,preprocessed/masks/right_rear_camera/masks/frame_000009_gt2d_004_track_-1_VEHICLE_CAR.png,0.9517650008201599,37.5,690.0,5.807600975036621,6.652364253997803,1.2488598823547363,2.06172513961792,-4.765938854588895,0.26125388246453674,5.807600975036621,da3_bbox_median,1920.0,1280.0,image_root
right_rear,9,1772699911110653000,data\camera\right_rear_camera\1772699911110653000.jpg,-1,0,bicycle,0.400472,391.0,616.0,540.0,733.0,391.0,616.0,540.0,733.0,unassigned,5,BICYCLE,preprocessed/masks/right_rear_camera/masks/frame_000009_gt2d_005_track_-1_BICYCLE.png,0.7985751032829285,465.5,674.5,7.923159599304199,8.669140815734863,2.951085090637207,1.5094512701034546,-3.48085837789477,0.24702997499391494,7.923159599304199,da3_bbox_median,1920.0,1280.0,image_root
right_rear,9,1772699911110653000,data\camera\right_rear_camera\1772699911110653000.jpg,2000000,2,motorcycle,0.564114,1348.0,584.0,1394.0,677.0,1346.81591796875,583.9488525390625,1394.9329833984375,677.6718139648438,matched,3,CYCLIST_MOTOR,preprocessed/masks/right_rear_camera/masks/frame_000009_gt2d_003_track_-1_CYCLIST_MOTOR.png,0.8833678960800171,1371.0,630.5,13.613544464111328,15.889123916625977,1.9284257888793945,1.0875585079193115,5.001552810842673,-0.10910883549153017,13.613544464111328,da3_bbox_median,1920.0,1280.0,image_root
right_rear,9,1772699911110653000,data\camera\right_rear_camera\1772699911110653000.jpg,2000005,2,motorcycle,0.564722,589.0,595.0,691.0,729.0,589.0,595.0,691.0,729.0,tentative,2,MOTOR,preprocessed/masks/right_rear_camera/masks/frame_000009_gt2d_002_track_-1_MOTOR.png,0.9378300905227661,640.0,662.0,7.87608528137207,8.905192375183105,1.640916347503662,1.5214325189590454,-2.235726100971049,0.157867125202186,7.87608528137207,da3_bbox_median,1920.0,1280.0,image_root
right_rear,9,1772699911110653000,data\camera\right_rear_camera\1772699911110653000.jpg,3000000,3,person,0.727334,1729.0,597.0,1755.0,670.0,1729.2974853515625,597.7310180664062,1755.0423583984375,670.325927734375,matched,1,PEDESTRIAN_NORMAL,preprocessed/masks/right_rear_camera/masks/frame_000009_gt2d_001_track_-1_PEDESTRIAN_NORMAL.png,0.8443347215652466,1742.0,633.5,22.929649353027344,25.930707931518555,5.458250045776367,1.0006208419799805,16.00316040557065,-0.12250120384672175,22.929649353027344,da3_bbox_median,1920.0,1280.0,image_root
right_rear,9,1772699911110653000,data\camera\right_rear_camera\1772699911110653000.jpg,3000010,3,person,0.823975,824.0,553.0,878.0,692.0,824.0,553.0,878.0,692.0,tentative,0,PEDESTRIAN_NORMAL,preprocessed/masks/right_rear_camera/masks/frame_000009_gt2d_000_track_-1_PEDESTRIAN_NORMAL.png,0.89888596534729,851.0,622.5,12.88132095336914,13.098281860351562,3.662525177001953,1.0316262245178223,-1.2350585628871025,-0.19503242086095585,12.88132095336914,da3_bbox_median,1920.0,1280.0,image_root
right_rear,10,1772699911210630000,data\camera\right_rear_camera\1772699911210630000.jpg,-1,0,bicycle,0.443986,502.0,612.0,644.0,728.0,502.0,612.0,644.0,728.0,unassigned,5,BICYCLE,preprocessed/masks/right_rear_camera/masks/frame_000010_gt2d_005_track_-1_BICYCLE.png,0.6925404071807861,573.0,670.0,8.17403793334961,9.151487350463867,2.3768153190612793,1.538840889930725,-2.808222021893475,0.22208735312778338,8.17403793334961,da3_bbox_median,1920.0,1280.0,image_root
right_rear,10,1772699911210630000,data\camera\right_rear_camera\1772699911210630000.jpg,-1,1,car,0.336973,1691.0,0.0,1919.0,91.0,1691.0,0.0,1919.0,91.0,unassigned,6,VEHICLE_CAR,preprocessed/masks/right_rear_camera/masks/frame_000010_gt2d_006_track_-1_VEHICLE_CAR.png,0.916557788848877,1805.0,45.5,13.787347793579102,13.885401725769043,0.46254825592041016,1.1726654767990112,10.396375890720686,-7.294922959842569,13.787347793579102,da3_bbox_median,1920.0,1280.0,image_root
right_rear,10,1772699911210630000,data\camera\right_rear_camera\1772699911210630000.jpg,2000000,2,motorcycle,0.648951,1345.0,584.0,1396.0,681.0,1346.1446533203125,583.8191528320312,1396.0950927734375,679.7223510742188,matched,3,CYCLIST_MOTOR,preprocessed/masks/right_rear_camera/masks/frame_000010_gt2d_003_track_-1_CYCLIST_MOTOR.png,0.8507502675056458,1370.5,632.5,14.146772384643555,16.570606231689453,4.146296501159668,1.0568615198135376,5.191156487559839,-0.08818007392777803,14.146772384643555,da3_bbox_median,1920.0,1280.0,image_root
right_rear,10,1772699911210630000,data\camera\right_rear_camera\1772699911210630000.jpg,2000006,2,motorcycle,0.654494,1.0,575.0,236.0,763.0,1.0,575.0,236.0,763.0,tentative,2,MOTOR,preprocessed/masks/right_rear_camera/masks/frame_000010_gt2d_002_track_-1_MOTOR.png,0.9602034091949463,118.5,669.0,6.568399906158447,7.116957187652588,0.38849782943725586,1.9872632026672363,-4.916277374570942,0.17261162143443798,6.568399906158447,da3_bbox_median,1920.0,1280.0,image_root
right_rear,10,1772699911210630000,data\camera\right_rear_camera\1772699911210630000.jpg,3000000,3,person,0.710882,1737.0,598.0,1761.0,666.0,1736.9957275390625,598.091796875,1761.4359130859375,667.224609375,matched,1,PEDESTRIAN_NORMAL,preprocessed/masks/right_rear_camera/masks/frame_000010_gt2d_001_track_-1_PEDESTRIAN_NORMAL.png,0.7960284352302551,1749.0,632.0,24.036056518554688,28.229339599609375,13.092437744140625,1.000220775604248,16.925247269033093,-0.16052729075337274,24.036056518554688,da3_bbox_median,1920.0,1280.0,image_root
right_rear,10,1772699911210630000,data\camera\right_rear_camera\1772699911210630000.jpg,3000011,3,person,0.833551,876.0,558.0,931.0,690.0,876.0,558.0,931.0,690.0,tentative,0,PEDESTRIAN_NORMAL,preprocessed/masks/right_rear_camera/masks/frame_000010_gt2d_000_track_-1_PEDESTRIAN_NORMAL.png,0.8806051015853882,903.5,624.0,12.026403427124023,12.787713050842285,3.63826847076416,1.0274134874343872,-0.5905786092701121,-0.16601960311439076,12.026403427124023,da3_bbox_median,1920.0,1280.0,image_root
right_rear,10,1772699911210630000,data\camera\right_rear_camera\1772699911210630000.jpg,3000012,3,person,0.518169,692.0,594.0,775.0,722.0,692.0,594.0,775.0,722.0,tentative,4,PEDESTRIAN_NORMAL,preprocessed/masks/right_rear_camera/masks/frame_000010_gt2d_004_track_-1_PEDESTRIAN_NORMAL.png,0.9256569147109985,733.5,658.0,8.889071464538574,9.855220794677734,2.027663230895996,1.331782579421997,-1.7828114781569253,0.14649956065124733,8.889071464538574,da3_bbox_median,1920.0,1280.0,image_root
right_rear,11,1772699911310637000,data\camera\right_rear_camera\1772699911310637000.jpg,-1,3,person,0.469461,226.0,579.0,373.0,741.0,226.0,579.0,373.0,741.0,unassigned,4,PEDESTRIAN_NORMAL,preprocessed/masks/right_rear_camera/masks/frame_000011_gt2d_004_track_-1_PEDESTRIAN_NORMAL.png,0.9368854761123657,299.5,660.0,7.0978288650512695,7.955140113830566,1.673363208770752,1.7154083251953125,-4.1679781042585775,0.12962310176208328,7.0978288650512695,da3_bbox_median,1920.0,1280.0,image_root
right_rear,11,1772699911310637000,data\camera\right_rear_camera\1772699911310637000.jpg,-1,0,bicycle,0.417209,501.0,595.0,704.0,727.0,501.0,595.0,704.0,727.0,unassigned,5,BICYCLE,preprocessed/masks/right_rear_camera/masks/frame_000011_gt2d_005_track_-1_BICYCLE.png,0.7674039006233215,602.5,661.0,7.786928176879883,8.180009841918945,0.6892938613891602,1.800743579864502,-2.4705732834318694,0.14914387701718065,7.786928176879883,da3_bbox_median,1920.0,1280.0,image_root
right_rear,11,1772699911310637000,data\camera\right_rear_camera\1772699911310637000.jpg,-1,0,bicycle,0.339594,118.0,669.0,286.0,747.0,118.0,669.0,286.0,747.0,unassigned,6,BICYCLE,preprocessed/masks/right_rear_camera/masks/frame_000011_gt2d_006_track_-1_BICYCLE.png,0.8396940231323242,202.0,708.0,6.285913944244385,6.41189432144165,0.6307282447814941,2.266028881072998,-4.237226645412413,0.38355575639248024,6.285913944244385,da3_bbox_median,1920.0,1280.0,image_root
right_rear,11,1772699911310637000,data\camera\right_rear_camera\1772699911310637000.jpg,-1,3,person,0.325051,1887.0,589.0,1903.0,636.0,1887.0,589.0,1903.0,636.0,unassigned,7,PEDESTRIAN_NORMAL,preprocessed/masks/right_rear_camera/masks/frame_000011_gt2d_007_track_-1_PEDESTRIAN_NORMAL.png,0.8500065803527832,1895.0,612.5,46.090065002441406,45.31596374511719,1.7120246887207031,1.0,38.44990591056318,-1.1083832227941035,46.090065002441406,da3_bbox_median,1920.0,1280.0,image_root
right_rear,11,1772699911310637000,data\camera\right_rear_camera\1772699911310637000.jpg,-1,0,bicycle,0.323834,601.0,613.0,704.0,721.0,601.0,613.0,704.0,721.0,unassigned,8,BICYCLE,preprocessed/masks/right_rear_camera/masks/frame_000011_gt2d_008_track_-1_BICYCLE.png,0.8726712465286255,652.5,667.0,8.132739067077637,8.133644104003906,0.6522293090820312,1.7589329481124878,-2.218010900877878,0.19923258964778576,8.132739067077637,da3_bbox_median,1920.0,1280.0,image_root
right_rear,11,1772699911310637000,data\camera\right_rear_camera\1772699911310637000.jpg,-1,1,car,0.316521,1705.0,0.0,1919.0,78.0,1705.0,0.0,1919.0,78.0,unassigned,9,VEHICLE_CAR,preprocessed/masks/right_rear_camera/masks/frame_000011_gt2d_009_track_-1_VEHICLE_CAR.png,0.9596081376075745,1812.0,39.0,13.569499969482422,15.348020553588867,0.4511299133300781,1.1296513080596924,10.316732101916411,-7.258224679406109,13.569499969482422,da3_bbox_median,1920.0,1280.0,image_root
right_rear,11,1772699911310637000,data\camera\right_rear_camera\1772699911310637000.jpg,2000000,2,motorcycle,0.732287,1346.0,585.0,1403.0,678.0,1346.2608642578125,584.27734375,1400.840576171875,678.3216552734375,matched,2,CYCLIST_MOTOR,preprocessed/masks/right_rear_camera/masks/frame_000011_gt2d_002_track_-1_CYCLIST_MOTOR.png,0.8890525698661804,1374.5,631.5,14.01034927368164,16.761905670166016,5.044445037841797,1.0433375835418701,5.1910240937912695,-0.09980941746411473,14.01034927368164,da3_bbox_median,1920.0,1280.0,image_root
right_rear,11,1772699911310637000,data\camera\right_rear_camera\1772699911310637000.jpg,2000007,2,motorcycle,0.678816,778.0,599.0,856.0,719.0,778.0,599.0,856.0,719.0,tentative,3,MOTOR,preprocessed/masks/right_rear_camera/masks/frame_000011_gt2d_003_track_-1_MOTOR.png,0.8992679715156555,817.0,659.0,9.006101608276367,9.434950828552246,0.4512805938720703,1.4387508630752563,-1.1363077115847946,0.15645049137883732,9.006101608276367,da3_bbox_median,1920.0,1280.0,image_root
right_rear,11,1772699911310637000,data\camera\right_rear_camera\1772699911310637000.jpg,3000000,3,person,0.768212,1743.0,599.0,1767.0,667.0,1743.2347412109375,598.7241821289062,1767.214111328125,666.6454467773438,matched,1,PEDESTRIAN_NORMAL,preprocessed/masks/right_rear_camera/masks/frame_000011_gt2d_001_track_-1_PEDESTRIAN_NORMAL.png,0.8590044975280762,1755.0,633.0,23.473703384399414,26.96211814880371,5.5604400634765625,1.0003219842910767,16.654738541747093,-0.1358623869737454,23.473703384399414,da3_bbox_median,1920.0,1280.0,image_root
right_rear,11,1772699911310637000,data\camera\right_rear_camera\1772699911310637000.jpg,3000013,3,person,0.823173,932.0,559.0,981.0,688.0,932.0,559.0,981.0,688.0,tentative,0,PEDESTRIAN_NORMAL,preprocessed/masks/right_rear_camera/masks/frame_000011_gt2d_000_track_-1_PEDESTRIAN_NORMAL.png,0.879949688911438,956.5,623.5,13.118267059326172,13.810032844543457,2.5239038467407227,1.0037410259246826,-0.024772621152430386,-0.18693487553542262,13.118267059326172,da3_bbox_median,1920.0,1280.0,image_root
right_rear,12,1772699911410645000,data\camera\right_rear_camera\1772699911410645000.jpg,-1,2,motorcycle,0.445934,272.0,587.0,495.0,744.0,272.0,587.0,495.0,744.0,unassigned,4,MOTOR,preprocessed/masks/right_rear_camera/masks/frame_000012_gt2d_004_track_-1_MOTOR.png,0.9180199503898621,383.5,665.5,7.69516658782959,7.704694747924805,0.6720824241638184,1.812272071838379,-3.942864713852531,0.17823142486263907,7.69516658782959,da3_bbox_median,1920.0,1280.0,image_root
right_rear,12,1772699911410645000,data\camera\right_rear_camera\1772699911410645000.jpg,-1,2,motorcycle,0.392055,369.0,588.0,497.0,738.0,369.0,588.0,497.0,738.0,unassigned,5,MOTOR,preprocessed/masks/right_rear_camera/masks/frame_000012_gt2d_005_track_-1_MOTOR.png,0.9403330087661743,433.0,663.0,7.839201927185059,8.141626358032227,0.3970193862915039,1.647658348083496,-3.6709552154255856,0.16411059926138133,7.839201927185059,da3_bbox_median,1920.0,1280.0,image_root
right_rear,12,1772699911410645000,data\camera\right_rear_camera\1772699911410645000.jpg,-1,0,bicycle,0.390147,648.0,608.0,820.0,727.0,648.0,608.0,820.0,727.0,unassigned,6,BICYCLE,preprocessed/masks/right_rear_camera/masks/frame_000012_gt2d_006_track_-1_BICYCLE.png,0.8567137718200684,734.0,667.5,8.53199577331543,8.865966796875,0.958165168762207,1.8942152261734009,-1.7073949658746266,0.21281335275124194,8.53199577331543,da3_bbox_median,1920.0,1280.0,image_root
right_rear,12,1772699911410645000,data\camera\right_rear_camera\1772699911410645000.jpg,-1,2,motorcycle,0.388273,604.0,588.0,710.0,725.0,604.0,588.0,710.0,725.0,unassigned,7,MOTOR,preprocessed/masks/right_rear_camera/masks/frame_000012_gt2d_007_track_-1_MOTOR.png,0.8819611072540283,657.0,656.5,8.341767311096191,10.892926216125488,0.13566207885742188,1.998788595199585,-2.241575298245516,0.12633388912785956,8.341767311096191,da3_bbox_median,1920.0,1280.0,image_root
right_rear,12,1772699911410645000,data\camera\right_rear_camera\1772699911410645000.jpg,-1,2,motorcycle,0.370671,0.0,530.0,110.0,775.0,0.0,530.0,110.0,775.0,unassigned,8,CYCLIST_MOTOR,preprocessed/masks/right_rear_camera/masks/frame_000012_gt2d_008_track_-1_CYCLIST_MOTOR.png,0.9260704517364502,55.0,652.5,6.705526351928711,7.621326446533203,0.706474781036377,1.7057771682739258,-5.398264866621489,0.07766169193671407,6.705526351928711,da3_bbox_median,1920.0,1280.0,image_root
right_rear,12,1772699911410645000,data\camera\right_rear_camera\1772699911410645000.jpg,2000000,2,motorcycle,0.715528,1348.0,584.0,1401.0,678.0,1348.675048828125,584.4470825195312,1402.3900146484375,678.4425659179688,matched,2,CYCLIST_MOTOR,preprocessed/masks/right_rear_camera/masks/frame_000012_gt2d_002_track_-1_CYCLIST_MOTOR.png,0.9028120636940002,1374.5,631.0,14.807611465454102,16.87980079650879,3.0549850463867188,1.0881314277648926,5.486420530076697,-0.11208402577847423,14.807611465454102,da3_bbox_median,1920.0,1280.0,image_root
right_rear,12,1772699911410645000,data\camera\right_rear_camera\1772699911410645000.jpg,2000008,2,motorcycle,0.683664,857.0,601.0,927.0,714.0,857.0,601.0,927.0,714.0,tentative,3,MOTOR,preprocessed/masks/right_rear_camera/masks/frame_000012_gt2d_003_track_-1_MOTOR.png,0.9167040586471558,892.0,657.5,9.917865753173828,10.088985443115234,0.5215463638305664,1.4313298463821411,-0.5886485711843683,0.15903781452294752,9.917865753173828,da3_bbox_median,1920.0,1280.0,image_root
right_rear,12,1772699911410645000,data\camera\right_rear_camera\1772699911410645000.jpg,3000000,3,person,0.762978,1750.0,598.0,1775.0,667.0,1750.9439697265625,598.85009765625,1775.4644775390625,667.0808715820312,matched,1,PEDESTRIAN_NORMAL,preprocessed/masks/right_rear_camera/masks/frame_000012_gt2d_001_track_-1_PEDESTRIAN_NORMAL.png,0.7592917680740356,1762.5,632.5,24.082443237304688,27.85936164855957,5.974117279052734,1.0018445253372192,17.2475586011379,-0.1501113870561898,24.082443237304688,da3_bbox_median,1920.0,1280.0,image_root
right_rear,12,1772699911410645000,data\camera\right_rear_camera\1772699911410645000.jpg,3000014,3,person,0.796518,977.0,561.0,1020.0,685.0,977.0,561.0,1020.0,685.0,tentative,0,PEDESTRIAN_NORMAL,preprocessed/masks/right_rear_camera/masks/frame_000012_gt2d_000_track_-1_PEDESTRIAN_NORMAL.png,0.9298977851867676,998.5,623.0,11.679414749145508,13.105578422546387,2.344797134399414,1.0522838830947876,0.41496926484018887,-0.1716329888901764,11.679414749145508,da3_bbox_median,1920.0,1280.0,image_root
right_rear,13,1772699911510652000,data\camera\right_rear_camera\1772699911510652000.jpg,-1,0,bicycle,0.424782,6.0,575.0,135.0,754.0,6.0,575.0,135.0,754.0,unassigned,6,BICYCLE,preprocessed/masks/right_rear_camera/masks/frame_000013_gt2d_006_track_-1_BICYCLE.png,0.8041388392448425,70.5,664.5,6.28262186050415,6.438992023468018,0.32696104049682617,2.0477521419525146,-4.971049062155948,0.13991856538311317,6.28262186050415,da3_bbox_median,1920.0,1280.0,image_root
right_rear,13,1772699911510652000,data\camera\right_rear_camera\1772699911510652000.jpg,-1,3,person,0.422968,379.0,549.0,496.0,734.0,379.0,549.0,496.0,734.0,unassigned,7,PEDESTRIAN_NORMAL,preprocessed/masks/right_rear_camera/masks/frame_000013_gt2d_007_track_-1_PEDESTRIAN_NORMAL.png,0.9264440536499023,437.5,641.5,6.867956638336182,7.800962448120117,0.5423789024353027,2.0468780994415283,-3.1886043632301475,0.01224906198035321,6.867956638336182,da3_bbox_median,1920.0,1280.0,image_root
right_rear,13,1772699911510652000,data\camera\right_rear_camera\1772699911510652000.jpg,-1,3,person,0.34321,1611.0,595.0,1640.0,665.0,1611.0,595.0,1640.0,665.0,unassigned,8,PEDESTRIAN_NORMAL,preprocessed/masks/right_rear_camera/masks/frame_000013_gt2d_008_track_-1_PEDESTRIAN_NORMAL.png,0.6718790531158447,1625.5,630.0,21.01947784423828,23.113100051879883,7.116151809692383,1.104508399963379,12.48836310251279,-0.1778269019810983,21.01947784423828,da3_bbox_median,1920.0,1280.0,image_root
right_rear,13,1772699911510652000,data\camera\right_rear_camera\1772699911510652000.jpg,-1,0,bicycle,0.32767,744.0,614.0,891.0,718.0,744.0,614.0,891.0,718.0,unassigned,9,BICYCLE,preprocessed/masks/right_rear_camera/masks/frame_000013_gt2d_009_track_-1_BICYCLE.png,0.9088282585144043,817.5,666.0,8.736495018005371,8.857731819152832,0.7160282135009766,2.1526410579681396,-1.0983994806942021,0.20624114015249537,8.736495018005371,da3_bbox_median,1920.0,1280.0,image_root
right_rear,13,1772699911510652000,data\camera\right_rear_camera\1772699911510652000.jpg,-1,2,motorcycle,0.310141,431.0,583.0,599.0,733.0,431.0,583.0,599.0,733.0,unassigned,10,MOTOR,preprocessed/masks/right_rear_camera/masks/frame_000013_gt2d_010_track_-1_MOTOR.png,0.9196450710296631,515.0,658.0,7.593813419342041,7.767108917236328,0.6683473587036133,1.9886603355407715,-3.0012787689186307,0.12515259147586388,7.593813419342041,da3_bbox_median,1920.0,1280.0,image_root
right_rear,13,1772699911510652000,data\camera\right_rear_camera\1772699911510652000.jpg,2000000,2,motorcycle,0.593767,1359.0,585.0,1399.0,675.0,1356.6661376953125,585.0738525390625,1401.3970947265625,676.3855590820312,matched,4,CYCLIST_MOTOR,preprocessed/masks/right_rear_camera/masks/frame_000013_gt2d_004_track_-1_CYCLIST_MOTOR.png,0.9097880721092224,1379.0,630.0,13.891167640686035,15.676352500915527,1.196629524230957,1.1560028791427612,5.202556930021116,-0.11752067890308708,13.891167640686035,da3_bbox_median,1920.0,1280.0,image_root
right_rear,13,1772699911510652000,data\camera\right_rear_camera\1772699911510652000.jpg,2000009,2,motorcycle,0.6494,926.0,602.0,993.0,709.0,926.0,602.0,993.0,709.0,tentative,2,MOTOR,preprocessed/masks/right_rear_camera/masks/frame_000013_gt2d_002_track_-1_MOTOR.png,0.8781158924102783,959.5,655.5,9.720026969909668,9.877113342285156,0.45541858673095703,1.4156944751739502,0.0076237545213968866,0.1385491708598773,9.720026969909668,da3_bbox_median,1920.0,1280.0,image_root
right_rear,13,1772699911510652000,data\camera\right_rear_camera\1772699911510652000.jpg,2000010,2,motorcycle,0.60098,498.0,589.0,602.0,730.0,498.0,589.0,602.0,730.0,tentative,3,MOTOR,preprocessed/masks/right_rear_camera/masks/frame_000013_gt2d_003_track_-1_MOTOR.png,0.9347639679908752,550.0,659.5,7.7512922286987305,8.510340690612793,0.8200497627258301,1.8003910779953003,-2.821817971036698,0.13810465793013485,7.7512922286987305,da3_bbox_median,1920.0,1280.0,image_root
right_rear,13,1772699911510652000,data\camera\right_rear_camera\1772699911510652000.jpg,2000011,2,motorcycle,0.524786,692.0,613.0,793.0,718.0,692.0,613.0,793.0,718.0,tentative,5,MOTOR,preprocessed/masks/right_rear_camera/masks/frame_000013_gt2d_005_track_-1_MOTOR.png,0.9163780212402344,742.5,665.5,8.492856979370117,9.682382583618164,0.1490316390991211,2.226392984390259,-1.6352482133155264,0.19670711261556717,8.492856979370117,da3_bbox_median,1920.0,1280.0,image_root
right_rear,13,1772699911510652000,data\camera\right_rear_camera\1772699911510652000.jpg,3000000,3,person,0.725884,1758.0,600.0,1782.0,666.0,1758.769775390625,600.1187744140625,1782.8248291015625,666.477294921875,matched,1,PEDESTRIAN_NORMAL,preprocessed/masks/right_rear_camera/masks/frame_000013_gt2d_001_track_-1_PEDESTRIAN_NORMAL.png,0.7365953922271729,1770.0,633.0,22.42373275756836,26.519363403320312,9.126396179199219,1.013872742652893,16.209442028020998,-0.12978530943393152,22.42373275756836,da3_bbox_median,1920.0,1280.0,image_root
right_rear,13,1772699911510652000,data\camera\right_rear_camera\1772699911510652000.jpg,3000015,3,person,0.832743,1019.0,562.0,1062.0,685.0,1019.0,562.0,1062.0,685.0,tentative,0,PEDESTRIAN_NORMAL,preprocessed/masks/right_rear_camera/masks/frame_000013_gt2d_000_track_-1_PEDESTRIAN_NORMAL.png,0.89019775390625,1040.5,623.5,11.37115478515625,13.117971420288086,4.289658546447754,1.1088975667953491,0.8295069575785577,-0.16203858290459253,11.37115478515625,da3_bbox_median,1920.0,1280.0,image_root
right_rear,14,1772699911610660000,data\camera\right_rear_camera\1772699911610660000.jpg,-1,2,motorcycle,0.477827,771.0,602.0,887.0,721.0,771.0,602.0,887.0,721.0,unassigned,3,MOTOR,preprocessed/masks/right_rear_camera/masks/frame_000014_gt2d_003_track_-1_MOTOR.png,0.9192317724227905,829.0,661.5,9.001636505126953,10.95490550994873,0.25548362731933594,2.070971727371216,-1.0395081652755955,0.1764184148126269,9.001636505126953,da3_bbox_median,1920.0,1280.0,image_root
right_rear,14,1772699911610660000,data\camera\right_rear_camera\1772699911610660000.jpg,-1,2,motorcycle,0.384739,604.0,609.0,691.0,728.0,604.0,609.0,691.0,728.0,unassigned,4,MOTOR,preprocessed/masks/right_rear_camera/masks/frame_000014_gt2d_004_track_-1_MOTOR.png,0.8931930661201477,647.5,668.5,8.064861297607422,8.26738166809082,0.6097269058227539,1.9796524047851562,-2.2354243346827167,0.20834539396209031,8.064861297607422,da3_bbox_median,1920.0,1280.0,image_root
right_rear,14,1772699911610660000,data\camera\right_rear_camera\1772699911610660000.jpg,-1,2,motorcycle,0.369669,989.0,614.0,1045.0,708.0,989.0,614.0,1045.0,708.0,unassigned,5,MOTOR,preprocessed/masks/right_rear_camera/masks/frame_000014_gt2d_005_track_-1_MOTOR.png,0.8446424603462219,1017.0,661.0,9.843921661376953,9.952335357666016,0.3913764953613281,2.0329179763793945,0.512000823746859,0.1885416955546439,9.843921661376953,da3_bbox_median,1920.0,1280.0,image_root
right_rear,14,1772699911610660000,data\camera\right_rear_camera\1772699911610660000.jpg,-1,0,bicycle,0.328227,516.0,637.0,680.0,734.0,516.0,637.0,680.0,734.0,unassigned,6,BICYCLE,preprocessed/masks/right_rear_camera/masks/frame_000014_gt2d_006_track_-1_BICYCLE.png,0.892412543296814,598.0,685.5,7.574798583984375,7.677302837371826,0.6469841003417969,2.332319498062134,-2.4336387450919053,0.310388360091002,7.574798583984375,da3_bbox_median,1920.0,1280.0,image_root
right_rear,14,1772699911610660000,data\camera\right_rear_camera\1772699911610660000.jpg,-1,2,motorcycle,0.318013,1.0,550.0,336.0,775.0,1.0,550.0,336.0,775.0,unassigned,7,VEHICLE_TRIKE,preprocessed/masks/right_rear_camera/masks/frame_000014_gt2d_007_track_-1_VEHICLE_TRIKE.png,0.8661654591560364,168.5,662.5,6.753106117248535,6.973345756530762,1.1424837112426758,1.8729842901229858,-4.753703441096692,0.1383659518550634,6.753106117248535,da3_bbox_median,1920.0,1280.0,image_root
right_rear,14,1772699911610660000,data\camera\right_rear_camera\1772699911610660000.jpg,2000000,2,motorcycle,0.576013,1352.0,587.0,1402.0,679.0,1352.0228271484375,586.01806640625,1400.2855224609375,677.6695556640625,matched,2,CYCLIST_MOTOR,preprocessed/masks/right_rear_camera/masks/frame_000014_gt2d_002_track_-1_CYCLIST_MOTOR.png,0.903265118598938,1377.0,633.0,13.3753662109375,15.599045753479004,0.8362398147583008,1.423510193824768,4.985545015952411,-0.07741467762064606,13.3753662109375,da3_bbox_median,1920.0,1280.0,image_root
right_rear,14,1772699911610660000,data\camera\right_rear_camera\1772699911610660000.jpg,3000000,3,person,0.731284,1764.0,601.0,1786.0,664.0,1762.523193359375,600.6067504882812,1785.068603515625,664.2857666015625,matched,0,PEDESTRIAN_NORMAL,preprocessed/masks/right_rear_camera/masks/frame_000014_gt2d_000_track_-1_PEDESTRIAN_NORMAL.png,0.7254855036735535,1775.0,632.5,23.20922088623047,25.501174926757812,2.6401748657226562,1.005609393119812,16.880634842631864,-0.14466839204789392,23.20922088623047,da3_bbox_median,1920.0,1280.0,image_root
right_rear,14,1772699911610660000,data\camera\right_rear_camera\1772699911610660000.jpg,3000016,3,person,0.728354,1061.0,566.0,1097.0,660.0,1061.0,566.0,1097.0,660.0,tentative,1,PEDESTRIAN_NORMAL,preprocessed/masks/right_rear_camera/masks/frame_000014_gt2d_001_track_-1_PEDESTRIAN_NORMAL.png,0.9024690389633179,1079.0,613.0,11.330589294433594,12.721091270446777,3.3344879150390625,1.170488953590393,1.2151890153381868,-0.26743395366585193,11.330589294433594,da3_bbox_median,1920.0,1280.0,image_root
right_rear,15,1772699911710637000,data\camera\right_rear_camera\1772699911710637000.jpg,-1,3,person,0.490016,1370.0,588.0,1399.0,672.0,1370.0,588.0,1399.0,672.0,unassigned,3,PEDESTRIAN_NORMAL,preprocessed/masks/right_rear_camera/masks/frame_000015_gt2d_003_track_-1_PEDESTRIAN_NORMAL.png,0.8354336023330688,1384.5,630.0,13.464603424072266,14.291003227233887,1.0127267837524414,1.3233920335769653,5.10877587028248,-0.11391190261955948,13.464603424072266,da3_bbox_median,1920.0,1280.0,image_root
right_rear,15,1772699911710637000,data\camera\right_rear_camera\1772699911710637000.jpg,-1,0,bicycle,0.415974,698.0,611.0,770.0,725.0,698.0,611.0,770.0,725.0,unassigned,4,BICYCLE,preprocessed/masks/right_rear_camera/masks/frame_000015_gt2d_004_track_-1_BICYCLE.png,0.8952903747558594,734.0,668.0,8.513185501098633,8.542506217956543,0.735661506652832,1.7380633354187012,-1.7036307159918338,0.21613572296283867,8.513185501098633,da3_bbox_median,1920.0,1280.0,image_root
right_rear,15,1772699911710637000,data\camera\right_rear_camera\1772699911710637000.jpg,-1,3,person,0.36394,1044.0,573.0,1098.0,708.0,1044.0,573.0,1098.0,708.0,unassigned,5,PEDESTRIAN_NORMAL,preprocessed/masks/right_rear_camera/masks/frame_000015_gt2d_005_track_-1_PEDESTRIAN_NORMAL.png,0.8697050213813782,1071.0,640.5,10.245906829833984,10.945290565490723,0.3417797088623047,1.6345009803771973,1.0258326645696438,0.009147138374887316,10.245906829833984,da3_bbox_median,1920.0,1280.0,image_root
right_rear,15,1772699911710637000,data\camera\right_rear_camera\1772699911710637000.jpg,2000012,2,motorcycle,0.507181,832.0,623.0,955.0,714.0,832.0,623.0,955.0,714.0,tentative,2,MOTOR,preprocessed/masks/right_rear_camera/masks/frame_000015_gt2d_002_track_-1_MOTOR.png,0.9201031923294067,893.5,668.5,9.40860366821289,10.22622013092041,0.23480606079101562,2.034999132156372,-0.5458492916784229,0.24305926234199723,9.40860366821289,da3_bbox_median,1920.0,1280.0,image_root
right_rear,15,1772699911710637000,data\camera\right_rear_camera\1772699911710637000.jpg,3000000,3,person,0.68858,1771.0,603.0,1794.0,668.0,1774.0565185546875,603.3508911132812,1796.7559814453125,667.4910888671875,matched,1,PEDESTRIAN_NORMAL,preprocessed/masks/right_rear_camera/masks/frame_000015_gt2d_001_track_-1_PEDESTRIAN_NORMAL.png,0.7333276271820068,1782.5,635.5,23.93999671936035,25.613109588623047,1.6696853637695312,1.0035640001296997,17.57210954696025,-0.08524992421902282,23.93999671936035,da3_bbox_median,1920.0,1280.0,image_root
right_rear,15,1772699911710637000,data\camera\right_rear_camera\1772699911710637000.jpg,3000016,3,person,0.7145,1095.0,571.0,1131.0,668.0,1092.2652587890625,570.8753662109375,1128.2652587890625,667.275390625,matched,0,PEDESTRIAN_NORMAL,preprocessed/masks/right_rear_camera/masks/frame_000015_gt2d_000_track_-1_PEDESTRIAN_NORMAL.png,0.8877729177474976,1113.0,619.5,10.584129333496094,11.680716514587402,0.6749887466430664,1.4056775569915771,1.455736858315696,-0.18853469272621184,10.584129333496094,da3_bbox_median,1920.0,1280.0,image_root
right_rear,16,1772699911810644000,data\camera\right_rear_camera\1772699911810644000.jpg,-1,3,person,0.457044,1779.0,605.0,1801.0,667.0,1779.0,605.0,1801.0,667.0,unassigned,1,PEDESTRIAN_NORMAL,preprocessed/masks/right_rear_camera/masks/frame_000016_gt2d_001_track_-1_PEDESTRIAN_NORMAL.png,0.8169461488723755,1790.0,636.0,25.79953956604004,27.149930953979492,1.5366249084472656,1.0005241632461548,19.109414532765417,-0.08038127206951931,25.79953956604004,da3_bbox_median,1920.0,1280.0,image_root
right_rear,16,1772699911810644000,data\camera\right_rear_camera\1772699911810644000.jpg,-1,2,motorcycle,0.446362,678.0,598.0,774.0,720.0,678.0,598.0,774.0,720.0,unassigned,2,MOTOR,preprocessed/masks/right_rear_camera/masks/frame_000016_gt2d_002_track_-1_MOTOR.png,0.932670533657074,726.0,659.0,8.395343780517578,8.851882934570312,0.18430709838867188,1.8796632289886475,-1.7398848353723542,0.14584064414165726,8.395343780517578,da3_bbox_median,1920.0,1280.0,image_root
right_rear,16,1772699911810644000,data\camera\right_rear_camera\1772699911810644000.jpg,-1,2,motorcycle,0.425637,679.0,642.0,768.0,719.0,679.0,642.0,768.0,719.0,unassigned,3,MOTOR,preprocessed/masks/right_rear_camera/masks/frame_000016_gt2d_003_track_-1_MOTOR.png,0.788335919380188,723.5,680.5,8.365363121032715,8.731674194335938,0.23523712158203125,2.0198397636413574,-1.752303565310341,0.30552570823384056,8.365363121032715,da3_bbox_median,1920.0,1280.0,image_root
right_rear,16,1772699911810644000,data\camera\right_rear_camera\1772699911810644000.jpg,-1,3,person,0.415272,1129.0,573.0,1166.0,675.0,1129.0,573.0,1166.0,675.0,unassigned,4,PEDESTRIAN_NORMAL,preprocessed/masks/right_rear_camera/masks/frame_000016_gt2d_004_track_-1_PEDESTRIAN_NORMAL.png,0.8281489014625549,1147.5,624.0,11.14946174621582,12.246299743652344,0.35496044158935547,1.3537368774414062,1.8761881502396514,-0.1539137802305111,11.14946174621582,da3_bbox_median,1920.0,1280.0,image_root
right_rear,16,1772699911810644000,data\camera\right_rear_camera\1772699911810644000.jpg,-1,2,motorcycle,0.410719,1348.0,591.0,1390.0,676.0,1348.0,591.0,1390.0,676.0,unassigned,5,CYCLIST_MOTOR,preprocessed/masks/right_rear_camera/masks/frame_000016_gt2d_005_track_-1_CYCLIST_MOTOR.png,0.8402063846588135,1369.0,633.5,13.741256713867188,14.61390495300293,1.7571916580200195,1.2159793376922607,5.023989147417776,-0.07341239562363101,13.741256713867188,da3_bbox_median,1920.0,1280.0,image_root
right_rear,16,1772699911810644000,data\camera\right_rear_camera\1772699911810644000.jpg,-1,2,motorcycle,0.379726,785.0,598.0,851.0,716.0,785.0,598.0,851.0,716.0,unassigned,6,MOTOR,preprocessed/masks/right_rear_camera/masks/frame_000016_gt2d_006_track_-1_MOTOR.png,0.9043527841567993,818.0,657.0,8.773138999938965,8.780948638916016,0.14698505401611328,1.714907169342041,-1.0990985055458826,0.13677423175675046,8.773138999938965,da3_bbox_median,1920.0,1280.0,image_root
right_rear,16,1772699911810644000,data\camera\right_rear_camera\1772699911810644000.jpg,-1,2,motorcycle,0.325739,1091.0,607.0,1153.0,705.0,1091.0,607.0,1153.0,705.0,unassigned,7,MOTOR,preprocessed/masks/right_rear_camera/masks/frame_000016_gt2d_007_track_-1_MOTOR.png,0.8347459435462952,1122.0,656.0,10.871330261230469,10.884661674499512,0.13751602172851562,1.5858336687088013,1.5824071155638666,0.1598016484026037,10.871330261230469,da3_bbox_median,1920.0,1280.0,image_root
right_rear,16,1772699911810644000,data\camera\right_rear_camera\1772699911810644000.jpg,2000012,2,motorcycle,0.554881,897.0,622.0,1010.0,711.0,888.9168090820312,623.1725463867188,1003.9168090820312,712.5725708007812,matched,0,MOTOR,preprocessed/masks/right_rear_camera/masks/frame_000016_gt2d_000_track_-1_MOTOR.png,0.9307510852813721,953.5,666.5,9.83736801147461,10.11757755279541,0.22891902923583984,1.8304510116577148,-0.04486968911778497,0.23661059664266607,9.83736801147461,da3_bbox_median,1920.0,1280.0,image_root
right_rear,17,1772699911910651000,data\camera\right_rear_camera\1772699911910651000.jpg,-1,2,motorcycle,0.418075,170.0,572.0,287.0,777.0,170.0,572.0,287.0,777.0,unassigned,4,MOTOR,preprocessed/masks/right_rear_camera/masks/frame_000017_gt2d_004_track_-1_MOTOR.png,0.8695000410079956,228.5,674.5,6.629172325134277,6.680356979370117,0.5029616355895996,2.129256010055542,-4.312101675613175,0.2066857613031152,6.629172325134277,da3_bbox_median,1920.0,1280.0,image_root
right_rear,17,1772699911910651000,data\camera\right_rear_camera\1772699911910651000.jpg,-1,0,bicycle,0.378665,1134.0,621.0,1188.0,704.0,1134.0,621.0,1188.0,704.0,unassigned,5,BICYCLE,preprocessed/masks/right_rear_camera/masks/frame_000017_gt2d_005_track_-1_BICYCLE.png,0.812450647354126,1161.0,662.5,12.03999137878418,12.030374526977539,0.21823596954345703,1.5401560068130493,2.1708520370719184,0.2466901657590107,12.03999137878418,da3_bbox_median,1920.0,1280.0,image_root
right_rear,17,1772699911910651000,data\camera\right_rear_camera\1772699911910651000.jpg,-1,2,motorcycle,0.353454,753.0,634.0,838.0,716.0,753.0,634.0,838.0,716.0,unassigned,6,MOTOR,preprocessed/masks/right_rear_camera/masks/frame_000017_gt2d_006_track_-1_MOTOR.png,0.9504031538963318,795.5,675.0,9.233112335205078,9.254557609558105,0.16286849975585938,1.898627758026123,-1.341806847337547,0.2919841545741664,9.233112335205078,da3_bbox_median,1920.0,1280.0,image_root
right_rear,17,1772699911910651000,data\camera\right_rear_camera\1772699911910651000.jpg,-1,2,motorcycle,0.3323,568.0,597.0,712.0,737.0,568.0,597.0,712.0,737.0,unassigned,7,MOTOR,preprocessed/masks/right_rear_camera/masks/frame_000017_gt2d_007_track_-1_MOTOR.png,0.9206352233886719,640.0,667.0,8.525850296020508,8.4877347946167,0.2592802047729492,2.0198769569396973,-2.420170091970379,0.20886287134205078,8.525850296020508,da3_bbox_median,1920.0,1280.0,image_root
right_rear,17,1772699911910651000,data\camera\right_rear_camera\1772699911910651000.jpg,2000012,2,motorcycle,0.680532,950.0,620.0,1070.0,711.0,939.7608032226562,621.4161987304688,1058.6976318359375,712.0564575195312,matched,1,MOTOR,preprocessed/masks/right_rear_camera/masks/frame_000017_gt2d_001_track_-1_MOTOR.png,0.9239896535873413,1010.0,665.5,10.766579627990723,10.751395225524902,0.43048095703125,1.7373207807540894,0.49284533816313847,0.2493698877200115,10.766579627990723,da3_bbox_median,1920.0,1280.0,image_root
right_rear,17,1772699911910651000,data\camera\right_rear_camera\1772699911910651000.jpg,2000013,2,motorcycle,0.710437,1359.0,588.0,1403.0,674.0,1359.0,588.0,1403.0,674.0,tentative,0,CYCLIST_MOTOR,preprocessed/masks/right_rear_camera/masks/frame_000017_gt2d_000_track_-1_CYCLIST_MOTOR.png,0.8771904706954956,1381.0,631.0,14.988170623779297,15.575303077697754,0.8122987747192383,1.0949337482452393,5.640115729843859,-0.11345074163291674,14.988170623779297,da3_bbox_median,1920.0,1280.0,image_root
right_rear,17,1772699911910651000,data\camera\right_rear_camera\1772699911910651000.jpg,2000014,2,motorcycle,0.590946,0.0,563.0,125.0,755.0,0.0,563.0,125.0,755.0,tentative,2,MOTOR,preprocessed/masks/right_rear_camera/masks/frame_000017_gt2d_002_track_-1_MOTOR.png,0.9253815412521362,62.5,659.0,6.281672477722168,6.407069206237793,0.3384852409362793,1.77652108669281,-5.015069301281772,0.10912276904775443,6.281672477722168,da3_bbox_median,1920.0,1280.0,image_root
right_rear,17,1772699911910651000,data\camera\right_rear_camera\1772699911910651000.jpg,3000017,3,person,0.509065,1783.0,607.0,1804.0,667.0,1783.0,607.0,1804.0,667.0,tentative,3,PEDESTRIAN_NORMAL,preprocessed/masks/right_rear_camera/masks/frame_000017_gt2d_003_track_-1_PEDESTRIAN_NORMAL.png,0.7916164398193359,1793.5,637.0,26.586620330810547,27.305078506469727,1.2262687683105469,1.0006839036941528,19.775298317261193,-0.05915151098885934,26.586620330810547,da3_bbox_median,1920.0,1280.0,image_root
right_rear,18,1772699912010645000,data\camera\right_rear_camera\1772699912010645000.jpg,-1,2,motorcycle,0.38896,153.0,579.0,275.0,748.0,153.0,579.0,275.0,748.0,unassigned,5,MOTOR,preprocessed/masks/right_rear_camera/masks/frame_000018_gt2d_005_track_-1_MOTOR.png,0.9320089817047119,214.0,663.5,7.013551235198975,7.192972660064697,0.42233705520629883,1.8841092586517334,-4.6527328175364575,0.14994958353235466,7.013551235198975,da3_bbox_median,1920.0,1280.0,image_root
right_rear,18,1772699912010645000,data\camera\right_rear_camera\1772699912010645000.jpg,-1,2,motorcycle,0.381117,0.0,585.0,28.0,770.0,0.0,585.0,28.0,770.0,unassigned,6,MOTOR,preprocessed/masks/right_rear_camera/masks/frame_000018_gt2d_006_track_-1_MOTOR.png,0.8640117645263672,14.0,677.5,6.485140800476074,6.5705389976501465,0.07670259475708008,2.1684556007385254,-5.4577298512551655,0.21952500715249967,6.485140800476074,da3_bbox_median,1920.0,1280.0,image_root
right_rear,18,1772699912010645000,data\camera\right_rear_camera\1772699912010645000.jpg,-1,2,motorcycle,0.375021,1170.0,616.0,1229.0,704.0,1170.0,616.0,1229.0,704.0,unassigned,7,MOTOR,preprocessed/masks/right_rear_camera/masks/frame_000018_gt2d_007_track_-1_MOTOR.png,0.857873797416687,1199.5,660.0,13.075119018554688,13.041278839111328,0.32577991485595703,1.200438380241394,2.8059680517767287,0.23878252284140167,13.075119018554688,da3_bbox_median,1920.0,1280.0,image_root
right_rear,18,1772699912010645000,data\camera\right_rear_camera\1772699912010645000.jpg,-1,2,motorcycle,0.359714,922.0,610.0,977.0,706.0,922.0,610.0,977.0,706.0,unassigned,8,MOTOR,preprocessed/masks/right_rear_camera/masks/frame_000018_gt2d_008_track_-1_MOTOR.png,0.8971430063247681,949.5,658.0,10.778682708740234,10.784090042114258,0.11541461944580078,1.5307097434997559,-0.08757467088334288,0.17764198291453487,10.778682708740234,da3_bbox_median,1920.0,1280.0,image_root
right_rear,18,1772699912010645000,data\camera\right_rear_camera\1772699912010645000.jpg,-1,2,motorcycle,0.355626,52.0,581.0,177.0,754.0,52.0,581.0,177.0,754.0,unassigned,9,MOTOR,preprocessed/masks/right_rear_camera/masks/frame_000018_gt2d_009_track_-1_MOTOR.png,0.8679348230361938,114.5,667.5,6.712872505187988,6.7219109535217285,0.21265840530395508,2.197831153869629,-5.048333738312476,0.16743900751670815,6.712872505187988,da3_bbox_median,1920.0,1280.0,image_root
right_rear,18,1772699912010645000,data\camera\right_rear_camera\1772699912010645000.jpg,-1,0,bicycle,0.334964,1062.0,619.0,1125.0,705.0,1062.0,619.0,1125.0,705.0,unassigned,10,BICYCLE,preprocessed/masks/right_rear_camera/masks/frame_000018_gt2d_010_track_-1_BICYCLE.png,0.8877027034759521,1093.5,662.0,12.129640579223633,12.127830505371094,0.3617982864379883,1.2673838138580322,1.4575798099290511,0.24312477830918416,12.129640579223633,da3_bbox_median,1920.0,1280.0,image_root
right_rear,18,1772699912010645000,data\camera\right_rear_camera\1772699912010645000.jpg,-1,0,bicycle,0.316346,827.0,609.0,975.0,712.0,827.0,609.0,975.0,712.0,unassigned,11,BICYCLE,preprocessed/masks/right_rear_camera/masks/frame_000018_gt2d_011_track_-1_BICYCLE.png,0.911279559135437,901.0,660.5,10.522473335266113,10.510218620300293,0.4702291488647461,1.5377393960952759,-0.5401619026611818,0.1968516295165321,10.522473335266113,da3_bbox_median,1920.0,1280.0,image_root
right_rear,18,1772699912010645000,data\camera\right_rear_camera\1772699912010645000.jpg,-1,0,bicycle,0.302997,821.0,624.0,906.0,713.0,821.0,624.0,906.0,713.0,unassigned,12,BICYCLE,preprocessed/masks/right_rear_camera/masks/frame_000018_gt2d_012_track_-1_BICYCLE.png,0.9443013668060303,863.5,668.5,10.296274185180664,10.301326751708984,0.278289794921875,1.5731391906738281,-0.8725411259766911,0.26599109672097776,10.296274185180664,da3_bbox_median,1920.0,1280.0,image_root
right_rear,18,1772699912010645000,data\camera\right_rear_camera\1772699912010645000.jpg,2000012,2,motorcycle,0.505734,999.0,619.0,1116.0,705.0,993.3211669921875,619.806396484375,1111.195556640625,706.9840087890625,matched,3,MOTOR,preprocessed/masks/right_rear_camera/masks/frame_000018_gt2d_003_track_-1_MOTOR.png,0.9046529531478882,1057.5,662.0,11.76626968383789,11.760830879211426,0.6393489837646484,1.352486491203308,1.03653637047263,0.23584142413165066,11.76626968383789,da3_bbox_median,1920.0,1280.0,image_root
right_rear,18,1772699912010645000,data\camera\right_rear_camera\1772699912010645000.jpg,2000013,2,motorcycle,0.645324,1349.0,588.0,1403.0,680.0,1354.2034912109375,588.6905517578125,1406.2034912109375,679.4905395507812,matched,0,CYCLIST_MOTOR,preprocessed/masks/right_rear_camera/masks/frame_000018_gt2d_000_track_-1_CYCLIST_MOTOR.png,0.8674700856208801,1376.0,634.0,14.939013481140137,15.74523639678955,0.8275165557861328,1.06374990940094,5.555070814640646,-0.07315793453049965,14.939013481140137,da3_bbox_median,1920.0,1280.0,image_root
right_rear,18,1772699912010645000,data\camera\right_rear_camera\1772699912010645000.jpg,2000014,2,motorcycle,0.496818,54.0,573.0,265.0,754.0,46.403465270996094,571.6905517578125,240.20346069335938,754.8905639648438,matched,4,MOTOR,preprocessed/masks/right_rear_camera/masks/frame_000018_gt2d_004_track_-1_MOTOR.png,0.8718460202217102,159.5,663.5,6.862765312194824,6.906671047210693,0.352689266204834,2.055187940597534,-4.885922854457239,0.1467257835487544,6.862765312194824,da3_bbox_median,1920.0,1280.0,image_root
right_rear,18,1772699912010645000,data\camera\right_rear_camera\1772699912010645000.jpg,2000015,2,motorcycle,0.627969,317.0,580.0,423.0,732.0,317.0,580.0,423.0,732.0,tentative,1,MOTOR,preprocessed/masks/right_rear_camera/masks/frame_000018_gt2d_001_track_-1_MOTOR.png,0.9093586206436157,370.0,656.0,8.597016334533691,8.601554870605469,0.6284103393554688,1.3900009393692017,-4.508355475526744,0.1263706785269808,8.597016334533691,da3_bbox_median,1920.0,1280.0,image_root
right_rear,18,1772699912010645000,data\camera\right_rear_camera\1772699912010645000.jpg,3000017,3,person,0.60078,1789.0,606.0,1811.0,667.0,1791.00341796875,606.8905639648438,1812.803466796875,667.6905517578125,matched,2,PEDESTRIAN_NORMAL,preprocessed/masks/right_rear_camera/masks/frame_000018_gt2d_002_track_-1_PEDESTRIAN_NORMAL.png,0.8054414391517639,1800.0,636.5,26.761558532714844,28.613306045532227,3.338958740234375,1.0000386238098145,20.06039303345994,-0.07145963541360387,26.761558532714844,da3_bbox_median,1920.0,1280.0,image_root
right_rear,19,1772699912110561000,data\camera\right_rear_camera\1772699912110561000.jpg,-1,0,bicycle,0.482429,884.0,638.0,962.0,701.0,884.0,638.0,962.0,701.0,unassigned,5,BICYCLE,preprocessed/masks/right_rear_camera/masks/frame_000019_gt2d_005_track_-1_BICYCLE.png,0.8614017963409424,923.0,669.5,11.520633697509766,11.503039360046387,0.2523612976074219,1.1582813262939453,-0.3655959856677905,0.3078828505896756,11.520633697509766,da3_bbox_median,1920.0,1280.0,image_root
right_rear,19,1772699912110561000,data\camera\right_rear_camera\1772699912110561000.jpg,-1,2,motorcycle,0.387439,217.0,558.0,412.0,736.0,217.0,558.0,412.0,736.0,unassigned,6,MOTOR,preprocessed/masks/right_rear_camera/masks/frame_000019_gt2d_006_track_-1_MOTOR.png,0.8338947296142578,314.5,647.0,7.741034507751465,7.841248035430908,0.34882497787475586,1.6278555393218994,-4.442231598919115,0.0517304434121941,7.741034507751465,da3_bbox_median,1920.0,1280.0,image_root
right_rear,19,1772699912110561000,data\camera\right_rear_camera\1772699912110561000.jpg,-1,0,bicycle,0.382822,766.0,619.0,876.0,707.0,766.0,619.0,876.0,707.0,unassigned,7,BICYCLE,preprocessed/masks/right_rear_camera/masks/frame_000019_gt2d_007_track_-1_BICYCLE.png,0.8960359692573547,821.0,663.0,10.822874069213867,10.799516677856445,0.39984989166259766,1.19609534740448,-1.3269624918081317,0.22657259829852872,10.822874069213867,da3_bbox_median,1920.0,1280.0,image_root
right_rear,19,1772699912110561000,data\camera\right_rear_camera\1772699912110561000.jpg,-1,2,motorcycle,0.341405,294.0,562.0,416.0,734.0,294.0,562.0,416.0,734.0,unassigned,8,MOTOR,preprocessed/masks/right_rear_camera/masks/frame_000019_gt2d_008_track_-1_MOTOR.png,0.9007481336593628,355.0,648.0,7.8772783279418945,7.972315788269043,0.33113670349121094,1.587227463722229,-4.236187791227777,0.05965758522517576,7.8772783279418945,da3_bbox_median,1920.0,1280.0,image_root
right_rear,19,1772699912110561000,data\camera\right_rear_camera\1772699912110561000.jpg,-1,0,bicycle,0.339616,979.0,609.0,1037.0,697.0,979.0,609.0,1037.0,697.0,unassigned,9,BICYCLE,preprocessed/masks/right_rear_camera/masks/frame_000019_gt2d_009_track_-1_BICYCLE.png,0.8683850765228271,1008.0,653.0,11.766632080078125,11.770734786987305,0.10678482055664062,1.2712889909744263,0.5176571095244816,0.14151868057129277,11.766632080078125,da3_bbox_median,1920.0,1280.0,image_root
right_rear,19,1772699912110561000,data\camera\right_rear_camera\1772699912110561000.jpg,-1,0,bicycle,0.31277,1212.0,616.0,1263.0,701.0,1212.0,616.0,1263.0,701.0,unassigned,10,BICYCLE,preprocessed/masks/right_rear_camera/masks/frame_000019_gt2d_010_track_-1_BICYCLE.png,0.8734827041625977,1237.5,658.5,13.467872619628906,13.448661804199219,0.35856056213378906,1.2766779661178589,3.346205489639622,0.22796039573330767,13.467872619628906,da3_bbox_median,1920.0,1280.0,image_root
right_rear,19,1772699912110561000,data\camera\right_rear_camera\1772699912110561000.jpg,-1,1,car,0.306238,632.0,578.0,825.0,695.0,632.0,578.0,825.0,695.0,unassigned,11,VEHICLE_CAR,preprocessed/masks/right_rear_camera/masks/frame_000019_gt2d_011_track_-1_VEHICLE_CAR.png,0.8704283833503723,728.5,636.5,9.826194763183594,10.015480041503906,1.1869754791259766,1.344291090965271,-2.0145344220782087,-0.026238243726417622,9.826194763183594,da3_bbox_median,1920.0,1280.0,image_root
right_rear,19,1772699912110561000,data\camera\right_rear_camera\1772699912110561000.jpg,-1,2,motorcycle,0.304183,121.0,563.0,299.0,736.0,121.0,563.0,299.0,736.0,unassigned,12,MOTOR,preprocessed/masks/right_rear_camera/masks/frame_000019_gt2d_012_track_-1_MOTOR.png,0.9041649103164673,210.0,649.5,7.626306533813477,7.628668785095215,0.16925287246704102,1.72369384765625,-5.086407221693928,0.06794656529190782,7.626306533813477,da3_bbox_median,1920.0,1280.0,image_root
right_rear,19,1772699912110561000,data\camera\right_rear_camera\1772699912110561000.jpg,2000012,2,motorcycle,0.504308,1048.0,616.0,1157.0,698.0,1043.8533935546875,616.689208984375,1155.2093505859375,699.6682739257812,matched,4,MOTOR,preprocessed/masks/right_rear_camera/masks/frame_000019_gt2d_004_track_-1_MOTOR.png,0.8612492084503174,1102.5,657.0,12.305869102478027,12.293968200683594,0.4886436462402344,1.3175057172775269,1.5774278349294708,0.191849894616086,12.305869102478027,da3_bbox_median,1920.0,1280.0,image_root
right_rear,19,1772699912110561000,data\camera\right_rear_camera\1772699912110561000.jpg,2000013,2,motorcycle,0.676629,1349.0,587.0,1405.0,677.0,1353.59912109375,588.0198974609375,1408.5155029296875,678.214111328125,matched,2,CYCLIST_MOTOR,preprocessed/masks/right_rear_camera/masks/frame_000019_gt2d_002_track_-1_CYCLIST_MOTOR.png,0.8898296356201172,1377.0,632.0,15.771625518798828,16.903093338012695,0.5115795135498047,1.022956371307373,5.878728683661518,-0.1053324331033721,15.771625518798828,da3_bbox_median,1920.0,1280.0,image_root
right_rear,19,1772699912110561000,data\camera\right_rear_camera\1772699912110561000.jpg,2000016,2,motorcycle,0.699209,437.0,566.0,540.0,718.0,437.0,566.0,540.0,718.0,tentative,0,MOTOR,preprocessed/masks/right_rear_camera/masks/frame_000019_gt2d_000_track_-1_MOTOR.png,0.9013707637786865,488.5,642.0,8.766946792602539,8.946744918823242,0.5135707855224609,1.2597249746322632,-3.6719132727884745,0.019540500992650145,8.766946792602539,da3_bbox_median,1920.0,1280.0,image_root
right_rear,19,1772699912110561000,data\camera\right_rear_camera\1772699912110561000.jpg,3000017,3,person,0.689193,1793.0,608.0,1815.0,667.0,1795.332275390625,608.3258056640625,1817.2845458984375,667.744384765625,matched,1,PEDESTRIAN_NORMAL,preprocessed/masks/right_rear_camera/masks/frame_000019_gt2d_001_track_-1_PEDESTRIAN_NORMAL.png,0.8543436527252197,1804.0,637.5,27.667728424072266,28.55156707763672,1.5790882110595703,1.0000232458114624,20.838253809930794,-0.04923432904553481,27.667728424072266,da3_bbox_median,1920.0,1280.0,image_root
right_rear,19,1772699912110561000,data\camera\right_rear_camera\1772699912110561000.jpg,3000018,3,person,0.515145,1221.0,574.0,1255.0,666.0,1221.0,574.0,1255.0,666.0,tentative,3,PEDESTRIAN_NORMAL,preprocessed/masks/right_rear_camera/masks/frame_000019_gt2d_003_track_-1_PEDESTRIAN_NORMAL.png,0.8916686177253723,1238.0,620.0,13.552709579467773,15.076497077941895,0.30336761474609375,1.1431589126586914,3.3733210888347824,-0.23537787054256293,13.552709579467773,da3_bbox_median,1920.0,1280.0,image_root
right_rear,20,1772699912210538000,data\camera\right_rear_camera\1772699912210538000.jpg,-1,2,motorcycle,0.388955,304.0,582.0,444.0,740.0,304.0,582.0,444.0,740.0,unassigned,4,MOTOR,preprocessed/masks/right_rear_camera/masks/frame_000020_gt2d_004_track_-1_MOTOR.png,0.8828234672546387,374.0,661.0,7.3160176277160645,7.267179489135742,0.17347431182861328,2.131197214126587,-3.8105160542535463,0.14012447637096548,7.3160176277160645,da3_bbox_median,1920.0,1280.0,image_root
right_rear,20,1772699912210538000,data\camera\right_rear_camera\1772699912210538000.jpg,-1,2,motorcycle,0.386053,1251.0,619.0,1302.0,701.0,1251.0,619.0,1302.0,701.0,unassigned,5,MOTOR,preprocessed/masks/right_rear_camera/masks/frame_000020_gt2d_005_track_-1_MOTOR.png,0.8448899984359741,1276.5,660.0,13.238563537597656,13.205134391784668,0.40372753143310547,1.3482745885849,3.749214042977143,0.2417674053917093,13.238563537597656,da3_bbox_median,1920.0,1280.0,image_root
right_rear,20,1772699912210538000,data\camera\right_rear_camera\1772699912210538000.jpg,-1,2,motorcycle,0.379725,0.0,570.0,125.0,772.0,0.0,570.0,125.0,772.0,unassigned,6,MOTOR,preprocessed/masks/right_rear_camera/masks/frame_000020_gt2d_006_track_-1_MOTOR.png,0.9026669859886169,62.5,671.0,6.172255516052246,6.400217056274414,0.19027376174926758,2.147080898284912,-4.927714596391248,0.1731971612315228,6.172255516052246,da3_bbox_median,1920.0,1280.0,image_root
right_rear,20,1772699912210538000,data\camera\right_rear_camera\1772699912210538000.jpg,-1,2,motorcycle,0.367559,857.0,605.0,1022.0,712.0,857.0,605.0,1022.0,712.0,unassigned,7,MOTOR,preprocessed/masks/right_rear_camera/masks/frame_000020_gt2d_007_track_-1_MOTOR.png,0.8940503597259521,939.5,658.5,10.845094680786133,10.940938949584961,0.7460298538208008,1.2896817922592163,-0.18473469428914396,0.18356663632190764,10.845094680786133,da3_bbox_median,1920.0,1280.0,image_root
right_rear,20,1772699912210538000,data\camera\right_rear_camera\1772699912210538000.jpg,-1,2,motorcycle,0.34723,428.0,579.0,540.0,739.0,428.0,579.0,540.0,739.0,unassigned,8,MOTOR,preprocessed/masks/right_rear_camera/masks/frame_000020_gt2d_008_track_-1_MOTOR.png,0.9049931168556213,484.0,659.0,7.669976711273193,7.681820392608643,0.2384347915649414,1.8810350894927979,-3.2432124630778594,0.1332398497747558,7.669976711273193,da3_bbox_median,1920.0,1280.0,image_root
right_rear,20,1772699912210538000,data\camera\right_rear_camera\1772699912210538000.jpg,2000017,2,motorcycle,0.77166,1350.0,589.0,1402.0,681.0,1350.0,589.0,1402.0,681.0,tentative,0,CYCLIST_MOTOR,preprocessed/masks/right_rear_camera/masks/frame_000020_gt2d_000_track_-1_CYCLIST_MOTOR.png,0.8905792832374573,1376.0,635.0,14.979612350463867,16.059438705444336,0.9899387359619141,1.1400933265686035,5.5701675005344224,-0.06001368165379761,14.979612350463867,da3_bbox_median,1920.0,1280.0,image_root
right_rear,20,1772699912210538000,data\camera\right_rear_camera\1772699912210538000.jpg,2000018,2,motorcycle,0.635333,536.0,580.0,641.0,741.0,536.0,580.0,641.0,741.0,tentative,1,MOTOR,preprocessed/masks/right_rear_camera/masks/frame_000020_gt2d_001_track_-1_MOTOR.png,0.8933227062225342,588.5,660.5,8.208113670349121,8.240232467651367,0.4118480682373047,1.7048240900039673,-2.7065816917194767,0.15355520511036624,8.208113670349121,da3_bbox_median,1920.0,1280.0,image_root
right_rear,20,1772699912210538000,data\camera\right_rear_camera\1772699912210538000.jpg,3000018,3,person,0.459242,1249.0,585.0,1279.0,664.0,1250.10400390625,582.624755859375,1280.9039306640625,664.2247924804688,matched,3,PEDESTRIAN_NORMAL,preprocessed/masks/right_rear_camera/masks/frame_000020_gt2d_003_track_-1_PEDESTRIAN_NORMAL.png,0.8532494902610779,1264.0,624.5,13.171225547790527,14.216777801513672,0.3815793991088867,1.203070878982544,3.5834633318623705,-0.17595728055906937,13.171225547790527,da3_bbox_median,1920.0,1280.0,image_root
right_rear,20,1772699912210538000,data\camera\right_rear_camera\1772699912210538000.jpg,3000019,3,person,0.587705,1799.0,608.0,1821.0,668.0,1799.0,608.0,1821.0,668.0,tentative,2,PEDESTRIAN_NORMAL,preprocessed/masks/right_rear_camera/masks/frame_000020_gt2d_002_track_-1_PEDESTRIAN_NORMAL.png,0.8147158026695251,1810.0,638.0,29.578445434570312,29.751026153564453,1.153909683227539,1.0000178813934326,22.435442392287648,-0.03946094224284911,29.578445434570312,da3_bbox_median,1920.0,1280.0,image_root
right_rear,21,1772699912310546000,data\camera\right_rear_camera\1772699912310546000.jpg,-1,2,motorcycle,0.412662,99.0,577.0,271.0,759.0,99.0,577.0,271.0,759.0,unassigned,3,MOTOR,preprocessed/masks/right_rear_camera/masks/frame_000021_gt2d_003_track_-1_MOTOR.png,0.907347559928894,185.0,668.0,6.756455421447754,6.954350471496582,0.2367391586303711,2.050680160522461,-4.656740697964555,0.17153524694044867,6.756455421447754,da3_bbox_median,1920.0,1280.0,image_root
right_rear,21,1772699912310546000,data\camera\right_rear_camera\1772699912310546000.jpg,-1,2,motorcycle,0.410136,575.0,583.0,733.0,738.0,575.0,583.0,733.0,738.0,unassigned,4,MOTOR,preprocessed/masks/right_rear_camera/masks/frame_000021_gt2d_004_track_-1_MOTOR.png,0.917381227016449,654.0,660.5,8.430773735046387,8.522120475769043,0.4676828384399414,1.743253469467163,-2.288026120616485,0.15772067031682235,8.430773735046387,da3_bbox_median,1920.0,1280.0,image_root
right_rear,21,1772699912310546000,data\camera\right_rear_camera\1772699912310546000.jpg,-1,2,motorcycle,0.401001,0.0,594.0,78.0,795.0,0.0,594.0,78.0,795.0,unassigned,5,MOTOR,preprocessed/masks/right_rear_camera/masks/frame_000021_gt2d_005_track_-1_MOTOR.png,0.846745491027832,39.0,694.5,6.74965763092041,7.146361351013184,0.8453640937805176,1.7560518980026245,-5.530006431101117,0.33068724988236853,6.74965763092041,da3_bbox_median,1920.0,1280.0,image_root
right_rear,21,1772699912310546000,data\camera\right_rear_camera\1772699912310546000.jpg,-1,2,motorcycle,0.365452,469.0,584.0,645.0,735.0,469.0,584.0,645.0,735.0,unassigned,6,MOTOR,preprocessed/masks/right_rear_camera/masks/frame_000021_gt2d_006_track_-1_MOTOR.png,0.9362756013870239,557.0,659.5,7.881755828857422,7.921788215637207,0.49008750915527344,2.0002238750457764,-2.820158819767375,0.14042912594664705,7.881755828857422,da3_bbox_median,1920.0,1280.0,image_root
right_rear,21,1772699912310546000,data\camera\right_rear_camera\1772699912310546000.jpg,2000017,2,motorcycle,0.545446,1355.0,588.0,1402.0,677.0,1355.2266845703125,590.0775146484375,1403.2266845703125,679.6775512695312,matched,1,CYCLIST_MOTOR,preprocessed/masks/right_rear_camera/masks/frame_000021_gt2d_001_track_-1_CYCLIST_MOTOR.png,0.8825505971908569,1378.5,632.5,14.917869567871094,16.031471252441406,1.385498046875,1.1060584783554077,5.580434790032064,-0.09298649936347073,14.917869567871094,da3_bbox_median,1920.0,1280.0,image_root
right_rear,21,1772699912310546000,data\camera\right_rear_camera\1772699912310546000.jpg,2000019,2,motorcycle,0.536469,627.0,587.0,733.0,737.0,627.0,587.0,733.0,737.0,tentative,2,MOTOR,preprocessed/masks/right_rear_camera/masks/frame_000021_gt2d_002_track_-1_MOTOR.png,0.9249662756919861,680.0,662.0,8.581871032714844,8.69507884979248,0.35650157928466797,1.6735243797302246,-2.1302440096993513,0.1720137937047061,8.581871032714844,da3_bbox_median,1920.0,1280.0,image_root
right_rear,21,1772699912310546000,data\camera\right_rear_camera\1772699912310546000.jpg,3000019,3,person,0.630633,1802.0,606.0,1824.0,664.0,1802.626708984375,608.2775268554688,1824.626708984375,666.6775512695312,matched,0,PEDESTRIAN_NORMAL,preprocessed/masks/right_rear_camera/masks/frame_000021_gt2d_000_track_-1_PEDESTRIAN_NORMAL.png,0.8040366172790527,1813.0,635.0,29.279693603515625,30.30429458618164,3.098695755004883,1.0002198219299316,22.28709423840997,-0.11730491882773636,29.279693603515625,da3_bbox_median,1920.0,1280.0,image_root
right_rear,22,1772699912410553000,data\camera\right_rear_camera\1772699912410553000.jpg,-1,0,bicycle,0.456632,64.0,601.0,272.0,765.0,64.0,601.0,272.0,765.0,unassigned,2,BICYCLE,preprocessed/masks/right_rear_camera/masks/frame_000022_gt2d_002_track_-1_BICYCLE.png,0.8793771266937256,168.0,683.0,7.784868240356445,7.876485347747803,0.7751321792602539,1.587925910949707,-5.483457963916041,0.30166036632147397,7.784868240356445,da3_bbox_median,1920.0,1280.0,image_root
right_rear,22,1772699912410553000,data\camera\right_rear_camera\1772699912410553000.jpg,-1,2,motorcycle,0.447319,203.0,579.0,398.0,748.0,203.0,579.0,398.0,748.0,unassigned,3,MOTOR,preprocessed/masks/right_rear_camera/masks/frame_000022_gt2d_003_track_-1_MOTOR.png,0.886829674243927,300.5,663.5,7.588420867919922,7.884286880493164,0.3667006492614746,1.8423354625701904,-4.4493022922922,0.16224028465096682,7.588420867919922,da3_bbox_median,1920.0,1280.0,image_root
right_rear,22,1772699912410553000,data\camera\right_rear_camera\1772699912410553000.jpg,-1,0,bicycle,0.404683,59.0,605.0,165.0,762.0,59.0,605.0,165.0,762.0,unassigned,4,BICYCLE,preprocessed/masks/right_rear_camera/masks/frame_000022_gt2d_004_track_-1_BICYCLE.png,0.7745527625083923,112.0,683.5,7.816260814666748,7.937519550323486,1.2733917236328125,1.4815223217010498,-5.895532468891183,0.3063579773383263,7.816260814666748,da3_bbox_median,1920.0,1280.0,image_root
right_rear,22,1772699912410553000,data\camera\right_rear_camera\1772699912410553000.jpg,-1,0,bicycle,0.397336,302.0,592.0,489.0,740.0,302.0,592.0,489.0,740.0,unassigned,5,BICYCLE,preprocessed/masks/right_rear_camera/masks/frame_000022_gt2d_005_track_-1_BICYCLE.png,0.8897788524627686,395.5,666.0,7.654834747314453,7.793448448181152,0.41339588165283203,1.9894356727600098,-3.8403618354826814,0.18070654681441278,7.654834747314453,da3_bbox_median,1920.0,1280.0,image_root
right_rear,22,1772699912410553000,data\camera\right_rear_camera\1772699912410553000.jpg,-1,2,motorcycle,0.379389,603.0,581.0,749.0,727.0,603.0,581.0,749.0,727.0,unassigned,7,MOTOR,preprocessed/masks/right_rear_camera/masks/frame_000022_gt2d_007_track_-1_MOTOR.png,0.9054552912712097,676.0,654.0,8.546419143676758,8.507150650024414,0.4197406768798828,1.7677940130233765,-2.1519004162263,0.1104015089139736,8.546419143676758,da3_bbox_median,1920.0,1280.0,image_root
right_rear,22,1772699912410553000,data\camera\right_rear_camera\1772699912410553000.jpg,2000017,2,motorcycle,0.390018,1359.0,586.0,1403.0,680.0,1360.620849609375,587.506103515625,1405.4588623046875,680.5263061523438,matched,6,CYCLIST_MOTOR,preprocessed/masks/right_rear_camera/masks/frame_000022_gt2d_006_track_-1_CYCLIST_MOTOR.png,0.8695396184921265,1381.0,633.0,14.25967025756836,15.729124069213867,0.8508634567260742,1.0931932926177979,5.365977779469548,-0.08253290104787307,14.25967025756836,da3_bbox_median,1920.0,1280.0,image_root
right_rear,22,1772699912410553000,data\camera\right_rear_camera\1772699912410553000.jpg,2000019,2,motorcycle,0.53755,670.0,578.0,816.0,731.0,663.7017822265625,580.337158203125,801.7017822265625,732.7371826171875,matched,1,MOTOR,preprocessed/masks/right_rear_camera/masks/frame_000022_gt2d_001_track_-1_MOTOR.png,0.876579999923706,743.0,654.5,8.848873138427734,8.949199676513672,0.4636497497558594,1.5899850130081177,-1.699855178805982,0.1182496305114325,8.848873138427734,da3_bbox_median,1920.0,1280.0,image_root
right_rear,22,1772699912410553000,data\camera\right_rear_camera\1772699912410553000.jpg,3000019,3,person,0.566379,1806.0,604.0,1826.0,660.0,1807.8648681640625,605.5496215820312,1828.3233642578125,662.0836791992188,matched,0,PEDESTRIAN_NORMAL,preprocessed/masks/right_rear_camera/masks/frame_000022_gt2d_000_track_-1_PEDESTRIAN_NORMAL.png,0.7612764239311218,1816.0,632.0,27.958484649658203,29.48969078063965,5.849893569946289,1.0001227855682373,21.356143236833447,-0.18672363292684022,27.958484649658203,da3_bbox_median,1920.0,1280.0,image_root
right_rear,23,1772699912510561000,data\camera\right_rear_camera\1772699912510561000.jpg,-1,0,bicycle,0.484264,211.0,600.0,315.0,735.0,211.0,600.0,315.0,735.0,unassigned,2,BICYCLE,preprocessed/masks/right_rear_camera/masks/frame_000023_gt2d_002_track_-1_BICYCLE.png,0.8899660706520081,263.0,667.5,8.624836921691895,8.617300033569336,1.8356637954711914,1.6604090929031372,-5.345131327739023,0.21512908714495382,8.624836921691895,da3_bbox_median,1920.0,1280.0,image_root
right_rear,23,1772699912510561000,data\camera\right_rear_camera\1772699912510561000.jpg,-1,2,motorcycle,0.415512,748.0,568.0,889.0,704.0,748.0,568.0,889.0,704.0,unassigned,4,MOTOR,preprocessed/masks/right_rear_camera/masks/frame_000023_gt2d_004_track_-1_MOTOR.png,0.9013607501983643,818.5,636.0,9.30501937866211,9.387568473815918,0.48324012756347656,1.6658835411071777,-1.161587473438556,-0.028990800102220233,9.30501937866211,da3_bbox_median,1920.0,1280.0,image_root
right_rear,23,1772699912510561000,data\camera\right_rear_camera\1772699912510561000.jpg,-1,2,motorcycle,0.381531,350.0,577.0,522.0,726.0,350.0,577.0,522.0,726.0,unassigned,5,MOTOR,preprocessed/masks/right_rear_camera/masks/frame_000023_gt2d_005_track_-1_MOTOR.png,0.9246833324432373,436.0,651.5,8.06922721862793,8.2528715133667,0.20161724090576172,2.013646364212036,-3.7571049056494674,0.08626807329316968,8.06922721862793,da3_bbox_median,1920.0,1280.0,image_root
right_rear,23,1772699912510561000,data\camera\right_rear_camera\1772699912510561000.jpg,-1,2,motorcycle,0.35336,743.0,567.0,827.0,704.0,743.0,567.0,827.0,704.0,unassigned,6,MOTOR,preprocessed/masks/right_rear_camera/masks/frame_000023_gt2d_006_track_-1_MOTOR.png,0.8760913610458374,785.0,635.5,9.116562843322754,9.226058959960938,0.3930692672729492,1.6644953489303589,-1.4101509789453337,-0.032463926400738016,9.116562843322754,da3_bbox_median,1920.0,1280.0,image_root
right_rear,23,1772699912510561000,data\camera\right_rear_camera\1772699912510561000.jpg,-1,0,bicycle,0.352643,895.0,596.0,973.0,689.0,895.0,596.0,973.0,689.0,unassigned,7,BICYCLE,preprocessed/masks/right_rear_camera/masks/frame_000023_gt2d_007_track_-1_BICYCLE.png,0.8030932545661926,934.0,642.5,9.794502258300781,9.778884887695312,0.18562602996826172,1.8947875499725342,-0.21483227759871065,0.02619302212712116,9.794502258300781,da3_bbox_median,1920.0,1280.0,image_root
right_rear,23,1772699912510561000,data\camera\right_rear_camera\1772699912510561000.jpg,-1,3,person,0.336248,1313.0,568.0,1341.0,649.0,1313.0,568.0,1341.0,649.0,unassigned,8,PEDESTRIAN_NORMAL,preprocessed/masks/right_rear_camera/masks/frame_000023_gt2d_008_track_-1_PEDESTRIAN_NORMAL.png,0.8284882307052612,1327.0,608.5,14.151857376098633,14.77563762664795,0.9141387939453125,1.1252243518829346,4.644570759191183,-0.3907497266986412,14.151857376098633,da3_bbox_median,1920.0,1280.0,image_root
right_rear,23,1772699912510561000,data\camera\right_rear_camera\1772699912510561000.jpg,-1,3,person,0.304382,1816.0,595.0,1839.0,650.0,1816.0,595.0,1839.0,650.0,unassigned,9,PEDESTRIAN_NORMAL,preprocessed/masks/right_rear_camera/masks/frame_000023_gt2d_009_track_-1_PEDESTRIAN_NORMAL.png,0.8418704271316528,1827.5,622.5,29.1520938873291,29.565595626831055,2.352825164794922,1.0001331567764282,22.566562003182952,-0.441383571187595,29.1520938873291,da3_bbox_median,1920.0,1280.0,image_root
right_rear,23,1772699912510561000,data\camera\right_rear_camera\1772699912510561000.jpg,-1,3,person,0.300119,1822.0,597.0,1846.0,650.0,1822.0,597.0,1846.0,650.0,unassigned,10,PEDESTRIAN_NORMAL,preprocessed/masks/right_rear_camera/masks/frame_000023_gt2d_010_track_-1_PEDESTRIAN_NORMAL.png,0.8340005874633789,1834.0,623.5,29.532106399536133,29.94568634033203,2.543710708618164,1.0000733137130737,23.03174736281222,-0.4208315480337319,29.532106399536133,da3_bbox_median,1920.0,1280.0,image_root
right_rear,23,1772699912510561000,data\camera\right_rear_camera\1772699912510561000.jpg,2000017,2,motorcycle,0.416415,1368.0,572.0,1406.0,661.0,1367.852294921875,574.951171875,1406.8349609375,665.270751953125,matched,3,CYCLIST_MOTOR,preprocessed/masks/right_rear_camera/masks/frame_000023_gt2d_003_track_-1_CYCLIST_MOTOR.png,0.8544926643371582,1387.0,616.5,14.958511352539062,15.96102523803711,0.8484325408935547,1.1490615606307983,5.70891527351275,-0.30642821552333743,14.958511352539062,da3_bbox_median,1920.0,1280.0,image_root
right_rear,23,1772699912510561000,data\camera\right_rear_camera\1772699912510561000.jpg,2000020,2,motorcycle,0.704112,0.0,576.0,97.0,741.0,0.0,576.0,97.0,741.0,tentative,0,MOTOR,preprocessed/masks/right_rear_camera/masks/frame_000023_gt2d_000_track_-1_MOTOR.png,0.9255109429359436,48.5,658.5,6.200967788696289,6.557783126831055,0.35666465759277344,1.967760443687439,-5.027980862557515,0.10495904668570065,6.200967788696289,da3_bbox_median,1920.0,1280.0,image_root
right_rear,23,1772699912510561000,data\camera\right_rear_camera\1772699912510561000.jpg,3000019,3,person,0.679307,1811.0,592.0,1833.0,649.0,1811.676025390625,594.1734008789062,1833.2406005859375,650.896484375,matched,1,PEDESTRIAN_NORMAL,preprocessed/masks/right_rear_camera/masks/frame_000023_gt2d_001_track_-1_PEDESTRIAN_NORMAL.png,0.7440199255943298,1822.0,620.5,28.936634063720703,30.100608825683594,4.395296096801758,1.0001815557479858,22.25798485201855,-0.489671892097174,28.936634063720703,da3_bbox_median,1920.0,1280.0,image_root
right_rear,24,1772699912610537000,data\camera\right_rear_camera\1772699912610537000.jpg,-1,2,motorcycle,0.497548,832.0,583.0,947.0,705.0,832.0,583.0,947.0,705.0,unassigned,3,MOTOR,preprocessed/masks/right_rear_camera/masks/frame_000024_gt2d_003_track_-1_MOTOR.png,0.9075465798377991,889.5,644.0,9.244023323059082,9.202733039855957,0.40686988830566406,1.8854998350143433,-0.5692435126720407,0.03707205193533706,9.244023323059082,da3_bbox_median,1920.0,1280.0,image_root
right_rear,24,1772699912610537000,data\camera\right_rear_camera\1772699912610537000.jpg,-1,3,person,0.488623,1334.0,578.0,1365.0,658.0,1334.0,578.0,1365.0,658.0,unassigned,4,PEDESTRIAN_NORMAL,preprocessed/masks/right_rear_camera/masks/frame_000024_gt2d_004_track_-1_PEDESTRIAN_NORMAL.png,0.8433833122253418,1349.5,618.0,14.837093353271484,16.280616760253906,3.9375667572021484,1.2091748714447021,5.166879708347966,-0.28411676069958175,14.837093353271484,da3_bbox_median,1920.0,1280.0,image_root
right_rear,24,1772699912610537000,data\camera\right_rear_camera\1772699912610537000.jpg,-1,2,motorcycle,0.442645,955.0,599.0,1037.0,695.0,955.0,599.0,1037.0,695.0,unassigned,5,MOTOR,preprocessed/masks/right_rear_camera/masks/frame_000024_gt2d_005_track_-1_MOTOR.png,0.8420113325119019,996.0,647.0,9.848910331726074,9.868719100952148,0.28737640380859375,2.00920033454895,0.3279951723808428,0.06581659054444913,9.848910331726074,da3_bbox_median,1920.0,1280.0,image_root
right_rear,24,1772699912610537000,data\camera\right_rear_camera\1772699912610537000.jpg,-1,2,motorcycle,0.417369,360.0,591.0,572.0,744.0,360.0,591.0,572.0,744.0,unassigned,6,MOTOR,preprocessed/masks/right_rear_camera/masks/frame_000024_gt2d_006_track_-1_MOTOR.png,0.8938946723937988,466.0,667.5,8.099458694458008,8.388336181640625,1.2284893989562988,1.9124475717544556,-3.55470338073415,0.202024591436009,8.099458694458008,da3_bbox_median,1920.0,1280.0,image_root
right_rear,24,1772699912610537000,data\camera\right_rear_camera\1772699912610537000.jpg,-1,2,motorcycle,0.403473,488.0,584.0,615.0,730.0,488.0,584.0,615.0,730.0,unassigned,7,MOTOR,preprocessed/masks/right_rear_camera/masks/frame_000024_gt2d_007_track_-1_MOTOR.png,0.9369335174560547,551.5,657.0,8.018972396850586,8.103860855102539,0.2547121047973633,1.9899860620498657,-2.9085492370217634,0.1250166889029636,8.018972396850586,da3_bbox_median,1920.0,1280.0,image_root
right_rear,24,1772699912610537000,data\camera\right_rear_camera\1772699912610537000.jpg,-1,3,person,0.381926,1618.0,589.0,1648.0,663.0,1618.0,589.0,1648.0,663.0,unassigned,8,PEDESTRIAN_NORMAL,preprocessed/masks/right_rear_camera/masks/frame_000024_gt2d_008_track_-1_PEDESTRIAN_NORMAL.png,0.8802568912506104,1633.0,626.0,19.4324951171875,20.97093963623047,0.7846221923828125,1.1512361764907837,11.675329547252812,-0.23363874517958744,19.4324951171875,da3_bbox_median,1920.0,1280.0,image_root
right_rear,24,1772699912610537000,data\camera\right_rear_camera\1772699912610537000.jpg,-1,2,motorcycle,0.342343,41.0,575.0,266.0,742.0,41.0,575.0,266.0,742.0,unassigned,9,MOTOR,preprocessed/masks/right_rear_camera/masks/frame_000024_gt2d_009_track_-1_MOTOR.png,0.7995111346244812,153.5,658.5,7.0926361083984375,7.349771499633789,1.2306742668151855,1.7759883403778076,-5.0874921624588865,0.12005163545327663,7.0926361083984375,da3_bbox_median,1920.0,1280.0,image_root
right_rear,24,1772699912610537000,data\camera\right_rear_camera\1772699912610537000.jpg,-1,2,motorcycle,0.30415,440.0,594.0,573.0,746.0,440.0,594.0,573.0,746.0,unassigned,10,MOTOR,preprocessed/masks/right_rear_camera/masks/frame_000024_gt2d_010_track_-1_MOTOR.png,0.93692946434021,506.5,670.0,7.978147029876709,8.16633129119873,0.5221085548400879,2.03037166595459,-3.2135943688818225,0.21676502741693623,7.978147029876709,da3_bbox_median,1920.0,1280.0,image_root
right_rear,24,1772699912610537000,data\camera\right_rear_camera\1772699912610537000.jpg,1,0,bicycle,0.576578,358.0,591.0,451.0,739.0,358.0,591.0,451.0,739.0,tentative,2,BICYCLE,preprocessed/masks/right_rear_camera/masks/frame_000024_gt2d_002_track_-1_BICYCLE.png,0.9203659296035767,404.5,665.0,8.784236907958984,8.682825088500977,1.9300236701965332,1.7828422784805298,-4.336538778311667,0.1995436284729681,8.784236907958984,da3_bbox_median,1920.0,1280.0,image_root
right_rear,24,1772699912610537000,data\camera\right_rear_camera\1772699912610537000.jpg,2000021,2,motorcycle,0.639568,622.0,588.0,748.0,716.0,622.0,588.0,748.0,716.0,tentative,0,MOTOR,preprocessed/masks/right_rear_camera/masks/frame_000024_gt2d_000_track_-1_MOTOR.png,0.8752288222312927,685.0,652.0,8.345666885375977,8.228710174560547,0.2545585632324219,2.04093074798584,-2.034435638793983,0.09294043443351227,8.345666885375977,da3_bbox_median,1920.0,1280.0,image_root
right_rear,24,1772699912610537000,data\camera\right_rear_camera\1772699912610537000.jpg,3000019,3,person,0.605964,1815.0,598.0,1837.0,653.0,1815.8035888671875,593.0104370117188,1837.697021484375,648.3230590820312,matched,1,PEDESTRIAN_NORMAL,preprocessed/masks/right_rear_camera/masks/frame_000024_gt2d_001_track_-1_PEDESTRIAN_NORMAL.png,0.6981155872344971,1826.0,625.5,29.94661521911621,30.77561378479004,4.4023590087890625,1.0008152723312378,23.141579176005685,-0.3733884694876658,29.94661521911621,da3_bbox_median,1920.0,1280.0,image_root
right_rear,25,1772699912710545000,data\camera\right_rear_camera\1772699912710545000.jpg,-1,2,motorcycle,0.470487,897.0,592.0,1004.0,704.0,897.0,592.0,1004.0,704.0,unassigned,3,MOTOR,preprocessed/masks/right_rear_camera/masks/frame_000025_gt2d_003_track_-1_MOTOR.png,0.8961837887763977,950.5,648.0,10.289823532104492,10.182476043701172,0.7105426788330078,1.6011433601379395,-0.07443544127761104,0.07792869551670752,10.289823532104492,da3_bbox_median,1920.0,1280.0,image_root
right_rear,25,1772699912710545000,data\camera\right_rear_camera\1772699912710545000.jpg,-1,2,motorcycle,0.440848,552.0,598.0,688.0,740.0,552.0,598.0,688.0,740.0,unassigned,4,MOTOR,preprocessed/masks/right_rear_camera/masks/frame_000025_gt2d_004_track_-1_MOTOR.png,0.9256256818771362,620.0,669.0,8.826028823852539,8.904325485229492,0.1456737518310547,1.6847424507141113,-2.6626441594100347,0.23194007184061396,8.826028823852539,da3_bbox_median,1920.0,1280.0,image_root
right_rear,25,1772699912710545000,data\camera\right_rear_camera\1772699912710545000.jpg,-1,2,motorcycle,0.427407,1012.0,609.0,1098.0,698.0,1012.0,609.0,1098.0,698.0,unassigned,5,MOTOR,preprocessed/masks/right_rear_camera/masks/frame_000025_gt2d_005_track_-1_MOTOR.png,0.8554449081420898,1055.0,653.5,11.255911827087402,11.239051818847656,0.2704439163208008,1.4207322597503662,0.9665068493619726,0.14038928174404514,11.255911827087402,da3_bbox_median,1920.0,1280.0,image_root
right_rear,25,1772699912710545000,data\camera\right_rear_camera\1772699912710545000.jpg,2,0,bicycle,0.692112,461.0,602.0,567.0,739.0,461.0,602.0,567.0,739.0,tentative,0,BICYCLE,preprocessed/masks/right_rear_camera/masks/frame_000025_gt2d_000_track_-1_BICYCLE.png,0.8716001510620117,514.0,670.5,9.002632141113281,9.01832103729248,0.6343441009521484,1.4661062955856323,-3.566102288333303,0.24860967160325526,9.002632141113281,da3_bbox_median,1920.0,1280.0,image_root
right_rear,25,1772699912710545000,data\camera\right_rear_camera\1772699912710545000.jpg,3,0,bicycle,0.557634,698.0,606.0,800.0,721.0,698.0,606.0,800.0,721.0,tentative,2,BICYCLE,preprocessed/masks/right_rear_camera/masks/frame_000025_gt2d_002_track_-1_BICYCLE.png,0.8881796598434448,749.0,663.5,9.242000579833984,9.2363862991333,0.24732112884521484,1.668950080871582,-1.7259714150339125,0.1975937854416444,9.242000579833984,da3_bbox_median,1920.0,1280.0,image_root
right_rear,25,1772699912710545000,data\camera\right_rear_camera\1772699912710545000.jpg,3000019,3,person,0.565578,1821.0,608.0,1842.0,663.0,1820.8182373046875,606.3367919921875,1842.10498046875,661.2217407226562,matched,1,PEDESTRIAN_NORMAL,preprocessed/masks/right_rear_camera/masks/frame_000025_gt2d_001_track_-1_PEDESTRIAN_NORMAL.png,0.7727364897727966,1831.5,635.5,30.252548217773438,30.24364471435547,2.307605743408203,1.000038981437683,23.52623055587782,-0.10772881355125047,30.252548217773438,da3_bbox_median,1920.0,1280.0,image_root
right_rear,26,1772699912810552000,data\camera\right_rear_camera\1772699912810552000.jpg,-1,3,person,0.4772,1373.0,592.0,1406.0,677.0,1373.0,592.0,1406.0,677.0,unassigned,4,PEDESTRIAN_NORMAL,preprocessed/masks/right_rear_camera/masks/frame_000026_gt2d_004_track_-1_PEDESTRIAN_NORMAL.png,0.8302236199378967,1389.5,634.5,16.13050079345703,16.92047119140625,0.5862007141113281,1.0661360025405884,6.1921322100688485,-0.07180866325234621,16.13050079345703,da3_bbox_median,1920.0,1280.0,image_root
right_rear,26,1772699912810552000,data\camera\right_rear_camera\1772699912810552000.jpg,-1,2,motorcycle,0.413219,1059.0,610.0,1140.0,702.0,1059.0,610.0,1140.0,702.0,unassigned,5,MOTOR,preprocessed/masks/right_rear_camera/masks/frame_000026_gt2d_005_track_-1_MOTOR.png,0.8400943279266357,1099.5,656.0,11.997525215148926,12.004486083984375,0.42302989959716797,1.261850357055664,1.505836493249703,0.17635599876584013,11.997525215148926,da3_bbox_median,1920.0,1280.0,image_root
right_rear,26,1772699912810552000,data\camera\right_rear_camera\1772699912810552000.jpg,-1,3,person,0.351491,1833.0,616.0,1854.0,667.0,1833.0,616.0,1854.0,667.0,unassigned,6,PEDESTRIAN_NORMAL,preprocessed/masks/right_rear_camera/masks/frame_000026_gt2d_006_track_-1_PEDESTRIAN_NORMAL.png,0.9153010249137878,1843.5,641.5,34.62854766845703,34.0920295715332,1.5542488098144531,1.0000007152557373,27.299487782865107,0.06176032392413353,34.62854766845703,da3_bbox_median,1920.0,1280.0,image_root
right_rear,26,1772699912810552000,data\camera\right_rear_camera\1772699912810552000.jpg,-1,0,bicycle,0.3335,423.0,599.0,516.0,739.0,423.0,599.0,516.0,739.0,unassigned,7,BICYCLE,preprocessed/masks/right_rear_camera/masks/frame_000026_gt2d_007_track_-1_BICYCLE.png,0.8778259754180908,469.5,669.0,8.578484535217285,8.62686824798584,0.3394784927368164,1.4647984504699707,-3.7381895933027702,0.22543483134846556,8.578484535217285,da3_bbox_median,1920.0,1280.0,image_root
right_rear,26,1772699912810552000,data\camera\right_rear_camera\1772699912810552000.jpg,-1,2,motorcycle,0.333294,962.0,601.0,1060.0,706.0,962.0,601.0,1060.0,706.0,unassigned,8,MOTOR,preprocessed/masks/right_rear_camera/masks/frame_000026_gt2d_008_track_-1_MOTOR.png,0.8554248809814453,1011.0,653.5,11.208101272583008,11.06146240234375,0.8119020462036133,1.3498024940490723,0.5230416543573718,0.13979296493650728,11.208101272583008,da3_bbox_median,1920.0,1280.0,image_root
right_rear,26,1772699912810552000,data\camera\right_rear_camera\1772699912810552000.jpg,4,0,bicycle,0.656189,557.0,606.0,656.0,738.0,557.0,606.0,656.0,738.0,tentative,0,BICYCLE,preprocessed/masks/right_rear_camera/masks/frame_000026_gt2d_000_track_-1_BICYCLE.png,0.8811489343643188,606.5,672.0,9.392158508300781,9.424907684326172,0.2847270965576172,1.3490209579467773,-2.9463973039569025,0.2719156072370724,9.392158508300781,da3_bbox_median,1920.0,1280.0,image_root
right_rear,26,1772699912810552000,data\camera\right_rear_camera\1772699912810552000.jpg,2000019,2,motorcycle,0.50429,649.0,608.0,776.0,744.0,651.6484375,607.3638916015625,779.1865844726562,743.9066772460938,matched,3,MOTOR,preprocessed/masks/right_rear_camera/masks/frame_000026_gt2d_003_track_-1_MOTOR.png,0.9291819930076599,712.5,676.0,9.688261985778809,9.662693977355957,0.25904083251953125,1.373233675956726,-2.124358386026995,0.3150074268226354,9.688261985778809,da3_bbox_median,1920.0,1280.0,image_root
right_rear,26,1772699912810552000,data\camera\right_rear_camera\1772699912810552000.jpg,2000022,2,motorcycle,0.561401,772.0,603.0,927.0,722.0,772.0,603.0,927.0,722.0,tentative,2,MOTOR,preprocessed/masks/right_rear_camera/masks/frame_000026_gt2d_002_track_-1_MOTOR.png,0.8741272687911987,849.5,662.5,10.255794525146484,10.275128364562988,0.21769428253173828,1.3481383323669434,-0.9970291389680412,0.2101333441032933,10.255794525146484,da3_bbox_median,1920.0,1280.0,image_root
right_rear,26,1772699912810552000,data\camera\right_rear_camera\1772699912810552000.jpg,3000019,3,person,0.610926,1824.0,611.0,1845.0,665.0,1824.6448974609375,612.46728515625,1845.7110595703125,666.5291748046875,matched,1,PEDESTRIAN_NORMAL,preprocessed/masks/right_rear_camera/masks/frame_000026_gt2d_001_track_-1_PEDESTRIAN_NORMAL.png,0.7577356100082397,1834.5,638.0,34.34800720214844,34.09191131591797,1.48016357421875,1.000000238418579,26.802913115348957,-0.04582406913031312,34.34800720214844,da3_bbox_median,1920.0,1280.0,image_root
right_rear,27,1772699912910560000,data\camera\right_rear_camera\1772699912910560000.jpg,-1,2,motorcycle,0.498558,125.0,616.0,229.0,751.0,125.0,616.0,229.0,751.0,unassigned,3,MOTOR,preprocessed/masks/right_rear_camera/masks/frame_000027_gt2d_003_track_-1_MOTOR.png,0.8855192065238953,177.0,683.5,7.661192417144775,7.6613850593566895,0.14183378219604492,1.5117539167404175,-5.334914787924647,0.30028007874456597,7.661192417144775,da3_bbox_median,1920.0,1280.0,image_root
right_rear,27,1772699912910560000,data\camera\right_rear_camera\1772699912910560000.jpg,-1,0,bicycle,0.340308,652.0,619.0,759.0,726.0,652.0,619.0,759.0,726.0,unassigned,5,BICYCLE,preprocessed/masks/right_rear_camera/masks/frame_000027_gt2d_005_track_-1_BICYCLE.png,0.7539761662483215,705.5,672.5,10.088010787963867,10.047051429748535,0.4257774353027344,1.342790961265564,-2.274924682057028,0.29655440673491434,10.088010787963867,da3_bbox_median,1920.0,1280.0,image_root
right_rear,27,1772699912910560000,data\camera\right_rear_camera\1772699912910560000.jpg,-1,0,bicycle,0.339028,249.0,620.0,388.0,752.0,249.0,620.0,388.0,752.0,unassigned,6,BICYCLE,preprocessed/masks/right_rear_camera/masks/frame_000027_gt2d_006_track_-1_BICYCLE.png,0.9118326902389526,318.5,686.0,8.181985855102539,8.156961441040039,0.26041698455810547,1.5610300302505493,-4.6661159734502915,0.338912785848102,8.181985855102539,da3_bbox_median,1920.0,1280.0,image_root
right_rear,27,1772699912910560000,data\camera\right_rear_camera\1772699912910560000.jpg,-1,2,motorcycle,0.322452,1063.0,609.0,1190.0,710.0,1063.0,609.0,1190.0,710.0,unassigned,7,MOTOR,preprocessed/masks/right_rear_camera/masks/frame_000027_gt2d_007_track_-1_MOTOR.png,0.8690675497055054,1126.5,659.5,12.217268943786621,12.227361679077148,0.49518871307373047,1.2195041179656982,1.8272994116114043,0.217674898396311,12.217268943786621,da3_bbox_median,1920.0,1280.0,image_root
right_rear,27,1772699912910560000,data\camera\right_rear_camera\1772699912910560000.jpg,-1,3,person,0.305716,1375.0,590.0,1421.0,681.0,1375.0,590.0,1421.0,681.0,unassigned,8,PEDESTRIAN_NORMAL,preprocessed/masks/right_rear_camera/masks/frame_000027_gt2d_008_track_-1_PEDESTRIAN_NORMAL.png,0.8135982751846313,1398.0,635.5,16.18198013305664,17.180444717407227,0.7039051055908203,1.0248490571975708,6.334436319661049,-0.05762375810775259,16.18198013305664,da3_bbox_median,1920.0,1280.0,image_root
right_rear,27,1772699912910560000,data\camera\right_rear_camera\1772699912910560000.jpg,2000019,2,motorcycle,0.45906,730.0,614.0,866.0,736.0,717.7599487304688,614.9977416992188,851.1188354492188,739.6192016601562,matched,4,MOTOR,preprocessed/masks/right_rear_camera/masks/frame_000027_gt2d_004_track_-1_MOTOR.png,0.8867772221565247,798.0,675.0,10.451730728149414,10.426617622375488,0.33313560485839844,1.3288373947143555,-1.495624222019369,0.33052124242651276,10.451730728149414,da3_bbox_median,1920.0,1280.0,image_root
right_rear,27,1772699912910560000,data\camera\right_rear_camera\1772699912910560000.jpg,2000022,2,motorcycle,0.595498,842.0,605.0,979.0,715.0,835.9439086914062,605.9979248046875,976.5438842773438,717.7979736328125,matched,1,MOTOR,preprocessed/masks/right_rear_camera/masks/frame_000027_gt2d_001_track_-1_MOTOR.png,0.8694619536399841,910.5,660.0,10.981441497802734,10.939988136291504,0.1798267364501953,1.280373454093933,-0.4707792159423802,0.20054703146942754,10.981441497802734,da3_bbox_median,1920.0,1280.0,image_root
right_rear,27,1772699912910560000,data\camera\right_rear_camera\1772699912910560000.jpg,2000023,2,motorcycle,0.564683,0.0,580.0,57.0,761.0,0.0,580.0,57.0,761.0,tentative,2,MOTOR,preprocessed/masks/right_rear_camera/masks/frame_000027_gt2d_002_track_-1_MOTOR.png,0.9036840796470642,28.5,670.5,7.242105484008789,7.333905220031738,0.1360936164855957,1.5716818571090698,-6.001216786722985,0.19999233978174202,7.242105484008789,da3_bbox_median,1920.0,1280.0,image_root
right_rear,27,1772699912910560000,data\camera\right_rear_camera\1772699912910560000.jpg,3000020,3,person,0.608044,1830.0,610.0,1850.0,662.0,1830.0,610.0,1850.0,662.0,tentative,0,PEDESTRIAN_NORMAL,preprocessed/masks/right_rear_camera/masks/frame_000027_gt2d_000_track_-1_PEDESTRIAN_NORMAL.png,0.6502607464790344,1840.0,636.0,33.148075103759766,33.26436996459961,2.693723678588867,1.0000001192092896,26.028991883383537,-0.10327643393308603,33.148075103759766,da3_bbox_median,1920.0,1280.0,image_root
right_rear,28,1772699913010523000,data\camera\right_rear_camera\1772699913010523000.jpg,-1,0,bicycle,0.47379,894.0,605.0,1037.0,722.0,894.0,605.0,1037.0,722.0,unassigned,1,BICYCLE,preprocessed/masks/right_rear_camera/masks/frame_000028_gt2d_001_track_-1_BICYCLE.png,0.841951847076416,965.5,663.5,11.716850280761719,11.713845252990723,0.4307527542114258,1.4117176532745361,0.07182215017169595,0.2505060219840724,11.716850280761719,da3_bbox_median,1920.0,1280.0,image_root
right_rear,28,1772699913010523000,data\camera\right_rear_camera\1772699913010523000.jpg,-1,2,motorcycle,0.448887,47.0,578.0,203.0,748.0,47.0,578.0,203.0,748.0,unassigned,2,MOTOR,preprocessed/masks/right_rear_camera/masks/frame_000028_gt2d_002_track_-1_MOTOR.png,0.8717083930969238,125.0,663.0,7.75643253326416,8.188076972961426,0.8918666839599609,1.6382124423980713,-5.760572025661986,0.16237785465765384,7.75643253326416,da3_bbox_median,1920.0,1280.0,image_root
right_rear,28,1772699913010523000,data\camera\right_rear_camera\1772699913010523000.jpg,-1,2,motorcycle,0.436546,284.0,595.0,373.0,741.0,284.0,595.0,373.0,741.0,unassigned,3,MOTOR,preprocessed/masks/right_rear_camera/masks/frame_000028_gt2d_003_track_-1_MOTOR.png,0.9245241284370422,328.5,668.0,8.482221603393555,8.622591972351074,0.17619037628173828,1.668076515197754,-4.761768553335448,0.2153496007274697,8.482221603393555,da3_bbox_median,1920.0,1280.0,image_root
right_rear,28,1772699913010523000,data\camera\right_rear_camera\1772699913010523000.jpg,-1,0,bicycle,0.425523,699.0,615.0,824.0,719.0,699.0,615.0,824.0,719.0,unassigned,4,BICYCLE,preprocessed/masks/right_rear_camera/masks/frame_000028_gt2d_004_track_-1_BICYCLE.png,0.6886590719223022,761.5,667.0,10.356621742248535,10.560661315917969,0.41433238983154297,1.627219557762146,-1.8187945623668882,0.25371237816586906,10.356621742248535,da3_bbox_median,1920.0,1280.0,image_root
right_rear,28,1772699913010523000,data\camera\right_rear_camera\1772699913010523000.jpg,-1,3,person,0.409165,1409.0,590.0,1440.0,670.0,1409.0,590.0,1440.0,670.0,unassigned,5,PEDESTRIAN_NORMAL,preprocessed/masks/right_rear_camera/masks/frame_000028_gt2d_005_track_-1_PEDESTRIAN_NORMAL.png,0.8041808605194092,1424.5,630.0,16.729156494140625,18.05134391784668,0.5153293609619141,1.0638995170593262,6.943590752880379,-0.14153035076108977,16.729156494140625,da3_bbox_median,1920.0,1280.0,image_root
right_rear,28,1772699913010523000,data\camera\right_rear_camera\1772699913010523000.jpg,-1,2,motorcycle,0.36105,1124.0,606.0,1230.0,700.0,1124.0,606.0,1230.0,700.0,unassigned,6,MOTOR,preprocessed/masks/right_rear_camera/masks/frame_000028_gt2d_006_track_-1_MOTOR.png,0.8843666911125183,1177.0,653.0,12.827380180358887,12.863897323608398,0.5660581588745117,1.3579000234603882,2.4956703871469377,0.1542764238701928,12.827380180358887,da3_bbox_median,1920.0,1280.0,image_root
right_rear,28,1772699913010523000,data\camera\right_rear_camera\1772699913010523000.jpg,3000020,3,person,0.554085,1835.0,609.0,1857.0,662.0,1835.89453125,609.5792846679688,1857.4945068359375,662.3792724609375,matched,0,PEDESTRIAN_NORMAL,preprocessed/masks/right_rear_camera/masks/frame_000028_gt2d_000_track_-1_PEDESTRIAN_NORMAL.png,0.7553937435150146,1846.0,635.5,35.19575500488281,34.930015563964844,3.3864784240722656,1.0000015497207642,27.825037824421173,-0.1253314894805767,35.19575500488281,da3_bbox_median,1920.0,1280.0,image_root
right_rear,29,1772699913110653000,data\camera\right_rear_camera\1772699913110653000.jpg,-1,0,bicycle,0.499464,840.0,608.0,1010.0,724.0,840.0,608.0,1010.0,724.0,unassigned,0,BICYCLE,preprocessed/masks/right_rear_camera/masks/frame_000029_gt2d_000_track_-1_BICYCLE.png,0.9045432209968567,925.0,666.0,10.50201416015625,10.479418754577637,0.8296079635620117,1.84866464138031,-0.314558318404324,0.24791948828728153,10.50201416015625,da3_bbox_median,1920.0,1280.0,image_root
right_rear,29,1772699913110653000,data\camera\right_rear_camera\1772699913110653000.jpg,-1,2,motorcycle,0.489422,63.0,575.0,348.0,772.0,63.0,575.0,348.0,772.0,unassigned,1,MOTOR,preprocessed/masks/right_rear_camera/masks/frame_000029_gt2d_001_track_-1_MOTOR.png,0.7865850925445557,205.5,673.5,7.481808185577393,8.113248825073242,0.7075905799865723,1.8915464878082275,-5.020028656947324,0.2266050149154662,7.481808185577393,da3_bbox_median,1920.0,1280.0,image_root
right_rear,29,1772699913110653000,data\camera\right_rear_camera\1772699913110653000.jpg,-1,2,motorcycle,0.478423,411.0,590.0,499.0,733.0,411.0,590.0,499.0,733.0,unassigned,2,MOTOR,preprocessed/masks/right_rear_camera/masks/frame_000029_gt2d_002_track_-1_MOTOR.png,0.9255844354629517,455.0,661.5,8.217133522033691,8.243062973022461,0.22705554962158203,1.8547422885894775,-3.68687702643675,0.16104334688867075,8.217133522033691,da3_bbox_median,1920.0,1280.0,image_root
right_rear,29,1772699913110653000,data\camera\right_rear_camera\1772699913110653000.jpg,-1,2,motorcycle,0.43704,62.0,576.0,221.0,768.0,62.0,576.0,221.0,768.0,unassigned,4,MOTOR,preprocessed/masks/right_rear_camera/masks/frame_000029_gt2d_004_track_-1_MOTOR.png,0.8829992413520813,141.5,672.0,7.503304481506348,8.314918518066406,0.6716012954711914,1.7513082027435303,-5.462278925572854,0.21723074547456372,7.503304481506348,da3_bbox_median,1920.0,1280.0,image_root
right_rear,29,1772699913110653000,data\camera\right_rear_camera\1772699913110653000.jpg,-1,2,motorcycle,0.436268,966.0,604.0,1092.0,710.0,966.0,604.0,1092.0,710.0,unassigned,5,MOTOR,preprocessed/masks/right_rear_camera/masks/frame_000029_gt2d_005_track_-1_MOTOR.png,0.8281486630439758,1029.0,657.0,11.144186019897461,11.151311874389648,0.3524045944213867,1.7994542121887207,0.6987721132347892,0.17373912364051203,11.144186019897461,da3_bbox_median,1920.0,1280.0,image_root
right_rear,29,1772699913110653000,data\camera\right_rear_camera\1772699913110653000.jpg,-1,3,person,0.429635,1836.0,610.0,1855.0,662.0,1836.0,610.0,1855.0,662.0,unassigned,6,PEDESTRIAN_NORMAL,preprocessed/masks/right_rear_camera/masks/frame_000029_gt2d_006_track_-1_PEDESTRIAN_NORMAL.png,0.6021791696548462,1845.5,636.0,35.038421630859375,35.17572021484375,4.956245422363281,1.0000345706939697,27.685045198951713,-0.10916601417584643,35.038421630859375,da3_bbox_median,1920.0,1280.0,image_root
right_rear,29,1772699913110653000,data\camera\right_rear_camera\1772699913110653000.jpg,-1,2,motorcycle,0.372611,0.0,600.0,35.0,761.0,0.0,600.0,35.0,761.0,unassigned,8,MOTOR,preprocessed/masks/right_rear_camera/masks/frame_000029_gt2d_008_track_-1_MOTOR.png,0.7565993666648865,17.5,680.5,7.430724143981934,7.877030372619629,0.652855396270752,1.7090507745742798,-6.2303383164578054,0.27139016249902015,7.430724143981934,da3_bbox_median,1920.0,1280.0,image_root
right_rear,29,1772699913110653000,data\camera\right_rear_camera\1772699913110653000.jpg,-1,3,person,0.36419,1841.0,614.0,1861.0,664.0,1841.0,614.0,1861.0,664.0,unassigned,9,PEDESTRIAN_NORMAL,preprocessed/masks/right_rear_camera/masks/frame_000029_gt2d_009_track_-1_PEDESTRIAN_NORMAL.png,0.7537587881088257,1851.0,639.0,35.25025177001953,35.11761474609375,4.059886932373047,1.0000264644622803,28.025146511865554,-0.015628648877382075,35.25025177001953,da3_bbox_median,1920.0,1280.0,image_root
right_rear,29,1772699913110653000,data\camera\right_rear_camera\1772699913110653000.jpg,-1,3,person,0.308945,1426.0,593.0,1458.0,667.0,1426.0,593.0,1458.0,667.0,unassigned,10,PEDESTRIAN_NORMAL,preprocessed/masks/right_rear_camera/masks/frame_000029_gt2d_010_track_-1_PEDESTRIAN_NORMAL.png,0.7899014353752136,1442.0,630.0,16.978771209716797,18.19563102722168,0.5648078918457031,1.127489686012268,7.3119115050699515,-0.14364211642381156,16.978771209716797,da3_bbox_median,1920.0,1280.0,image_root
right_rear,29,1772699913110653000,data\camera\right_rear_camera\1772699913110653000.jpg,2000014,2,motorcycle,0.463901,189.0,583.0,350.0,751.0,189.21017456054688,583.090087890625,350.5483093261719,751.1571655273438,matched,3,MOTOR,preprocessed/masks/right_rear_camera/masks/frame_000029_gt2d_003_track_-1_MOTOR.png,0.8704155683517456,269.5,667.0,7.5670037269592285,8.019942283630371,0.5512218475341797,1.8602300882339478,-4.645732803274855,0.1853734315047024,7.5670037269592285,da3_bbox_median,1920.0,1280.0,image_root
right_rear,29,1772699913110653000,data\camera\right_rear_camera\1772699913110653000.jpg,3000020,3,person,0.3796,1848.0,616.0,1866.0,664.0,1847.8297119140625,614.6609497070312,1866.7239990234375,663.7794799804688,matched,7,PEDESTRIAN_NORMAL,preprocessed/masks/right_rear_camera/masks/frame_000029_gt2d_007_track_-1_PEDESTRIAN_NORMAL.png,0.8430898189544678,1857.0,640.0,35.941871643066406,35.67982482910156,3.7633094787597656,1.0000190734863281,28.7671344286874,0.01607988715973572,35.941871643066406,da3_bbox_median,1920.0,1280.0,image_root
right_rear,30,1772699913210660000,data\camera\right_rear_camera\1772699913210660000.jpg,-1,3,person,0.497632,1841.0,612.0,1861.0,662.0,1841.0,612.0,1861.0,662.0,unassigned,3,PEDESTRIAN_NORMAL,preprocessed/masks/right_rear_camera/masks/frame_000030_gt2d_003_track_-1_PEDESTRIAN_NORMAL.png,0.6403751373291016,1851.0,637.0,35.54759216308594,35.15343475341797,2.5519790649414062,1.0000412464141846,28.261542215758624,-0.07908841975019708,35.54759216308594,da3_bbox_median,1920.0,1280.0,image_root
right_rear,30,1772699913210660000,data\camera\right_rear_camera\1772699913210660000.jpg,-1,2,motorcycle,0.478286,529.0,592.0,610.0,728.0,529.0,592.0,610.0,728.0,unassigned,4,MOTOR,preprocessed/masks/right_rear_camera/masks/frame_000030_gt2d_004_track_-1_MOTOR.png,0.9319314956665039,569.5,660.0,7.859870910644531,7.809475421905518,0.3037271499633789,2.5735769271850586,-2.724797373239182,0.1435397874840076,7.859870910644531,da3_bbox_median,1920.0,1280.0,image_root
right_rear,30,1772699913210660000,data\camera\right_rear_camera\1772699913210660000.jpg,-1,0,bicycle,0.472729,1025.0,609.0,1132.0,707.0,1025.0,609.0,1132.0,707.0,unassigned,5,BICYCLE,preprocessed/masks/right_rear_camera/masks/frame_000030_gt2d_005_track_-1_BICYCLE.png,0.8369097709655762,1078.5,658.0,10.586492538452148,10.533119201660156,0.35126590728759766,2.13541841506958,1.1306699082259133,0.17447452322867052,10.586492538452148,da3_bbox_median,1920.0,1280.0,image_root
right_rear,30,1772699913210660000,data\camera\right_rear_camera\1772699913210660000.jpg,-1,3,person,0.457284,1440.0,592.0,1469.0,664.0,1440.0,592.0,1469.0,664.0,unassigned,6,PEDESTRIAN_NORMAL,preprocessed/masks/right_rear_camera/masks/frame_000030_gt2d_006_track_-1_PEDESTRIAN_NORMAL.png,0.7549936771392822,1454.5,628.0,15.870748519897461,17.584129333496094,1.5729103088378906,1.2447420358657837,7.011484643423573,-0.16254182916576493,15.870748519897461,da3_bbox_median,1920.0,1280.0,image_root
right_rear,30,1772699913210660000,data\camera\right_rear_camera\1772699913210660000.jpg,-1,2,motorcycle,0.392727,112.0,585.0,196.0,749.0,112.0,585.0,196.0,749.0,unassigned,7,MOTOR,preprocessed/masks/right_rear_camera/masks/frame_000030_gt2d_007_track_-1_MOTOR.png,0.9152880311012268,154.0,667.0,6.380976676940918,6.802853107452393,0.318448543548584,2.1405208110809326,-4.5741819929890735,0.15631861508694406,6.380976676940918,da3_bbox_median,1920.0,1280.0,image_root
right_rear,30,1772699913210660000,data\camera\right_rear_camera\1772699913210660000.jpg,-1,2,motorcycle,0.38937,1216.0,604.0,1304.0,698.0,1216.0,604.0,1304.0,698.0,unassigned,8,MOTOR,preprocessed/masks/right_rear_camera/masks/frame_000030_gt2d_008_track_-1_MOTOR.png,0.865222156047821,1260.0,651.0,12.519840240478516,12.547829627990723,0.6177749633789062,1.8469631671905518,3.3616261229612494,0.12827354230908858,12.519840240478516,da3_bbox_median,1920.0,1280.0,image_root
right_rear,30,1772699913210660000,data\camera\right_rear_camera\1772699913210660000.jpg,-1,2,motorcycle,0.313971,15.0,581.0,195.0,762.0,15.0,581.0,195.0,762.0,unassigned,9,MOTOR,preprocessed/masks/right_rear_camera/masks/frame_000030_gt2d_009_track_-1_MOTOR.png,0.8550546169281006,105.0,671.5,6.261333465576172,6.68785285949707,0.5418171882629395,2.2304821014404297,-4.761753247715703,0.17848537872466724,6.261333465576172,da3_bbox_median,1920.0,1280.0,image_root
right_rear,30,1772699913210660000,data\camera\right_rear_camera\1772699913210660000.jpg,2000014,2,motorcycle,0.503871,213.0,567.0,376.0,749.0,209.41160583496094,571.60888671875,371.31842041015625,749.4075927734375,matched,2,MOTOR,preprocessed/masks/right_rear_camera/masks/frame_000030_gt2d_002_track_-1_MOTOR.png,0.8976081609725952,294.5,658.0,6.9908037185668945,7.367438316345215,0.8830466270446777,2.207956075668335,-4.136271948500161,0.11521447177636332,6.9908037185668945,da3_bbox_median,1920.0,1280.0,image_root
right_rear,30,1772699913210660000,data\camera\right_rear_camera\1772699913210660000.jpg,2000022,2,motorcycle,0.5219,925.0,608.0,1066.0,720.0,922.4239501953125,608.1431274414062,1063.4058837890625,720.133544921875,matched,1,MOTOR,preprocessed/masks/right_rear_camera/masks/frame_000030_gt2d_001_track_-1_MOTOR.png,0.8302662372589111,995.5,664.0,9.923369407653809,9.963017463684082,0.4953937530517578,2.2191052436828613,0.32605442653387345,0.21658105127130575,9.923369407653809,da3_bbox_median,1920.0,1280.0,image_root
right_rear,30,1772699913210660000,data\camera\right_rear_camera\1772699913210660000.jpg,2000024,2,motorcycle,0.581916,273.0,583.0,479.0,744.0,273.0,583.0,479.0,744.0,tentative,0,MOTOR,preprocessed/masks/right_rear_camera/masks/frame_000030_gt2d_000_track_-1_MOTOR.png,0.9291762113571167,376.0,663.5,7.175690174102783,7.323457717895508,0.3755817413330078,2.3759632110595703,-3.72464126657236,0.15341611076623096,7.175690174102783,da3_bbox_median,1920.0,1280.0,image_root
right_rear,31,1772699913310637000,data\camera\right_rear_camera\1772699913310637000.jpg,-1,3,person,0.48243,1845.0,612.0,1866.0,664.0,1845.0,612.0,1866.0,664.0,unassigned,4,PEDESTRIAN_NORMAL,preprocessed/masks/right_rear_camera/masks/frame_000031_gt2d_004_track_-1_PEDESTRIAN_NORMAL.png,0.6777635812759399,1855.5,638.0,36.354026794433594,35.74265670776367,2.8772964477539062,1.0001083612442017,29.048432476986154,-0.048500322804438584,36.354026794433594,da3_bbox_median,1920.0,1280.0,image_root
right_rear,31,1772699913310637000,data\camera\right_rear_camera\1772699913310637000.jpg,-1,3,person,0.451653,1455.0,595.0,1483.0,666.0,1455.0,595.0,1483.0,666.0,unassigned,5,PEDESTRIAN_NORMAL,preprocessed/masks/right_rear_camera/masks/frame_000031_gt2d_005_track_-1_PEDESTRIAN_NORMAL.png,0.8169783353805542,1469.0,630.5,16.183391571044922,17.66606903076172,1.7666893005371094,1.2752293348312378,7.358667253137978,-0.12970545718457913,16.183391571044922,da3_bbox_median,1920.0,1280.0,image_root
right_rear,31,1772699913310637000,data\camera\right_rear_camera\1772699913310637000.jpg,-1,2,motorcycle,0.372365,0.0,606.0,32.0,768.0,0.0,606.0,32.0,768.0,unassigned,6,MOTOR,preprocessed/masks/right_rear_camera/masks/frame_000031_gt2d_006_track_-1_MOTOR.png,0.8055579662322998,16.0,687.0,6.266332149505615,6.35524320602417,0.08847522735595703,2.421894073486328,-5.262420522876036,0.2651446404439902,6.266332149505615,da3_bbox_median,1920.0,1280.0,image_root
right_rear,31,1772699913310637000,data\camera\right_rear_camera\1772699913310637000.jpg,-1,3,person,0.33244,1379.0,590.0,1413.0,673.0,1379.0,590.0,1413.0,673.0,unassigned,7,PEDESTRIAN_NORMAL,preprocessed/masks/right_rear_camera/masks/frame_000031_gt2d_007_track_-1_PEDESTRIAN_NORMAL.png,0.8613274693489075,1396.0,631.5,14.725810050964355,16.423011779785156,1.088129997253418,1.4406951665878296,5.738179670158142,-0.10490634417194158,14.725810050964355,da3_bbox_median,1920.0,1280.0,image_root
right_rear,31,1772699913310637000,data\camera\right_rear_camera\1772699913310637000.jpg,-1,3,person,0.328418,993.0,574.0,1052.0,703.0,993.0,574.0,1052.0,703.0,unassigned,8,PEDESTRIAN_NORMAL,preprocessed/masks/right_rear_camera/masks/frame_000031_gt2d_008_track_-1_PEDESTRIAN_NORMAL.png,0.8758822679519653,1022.5,638.5,10.662737846374512,12.159170150756836,2.106447219848633,2.169692277908325,0.6068366772952669,-0.009476370671854372,10.662737846374512,da3_bbox_median,1920.0,1280.0,image_root
right_rear,31,1772699913310637000,data\camera\right_rear_camera\1772699913310637000.jpg,2000014,2,motorcycle,0.507711,185.0,602.0,337.0,758.0,195.78892517089844,591.5934448242188,350.18524169921875,754.9554443359375,matched,3,MOTOR,preprocessed/masks/right_rear_camera/masks/frame_000031_gt2d_003_track_-1_MOTOR.png,0.9001170992851257,261.0,680.0,7.118404388427734,7.279259204864502,0.32889318466186523,2.219017744064331,-4.42422298329359,0.2568130448638733,7.118404388427734,da3_bbox_median,1920.0,1280.0,image_root
right_rear,31,1772699913310637000,data\camera\right_rear_camera\1772699913310637000.jpg,2000022,2,motorcycle,0.591368,976.0,611.0,1121.0,718.0,968.6904296875,610.7930297851562,1112.6905517578125,719.0857543945312,matched,2,MOTOR,preprocessed/masks/right_rear_camera/masks/frame_000031_gt2d_002_track_-1_MOTOR.png,0.8429250717163086,1048.5,664.5,10.853045463562012,10.919229507446289,0.5343189239501953,2.5205461978912354,0.8690647575121048,0.24170522832921948,10.853045463562012,da3_bbox_median,1920.0,1280.0,image_root
right_rear,31,1772699913310637000,data\camera\right_rear_camera\1772699913310637000.jpg,2000024,2,motorcycle,0.675818,343.0,591.0,477.0,746.0,331.0329895019531,589.9633178710938,479.4329833984375,746.163330078125,matched,1,MOTOR,preprocessed/masks/right_rear_camera/masks/frame_000031_gt2d_001_track_-1_MOTOR.png,0.8854265213012695,410.0,668.5,7.758640289306641,7.996459007263184,0.29778194427490234,2.3292236328125,-3.7922120939266395,0.20043456521258385,7.758640289306641,da3_bbox_median,1920.0,1280.0,image_root
right_rear,31,1772699913310637000,data\camera\right_rear_camera\1772699913310637000.jpg,2000025,2,motorcycle,0.690718,420.0,585.0,589.0,733.0,420.0,585.0,589.0,733.0,tentative,0,MOTOR,preprocessed/masks/right_rear_camera/masks/frame_000031_gt2d_000_track_-1_MOTOR.png,0.9354751110076904,504.5,659.0,8.241360664367676,8.450778007507324,0.5891342163085938,2.392949342727661,-3.3343013964709813,0.14316570938813883,8.241360664367676,da3_bbox_median,1920.0,1280.0,image_root
right_rear,32,1772699913410645000,data\camera\right_rear_camera\1772699913410645000.jpg,-1,3,person,0.409066,1851.0,615.0,1871.0,665.0,1851.0,615.0,1871.0,665.0,unassigned,4,PEDESTRIAN_NORMAL,preprocessed/masks/right_rear_camera/masks/frame_000032_gt2d_004_track_-1_PEDESTRIAN_NORMAL.png,0.7017923593521118,1861.0,640.0,32.7779541015625,32.658424377441406,2.0530319213867188,1.000096082687378,26.35160925699626,0.01466439501299033,32.7779541015625,da3_bbox_median,1920.0,1280.0,image_root
right_rear,32,1772699913410645000,data\camera\right_rear_camera\1772699913410645000.jpg,-1,2,motorcycle,0.361642,8.0,633.0,209.0,757.0,8.0,633.0,209.0,757.0,unassigned,5,MOTOR,preprocessed/masks/right_rear_camera/masks/frame_000032_gt2d_005_track_-1_MOTOR.png,0.8535012006759644,108.5,695.0,6.194999694824219,6.211987495422363,0.3293495178222656,2.559889793395996,-4.691989081815173,0.30627188284658075,6.194999694824219,da3_bbox_median,1920.0,1280.0,image_root
right_rear,32,1772699913410645000,data\camera\right_rear_camera\1772699913410645000.jpg,-1,3,person,0.330978,1855.0,616.0,1874.0,667.0,1855.0,616.0,1874.0,667.0,unassigned,6,PEDESTRIAN_NORMAL,preprocessed/masks/right_rear_camera/masks/frame_000032_gt2d_006_track_-1_PEDESTRIAN_NORMAL.png,0.7355474829673767,1864.5,641.5,32.59095001220703,32.167842864990234,2.3389739990234375,1.0002609491348267,26.30289365282553,0.05812625031290655,32.59095001220703,da3_bbox_median,1920.0,1280.0,image_root
right_rear,32,1772699913410645000,data\camera\right_rear_camera\1772699913410645000.jpg,-1,2,motorcycle,0.31419,309.0,625.0,407.0,750.0,309.0,625.0,407.0,750.0,unassigned,7,MOTOR,preprocessed/masks/right_rear_camera/masks/frame_000032_gt2d_007_track_-1_MOTOR.png,0.8748754262924194,358.0,687.5,7.067315101623535,7.074496746063232,0.09398603439331055,2.426319122314453,-3.78172231277335,0.3021838913592573,7.067315101623535,da3_bbox_median,1920.0,1280.0,image_root
right_rear,32,1772699913410645000,data\camera\right_rear_camera\1772699913410645000.jpg,2000022,2,motorcycle,0.430006,1041.0,612.0,1168.0,712.0,1028.9400634765625,612.2180786132812,1161.2386474609375,714.2987670898438,matched,3,MOTOR,preprocessed/masks/right_rear_camera/masks/frame_000032_gt2d_003_track_-1_MOTOR.png,0.8313208818435669,1104.5,662.0,10.893322944641113,10.974618911743164,0.37441158294677734,2.12526535987854,1.4157706275177124,0.21834420473287716,10.893322944641113,da3_bbox_median,1920.0,1280.0,image_root
right_rear,32,1772699913410645000,data\camera\right_rear_camera\1772699913410645000.jpg,2000024,2,motorcycle,0.459554,313.0,616.0,467.0,750.0,317.5491943359375,610.8053588867188,470.6945495605469,749.7278442382812,matched,2,MOTOR,preprocessed/masks/right_rear_camera/masks/frame_000032_gt2d_002_track_-1_MOTOR.png,0.9000685811042786,390.0,683.0,7.139490127563477,7.186239242553711,0.22353696823120117,2.474421739578247,-3.6168017530824192,0.2766522362015897,7.139490127563477,da3_bbox_median,1920.0,1280.0,image_root
right_rear,32,1772699913410645000,data\camera\right_rear_camera\1772699913410645000.jpg,2000025,2,motorcycle,0.639775,468.0,598.0,616.0,735.0,460.7550048828125,595.9218139648438,612.9550170898438,735.121826171875,matched,0,MOTOR,preprocessed/masks/right_rear_camera/masks/frame_000032_gt2d_000_track_-1_MOTOR.png,0.8888609409332275,542.0,666.5,7.962677955627441,8.00275707244873,0.35637950897216797,2.2150444984436035,-2.9555243289819466,0.19152012812337554,7.962677955627441,da3_bbox_median,1920.0,1280.0,image_root
right_rear,32,1772699913410645000,data\camera\right_rear_camera\1772699913410645000.jpg,2000026,2,motorcycle,0.512227,546.0,589.0,702.0,726.0,546.0,589.0,702.0,726.0,tentative,1,MOTOR,preprocessed/masks/right_rear_camera/masks/frame_000032_gt2d_001_track_-1_MOTOR.png,0.8433226346969604,624.0,657.5,8.437362670898438,8.452095985412598,0.5762901306152344,1.9775803089141846,-2.5153231620953482,0.13529722552332155,8.437362670898438,da3_bbox_median,1920.0,1280.0,image_root
right_rear,33,1772699913510652000,data\camera\right_rear_camera\1772699913510652000.jpg,-1,2,motorcycle,0.424575,433.0,610.0,544.0,742.0,433.0,610.0,544.0,742.0,unassigned,3,MOTOR,preprocessed/masks/right_rear_camera/masks/frame_000033_gt2d_003_track_-1_MOTOR.png,0.9132717847824097,488.5,676.0,7.060689926147461,7.143975257873535,0.28811073303222656,2.1963789463043213,-2.957271404537442,0.22957366021821315,7.060689926147461,da3_bbox_median,1920.0,1280.0,image_root
right_rear,33,1772699913510652000,data\camera\right_rear_camera\1772699913510652000.jpg,-1,3,person,0.405468,1481.0,598.0,1512.0,668.0,1481.0,598.0,1512.0,668.0,unassigned,4,PEDESTRIAN_NORMAL,preprocessed/masks/right_rear_camera/masks/frame_000033_gt2d_004_track_-1_PEDESTRIAN_NORMAL.png,0.813590943813324,1496.5,633.0,14.483012199401855,15.421746253967285,0.7623405456542969,1.2101715803146362,6.9403320940170214,-0.08382557177954025,14.483012199401855,da3_bbox_median,1920.0,1280.0,image_root
right_rear,33,1772699913510652000,data\camera\right_rear_camera\1772699913510652000.jpg,-1,0,bicycle,0.370458,734.0,618.0,866.0,716.0,734.0,618.0,866.0,716.0,unassigned,5,BICYCLE,preprocessed/masks/right_rear_camera/masks/frame_000033_gt2d_005_track_-1_BICYCLE.png,0.8224009275436401,800.0,667.0,9.108914375305176,9.076908111572266,0.7832927703857422,1.6811546087265015,-1.2872390576764474,0.22314654200803077,9.108914375305176,da3_bbox_median,1920.0,1280.0,image_root
right_rear,33,1772699913510652000,data\camera\right_rear_camera\1772699913510652000.jpg,-1,2,motorcycle,0.318409,438.0,601.0,598.0,741.0,438.0,601.0,598.0,741.0,unassigned,7,MOTOR,preprocessed/masks/right_rear_camera/masks/frame_000033_gt2d_007_track_-1_MOTOR.png,0.8979966640472412,518.0,671.0,7.234553337097168,7.341760158538818,0.4730391502380371,2.1700644493103027,-2.839953458156864,0.20300586997809297,7.234553337097168,da3_bbox_median,1920.0,1280.0,image_root
right_rear,33,1772699913510652000,data\camera\right_rear_camera\1772699913510652000.jpg,2000022,2,motorcycle,0.354985,1098.0,613.0,1210.0,710.0,1096.7408447265625,613.189208984375,1213.904296875,711.0499267578125,matched,6,MOTOR,preprocessed/masks/right_rear_camera/masks/frame_000033_gt2d_006_track_-1_MOTOR.png,0.802534818649292,1154.0,661.5,10.449409484863281,10.510831832885742,0.2796344757080078,1.740526556968689,1.818897969218542,0.20479256810666,10.449409484863281,da3_bbox_median,1920.0,1280.0,image_root
right_rear,33,1772699913510652000,data\camera\right_rear_camera\1772699913510652000.jpg,2000025,2,motorcycle,0.557228,567.0,589.0,721.0,732.0,553.2310180664062,590.953125,706.8646240234375,733.1395874023438,matched,0,MOTOR,preprocessed/masks/right_rear_camera/masks/frame_000033_gt2d_000_track_-1_MOTOR.png,0.9205076694488525,644.0,660.5,7.9798479080200195,8.10830020904541,0.5593166351318359,2.05491304397583,-2.2367430059253715,0.1492848700051473,7.9798479080200195,da3_bbox_median,1920.0,1280.0,image_root
right_rear,33,1772699913510652000,data\camera\right_rear_camera\1772699913510652000.jpg,2000026,2,motorcycle,0.518574,646.0,587.0,789.0,728.0,633.7200317382812,587.8401489257812,779.3200073242188,728.0401000976562,matched,1,MOTOR,preprocessed/masks/right_rear_camera/masks/frame_000033_gt2d_001_track_-1_MOTOR.png,0.885669469833374,717.5,657.5,8.443785667419434,8.645181655883789,0.9387292861938477,1.856865406036377,-1.8138669470719335,0.13540022140517857,8.443785667419434,da3_bbox_median,1920.0,1280.0,image_root
right_rear,33,1772699913510652000,data\camera\right_rear_camera\1772699913510652000.jpg,3000021,3,person,0.506791,1854.0,614.0,1874.0,664.0,1854.0,614.0,1874.0,664.0,tentative,2,PEDESTRIAN_NORMAL,preprocessed/masks/right_rear_camera/masks/frame_000033_gt2d_002_track_-1_PEDESTRIAN_NORMAL.png,0.6456911563873291,1864.0,639.0,29.281150817871094,29.49456024169922,2.049734115600586,1.000035285949707,23.61863940695166,-0.012982171810965275,29.281150817871094,da3_bbox_median,1920.0,1280.0,image_root
right_rear,34,1772699913610660000,data\camera\right_rear_camera\1772699913610660000.jpg,-1,2,motorcycle,0.43363,746.0,601.0,860.0,716.0,746.0,601.0,860.0,716.0,unassigned,4,MOTOR,preprocessed/masks/right_rear_camera/masks/frame_000034_gt2d_004_track_-1_MOTOR.png,0.8325580358505249,803.0,658.5,9.350519180297852,9.40112590789795,0.49045372009277344,1.416669249534607,-1.2963902626057653,0.1582690980865035,9.350519180297852,da3_bbox_median,1920.0,1280.0,image_root
right_rear,34,1772699913610660000,data\camera\right_rear_camera\1772699913610660000.jpg,-1,2,motorcycle,0.42948,318.0,608.0,491.0,757.0,318.0,608.0,491.0,757.0,unassigned,5,MOTOR,preprocessed/masks/right_rear_camera/masks/frame_000034_gt2d_005_track_-1_MOTOR.png,0.8907417058944702,404.5,682.5,7.0735087394714355,7.066640377044678,0.4107961654663086,2.097540855407715,-3.4919988234437973,0.2709451259283902,7.0735087394714355,da3_bbox_median,1920.0,1280.0,image_root
right_rear,34,1772699913610660000,data\camera\right_rear_camera\1772699913610660000.jpg,2000019,2,motorcycle,0.548655,812.0,619.0,928.0,710.0,812.3331298828125,619.5181884765625,929.0308837890625,711.3701782226562,matched,2,MOTOR,preprocessed/masks/right_rear_camera/masks/frame_000034_gt2d_002_track_-1_MOTOR.png,0.8911405801773071,870.0,664.5,10.021157264709473,9.938814163208008,0.5505971908569336,1.280487298965454,-0.7911948730019057,0.22317847215528527,10.021157264709473,da3_bbox_median,1920.0,1280.0,image_root
right_rear,34,1772699913610660000,data\camera\right_rear_camera\1772699913610660000.jpg,2000025,2,motorcycle,0.67015,646.0,606.0,805.0,729.0,638.8444213867188,602.2249755859375,796.8489990234375,729.8333740234375,matched,0,MOTOR,preprocessed/masks/right_rear_camera/masks/frame_000034_gt2d_000_track_-1_MOTOR.png,0.8675130605697632,725.5,667.5,8.830923080444336,8.875471115112305,0.6144466400146484,1.5855894088745117,-1.8340898380252946,0.22026948894131912,8.830923080444336,da3_bbox_median,1920.0,1280.0,image_root
right_rear,34,1772699913610660000,data\camera\right_rear_camera\1772699913610660000.jpg,2000027,2,motorcycle,0.565489,538.0,620.0,639.0,736.0,538.0,620.0,639.0,736.0,tentative,1,MOTOR,preprocessed/masks/right_rear_camera/masks/frame_000034_gt2d_001_track_-1_MOTOR.png,0.9046206474304199,588.5,678.0,8.082486152648926,8.102803230285645,0.27043628692626953,1.7980996370315552,-2.6651566879927615,0.2771956159605454,8.082486152648926,da3_bbox_median,1920.0,1280.0,image_root
right_rear,34,1772699913610660000,data\camera\right_rear_camera\1772699913610660000.jpg,3000022,3,person,0.548541,1855.0,614.0,1875.0,664.0,1855.0,614.0,1875.0,664.0,tentative,3,PEDESTRIAN_NORMAL,preprocessed/masks/right_rear_camera/masks/frame_000034_gt2d_003_track_-1_PEDESTRIAN_NORMAL.png,0.6315532326698303,1865.0,639.0,30.443004608154297,30.751903533935547,2.0929908752441406,1.000003695487976,24.582931143184044,-0.013497294512886948,30.443004608154297,da3_bbox_median,1920.0,1280.0,image_root
right_rear,35,1772699913710637000,data\camera\right_rear_camera\1772699913710637000.jpg,-1,3,person,0.484252,1861.0,614.0,1882.0,663.0,1861.0,614.0,1882.0,663.0,unassigned,2,PEDESTRIAN_NORMAL,preprocessed/masks/right_rear_camera/masks/frame_000035_gt2d_002_track_-1_PEDESTRIAN_NORMAL.png,0.7363397479057312,1871.5,638.5,32.19728088378906,31.739032745361328,2.3504409790039062,1.0000035762786865,26.185973545096513,-0.02861491792038563,32.19728088378906,da3_bbox_median,1920.0,1280.0,image_root
right_rear,35,1772699913710637000,data\camera\right_rear_camera\1772699913710637000.jpg,-1,2,motorcycle,0.321538,817.0,596.0,929.0,715.0,817.0,596.0,929.0,715.0,unassigned,3,MOTOR,preprocessed/masks/right_rear_camera/masks/frame_000035_gt2d_003_track_-1_MOTOR.png,0.8755519390106201,873.0,655.5,9.377086639404297,9.412631034851074,0.6495914459228516,1.4872570037841797,-0.7152813959038866,0.1336609026901468,9.377086639404297,da3_bbox_median,1920.0,1280.0,image_root
right_rear,35,1772699913710637000,data\camera\right_rear_camera\1772699913710637000.jpg,-1,2,motorcycle,0.309268,635.0,607.0,754.0,728.0,635.0,607.0,754.0,728.0,unassigned,4,MOTOR,preprocessed/masks/right_rear_camera/masks/frame_000035_gt2d_004_track_-1_MOTOR.png,0.8364645838737488,694.5,667.5,8.16562271118164,8.182904243469238,0.3389873504638672,1.8202753067016602,-1.9214347800738265,0.20367491881597372,8.16562271118164,da3_bbox_median,1920.0,1280.0,image_root
right_rear,35,1772699913710637000,data\camera\right_rear_camera\1772699913710637000.jpg,-1,2,motorcycle,0.301838,293.0,596.0,404.0,743.0,293.0,596.0,404.0,743.0,unassigned,5,MOTOR,preprocessed/masks/right_rear_camera/masks/frame_000035_gt2d_005_track_-1_MOTOR.png,0.9170885682106018,348.5,669.5,6.805280685424805,7.047718524932861,0.20804214477539062,1.623232126235962,-3.6991053444407958,0.18186753190011962,6.805280685424805,da3_bbox_median,1920.0,1280.0,image_root
right_rear,35,1772699913710637000,data\camera\right_rear_camera\1772699913710637000.jpg,2000025,2,motorcycle,0.542325,727.0,597.0,889.0,722.0,722.4217529296875,598.9322509765625,883.973388671875,723.43603515625,matched,1,MOTOR,preprocessed/masks/right_rear_camera/masks/frame_000035_gt2d_001_track_-1_MOTOR.png,0.8292593955993652,808.0,659.5,8.890379905700684,8.994499206542969,0.7055377960205078,1.6092520952224731,-1.1929920581789228,0.15839976606737458,8.890379905700684,da3_bbox_median,1920.0,1280.0,image_root
right_rear,35,1772699913710637000,data\camera\right_rear_camera\1772699913710637000.jpg,2000028,2,motorcycle,0.663134,158.0,578.0,265.0,742.0,158.0,578.0,265.0,742.0,tentative,0,MOTOR,preprocessed/masks/right_rear_camera/masks/frame_000035_gt2d_000_track_-1_MOTOR.png,0.9161953330039978,211.5,660.0,6.3801350593566895,6.589417457580566,0.1926569938659668,1.7124117612838745,-4.2467400558851445,0.1165163195363761,6.3801350593566895,da3_bbox_median,1920.0,1280.0,image_root
right_rear,36,1772699913810644000,data\camera\right_rear_camera\1772699913810644000.jpg,-1,2,motorcycle,0.482576,0.0,581.0,181.0,759.0,0.0,581.0,181.0,759.0,unassigned,3,MOTOR,preprocessed/masks/right_rear_camera/masks/frame_000036_gt2d_003_track_-1_MOTOR.png,0.8966293334960938,90.5,670.0,5.246255397796631,5.247066974639893,0.4342007637023926,2.29607892036438,-4.057557329425672,0.14253995205666325,5.246255397796631,da3_bbox_median,1920.0,1280.0,image_root
right_rear,36,1772699913810644000,data\camera\right_rear_camera\1772699913810644000.jpg,-1,2,motorcycle,0.346223,61.0,584.0,182.0,755.0,61.0,584.0,182.0,755.0,unassigned,5,MOTOR,preprocessed/masks/right_rear_camera/masks/frame_000036_gt2d_005_track_-1_MOTOR.png,0.8795014023780823,121.5,669.5,5.343945503234863,5.3698530197143555,0.2571702003479004,2.219848155975342,-3.985521952824385,0.14281412100512048,5.343945503234863,da3_bbox_median,1920.0,1280.0,image_root
right_rear,36,1772699913810644000,data\camera\right_rear_camera\1772699913810644000.jpg,2000014,2,motorcycle,0.794565,304.0,586.0,404.0,738.0,304.93243408203125,586.6217041015625,408.5755310058594,739.3382568359375,matched,0,MOTOR,preprocessed/masks/right_rear_camera/masks/frame_000036_gt2d_000_track_-1_MOTOR.png,0.9157242774963379,354.0,662.0,6.559712886810303,6.834115505218506,0.2672295570373535,1.709644079208374,-3.5334807773547006,0.13148194548397174,6.559712886810303,da3_bbox_median,1920.0,1280.0,image_root
right_rear,36,1772699913810644000,data\camera\right_rear_camera\1772699913810644000.jpg,2000024,2,motorcycle,0.462086,413.0,606.0,528.0,736.0,412.6359558105469,606.9728393554688,528.8637084960938,736.9942626953125,matched,4,MOTOR,preprocessed/masks/right_rear_camera/masks/frame_000036_gt2d_004_track_-1_MOTOR.png,0.9040637612342834,470.5,671.0,6.8717451095581055,7.0134663581848145,0.17713594436645508,1.6562840938568115,-2.9883328850170288,0.19282525530363817,6.8717451095581055,da3_bbox_median,1920.0,1280.0,image_root
right_rear,36,1772699913810644000,data\camera\right_rear_camera\1772699913810644000.jpg,2000025,2,motorcycle,0.703469,806.0,600.0,960.0,717.0,802.7232666015625,599.788330078125,959.6192626953125,717.56689453125,matched,1,MOTOR,preprocessed/masks/right_rear_camera/masks/frame_000036_gt2d_001_track_-1_MOTOR.png,0.9008552432060242,883.0,658.5,8.724516868591309,8.867961883544922,0.7081699371337891,1.601807951927185,-0.5877756467430718,0.1476732349730817,8.724516868591309,da3_bbox_median,1920.0,1280.0,image_root
right_rear,36,1772699913810644000,data\camera\right_rear_camera\1772699913810644000.jpg,3000023,3,person,0.553318,1864.0,612.0,1884.0,660.0,1864.0,612.0,1884.0,660.0,tentative,2,PEDESTRIAN_NORMAL,preprocessed/masks/right_rear_camera/masks/frame_000036_gt2d_002_track_-1_PEDESTRIAN_NORMAL.png,0.7642775177955627,1874.0,636.0,32.1259765625,31.69325065612793,1.6745376586914062,1.0000118017196655,26.199535591957236,-0.10009197474083734,32.1259765625,da3_bbox_median,1920.0,1280.0,image_root
right_rear,37,1772699913910651000,data\camera\right_rear_camera\1772699913910651000.jpg,-1,2,motorcycle,0.437727,96.0,587.0,213.0,753.0,96.0,587.0,213.0,753.0,unassigned,3,MOTOR,preprocessed/masks/right_rear_camera/masks/frame_000037_gt2d_003_track_-1_MOTOR.png,0.8451194167137146,154.5,670.0,5.406813144683838,5.644465446472168,0.3736863136291504,2.1476521492004395,-3.873447589868074,0.14690228133884806,5.406813144683838,da3_bbox_median,1920.0,1280.0,image_root
right_rear,37,1772699913910651000,data\camera\right_rear_camera\1772699913910651000.jpg,-1,2,motorcycle,0.392142,214.0,586.0,336.0,748.0,214.0,586.0,336.0,748.0,unassigned,4,MOTOR,preprocessed/masks/right_rear_camera/masks/frame_000037_gt2d_004_track_-1_MOTOR.png,0.9106432199478149,275.0,667.0,5.449095249176025,5.517273902893066,0.23713350296020508,2.8794479370117188,-3.318750341605233,0.13348975649859274,5.449095249176025,da3_bbox_median,1920.0,1280.0,image_root
right_rear,37,1772699913910651000,data\camera\right_rear_camera\1772699913910651000.jpg,-1,2,motorcycle,0.375713,0.0,569.0,104.0,757.0,0.0,569.0,104.0,757.0,unassigned,5,MOTOR,preprocessed/masks/right_rear_camera/masks/frame_000037_gt2d_005_track_-1_MOTOR.png,0.8823521137237549,52.0,663.0,5.201470851898193,5.320821285247803,0.2800617218017578,2.1285922527313232,-4.201331461265125,0.108890739959819,5.201470851898193,da3_bbox_median,1920.0,1280.0,image_root
right_rear,37,1772699913910651000,data\camera\right_rear_camera\1772699913910651000.jpg,-1,2,motorcycle,0.353701,519.0,598.0,640.0,733.0,519.0,598.0,640.0,733.0,unassigned,6,MOTOR,preprocessed/masks/right_rear_camera/masks/frame_000037_gt2d_006_track_-1_MOTOR.png,0.9161397218704224,579.5,665.5,7.066287517547607,7.320138931274414,0.23778772354125977,2.1380865573883057,-2.386729683702613,0.16366565666472627,7.066287517547607,da3_bbox_median,1920.0,1280.0,image_root
right_rear,37,1772699913910651000,data\camera\right_rear_camera\1772699913910651000.jpg,-1,2,motorcycle,0.328791,974.0,609.0,1096.0,699.0,974.0,609.0,1096.0,699.0,unassigned,7,MOTOR,preprocessed/masks/right_rear_camera/masks/frame_000037_gt2d_007_track_-1_MOTOR.png,0.8859375715255737,1035.0,654.0,9.9635009765625,10.012657165527344,0.9006118774414062,1.5956363677978516,0.6779995276855327,0.12870718407161158,9.9635009765625,da3_bbox_median,1920.0,1280.0,image_root
right_rear,37,1772699913910651000,data\camera\right_rear_camera\1772699913910651000.jpg,2000024,2,motorcycle,0.814252,420.0,588.0,529.0,734.0,421.9378967285156,592.9838256835938,530.807373046875,734.6015625,matched,0,MOTOR,preprocessed/masks/right_rear_camera/masks/frame_000037_gt2d_000_track_-1_MOTOR.png,0.9310771822929382,474.5,661.0,6.685678005218506,7.304651737213135,0.5334720611572266,2.0815956592559814,-2.8835919708921898,0.12805151345139468,6.685678005218506,da3_bbox_median,1920.0,1280.0,image_root
right_rear,37,1772699913910651000,data\camera\right_rear_camera\1772699913910651000.jpg,2000025,2,motorcycle,0.676056,870.0,599.0,1024.0,713.0,871.348876953125,599.4315795898438,1026.4273681640625,713.1077270507812,matched,1,MOTOR,preprocessed/masks/right_rear_camera/masks/frame_000037_gt2d_001_track_-1_MOTOR.png,0.9045907258987427,947.0,656.0,9.198774337768555,9.29644775390625,0.7595548629760742,1.8765240907669067,-0.0952265132606631,0.1352161388842404,9.198774337768555,da3_bbox_median,1920.0,1280.0,image_root
right_rear,37,1772699913910651000,data\camera\right_rear_camera\1772699913910651000.jpg,3000024,3,person,0.58946,1866.0,611.0,1887.0,659.0,1866.0,611.0,1887.0,659.0,tentative,2,PEDESTRIAN_NORMAL,preprocessed/masks/right_rear_camera/masks/frame_000037_gt2d_002_track_-1_PEDESTRIAN_NORMAL.png,0.7638599872589111,1876.5,635.0,33.782249450683594,33.66303634643555,1.196502685546875,1.0000085830688477,27.625510140618896,-0.13534376702476703,33.782249450683594,da3_bbox_median,1920.0,1280.0,image_root
right_rear,38,1772699914010645000,data\camera\right_rear_camera\1772699914010645000.jpg,-1,2,motorcycle,0.377733,667.0,598.0,796.0,719.0,667.0,598.0,796.0,719.0,unassigned,7,MOTOR,preprocessed/masks/right_rear_camera/masks/frame_000038_gt2d_007_track_-1_MOTOR.png,0.873348593711853,731.5,658.5,7.6082682609558105,7.839973449707031,0.31023406982421875,2.038261890411377,-1.5394874275536594,0.12877934716169304,7.6082682609558105,da3_bbox_median,1920.0,1280.0,image_root
right_rear,38,1772699914010645000,data\camera\right_rear_camera\1772699914010645000.jpg,-1,2,motorcycle,0.358124,245.0,589.0,386.0,743.0,245.0,589.0,386.0,743.0,unassigned,8,MOTOR,preprocessed/masks/right_rear_camera/masks/frame_000038_gt2d_008_track_-1_MOTOR.png,0.8727035522460938,315.5,666.0,5.900299072265625,5.915673732757568,0.11880207061767578,2.545569896697998,-3.380659650622043,0.13928748375599714,5.900299072265625,da3_bbox_median,1920.0,1280.0,image_root
right_rear,38,1772699914010645000,data\camera\right_rear_camera\1772699914010645000.jpg,-1,3,person,0.319929,1675.0,602.0,1701.0,664.0,1675.0,602.0,1701.0,664.0,unassigned,9,PEDESTRIAN_NORMAL,preprocessed/masks/right_rear_camera/masks/frame_000038_gt2d_009_track_-1_PEDESTRIAN_NORMAL.png,0.6661813259124756,1688.0,633.0,22.766353607177734,24.40758514404297,2.2445831298828125,1.0337318181991577,14.79391803208442,-0.1317683491653545,22.766353607177734,da3_bbox_median,1920.0,1280.0,image_root
right_rear,38,1772699914010645000,data\camera\right_rear_camera\1772699914010645000.jpg,-1,3,person,0.316118,1387.0,586.0,1422.0,675.0,1387.0,586.0,1422.0,675.0,unassigned,10,PEDESTRIAN_NORMAL,preprocessed/masks/right_rear_camera/masks/frame_000038_gt2d_010_track_-1_PEDESTRIAN_NORMAL.png,0.8306950330734253,1404.5,630.5,13.424874305725098,14.621490478515625,4.307003974914551,1.59624183177948,5.332909842895473,-0.10759669577451576,13.424874305725098,da3_bbox_median,1920.0,1280.0,image_root
right_rear,38,1772699914010645000,data\camera\right_rear_camera\1772699914010645000.jpg,2000014,2,motorcycle,0.47425,310.0,590.0,467.0,741.0,314.6678771972656,588.9406127929688,464.19989013671875,740.0965576171875,matched,5,MOTOR,preprocessed/masks/right_rear_camera/masks/frame_000038_gt2d_005_track_-1_MOTOR.png,0.8610662221908569,388.5,665.5,5.901922702789307,5.898547649383545,0.1215367317199707,2.9798333644866943,-2.997748336177388,0.1366972476477582,5.901922702789307,da3_bbox_median,1920.0,1280.0,image_root
right_rear,38,1772699914010645000,data\camera\right_rear_camera\1772699914010645000.jpg,2000025,2,motorcycle,0.677748,931.0,599.0,1076.0,711.0,934.79248046875,599.3621215820312,1082.9232177734375,710.501953125,matched,1,MOTOR,preprocessed/masks/right_rear_camera/masks/frame_000038_gt2d_001_track_-1_MOTOR.png,0.8489452004432678,1003.5,655.0,9.044265747070312,9.055060386657715,0.6685237884521484,2.327390432357788,0.36163080114242624,0.12488879303079638,9.044265747070312,da3_bbox_median,1920.0,1280.0,image_root
right_rear,38,1772699914010645000,data\camera\right_rear_camera\1772699914010645000.jpg,2000026,2,motorcycle,0.463048,835.0,619.0,956.0,714.0,834.0765380859375,618.4752197265625,955.5475463867188,714.490234375,matched,6,MOTOR,preprocessed/masks/right_rear_camera/masks/frame_000038_gt2d_006_track_-1_MOTOR.png,0.7973290681838989,895.5,666.5,8.137741088867188,8.187430381774902,0.16461467742919922,2.496513605117798,-0.4576189124356518,0.1957307861324767,8.137741088867188,da3_bbox_median,1920.0,1280.0,image_root
right_rear,38,1772699914010645000,data\camera\right_rear_camera\1772699914010645000.jpg,2000029,2,motorcycle,0.799729,523.0,596.0,637.0,728.0,523.0,596.0,637.0,728.0,tentative,0,MOTOR,preprocessed/masks/right_rear_camera/masks/frame_000038_gt2d_000_track_-1_MOTOR.png,0.9072160720825195,580.0,662.0,7.341564178466797,7.919639587402344,0.4730343818664551,1.827833890914917,-2.476437573642297,0.14715326078084273,7.341564178466797,da3_bbox_median,1920.0,1280.0,image_root
right_rear,38,1772699914010645000,data\camera\right_rear_camera\1772699914010645000.jpg,2000030,2,motorcycle,0.574064,0.0,585.0,129.0,754.0,0.0,585.0,129.0,754.0,tentative,3,MOTOR,preprocessed/masks/right_rear_camera/masks/frame_000038_gt2d_003_track_-1_MOTOR.png,0.8843909502029419,64.5,669.5,5.405202865600586,5.413143157958984,0.28055620193481445,2.875232696533203,-4.305695241709107,0.1444511916593884,5.405202865600586,da3_bbox_median,1920.0,1280.0,image_root
right_rear,38,1772699914010645000,data\camera\right_rear_camera\1772699914010645000.jpg,2000031,2,motorcycle,0.503579,153.0,575.0,283.0,754.0,153.0,575.0,283.0,754.0,tentative,4,MOTOR,preprocessed/masks/right_rear_camera/masks/frame_000038_gt2d_004_track_-1_MOTOR.png,0.8749672174453735,218.0,664.5,5.76416015625,5.815983295440674,0.1283707618713379,2.368316173553467,-3.803355464465258,0.1283720455581076,5.76416015625,da3_bbox_median,1920.0,1280.0,image_root
right_rear,38,1772699914010645000,data\camera\right_rear_camera\1772699914010645000.jpg,3000025,3,person,0.586917,1870.0,611.0,1889.0,657.0,1870.0,611.0,1889.0,657.0,tentative,2,PEDESTRIAN_NORMAL,preprocessed/masks/right_rear_camera/masks/frame_000038_gt2d_002_track_-1_PEDESTRIAN_NORMAL.png,0.7518064975738525,1879.5,634.0,34.49909973144531,34.651885986328125,1.359375,1.0000091791152954,28.303923229516997,-0.1689457528571447,34.49909973144531,da3_bbox_median,1920.0,1280.0,image_root
right_rear,39,1772699914110561000,data\camera\right_rear_camera\1772699914110561000.jpg,-1,3,person,0.44045,1677.0,602.0,1702.0,660.0,1677.0,602.0,1702.0,660.0,unassigned,4,PEDESTRIAN_NORMAL,preprocessed/masks/right_rear_camera/masks/frame_000039_gt2d_004_track_-1_PEDESTRIAN_NORMAL.png,0.6730255484580994,1689.5,631.0,21.577999114990234,24.31519317626953,5.195049285888672,1.0385313034057617,14.050543663704131,-0.16333147413375154,21.577999114990234,da3_bbox_median,1920.0,1280.0,image_root
right_rear,39,1772699914110561000,data\camera\right_rear_camera\1772699914110561000.jpg,-1,2,motorcycle,0.397013,0.0,571.0,202.0,754.0,0.0,571.0,202.0,754.0,unassigned,5,MOTOR,preprocessed/masks/right_rear_camera/masks/frame_000039_gt2d_005_track_-1_MOTOR.png,0.9250845313072205,101.0,662.5,5.792934894561768,5.818237781524658,0.33321332931518555,2.7102560997009277,-4.426179471477932,0.11869278178128635,5.792934894561768,da3_bbox_median,1920.0,1280.0,image_root
right_rear,39,1772699914110561000,data\camera\right_rear_camera\1772699914110561000.jpg,-1,2,motorcycle,0.377221,904.0,609.0,1015.0,715.0,904.0,609.0,1015.0,715.0,unassigned,6,MOTOR,preprocessed/masks/right_rear_camera/masks/frame_000039_gt2d_006_track_-1_MOTOR.png,0.7900352478027344,959.5,662.0,8.705144882202148,8.744601249694824,0.15344810485839844,2.1559040546417236,0.006827747274832959,0.17448467708597104,8.705144882202148,da3_bbox_median,1920.0,1280.0,image_root
right_rear,39,1772699914110561000,data\camera\right_rear_camera\1772699914110561000.jpg,-1,2,motorcycle,0.35086,745.0,594.0,865.0,717.0,745.0,594.0,865.0,717.0,unassigned,7,MOTOR,preprocessed/masks/right_rear_camera/masks/frame_000039_gt2d_007_track_-1_MOTOR.png,0.8555794358253479,805.0,655.5,8.326761245727539,8.685379028320312,0.3560295104980469,1.7198302745819092,-1.1396158568735226,0.11868957463956821,8.326761245727539,da3_bbox_median,1920.0,1280.0,image_root
right_rear,39,1772699914110561000,data\camera\right_rear_camera\1772699914110561000.jpg,-1,2,motorcycle,0.347125,1074.0,612.0,1180.0,695.0,1074.0,612.0,1180.0,695.0,unassigned,8,MOTOR,preprocessed/masks/right_rear_camera/masks/frame_000039_gt2d_008_track_-1_MOTOR.png,0.8872945308685303,1127.0,653.5,9.786653518676758,9.816606521606445,0.5619716644287109,2.1112124919891357,1.4681192560004754,0.12206396774168632,9.786653518676758,da3_bbox_median,1920.0,1280.0,image_root
right_rear,39,1772699914110561000,data\camera\right_rear_camera\1772699914110561000.jpg,-1,2,motorcycle,0.329021,1387.0,586.0,1421.0,672.0,1387.0,586.0,1421.0,672.0,unassigned,9,CYCLIST_MOTOR,preprocessed/masks/right_rear_camera/masks/frame_000039_gt2d_009_track_-1_CYCLIST_MOTOR.png,0.7783723473548889,1404.0,629.0,13.273149490356445,14.899935722351074,5.661487579345703,1.4042952060699463,5.266725917209072,-0.12411522335337392,13.273149490356445,da3_bbox_median,1920.0,1280.0,image_root
right_rear,39,1772699914110561000,data\camera\right_rear_camera\1772699914110561000.jpg,-1,2,motorcycle,0.315526,192.0,581.0,396.0,742.0,192.0,581.0,396.0,742.0,unassigned,11,MOTOR,preprocessed/masks/right_rear_camera/masks/frame_000039_gt2d_011_track_-1_MOTOR.png,0.8804951906204224,294.0,661.5,6.489349365234375,6.546760082244873,0.43274879455566406,2.3145875930786133,-3.842465518677533,0.12718139946307785,6.489349365234375,da3_bbox_median,1920.0,1280.0,image_root
right_rear,39,1772699914110561000,data\camera\right_rear_camera\1772699914110561000.jpg,-1,3,person,0.305563,1417.0,588.0,1445.0,664.0,1417.0,588.0,1445.0,664.0,unassigned,12,PEDESTRIAN_NORMAL,preprocessed/masks/right_rear_camera/masks/frame_000039_gt2d_012_track_-1_PEDESTRIAN_NORMAL.png,0.7615402936935425,1431.0,626.0,13.671276092529297,15.134891510009766,2.479717254638672,1.3686234951019287,5.753558809584405,-0.1643710584770512,13.671276092529297,da3_bbox_median,1920.0,1280.0,image_root
right_rear,39,1772699914110561000,data\camera\right_rear_camera\1772699914110561000.jpg,2000014,2,motorcycle,0.325379,289.0,584.0,431.0,741.0,303.00433349609375,585.4717407226562,451.2125244140625,740.6064453125,matched,10,MOTOR,preprocessed/masks/right_rear_camera/masks/frame_000039_gt2d_010_track_-1_MOTOR.png,0.9023289680480957,360.0,662.5,6.720221996307373,6.764349460601807,0.3383665084838867,2.1974668502807617,-3.5840184175009475,0.13769218150169676,6.720221996307373,da3_bbox_median,1920.0,1280.0,image_root
right_rear,39,1772699914110561000,data\camera\right_rear_camera\1772699914110561000.jpg,2000024,2,motorcycle,0.676838,426.0,591.0,579.0,738.0,428.8794250488281,590.5341186523438,574.3988647460938,736.8446655273438,matched,1,MOTOR,preprocessed/masks/right_rear_camera/masks/frame_000039_gt2d_001_track_-1_MOTOR.png,0.918157696723938,502.5,664.5,7.196378707885742,7.2588653564453125,0.20229053497314453,2.232372760772705,-2.92434381855003,0.16026859599666488,7.196378707885742,da3_bbox_median,1920.0,1280.0,image_root
right_rear,39,1772699914110561000,data\camera\right_rear_camera\1772699914110561000.jpg,2000025,2,motorcycle,0.58822,1003.0,606.0,1116.0,702.0,1001.8170166015625,604.391357421875,1125.0115966796875,703.506591796875,matched,3,MOTOR,preprocessed/masks/right_rear_camera/masks/frame_000039_gt2d_003_track_-1_MOTOR.png,0.8453646898269653,1059.5,654.0,9.178343772888184,9.241864204406738,0.4917316436767578,2.2495410442352295,0.8249101564863098,0.11856462745660465,9.178343772888184,da3_bbox_median,1920.0,1280.0,image_root
right_rear,39,1772699914110561000,data\camera\right_rear_camera\1772699914110561000.jpg,2000032,2,motorcycle,0.764103,609.0,592.0,733.0,723.0,609.0,592.0,733.0,723.0,tentative,0,MOTOR,preprocessed/masks/right_rear_camera/masks/frame_000039_gt2d_000_track_-1_MOTOR.png,0.8507728576660156,671.0,657.5,8.220610618591309,8.29536247253418,0.21788692474365234,1.783612847328186,-2.106484456460231,0.131821500649625,8.220610618591309,da3_bbox_median,1920.0,1280.0,image_root
right_rear,39,1772699914110561000,data\camera\right_rear_camera\1772699914110561000.jpg,3000026,3,person,0.609354,1871.0,611.0,1892.0,655.0,1871.0,611.0,1892.0,655.0,tentative,2,PEDESTRIAN_NORMAL,preprocessed/masks/right_rear_camera/masks/frame_000039_gt2d_002_track_-1_PEDESTRIAN_NORMAL.png,0.7781877517700195,1881.5,633.0,34.34347915649414,34.21385955810547,2.1362686157226562,1.0000097751617432,28.237442377627865,-0.19877507092832114,34.34347915649414,da3_bbox_median,1920.0,1280.0,image_root
right_rear,40,1772699914210538000,data\camera\right_rear_camera\1772699914210538000.jpg,-1,0,bicycle,0.393208,297.0,595.0,412.0,739.0,297.0,595.0,412.0,739.0,unassigned,5,BICYCLE,preprocessed/masks/right_rear_camera/masks/frame_000040_gt2d_005_track_-1_BICYCLE.png,0.8417645692825317,354.5,667.0,6.591771125793457,6.57292366027832,0.38043642044067383,2.042337656021118,-3.5478130448666505,0.1614825732050987,6.591771125793457,da3_bbox_median,1920.0,1280.0,image_root
right_rear,40,1772699914210538000,data\camera\right_rear_camera\1772699914210538000.jpg,-1,2,motorcycle,0.348137,171.0,576.0,343.0,749.0,171.0,576.0,343.0,749.0,unassigned,6,MOTOR,preprocessed/masks/right_rear_camera/masks/frame_000040_gt2d_006_track_-1_MOTOR.png,0.9474338293075562,257.0,662.5,6.143607139587402,6.275475025177002,0.3068819046020508,2.2338790893554688,-3.8402617494990294,0.12587778644872274,6.143607139587402,da3_bbox_median,1920.0,1280.0,image_root
right_rear,40,1772699914210538000,data\camera\right_rear_camera\1772699914210538000.jpg,-1,2,motorcycle,0.339325,819.0,597.0,927.0,712.0,819.0,597.0,927.0,712.0,unassigned,7,MOTOR,preprocessed/masks/right_rear_camera/masks/frame_000040_gt2d_007_track_-1_MOTOR.png,0.8854267001152039,873.0,654.5,8.751655578613281,8.7653226852417,0.3043184280395508,1.7951651811599731,-0.6675736995364074,0.11695048876225779,8.751655578613281,da3_bbox_median,1920.0,1280.0,image_root
right_rear,40,1772699914210538000,data\camera\right_rear_camera\1772699914210538000.jpg,-1,3,person,0.338459,1381.0,586.0,1418.0,669.0,1381.0,586.0,1418.0,669.0,unassigned,8,PEDESTRIAN_NORMAL,preprocessed/masks/right_rear_camera/masks/frame_000040_gt2d_008_track_-1_PEDESTRIAN_NORMAL.png,0.7395501732826233,1399.5,627.5,14.25421142578125,16.2548770904541,6.919713020324707,1.2376395463943481,5.5988601451174445,-0.15233436577200607,14.25421142578125,da3_bbox_median,1920.0,1280.0,image_root
right_rear,40,1772699914210538000,data\camera\right_rear_camera\1772699914210538000.jpg,2000024,2,motorcycle,0.418968,406.0,590.0,546.0,734.0,416.2187805175781,590.152099609375,562.0038452148438,735.0062866210938,matched,4,MOTOR,preprocessed/masks/right_rear_camera/masks/frame_000040_gt2d_004_track_-1_MOTOR.png,0.8738962411880493,476.0,662.0,7.165325164794922,7.247298717498779,0.4630093574523926,1.802066683769226,-3.080892496992024,0.14362075123544066,7.165325164794922,da3_bbox_median,1920.0,1280.0,image_root
right_rear,40,1772699914210538000,data\camera\right_rear_camera\1772699914210538000.jpg,2000025,2,motorcycle,0.496081,1017.0,605.0,1161.0,705.0,1029.5850830078125,605.6176147460938,1166.93798828125,703.8431396484375,matched,3,MOTOR,preprocessed/masks/right_rear_camera/masks/frame_000040_gt2d_003_track_-1_MOTOR.png,0.7546398639678955,1089.0,655.0,9.76462173461914,9.921339988708496,0.6095991134643555,1.8141728639602661,1.1342356579771118,0.1348359122722475,9.76462173461914,da3_bbox_median,1920.0,1280.0,image_root
right_rear,40,1772699914210538000,data\camera\right_rear_camera\1772699914210538000.jpg,2000032,2,motorcycle,0.638472,694.0,599.0,814.0,720.0,681.493408203125,598.2277221679688,802.2933959960938,721.2277221679688,matched,0,MOTOR,preprocessed/masks/right_rear_camera/masks/frame_000040_gt2d_000_track_-1_MOTOR.png,0.8183279037475586,754.0,659.5,8.347009658813477,8.294066429138184,0.5822529792785645,1.7740596532821655,-1.5216468395430998,0.14871854648982696,8.347009658813477,da3_bbox_median,1920.0,1280.0,image_root
right_rear,40,1772699914210538000,data\camera\right_rear_camera\1772699914210538000.jpg,2000033,2,motorcycle,0.520859,529.0,588.0,682.0,730.0,529.0,588.0,682.0,730.0,tentative,2,MOTOR,preprocessed/masks/right_rear_camera/masks/frame_000040_gt2d_002_track_-1_MOTOR.png,0.8950896263122559,605.5,659.0,7.701827049255371,7.854615688323975,0.4727134704589844,1.7548744678497314,-2.4229880985686187,0.1337931414479604,7.701827049255371,da3_bbox_median,1920.0,1280.0,image_root
right_rear,40,1772699914210538000,data\camera\right_rear_camera\1772699914210538000.jpg,3000027,3,person,0.593998,1875.0,610.0,1895.0,654.0,1875.0,610.0,1895.0,654.0,tentative,1,PEDESTRIAN_NORMAL,preprocessed/masks/right_rear_camera/masks/frame_000040_gt2d_001_track_-1_PEDESTRIAN_NORMAL.png,0.8225201368331909,1885.0,632.0,35.47196960449219,35.685203552246094,2.196331024169922,1.0000042915344238,29.27590353545369,-0.23690321970658756,35.47196960449219,da3_bbox_median,1920.0,1280.0,image_root
right_rear,41,1772699914310546000,data\camera\right_rear_camera\1772699914310546000.jpg,-1,2,motorcycle,0.446456,763.0,598.0,883.0,718.0,763.0,598.0,883.0,718.0,unassigned,1,MOTOR,preprocessed/masks/right_rear_camera/masks/frame_000041_gt2d_001_track_-1_MOTOR.png,0.7246719598770142,823.0,658.0,8.846912384033203,8.861266136169434,0.3873014450073242,1.8679096698760986,-1.0689316529311685,0.14580474266084903,8.846912384033203,da3_bbox_median,1920.0,1280.0,image_root
right_rear,41,1772699914310546000,data\camera\right_rear_camera\1772699914310546000.jpg,-1,2,motorcycle,0.442162,635.0,603.0,769.0,721.0,635.0,603.0,769.0,721.0,unassigned,2,MOTOR,preprocessed/masks/right_rear_camera/masks/frame_000041_gt2d_002_track_-1_MOTOR.png,0.8311516046524048,702.0,662.0,8.114217758178711,8.256133079528809,0.4077186584472656,1.8862733840942383,-1.8551207822532108,0.1626402184569852,8.114217758178711,da3_bbox_median,1920.0,1280.0,image_root
right_rear,41,1772699914310546000,data\camera\right_rear_camera\1772699914310546000.jpg,-1,2,motorcycle,0.362022,499.0,587.0,645.0,729.0,499.0,587.0,645.0,729.0,unassigned,4,MOTOR,preprocessed/masks/right_rear_camera/masks/frame_000041_gt2d_004_track_-1_MOTOR.png,0.8124641180038452,572.0,658.0,7.593884468078613,7.741215705871582,0.38489818572998047,1.9954701662063599,-2.615673574150295,0.1251537624202909,7.593884468078613,da3_bbox_median,1920.0,1280.0,image_root
right_rear,41,1772699914310546000,data\camera\right_rear_camera\1772699914310546000.jpg,-1,2,motorcycle,0.30457,320.0,584.0,459.0,741.0,320.0,584.0,459.0,741.0,unassigned,5,MOTOR,preprocessed/masks/right_rear_camera/masks/frame_000041_gt2d_005_track_-1_MOTOR.png,0.8954133987426758,389.5,662.5,6.859819412231445,6.918665409088135,0.1437358856201172,2.264906167984009,-3.4781788272966088,0.14055242521703043,6.859819412231445,da3_bbox_median,1920.0,1280.0,image_root
right_rear,41,1772699914310546000,data\camera\right_rear_camera\1772699914310546000.jpg,2000025,2,motorcycle,0.399758,1063.0,607.0,1212.0,710.0,1071.073974609375,607.0548706054688,1215.6939697265625,707.2304077148438,matched,3,MOTOR,preprocessed/masks/right_rear_camera/masks/frame_000041_gt2d_003_track_-1_MOTOR.png,0.8319608569145203,1137.5,658.5,10.825607299804688,10.941341400146484,0.5869274139404297,1.5666499137878418,1.7252443574389222,0.18323678830464457,10.825607299804688,da3_bbox_median,1920.0,1280.0,image_root
right_rear,41,1772699914310546000,data\camera\right_rear_camera\1772699914310546000.jpg,3000028,3,person,0.515037,1878.0,611.0,1897.0,653.0,1878.0,611.0,1897.0,653.0,tentative,0,PEDESTRIAN_NORMAL,preprocessed/masks/right_rear_camera/masks/frame_000041_gt2d_000_track_-1_PEDESTRIAN_NORMAL.png,0.8577249646186829,1887.5,632.0,38.68632507324219,39.111759185791016,2.230945587158203,1.0000003576278687,32.01495692971768,-0.25837062533189903,38.68632507324219,da3_bbox_median,1920.0,1280.0,image_root
right_rear,42,1772699914410553000,data\camera\right_rear_camera\1772699914410553000.jpg,-1,2,motorcycle,0.467092,829.0,597.0,948.0,716.0,829.0,597.0,948.0,716.0,unassigned,2,MOTOR,preprocessed/masks/right_rear_camera/masks/frame_000042_gt2d_002_track_-1_MOTOR.png,0.7893259525299072,888.5,656.5,9.112469673156738,9.418220520019531,0.6093921661376953,1.5344579219818115,-0.5692609124051575,0.13800597528514433,9.112469673156738,da3_bbox_median,1920.0,1280.0,image_root
right_rear,42,1772699914410553000,data\camera\right_rear_camera\1772699914410553000.jpg,-1,0,bicycle,0.41009,0.0,584.0,91.0,710.0,0.0,584.0,91.0,710.0,unassigned,3,BICYCLE,preprocessed/masks/right_rear_camera/masks/frame_000042_gt2d_003_track_-1_BICYCLE.png,0.9366971254348755,45.5,647.0,7.636722564697266,8.273898124694824,0.7060403823852539,1.4305963516235352,-6.212556502589697,0.05103336564281097,7.636722564697266,da3_bbox_median,1920.0,1280.0,image_root
right_rear,42,1772699914410553000,data\camera\right_rear_camera\1772699914410553000.jpg,-1,3,person,0.33084,1387.0,587.0,1418.0,669.0,1387.0,587.0,1418.0,669.0,unassigned,4,PEDESTRIAN_NORMAL,preprocessed/masks/right_rear_camera/masks/frame_000042_gt2d_004_track_-1_PEDESTRIAN_NORMAL.png,0.8076283931732178,1402.5,628.0,15.409879684448242,17.704282760620117,4.386513710021973,1.1293494701385498,6.0939775210030565,-0.15782179573914393,15.409879684448242,da3_bbox_median,1920.0,1280.0,image_root
right_rear,42,1772699914410553000,data\camera\right_rear_camera\1772699914410553000.jpg,2000034,2,motorcycle,0.598872,75.0,558.0,269.0,773.0,75.0,558.0,269.0,773.0,tentative,0,MOTOR,preprocessed/masks/right_rear_camera/masks/frame_000042_gt2d_000_track_-1_MOTOR.png,0.8433385491371155,172.0,665.5,6.952180862426758,8.071856498718262,1.2249341011047363,1.8745105266571045,-4.872159538302622,0.16102277798284512,6.952180862426758,da3_bbox_median,1920.0,1280.0,image_root
right_rear,42,1772699914410553000,data\camera\right_rear_camera\1772699914410553000.jpg,3000029,3,person,0.545959,1880.0,611.0,1900.0,655.0,1880.0,611.0,1900.0,655.0,tentative,1,PEDESTRIAN_NORMAL,preprocessed/masks/right_rear_camera/masks/frame_000042_gt2d_001_track_-1_PEDESTRIAN_NORMAL.png,0.7861220240592957,1890.0,633.0,40.48462677001953,40.565086364746094,1.9572601318359375,1.000001311302185,33.59331639428277,-0.23431914166435117,40.48462677001953,da3_bbox_median,1920.0,1280.0,image_root
right_rear,43,1772699914510561000,data\camera\right_rear_camera\1772699914510561000.jpg,-1,3,person,0.416428,1388.0,588.0,1424.0,674.0,1388.0,588.0,1424.0,674.0,unassigned,5,PEDESTRIAN_NORMAL,preprocessed/masks/right_rear_camera/masks/frame_000043_gt2d_005_track_-1_PEDESTRIAN_NORMAL.png,0.8389738202095032,1406.0,631.0,15.197806358337402,17.215351104736328,5.870287895202637,1.29416024684906,6.057500960290726,-0.11503754833237112,15.197806358337402,da3_bbox_median,1920.0,1280.0,image_root
right_rear,43,1772699914510561000,data\camera\right_rear_camera\1772699914510561000.jpg,-1,0,bicycle,0.403231,325.0,591.0,487.0,732.0,325.0,591.0,487.0,732.0,unassigned,6,BICYCLE,preprocessed/masks/right_rear_camera/masks/frame_000043_gt2d_006_track_-1_BICYCLE.png,0.8013619184494019,406.0,661.5,8.500892639160156,9.223977088928223,1.4458627700805664,2.020164966583252,-4.1852990782910435,0.16660459495768232,8.500892639160156,da3_bbox_median,1920.0,1280.0,image_root
right_rear,43,1772699914510561000,data\camera\right_rear_camera\1772699914510561000.jpg,-1,2,motorcycle,0.339504,103.0,566.0,361.0,772.0,103.0,566.0,361.0,772.0,unassigned,7,MOTOR,preprocessed/masks/right_rear_camera/masks/frame_000043_gt2d_007_track_-1_MOTOR.png,0.8873690366744995,232.0,669.0,8.477729797363281,9.245752334594727,1.6758551597595215,1.9103035926818848,-5.488104292965698,0.22278708777063083,8.477729797363281,da3_bbox_median,1920.0,1280.0,image_root
right_rear,43,1772699914510561000,data\camera\right_rear_camera\1772699914510561000.jpg,-1,3,person,0.312125,1693.0,605.0,1716.0,662.0,1693.0,605.0,1716.0,662.0,unassigned,8,PEDESTRIAN_NORMAL,preprocessed/masks/right_rear_camera/masks/frame_000043_gt2d_008_track_-1_PEDESTRIAN_NORMAL.png,0.8443773984909058,1704.5,633.5,24.625179290771484,27.09946060180664,6.971048355102539,1.0310629606246948,16.363802867475822,-0.1315595394249931,24.625179290771484,da3_bbox_median,1920.0,1280.0,image_root
right_rear,43,1772699914510561000,data\camera\right_rear_camera\1772699914510561000.jpg,2000034,2,motorcycle,0.494134,101.0,580.0,220.0,773.0,99.8433837890625,576.1876831054688,233.8433837890625,773.587646484375,matched,4,MOTOR,preprocessed/masks/right_rear_camera/masks/frame_000043_gt2d_004_track_-1_MOTOR.png,0.9051370620727539,160.5,676.5,8.99224853515625,9.27376937866211,1.7445049285888672,1.8679603338241577,-6.393990008494181,0.29638192682659475,8.99224853515625,da3_bbox_median,1920.0,1280.0,image_root
right_rear,43,1772699914510561000,data\camera\right_rear_camera\1772699914510561000.jpg,2000035,2,motorcycle,0.712351,0.0,568.0,96.0,774.0,0.0,568.0,96.0,774.0,tentative,0,MOTOR,preprocessed/masks/right_rear_camera/masks/frame_000043_gt2d_000_track_-1_MOTOR.png,0.8891202211380005,48.0,671.0,8.03857135772705,8.32988452911377,0.8465781211853027,1.92914617061615,-6.5215606629484535,0.22556709389209414,8.03857135772705,da3_bbox_median,1920.0,1280.0,image_root
right_rear,43,1772699914510561000,data\camera\right_rear_camera\1772699914510561000.jpg,2000036,2,motorcycle,0.636324,215.0,557.0,376.0,764.0,215.0,557.0,376.0,764.0,tentative,1,MOTOR,preprocessed/masks/right_rear_camera/masks/frame_000043_gt2d_001_track_-1_MOTOR.png,0.906842827796936,295.5,660.5,8.363578796386719,9.392803192138672,1.6694574356079102,1.882949709892273,-4.941055090021272,0.1564636052952283,8.363578796386719,da3_bbox_median,1920.0,1280.0,image_root
right_rear,43,1772699914510561000,data\camera\right_rear_camera\1772699914510561000.jpg,2000037,2,motorcycle,0.573655,872.0,596.0,1003.0,713.0,872.0,596.0,1003.0,713.0,tentative,2,MOTOR,preprocessed/masks/right_rear_camera/masks/frame_000043_gt2d_002_track_-1_MOTOR.png,0.8026553988456726,937.5,654.5,9.880182266235352,9.995284080505371,0.3009939193725586,1.6961476802825928,-0.18590321429824236,0.13203126365257467,9.880182266235352,da3_bbox_median,1920.0,1280.0,image_root
right_rear,43,1772699914510561000,data\camera\right_rear_camera\1772699914510561000.jpg,3000030,3,person,0.515845,1883.0,612.0,1901.0,655.0,1883.0,612.0,1901.0,655.0,tentative,3,PEDESTRIAN_NORMAL,preprocessed/masks/right_rear_camera/masks/frame_000043_gt2d_003_track_-1_PEDESTRIAN_NORMAL.png,0.797701358795166,1892.0,633.5,37.29241943359375,37.48847961425781,2.4512252807617188,1.000004768371582,31.01093660558764,-0.19923402249363076,37.29241943359375,da3_bbox_median,1920.0,1280.0,image_root
right_rear,44,1772699914610537000,data\camera\right_rear_camera\1772699914610537000.jpg,-1,2,motorcycle,0.337567,266.0,569.0,483.0,759.0,266.0,569.0,483.0,759.0,unassigned,7,MOTOR,preprocessed/masks/right_rear_camera/masks/frame_000044_gt2d_007_track_-1_MOTOR.png,0.9092838764190674,374.5,664.0,8.054417610168457,8.550215721130371,0.880518913269043,2.332916736602783,-4.191520587237221,0.17579051647950703,8.054417610168457,da3_bbox_median,1920.0,1280.0,image_root
right_rear,44,1772699914610537000,data\camera\right_rear_camera\1772699914610537000.jpg,-1,3,person,0.328445,1386.0,589.0,1419.0,670.0,1386.0,589.0,1419.0,670.0,unassigned,8,PEDESTRIAN_NORMAL,preprocessed/masks/right_rear_camera/masks/frame_000044_gt2d_008_track_-1_PEDESTRIAN_NORMAL.png,0.8730779886245728,1402.5,629.5,14.440558433532715,16.342775344848633,4.2220048904418945,1.1700695753097534,5.710650588238539,-0.12860003454956406,14.440558433532715,da3_bbox_median,1920.0,1280.0,image_root
right_rear,44,1772699914610537000,data\camera\right_rear_camera\1772699914610537000.jpg,-1,2,motorcycle,0.313421,163.0,579.0,349.0,763.0,163.0,579.0,349.0,763.0,unassigned,9,MOTOR,preprocessed/masks/right_rear_camera/masks/frame_000044_gt2d_009_track_-1_MOTOR.png,0.8778019547462463,256.0,671.0,7.930673122406006,8.290531158447266,0.996650218963623,2.4187748432159424,-4.9643910952922985,0.22253940522773236,7.930673122406006,da3_bbox_median,1920.0,1280.0,image_root
right_rear,44,1772699914610537000,data\camera\right_rear_camera\1772699914610537000.jpg,5,0,bicycle,0.549863,424.0,592.0,605.0,734.0,424.0,592.0,605.0,734.0,tentative,2,BICYCLE,preprocessed/masks/right_rear_camera/masks/frame_000044_gt2d_002_track_-1_BICYCLE.png,0.9247108697891235,514.5,663.0,8.400690078735352,8.851548194885254,0.9510378837585449,2.303619384765625,-3.32392021447369,0.17586513216983163,8.400690078735352,da3_bbox_median,1920.0,1280.0,image_root
right_rear,44,1772699914610537000,data\camera\right_rear_camera\1772699914610537000.jpg,6,0,bicycle,0.509967,0.0,582.0,94.0,721.0,0.0,582.0,94.0,721.0,tentative,4,BICYCLE,preprocessed/masks/right_rear_camera/masks/frame_000044_gt2d_004_track_-1_BICYCLE.png,0.9053145051002502,47.0,651.5,7.550912857055664,7.909685134887695,1.0075044631958008,2.3811116218566895,-6.132658558126729,0.08072677669542414,7.550912857055664,da3_bbox_median,1920.0,1280.0,image_root
right_rear,44,1772699914610537000,data\camera\right_rear_camera\1772699914610537000.jpg,2000014,2,motorcycle,0.477668,344.0,572.0,491.0,756.0,344.5831298828125,573.294677734375,492.3288879394531,754.86865234375,matched,6,MOTOR,preprocessed/masks/right_rear_camera/masks/frame_000044_gt2d_006_track_-1_MOTOR.png,0.9191673994064331,417.5,664.0,8.040471076965332,8.5728759765625,0.6824274063110352,2.3216381072998047,-3.8762380617305703,0.17548612845376313,8.040471076965332,da3_bbox_median,1920.0,1280.0,image_root
right_rear,44,1772699914610537000,data\camera\right_rear_camera\1772699914610537000.jpg,2000034,2,motorcycle,0.710862,45.0,577.0,256.0,779.0,56.6224365234375,577.4732666015625,256.54620361328125,778.5154418945312,matched,0,MOTOR,preprocessed/masks/right_rear_camera/masks/frame_000044_gt2d_000_track_-1_MOTOR.png,0.8899807929992676,150.5,678.0,7.557927131652832,7.824561595916748,0.7510089874267578,2.601025342941284,-5.441442141730654,0.2592054260379783,7.557927131652832,da3_bbox_median,1920.0,1280.0,image_root
right_rear,44,1772699914610537000,data\camera\right_rear_camera\1772699914610537000.jpg,2000036,2,motorcycle,0.48499,254.0,586.0,370.0,762.0,251.39076232910156,580.8170776367188,376.3907470703125,763.0170288085938,matched,5,MOTOR,preprocessed/masks/right_rear_camera/masks/frame_000044_gt2d_005_track_-1_MOTOR.png,0.9322222471237183,312.0,674.0,8.199281692504883,8.520060539245605,1.157210350036621,2.3401966094970703,-4.723461183329772,0.25198721938468005,8.199281692504883,da3_bbox_median,1920.0,1280.0,image_root
right_rear,44,1772699914610537000,data\camera\right_rear_camera\1772699914610537000.jpg,2000037,2,motorcycle,0.618801,916.0,602.0,1062.0,722.0,912.3907470703125,601.4170532226562,1055.3907470703125,720.8170776367188,matched,1,MOTOR,preprocessed/masks/right_rear_camera/masks/frame_000044_gt2d_001_track_-1_MOTOR.png,0.8297104835510254,989.0,662.0,9.796567916870117,9.846827507019043,0.5050754547119141,2.1436662673950195,0.26515675023539476,0.19636100405642534,9.796567916870117,da3_bbox_median,1920.0,1280.0,image_root
right_rear,44,1772699914610537000,data\camera\right_rear_camera\1772699914610537000.jpg,3000031,3,person,0.514939,1887.0,614.0,1905.0,658.0,1887.0,614.0,1905.0,658.0,tentative,3,PEDESTRIAN_NORMAL,preprocessed/masks/right_rear_camera/masks/frame_000044_gt2d_003_track_-1_PEDESTRIAN_NORMAL.png,0.8315373659133911,1896.0,636.0,34.795738220214844,34.787662506103516,2.1507186889648438,1.0000053644180298,29.058792880149934,-0.10840990761015197,34.795738220214844,da3_bbox_median,1920.0,1280.0,image_root
right_rear,45,1772699914710545000,data\camera\right_rear_camera\1772699914710545000.jpg,-1,3,person,0.486124,1888.0,615.0,1906.0,658.0,1888.0,615.0,1906.0,658.0,unassigned,4,PEDESTRIAN_NORMAL,preprocessed/masks/right_rear_camera/masks/frame_000045_gt2d_004_track_-1_PEDESTRIAN_NORMAL.png,0.8096286058425903,1897.0,636.5,34.194942474365234,34.189151763916016,0.8570213317871094,1.0000042915344238,28.587518042661863,-0.09130851326241532,34.194942474365234,da3_bbox_median,1920.0,1280.0,image_root
right_rear,45,1772699914710545000,data\camera\right_rear_camera\1772699914710545000.jpg,-1,2,motorcycle,0.465354,0.0,587.0,55.0,784.0,0.0,587.0,55.0,784.0,unassigned,5,MOTOR,preprocessed/masks/right_rear_camera/masks/frame_000045_gt2d_005_track_-1_MOTOR.png,0.9602158069610596,27.5,685.5,6.996735095977783,7.052253723144531,0.14741134643554688,2.555316686630249,-5.804122541000064,0.2867013701226862,6.996735095977783,da3_bbox_median,1920.0,1280.0,image_root
right_rear,45,1772699914710545000,data\camera\right_rear_camera\1772699914710545000.jpg,-1,2,motorcycle,0.376061,197.0,583.0,319.0,769.0,197.0,583.0,319.0,769.0,unassigned,7,MOTOR,preprocessed/masks/right_rear_camera/masks/frame_000045_gt2d_007_track_-1_MOTOR.png,0.9306643009185791,258.0,676.0,8.051156997680664,8.119452476501465,0.3855857849121094,2.3549299240112305,-5.0254650337475155,0.26177804156279383,8.051156997680664,da3_bbox_median,1920.0,1280.0,image_root
right_rear,45,1772699914710545000,data\camera\right_rear_camera\1772699914710545000.jpg,-1,2,motorcycle,0.349837,385.0,596.0,500.0,752.0,385.0,596.0,500.0,752.0,unassigned,8,MOTOR,preprocessed/masks/right_rear_camera/masks/frame_000045_gt2d_008_track_-1_MOTOR.png,0.8916481733322144,442.5,674.0,8.903247833251953,9.045370101928711,0.42850685119628906,2.1040596961975098,-4.093874251078525,0.27362209875587845,8.903247833251953,da3_bbox_median,1920.0,1280.0,image_root
right_rear,45,1772699914710545000,data\camera\right_rear_camera\1772699914710545000.jpg,-1,2,motorcycle,0.327641,1384.0,591.0,1418.0,672.0,1384.0,591.0,1418.0,672.0,unassigned,9,CYCLIST_MOTOR,preprocessed/masks/right_rear_camera/masks/frame_000045_gt2d_009_track_-1_CYCLIST_MOTOR.png,0.7826144099235535,1401.0,631.5,15.54452896118164,17.583602905273438,6.055085182189941,1.1010831594467163,6.12645255424743,-0.11073887952844014,15.54452896118164,da3_bbox_median,1920.0,1280.0,image_root
right_rear,45,1772699914710545000,data\camera\right_rear_camera\1772699914710545000.jpg,-1,2,motorcycle,0.319377,838.0,589.0,969.0,715.0,838.0,589.0,969.0,715.0,unassigned,10,MOTOR,preprocessed/masks/right_rear_camera/masks/frame_000045_gt2d_010_track_-1_MOTOR.png,0.8397070169448853,903.5,652.0,10.060235977172852,10.280853271484375,0.7535190582275391,1.8542022705078125,-0.49402634863619393,0.11203451025112085,10.060235977172852,da3_bbox_median,1920.0,1280.0,image_root
right_rear,45,1772699914710545000,data\camera\right_rear_camera\1772699914710545000.jpg,-1,2,motorcycle,0.310894,2.0,572.0,195.0,777.0,2.0,572.0,195.0,777.0,unassigned,11,MOTOR,preprocessed/masks/right_rear_camera/masks/frame_000045_gt2d_011_track_-1_MOTOR.png,0.8972351551055908,98.5,674.5,7.4514031410217285,7.6247992515563965,0.5221867561340332,2.3383920192718506,-5.709953598092323,0.23232145061899628,7.4514031410217285,da3_bbox_median,1920.0,1280.0,image_root
right_rear,45,1772699914710545000,data\camera\right_rear_camera\1772699914710545000.jpg,5,0,bicycle,0.573098,515.0,587.0,717.0,738.0,501.7789306640625,588.6409912109375,699.5789184570312,737.8409423828125,matched,2,BICYCLE,preprocessed/masks/right_rear_camera/masks/frame_000045_gt2d_002_track_-1_BICYCLE.png,0.8884660005569458,616.0,662.5,9.445219039916992,9.939676284790039,0.9192790985107422,1.8657675981521606,-2.8831015117580185,0.19352527566532018,9.445219039916992,da3_bbox_median,1920.0,1280.0,image_root
right_rear,45,1772699914710545000,data\camera\right_rear_camera\1772699914710545000.jpg,2000014,2,motorcycle,0.37644,324.0,593.0,494.0,754.0,333.6273498535156,585.8989868164062,496.76409912109375,754.9596557617188,matched,6,MOTOR,preprocessed/masks/right_rear_camera/masks/frame_000045_gt2d_006_track_-1_MOTOR.png,0.8452789783477783,409.0,673.5,8.747982025146484,8.887893676757812,0.5505886077880859,2.13924241065979,-4.283569090568652,0.2649542126874998,8.747982025146484,da3_bbox_median,1920.0,1280.0,image_root
right_rear,45,1772699914710545000,data\camera\right_rear_camera\1772699914710545000.jpg,2000024,2,motorcycle,0.539738,407.0,581.0,588.0,749.0,410.128173828125,581.6203002929688,588.6783447265625,747.7325439453125,matched,3,MOTOR,preprocessed/masks/right_rear_camera/masks/frame_000045_gt2d_003_track_-1_MOTOR.png,0.9104388952255249,497.5,665.0,9.14576530456543,9.501696586608887,0.4866962432861328,1.953787088394165,-3.7572433258003133,0.20775614468931708,9.14576530456543,da3_bbox_median,1920.0,1280.0,image_root
right_rear,45,1772699914710545000,data\camera\right_rear_camera\1772699914710545000.jpg,2000034,2,motorcycle,0.642276,70.0,574.0,199.0,776.0,60.71068572998047,575.2730102539062,227.22213745117188,777.4524536132812,matched,1,MOTOR,preprocessed/masks/right_rear_camera/masks/frame_000045_gt2d_001_track_-1_MOTOR.png,0.9276614785194397,134.5,675.0,7.543970108032227,7.8439435958862305,0.6097297668457031,2.280071496963501,-5.538930001466644,0.23856741412403135,7.543970108032227,da3_bbox_median,1920.0,1280.0,image_root
right_rear,45,1772699914710545000,data\camera\right_rear_camera\1772699914710545000.jpg,2000036,2,motorcycle,0.66614,199.0,580.0,389.0,763.0,212.05661010742188,580.7965087890625,391.07550048828125,763.6380615234375,matched,0,MOTOR,preprocessed/masks/right_rear_camera/masks/frame_000045_gt2d_000_track_-1_MOTOR.png,0.9337822198867798,294.0,671.5,8.230453491210938,8.369297981262207,0.5260744094848633,2.2648568153381348,-4.873405939967442,0.23461705346488265,8.230453491210938,da3_bbox_median,1920.0,1280.0,image_root
right_rear,46,1772699914810552000,data\camera\right_rear_camera\1772699914810552000.jpg,-1,2,motorcycle,0.451711,148.0,577.0,328.0,767.0,148.0,577.0,328.0,767.0,unassigned,8,MOTOR,preprocessed/masks/right_rear_camera/masks/frame_000046_gt2d_008_track_-1_MOTOR.png,0.8973121047019958,238.0,672.0,8.803203582763672,9.261019706726074,0.8464508056640625,1.6763588190078735,-5.651744139989401,0.2548645708782683,8.803203582763672,da3_bbox_median,1920.0,1280.0,image_root
right_rear,46,1772699914810552000,data\camera\right_rear_camera\1772699914810552000.jpg,-1,2,motorcycle,0.349639,239.0,578.0,443.0,760.0,239.0,578.0,443.0,760.0,unassigned,9,MOTOR,preprocessed/masks/right_rear_camera/masks/frame_000046_gt2d_009_track_-1_MOTOR.png,0.9333918690681458,341.0,669.0,9.423931121826172,9.74603271484375,1.3715095520019531,1.6375516653060913,-5.185478678877186,0.24765240461375124,9.423931121826172,da3_bbox_median,1920.0,1280.0,image_root
right_rear,46,1772699914810552000,data\camera\right_rear_camera\1772699914810552000.jpg,-1,2,motorcycle,0.31715,1381.0,592.0,1422.0,675.0,1381.0,592.0,1422.0,675.0,unassigned,10,CYCLIST_MOTOR,preprocessed/masks/right_rear_camera/masks/frame_000046_gt2d_010_track_-1_CYCLIST_MOTOR.png,0.8139781951904297,1401.5,633.5,16.05988121032715,18.359712600708008,8.160782814025879,1.0274325609207153,6.336718586104974,-0.08579960171264797,16.05988121032715,da3_bbox_median,1920.0,1280.0,image_root
right_rear,46,1772699914810552000,data\camera\right_rear_camera\1772699914810552000.jpg,5,0,bicycle,0.5205,619.0,589.0,806.0,731.0,595.2451782226562,589.4934692382812,784.9599609375,733.2326049804688,matched,4,BICYCLE,preprocessed/masks/right_rear_camera/masks/frame_000046_gt2d_004_track_-1_BICYCLE.png,0.8858457803726196,712.5,660.0,11.530359268188477,12.060855865478516,0.9139328002929688,1.3156956434249878,-2.5282775632239707,0.21057156507858113,11.530359268188477,da3_bbox_median,1920.0,1280.0,image_root
right_rear,46,1772699914810552000,data\camera\right_rear_camera\1772699914810552000.jpg,2000014,2,motorcycle,0.488595,330.0,584.0,448.0,760.0,333.84527587890625,584.5680541992188,468.4294128417969,758.627685546875,matched,6,MOTOR,preprocessed/masks/right_rear_camera/masks/frame_000046_gt2d_006_track_-1_MOTOR.png,0.920729398727417,389.0,672.0,9.704951286315918,9.934321403503418,1.1045799255371094,1.6224086284637451,-4.92508767280397,0.2809713783995998,9.704951286315918,da3_bbox_median,1920.0,1280.0,image_root
right_rear,46,1772699914810552000,data\camera\right_rear_camera\1772699914810552000.jpg,2000024,2,motorcycle,0.468334,337.0,576.0,509.0,751.0,363.45880126953125,577.4440307617188,538.5319213867188,750.0767211914062,matched,7,MOTOR,preprocessed/masks/right_rear_camera/masks/frame_000046_gt2d_007_track_-1_MOTOR.png,0.890322208404541,423.0,663.5,10.055939674377441,10.418339729309082,1.2816600799560547,1.5088380575180054,-4.798602800970461,0.21499578681791734,10.055939674377441,da3_bbox_median,1920.0,1280.0,image_root
right_rear,46,1772699914810552000,data\camera\right_rear_camera\1772699914810552000.jpg,2000034,2,motorcycle,0.714992,1.0,562.0,224.0,783.0,11.901925086975098,565.21142578125,224.8544921875,781.9165649414062,matched,0,MOTOR,preprocessed/masks/right_rear_camera/masks/frame_000046_gt2d_000_track_-1_MOTOR.png,0.9044700860977173,112.5,672.5,8.104573249816895,8.478555679321289,0.4887118339538574,1.7833667993545532,-6.109386228581128,0.23824785306600668,8.104573249816895,da3_bbox_median,1920.0,1280.0,image_root
right_rear,46,1772699914810552000,data\camera\right_rear_camera\1772699914810552000.jpg,2000036,2,motorcycle,0.535533,233.0,580.0,329.0,765.0,221.93601989746094,580.33203125,356.3988037109375,764.9485473632812,matched,3,MOTOR,preprocessed/masks/right_rear_camera/masks/frame_000046_gt2d_003_track_-1_MOTOR.png,0.8962415456771851,281.0,672.5,8.947416305541992,9.406700134277344,0.5761280059814453,1.6789544820785522,-5.4015609649537595,0.26302467256142353,8.947416305541992,da3_bbox_median,1920.0,1280.0,image_root
right_rear,46,1772699914810552000,data\camera\right_rear_camera\1772699914810552000.jpg,2000038,2,motorcycle,0.712682,514.0,582.0,679.0,742.0,514.0,582.0,679.0,742.0,tentative,1,MOTOR,preprocessed/masks/right_rear_camera/masks/frame_000046_gt2d_001_track_-1_MOTOR.png,0.8993260860443115,596.5,662.0,11.100593566894531,11.727901458740234,1.008925437927246,1.3172032833099365,-3.5812441348028576,0.2224987073956918,11.100593566894531,da3_bbox_median,1920.0,1280.0,image_root
right_rear,46,1772699914810552000,data\camera\right_rear_camera\1772699914810552000.jpg,2000039,2,motorcycle,0.502923,436.0,592.0,601.0,746.0,436.0,592.0,601.0,746.0,tentative,5,MOTOR,preprocessed/masks/right_rear_camera/masks/frame_000046_gt2d_005_track_-1_MOTOR.png,0.8607396483421326,518.5,669.0,10.746289253234863,11.170951843261719,1.2056798934936523,1.380266547203064,-4.2137127254465465,0.2824027828551034,10.746289253234863,da3_bbox_median,1920.0,1280.0,image_root
right_rear,46,1772699914810552000,data\camera\right_rear_camera\1772699914810552000.jpg,3000032,3,person,0.542783,1890.0,616.0,1909.0,660.0,1890.0,616.0,1909.0,660.0,tentative,2,PEDESTRIAN_NORMAL,preprocessed/masks/right_rear_camera/masks/frame_000046_gt2d_002_track_-1_PEDESTRIAN_NORMAL.png,0.7940723896026611,1899.5,638.0,35.69165802001953,35.7314338684082,1.3384246826171875,1.0000028610229492,29.918291614996537,-0.047616649049222526,35.69165802001953,da3_bbox_median,1920.0,1280.0,image_root
right_rear,47,1772699914910560000,data\camera\right_rear_camera\1772699914910560000.jpg,-1,3,person,0.409689,1892.0,620.0,1909.0,661.0,1892.0,620.0,1909.0,661.0,unassigned,7,PEDESTRIAN_NORMAL,preprocessed/masks/right_rear_camera/masks/frame_000047_gt2d_007_track_-1_PEDESTRIAN_NORMAL.png,0.6801460981369019,1900.5,640.5,35.2818603515625,35.0322380065918,1.9336929321289062,1.0000011920928955,29.606214577625696,0.0314982425781459,35.2818603515625,da3_bbox_median,1920.0,1280.0,image_root
right_rear,47,1772699914910560000,data\camera\right_rear_camera\1772699914910560000.jpg,-1,2,motorcycle,0.365417,936.0,602.0,1074.0,714.0,936.0,602.0,1074.0,714.0,unassigned,8,MOTOR,preprocessed/masks/right_rear_camera/masks/frame_000047_gt2d_008_track_-1_MOTOR.png,0.8775869607925415,1005.0,658.0,10.820671081542969,11.072903633117676,0.6128139495849609,1.3079599142074585,0.4471199773367386,0.17833398749483337,10.820671081542969,da3_bbox_median,1920.0,1280.0,image_root
right_rear,47,1772699914910560000,data\camera\right_rear_camera\1772699914910560000.jpg,-1,3,person,0.364845,1386.0,593.0,1419.0,673.0,1386.0,593.0,1419.0,673.0,unassigned,9,PEDESTRIAN_NORMAL,preprocessed/masks/right_rear_camera/masks/frame_000047_gt2d_009_track_-1_PEDESTRIAN_NORMAL.png,0.7981992363929749,1402.5,633.0,15.350081443786621,18.496540069580078,10.378582000732422,1.03482985496521,6.070329761134093,-0.08884404267373786,15.350081443786621,da3_bbox_median,1920.0,1280.0,image_root
right_rear,47,1772699914910560000,data\camera\right_rear_camera\1772699914910560000.jpg,-1,2,motorcycle,0.360595,381.0,586.0,558.0,755.0,381.0,586.0,558.0,755.0,unassigned,10,MOTOR,preprocessed/masks/right_rear_camera/masks/frame_000047_gt2d_010_track_-1_MOTOR.png,0.909636378288269,469.5,670.5,9.128331184387207,9.81578254699707,1.0794601440429688,1.5556267499923706,-3.9777926389690803,0.2520808783991501,9.128331184387207,da3_bbox_median,1920.0,1280.0,image_root
right_rear,47,1772699914910560000,data\camera\right_rear_camera\1772699914910560000.jpg,-1,3,person,0.332925,1897.0,620.0,1912.0,661.0,1897.0,620.0,1912.0,661.0,unassigned,11,PEDESTRIAN_NORMAL,preprocessed/masks/right_rear_camera/masks/frame_000047_gt2d_011_track_-1_PEDESTRIAN_NORMAL.png,0.7336416840553284,1904.5,640.5,35.2818603515625,35.0322380065918,1.9336929321289062,1.0000011920928955,29.73194695505382,0.0314982425781459,35.2818603515625,da3_bbox_median,1920.0,1280.0,image_root
right_rear,47,1772699914910560000,data\camera\right_rear_camera\1772699914910560000.jpg,-1,2,motorcycle,0.31281,1061.0,613.0,1180.0,706.0,1061.0,613.0,1180.0,706.0,unassigned,12,MOTOR,preprocessed/masks/right_rear_camera/masks/frame_000047_gt2d_012_track_-1_MOTOR.png,0.8784581422805786,1120.5,659.5,11.461004257202148,11.955105781555176,0.9481220245361328,1.225508213043213,1.6529226266183907,0.20420054176469124,11.461004257202148,da3_bbox_median,1920.0,1280.0,image_root
right_rear,47,1772699914910560000,data\camera\right_rear_camera\1772699914910560000.jpg,-1,2,motorcycle,0.306617,140.0,575.0,277.0,771.0,140.0,575.0,277.0,771.0,unassigned,13,MOTOR,preprocessed/masks/right_rear_camera/masks/frame_000047_gt2d_013_track_-1_MOTOR.png,0.9307394623756409,208.5,673.0,7.765676975250244,8.169243812561035,0.20627355575561523,1.7641738653182983,-5.189738929143129,0.2317440481413034,7.765676975250244,da3_bbox_median,1920.0,1280.0,image_root
right_rear,47,1772699914910560000,data\camera\right_rear_camera\1772699914910560000.jpg,5,0,bicycle,0.51434,703.0,593.0,887.0,729.0,691.9303588867188,592.6744384765625,876.39697265625,729.7974243164062,matched,5,BICYCLE,preprocessed/masks/right_rear_camera/masks/frame_000047_gt2d_005_track_-1_BICYCLE.png,0.9113658666610718,795.0,661.0,10.860700607299805,11.281070709228516,0.5897960662841797,1.3123424053192139,-1.5831749323503324,0.20801617260383878,10.860700607299805,da3_bbox_median,1920.0,1280.0,image_root
right_rear,47,1772699914910560000,data\camera\right_rear_camera\1772699914910560000.jpg,2000014,2,motorcycle,0.516246,365.0,588.0,468.0,757.0,358.47662353515625,586.7891235351562,470.23150634765625,758.0776977539062,matched,4,MOTOR,preprocessed/masks/right_rear_camera/masks/frame_000047_gt2d_004_track_-1_MOTOR.png,0.9035155773162842,416.5,672.5,8.73415756225586,8.895320892333984,0.2805614471435547,1.6915960311889648,-4.218439395452274,0.25675556545740374,8.73415756225586,da3_bbox_median,1920.0,1280.0,image_root
right_rear,47,1772699914910560000,data\camera\right_rear_camera\1772699914910560000.jpg,2000024,2,motorcycle,0.501587,450.0,593.0,564.0,752.0,420.26885986328125,586.9285888671875,556.033935546875,751.6787109375,matched,6,MOTOR,preprocessed/masks/right_rear_camera/masks/frame_000047_gt2d_006_track_-1_MOTOR.png,0.914566159248352,507.0,672.5,9.500993728637695,10.172670364379883,1.2878971099853516,1.4788360595703125,-3.8227641149297833,0.27929803187264246,9.500993728637695,da3_bbox_median,1920.0,1280.0,image_root
right_rear,47,1772699914910560000,data\camera\right_rear_camera\1772699914910560000.jpg,2000034,2,motorcycle,0.569832,0.0,589.0,146.0,760.0,-2.4396843910217285,580.933837890625,175.03402709960938,767.3152465820312,matched,3,MOTOR,preprocessed/masks/right_rear_camera/masks/frame_000047_gt2d_003_track_-1_MOTOR.png,0.8833818435668945,73.0,674.5,8.644641876220703,8.98885726928711,0.6693296432495117,1.5402411222457886,-6.820714944514051,0.26952450468140077,8.644641876220703,da3_bbox_median,1920.0,1280.0,image_root
right_rear,47,1772699914910560000,data\camera\right_rear_camera\1772699914910560000.jpg,2000036,2,motorcycle,0.619248,168.0,576.0,369.0,772.0,177.68850708007812,577.190673828125,366.8819580078125,770.6345825195312,matched,0,MOTOR,preprocessed/masks/right_rear_camera/masks/frame_000047_gt2d_000_track_-1_MOTOR.png,0.8869100213050842,268.5,674.0,7.842529773712158,8.252439498901367,0.5067691802978516,1.7814817428588867,-4.82187797640892,0.24102321943955018,7.842529773712158,da3_bbox_median,1920.0,1280.0,image_root
right_rear,47,1772699914910560000,data\camera\right_rear_camera\1772699914910560000.jpg,2000038,2,motorcycle,0.602432,617.0,592.0,758.0,739.0,601.47314453125,590.5349731445312,747.2731323242188,740.135009765625,matched,2,MOTOR,preprocessed/masks/right_rear_camera/masks/frame_000047_gt2d_002_track_-1_MOTOR.png,0.9014087915420532,687.5,665.5,10.646493911743164,11.653169631958008,0.7388496398925781,1.3055133819580078,-2.5715988982673195,0.2465885251506419,10.646493911743164,da3_bbox_median,1920.0,1280.0,image_root
right_rear,47,1772699914910560000,data\camera\right_rear_camera\1772699914910560000.jpg,2000039,2,motorcycle,0.610858,539.0,589.0,695.0,742.0,523.47314453125,590.135009765625,681.2731323242188,743.3350219726562,matched,1,MOTOR,preprocessed/masks/right_rear_camera/masks/frame_000047_gt2d_001_track_-1_MOTOR.png,0.8099309206008911,617.0,665.5,10.608779907226562,11.862162590026855,3.090672492980957,1.2942125797271729,-3.2288206020115906,0.24571501309790728,10.608779907226562,da3_bbox_median,1920.0,1280.0,image_root
right_rear,48,1772699915010523000,data\camera\right_rear_camera\1772699915010523000.jpg,-1,3,person,0.475442,1895.0,620.0,1913.0,660.0,1895.0,620.0,1913.0,660.0,unassigned,8,PEDESTRIAN_NORMAL,preprocessed/masks/right_rear_camera/masks/frame_000048_gt2d_008_track_-1_PEDESTRIAN_NORMAL.png,0.7081015110015869,1904.0,640.0,39.36846923828125,39.02349853515625,2.0506629943847656,1.000000238418579,33.15818641740945,0.017612898662866656,39.36846923828125,da3_bbox_median,1920.0,1280.0,image_root
right_rear,48,1772699915010523000,data\camera\right_rear_camera\1772699915010523000.jpg,-1,2,motorcycle,0.312604,271.0,573.0,434.0,758.0,271.0,573.0,434.0,758.0,unassigned,9,MOTOR,preprocessed/masks/right_rear_camera/masks/frame_000048_gt2d_009_track_-1_MOTOR.png,0.8913595676422119,352.5,665.5,8.816237449645996,9.228127479553223,0.4740791320800781,1.7096859216690063,-4.7607709458069145,0.20419708197908637,8.816237449645996,da3_bbox_median,1920.0,1280.0,image_root
right_rear,48,1772699915010523000,data\camera\right_rear_camera\1772699915010523000.jpg,5,0,bicycle,0.581057,781.0,596.0,957.0,726.0,775.9673461914062,596.085693359375,952.9906616210938,726.78564453125,matched,6,BICYCLE,preprocessed/masks/right_rear_camera/masks/frame_000048_gt2d_006_track_-1_BICYCLE.png,0.8393053412437439,869.0,661.0,11.612157821655273,12.203149795532227,1.0003280639648438,1.249524712562561,-0.9271536888176756,0.22240891385118547,11.612157821655273,da3_bbox_median,1920.0,1280.0,image_root
right_rear,48,1772699915010523000,data\camera\right_rear_camera\1772699915010523000.jpg,2000014,2,motorcycle,0.618114,332.0,580.0,496.0,761.0,341.1318054199219,582.8143920898438,489.7906799316406,760.8577880859375,matched,3,MOTOR,preprocessed/masks/right_rear_camera/masks/frame_000048_gt2d_003_track_-1_MOTOR.png,0.9031602144241333,414.0,670.5,8.83930492401123,9.377704620361328,0.6631450653076172,1.765683889389038,-4.288911306208129,0.24409935449030998,8.83930492401123,da3_bbox_median,1920.0,1280.0,image_root
right_rear,48,1772699915010523000,data\camera\right_rear_camera\1772699915010523000.jpg,2000024,2,motorcycle,0.608849,434.0,590.0,575.0,750.0,430.7481689453125,589.2381591796875,569.7420654296875,751.3606567382812,matched,4,MOTOR,preprocessed/masks/right_rear_camera/masks/frame_000048_gt2d_004_track_-1_MOTOR.png,0.8794053792953491,504.5,670.0,9.622875213623047,9.995674133300781,0.5930976867675781,1.6201032400131226,-3.893236513913823,0.2614520391388413,9.622875213623047,da3_bbox_median,1920.0,1280.0,image_root
right_rear,48,1772699915010523000,data\camera\right_rear_camera\1772699915010523000.jpg,2000034,2,motorcycle,0.667853,30.0,556.0,149.0,742.0,15.364230155944824,562.9555053710938,152.68174743652344,748.3082885742188,matched,1,MOTOR,preprocessed/masks/right_rear_camera/masks/frame_000048_gt2d_001_track_-1_MOTOR.png,0.9158626794815063,89.5,649.0,7.933635234832764,7.799983978271484,0.330782413482666,1.7074781656265259,-6.1430980488802875,0.06715127230350841,7.933635234832764,da3_bbox_median,1920.0,1280.0,image_root
right_rear,48,1772699915010523000,data\camera\right_rear_camera\1772699915010523000.jpg,2000036,2,motorcycle,0.627615,146.0,574.0,312.0,743.0,151.06524658203125,575.0943603515625,333.0303955078125,752.1612548828125,matched,2,MOTOR,preprocessed/masks/right_rear_camera/masks/frame_000048_gt2d_002_track_-1_MOTOR.png,0.9170352220535278,229.0,658.5,9.033757209777832,9.485307693481445,1.3670120239257812,1.4368845224380493,-5.8721965448119535,0.15290751009169545,9.033757209777832,da3_bbox_median,1920.0,1280.0,image_root
right_rear,48,1772699915010523000,data\camera\right_rear_camera\1772699915010523000.jpg,2000038,2,motorcycle,0.569449,699.0,595.0,835.0,732.0,683.9136962890625,594.885986328125,821.8637084960938,734.5654907226562,matched,7,MOTOR,preprocessed/masks/right_rear_camera/masks/frame_000048_gt2d_007_track_-1_MOTOR.png,0.8993105292320251,767.0,663.5,11.467747688293457,12.581010818481445,0.7227144241333008,1.2394258975982666,-1.957734451391289,0.24518021359616435,11.467747688293457,da3_bbox_median,1920.0,1280.0,image_root
right_rear,48,1772699915010523000,data\camera\right_rear_camera\1772699915010523000.jpg,2000039,2,motorcycle,0.707541,621.0,595.0,775.0,736.0,604.4564819335938,594.78662109375,759.28564453125,738.5674438476562,matched,0,MOTOR,preprocessed/masks/right_rear_camera/masks/frame_000048_gt2d_000_track_-1_MOTOR.png,0.768696129322052,698.0,665.5,11.420587539672852,13.316583633422852,5.655463218688965,1.241209626197815,-2.6517417640887566,0.2645176770030791,11.420587539672852,da3_bbox_median,1920.0,1280.0,image_root
right_rear,48,1772699915010523000,data\camera\right_rear_camera\1772699915010523000.jpg,2000040,2,motorcycle,0.581591,536.0,595.0,671.0,745.0,536.0,595.0,671.0,745.0,tentative,5,MOTOR,preprocessed/masks/right_rear_camera/masks/frame_000048_gt2d_005_track_-1_MOTOR.png,0.8951350450515747,603.5,670.0,10.431554794311523,11.712543487548828,1.1594533920288086,1.418818473815918,-3.300345306762029,0.28342373893617673,10.431554794311523,da3_bbox_median,1920.0,1280.0,image_root
right_rear,49,1772699915110653000,data\camera\right_rear_camera\1772699915110653000.jpg,-1,2,motorcycle,0.396445,365.0,591.0,541.0,745.0,365.0,591.0,541.0,745.0,unassigned,7,MOTOR,preprocessed/masks/right_rear_camera/masks/frame_000049_gt2d_007_track_-1_MOTOR.png,0.9307102560997009,453.0,668.0,9.944781303405762,10.327387809753418,1.0331201553344727,1.472998023033142,-4.479760768216651,0.2524815765428277,9.944781303405762,da3_bbox_median,1920.0,1280.0,image_root
right_rear,49,1772699915110653000,data\camera\right_rear_camera\1772699915110653000.jpg,-1,3,person,0.329052,1898.0,619.0,1915.0,659.0,1898.0,619.0,1915.0,659.0,unassigned,8,PEDESTRIAN_NORMAL,preprocessed/masks/right_rear_camera/masks/frame_000049_gt2d_008_track_-1_PEDESTRIAN_NORMAL.png,0.7029617428779602,1906.5,639.0,39.25184631347656,39.03784942626953,1.164154052734375,1.000002145767212,33.147385506448664,-0.017402806874248587,39.25184631347656,da3_bbox_median,1920.0,1280.0,image_root
right_rear,49,1772699915110653000,data\camera\right_rear_camera\1772699915110653000.jpg,5,0,bicycle,0.555604,855.0,598.0,1014.0,721.0,854.3856201171875,598.4451904296875,1016.6754150390625,722.164306640625,matched,5,BICYCLE,preprocessed/masks/right_rear_camera/masks/frame_000049_gt2d_005_track_-1_BICYCLE.png,0.9015122652053833,934.5,659.5,13.16262435913086,13.348615646362305,0.8973464965820312,1.2086247205734253,-0.28284517109654256,0.23451828171956293,13.16262435913086,da3_bbox_median,1920.0,1280.0,image_root
right_rear,49,1772699915110653000,data\camera\right_rear_camera\1772699915110653000.jpg,2000014,2,motorcycle,0.635311,276.0,588.0,433.0,734.0,303.9889831542969,586.5177001953125,458.4573669433594,744.3995971679688,matched,2,MOTOR,preprocessed/masks/right_rear_camera/masks/frame_000049_gt2d_002_track_-1_MOTOR.png,0.9311563372612,354.5,661.0,10.31348991394043,10.493963241577148,1.0332231521606445,1.3053665161132812,-5.550910879111276,0.1975353870489914,10.31348991394043,da3_bbox_median,1920.0,1280.0,image_root
right_rear,49,1772699915110653000,data\camera\right_rear_camera\1772699915110653000.jpg,2000024,2,motorcycle,0.490948,458.0,592.0,602.0,745.0,451.26861572265625,591.4210815429688,593.1870727539062,747.903076171875,matched,6,MOTOR,preprocessed/masks/right_rear_camera/masks/frame_000049_gt2d_006_track_-1_MOTOR.png,0.9419087171554565,530.0,668.5,9.994283676147461,10.2213773727417,1.0146894454956055,1.565993309020996,-3.8164483369472464,0.25818955751831335,9.994283676147461,da3_bbox_median,1920.0,1280.0,image_root
right_rear,49,1772699915110653000,data\camera\right_rear_camera\1772699915110653000.jpg,2000034,2,motorcycle,0.303732,0.0,584.0,121.0,741.0,1.2580095529556274,577.3330688476562,125.72920227050781,741.8555297851562,matched,9,MOTOR,preprocessed/masks/right_rear_camera/masks/frame_000049_gt2d_009_track_-1_MOTOR.png,0.8797581195831299,60.5,662.5,8.378460884094238,8.58002758026123,2.8776745796203613,1.599716305732727,-6.704001367995382,0.17166822128665948,8.378460884094238,da3_bbox_median,1920.0,1280.0,image_root
right_rear,49,1772699915110653000,data\camera\right_rear_camera\1772699915110653000.jpg,2000038,2,motorcycle,0.557195,777.0,595.0,906.0,727.0,770.0429077148438,595.7671508789062,899.9790649414062,728.306640625,matched,4,MOTOR,preprocessed/masks/right_rear_camera/masks/frame_000049_gt2d_004_track_-1_MOTOR.png,0.913628876209259,841.5,661.0,12.923351287841797,13.46207046508789,0.9549064636230469,1.189426302909851,-1.3484675405943332,0.24752234402860498,12.923351287841797,da3_bbox_median,1920.0,1280.0,image_root
right_rear,49,1772699915110653000,data\camera\right_rear_camera\1772699915110653000.jpg,2000039,2,motorcycle,0.680779,703.0,596.0,847.0,732.0,693.616455078125,596.6157836914062,839.5836791992188,733.27978515625,matched,1,MOTOR,preprocessed/masks/right_rear_camera/masks/frame_000049_gt2d_001_track_-1_MOTOR.png,0.844243049621582,775.0,664.0,12.599782943725586,13.631579399108887,2.6843490600585938,1.211320400238037,-2.0611890589601054,0.2749947244368025,12.599782943725586,da3_bbox_median,1920.0,1280.0,image_root
right_rear,49,1772699915110653000,data\camera\right_rear_camera\1772699915110653000.jpg,2000040,2,motorcycle,0.585281,531.0,593.0,675.0,743.0,537.0767822265625,594.2041015625,679.2767944335938,744.2041015625,matched,3,MOTOR,preprocessed/masks/right_rear_camera/masks/frame_000049_gt2d_003_track_-1_MOTOR.png,0.892454206943512,603.0,668.0,10.860363006591797,11.393110275268555,0.9290142059326172,1.4310383796691895,-3.44084988341248,0.27572668418486407,10.860363006591797,da3_bbox_median,1920.0,1280.0,image_root
right_rear,49,1772699915110653000,data\camera\right_rear_camera\1772699915110653000.jpg,2000041,2,motorcycle,0.708575,615.0,592.0,769.0,740.0,615.0,592.0,769.0,740.0,tentative,0,MOTOR,preprocessed/masks/right_rear_camera/masks/frame_000049_gt2d_000_track_-1_MOTOR.png,0.8723803758621216,692.0,666.0,11.682100296020508,12.978858947753906,3.792583465576172,1.2971843481063843,-2.774908771319081,0.27577760640412374,11.682100296020508,da3_bbox_median,1920.0,1280.0,image_root
right_rear,50,1772699915210660000,data\camera\right_rear_camera\1772699915210660000.jpg,-1,2,motorcycle,0.430102,1086.0,613.0,1201.0,705.0,1086.0,613.0,1201.0,705.0,unassigned,9,MOTOR,preprocessed/masks/right_rear_camera/masks/frame_000050_gt2d_009_track_-1_MOTOR.png,0.7624305486679077,1143.5,659.0,11.754908561706543,12.249141693115234,2.819027900695801,1.459376335144043,1.9361799520749992,0.20420169575948846,11.754908561706543,da3_bbox_median,1920.0,1280.0,image_root
right_rear,50,1772699915210660000,data\camera\right_rear_camera\1772699915210660000.jpg,-1,2,motorcycle,0.415173,576.0,592.0,696.0,738.0,576.0,592.0,696.0,738.0,unassigned,10,MOTOR,preprocessed/masks/right_rear_camera/masks/frame_000050_gt2d_010_track_-1_MOTOR.png,0.8981930613517761,636.0,665.0,9.581892967224121,10.01133918762207,1.0683631896972656,1.646304726600647,-2.75408767834062,0.2176632655008584,9.581892967224121,da3_bbox_median,1920.0,1280.0,image_root
right_rear,50,1772699915210660000,data\camera\right_rear_camera\1772699915210660000.jpg,-1,3,person,0.317739,1902.0,620.0,1917.0,658.0,1902.0,620.0,1917.0,658.0,unassigned,11,PEDESTRIAN_NORMAL,preprocessed/masks/right_rear_camera/masks/frame_000050_gt2d_011_track_-1_PEDESTRIAN_NORMAL.png,0.6932017803192139,1909.5,639.0,34.129520416259766,34.245304107666016,1.5782203674316406,1.000015139579773,28.912904893080785,-0.015131758332370949,34.129520416259766,da3_bbox_median,1920.0,1280.0,image_root
right_rear,50,1772699915210660000,data\camera\right_rear_camera\1772699915210660000.jpg,5,0,bicycle,0.508717,920.0,606.0,1054.0,715.0,923.7792358398438,605.1284790039062,1063.0186767578125,716.5635986328125,matched,6,BICYCLE,preprocessed/masks/right_rear_camera/masks/frame_000050_gt2d_006_track_-1_BICYCLE.png,0.8720799684524536,987.0,660.5,12.640603065490723,12.757898330688477,1.0128412246704102,1.3219019174575806,0.3196108568695811,0.23647703655127292,12.640603065490723,da3_bbox_median,1920.0,1280.0,image_root
right_rear,50,1772699915210660000,data\camera\right_rear_camera\1772699915210660000.jpg,2000024,2,motorcycle,0.491296,478.0,585.0,647.0,737.0,473.0398254394531,587.8231201171875,632.69189453125,741.454345703125,matched,8,MOTOR,preprocessed/masks/right_rear_camera/masks/frame_000050_gt2d_008_track_-1_MOTOR.png,0.9402893781661987,562.5,661.0,9.594371795654297,10.130019187927246,0.9548311233520508,1.6018333435058594,-3.385934613256185,0.18376204000401225,9.594371795654297,da3_bbox_median,1920.0,1280.0,image_root
right_rear,50,1772699915210660000,data\camera\right_rear_camera\1772699915210660000.jpg,2000034,2,motorcycle,0.533422,17.0,566.0,148.0,740.0,11.15949821472168,569.6185913085938,139.58926391601562,739.4525146484375,matched,4,MOTOR,preprocessed/masks/right_rear_camera/masks/frame_000050_gt2d_004_track_-1_MOTOR.png,0.9370476007461548,82.5,653.0,7.584846496582031,7.738626956939697,0.4032459259033203,1.7966232299804688,-5.9203293313521215,0.09122384903573486,7.584846496582031,da3_bbox_median,1920.0,1280.0,image_root
right_rear,50,1772699915210660000,data\camera\right_rear_camera\1772699915210660000.jpg,2000036,2,motorcycle,0.500692,151.0,579.0,323.0,732.0,146.5070343017578,578.4143676757812,323.140869140625,734.9920654296875,matched,7,MOTOR,preprocessed/masks/right_rear_camera/masks/frame_000050_gt2d_007_track_-1_MOTOR.png,0.9107177257537842,237.0,655.5,8.369102478027344,8.50515365600586,2.314723014831543,1.8205022811889648,-5.380503067374968,0.11929310615717446,8.369102478027344,da3_bbox_median,1920.0,1280.0,image_root
right_rear,50,1772699915210660000,data\camera\right_rear_camera\1772699915210660000.jpg,2000038,2,motorcycle,0.56399,842.0,604.0,967.0,723.0,842.0723266601562,603.0221557617188,966.9136352539062,723.6867065429688,matched,3,MOTOR,preprocessed/masks/right_rear_camera/masks/frame_000050_gt2d_003_track_-1_MOTOR.png,0.8785498142242432,904.5,663.5,12.374134063720703,12.450687408447266,1.3156204223632812,1.3313205242156982,-0.5966302741541752,0.26455873596762886,12.374134063720703,da3_bbox_median,1920.0,1280.0,image_root
right_rear,50,1772699915210660000,data\camera\right_rear_camera\1772699915210660000.jpg,2000039,2,motorcycle,0.570852,775.0,600.0,913.0,725.0,772.8328247070312,600.1798095703125,911.60693359375,726.5390014648438,matched,2,MOTOR,preprocessed/masks/right_rear_camera/masks/frame_000050_gt2d_002_track_-1_MOTOR.png,0.881303608417511,844.0,662.5,11.950419425964355,12.503018379211426,1.9984931945800781,1.3309584856033325,-1.2203314549192636,0.24485490531792622,11.950419425964355,da3_bbox_median,1920.0,1280.0,image_root
right_rear,50,1772699915210660000,data\camera\right_rear_camera\1772699915210660000.jpg,2000040,2,motorcycle,0.517006,634.0,598.0,760.0,736.0,617.5014038085938,598.2516479492188,747.424560546875,739.0023193359375,matched,5,MOTOR,preprocessed/masks/right_rear_camera/masks/frame_000050_gt2d_005_track_-1_MOTOR.png,0.86890709400177,697.0,667.0,10.79362678527832,11.087319374084473,1.1211109161376953,1.4920868873596191,-2.51578418165756,0.26441795296592857,10.79362678527832,da3_bbox_median,1920.0,1280.0,image_root
right_rear,50,1772699915210660000,data\camera\right_rear_camera\1772699915210660000.jpg,2000041,2,motorcycle,0.745349,690.0,590.0,845.0,733.0,680.759033203125,591.3787231445312,835.5590209960938,735.3787231445312,matched,0,MOTOR,preprocessed/masks/right_rear_camera/masks/frame_000050_gt2d_000_track_-1_MOTOR.png,0.8280931115150452,767.5,661.5,11.459327697753906,12.250061988830566,2.761240005493164,1.3730350732803345,-1.9511923832795108,0.22458543244939233,11.459327697753906,da3_bbox_median,1920.0,1280.0,image_root
right_rear,50,1772699915210660000,data\camera\right_rear_camera\1772699915210660000.jpg,2000042,2,motorcycle,0.602135,399.0,594.0,562.0,727.0,399.0,594.0,562.0,727.0,tentative,1,MOTOR,preprocessed/masks/right_rear_camera/masks/frame_000050_gt2d_001_track_-1_MOTOR.png,0.8878980875015259,480.5,660.5,9.821372032165527,9.751523971557617,1.102895736694336,1.692855954170227,-4.18354452678761,0.18373561300842048,9.821372032165527,da3_bbox_median,1920.0,1280.0,image_root
right_rear,51,1772699915310637000,data\camera\right_rear_camera\1772699915310637000.jpg,-1,3,person,0.489744,1903.0,621.0,1918.0,656.0,1903.0,621.0,1918.0,656.0,unassigned,9,PEDESTRIAN_NORMAL,preprocessed/masks/right_rear_camera/masks/frame_000051_gt2d_009_track_-1_PEDESTRIAN_NORMAL.png,0.729488730430603,1910.5,638.5,31.036184310913086,31.04196548461914,1.5544757843017578,1.0000483989715576,26.320028372250484,-0.027583008323721042,31.036184310913086,da3_bbox_median,1920.0,1280.0,image_root
right_rear,51,1772699915310637000,data\camera\right_rear_camera\1772699915310637000.jpg,-1,2,motorcycle,0.410479,590.0,590.0,751.0,729.0,590.0,590.0,751.0,729.0,unassigned,10,MOTOR,preprocessed/masks/right_rear_camera/masks/frame_000051_gt2d_010_track_-1_MOTOR.png,0.9310435056686401,670.5,659.5,9.66082763671875,10.276927947998047,0.6076679229736328,1.5694180727005005,-2.479835312667439,0.1721268217899481,9.66082763671875,da3_bbox_median,1920.0,1280.0,image_root
right_rear,51,1772699915310637000,data\camera\right_rear_camera\1772699915310637000.jpg,-1,2,motorcycle,0.397816,270.0,583.0,426.0,726.0,270.0,583.0,426.0,726.0,unassigned,11,MOTOR,preprocessed/masks/right_rear_camera/masks/frame_000051_gt2d_011_track_-1_MOTOR.png,0.917691707611084,348.0,654.5,8.458425521850586,8.998433113098145,1.365875244140625,1.6955759525299072,-4.601463168318415,0.11303198464036504,8.458425521850586,da3_bbox_median,1920.0,1280.0,image_root
right_rear,51,1772699915310637000,data\camera\right_rear_camera\1772699915310637000.jpg,-1,2,motorcycle,0.352418,638.0,592.0,770.0,731.0,638.0,592.0,770.0,731.0,unassigned,12,MOTOR,preprocessed/masks/right_rear_camera/masks/frame_000051_gt2d_012_track_-1_MOTOR.png,0.8838164210319519,704.0,661.5,9.741964340209961,10.379805564880371,0.7535724639892578,1.5575753450393677,-2.2099073988299476,0.19092771687482632,9.741964340209961,da3_bbox_median,1920.0,1280.0,image_root
right_rear,51,1772699915310637000,data\camera\right_rear_camera\1772699915310637000.jpg,-1,3,person,0.325873,1386.0,592.0,1419.0,670.0,1386.0,592.0,1419.0,670.0,unassigned,13,PEDESTRIAN_NORMAL,preprocessed/masks/right_rear_camera/masks/frame_000051_gt2d_013_track_-1_PEDESTRIAN_NORMAL.png,0.7918000221252441,1402.5,631.0,13.507062911987305,16.090444564819336,8.309081077575684,1.1264232397079468,5.3414912670274965,-0.10223971578067273,13.507062911987305,da3_bbox_median,1920.0,1280.0,image_root
right_rear,51,1772699915310637000,data\camera\right_rear_camera\1772699915310637000.jpg,5,0,bicycle,0.520667,973.0,602.0,1110.0,712.0,979.8213500976562,603.4471435546875,1114.722900390625,712.0430908203125,matched,6,BICYCLE,preprocessed/masks/right_rear_camera/masks/frame_000051_gt2d_006_track_-1_BICYCLE.png,0.8618534803390503,1041.5,657.0,11.336786270141602,11.943160057067871,2.1371240615844727,1.3721452951431274,0.8370999299003857,0.17674178337991472,11.336786270141602,da3_bbox_median,1920.0,1280.0,image_root
right_rear,51,1772699915310637000,data\camera\right_rear_camera\1772699915310637000.jpg,2000024,2,motorcycle,0.51018,511.0,591.0,659.0,723.0,502.160400390625,589.6898193359375,654.972412109375,728.92578125,matched,7,MOTOR,preprocessed/masks/right_rear_camera/masks/frame_000051_gt2d_007_track_-1_MOTOR.png,0.8386145830154419,585.0,657.0,9.380282402038574,9.45386028289795,2.5182976722717285,1.8861428499221802,-3.1223476562139,0.14623966623680734,9.380282402038574,da3_bbox_median,1920.0,1280.0,image_root
right_rear,51,1772699915310637000,data\camera\right_rear_camera\1772699915310637000.jpg,2000034,2,motorcycle,0.75572,43.0,537.0,173.0,745.0,32.70235061645508,546.4605712890625,161.68138122558594,741.507568359375,matched,0,MOTOR,preprocessed/masks/right_rear_camera/masks/frame_000051_gt2d_000_track_-1_MOTOR.png,0.855361819267273,108.0,641.0,7.552737236022949,8.32375717163086,2.2236204147338867,1.6312718391418457,-5.723681189483504,0.01010657894826812,7.552737236022949,da3_bbox_median,1920.0,1280.0,image_root
right_rear,51,1772699915310637000,data\camera\right_rear_camera\1772699915310637000.jpg,2000036,2,motorcycle,0.584662,174.0,569.0,295.0,734.0,165.4295654296875,571.0471801757812,301.24920654296875,732.97900390625,matched,3,MOTOR,preprocessed/masks/right_rear_camera/masks/frame_000051_gt2d_003_track_-1_MOTOR.png,0.927078366279602,234.5,651.5,7.514017105102539,7.704996109008789,0.23222780227661133,1.9185231924057007,-4.847503810120419,0.08033232437087552,7.514017105102539,da3_bbox_median,1920.0,1280.0,image_root
right_rear,51,1772699915310637000,data\camera\right_rear_camera\1772699915310637000.jpg,2000037,2,motorcycle,0.490988,1126.0,595.0,1238.0,700.0,1125.523681640625,595.3614501953125,1237.940673828125,700.533447265625,matched,8,MOTOR,preprocessed/masks/right_rear_camera/masks/frame_000051_gt2d_008_track_-1_MOTOR.png,0.5974122881889343,1182.0,647.5,10.943487167358398,11.66053581237793,1.6434097290039062,1.5870691537857056,2.1778923059221285,0.07800518720973153,10.943487167358398,da3_bbox_median,1920.0,1280.0,image_root
right_rear,51,1772699915310637000,data\camera\right_rear_camera\1772699915310637000.jpg,2000038,2,motorcycle,0.531568,906.0,601.0,1020.0,718.0,908.1212768554688,602.0541381835938,1023.4099731445312,718.1192016601562,matched,4,MOTOR,preprocessed/masks/right_rear_camera/masks/frame_000051_gt2d_004_track_-1_MOTOR.png,0.8511124849319458,963.0,659.5,10.59874153137207,10.949440956115723,0.5286846160888672,1.4581958055496216,0.04136193665765915,0.18883761965013438,10.59874153137207,da3_bbox_median,1920.0,1280.0,image_root
right_rear,51,1772699915310637000,data\camera\right_rear_camera\1772699915310637000.jpg,2000039,2,motorcycle,0.601066,848.0,596.0,971.0,721.0,847.8645629882812,597.3887939453125,973.4046020507812,721.0590209960938,matched,2,MOTOR,preprocessed/masks/right_rear_camera/masks/frame_000051_gt2d_002_track_-1_MOTOR.png,0.8730595111846924,909.5,658.5,10.670614242553711,11.203346252441406,0.8096942901611328,1.4258661270141602,-0.4669605120136002,0.1806133391776197,10.670614242553711,da3_bbox_median,1920.0,1280.0,image_root
right_rear,51,1772699915310637000,data\camera\right_rear_camera\1772699915310637000.jpg,2000040,2,motorcycle,0.52174,716.0,598.0,833.0,730.0,707.1762084960938,598.5046997070312,825.5975341796875,731.379150390625,matched,5,MOTOR,preprocessed/masks/right_rear_camera/masks/frame_000051_gt2d_005_track_-1_MOTOR.png,0.8621132373809814,774.5,664.0,10.60022258758545,11.213377952575684,1.7154502868652344,1.4534565210342407,-1.738804419271038,0.23135361160276482,10.60022258758545,da3_bbox_median,1920.0,1280.0,image_root
right_rear,51,1772699915310637000,data\camera\right_rear_camera\1772699915310637000.jpg,2000041,2,motorcycle,0.743556,771.0,592.0,908.0,727.0,756.9600219726562,592.4649047851562,898.0631103515625,729.4668579101562,matched,1,MOTOR,preprocessed/masks/right_rear_camera/masks/frame_000051_gt2d_001_track_-1_MOTOR.png,0.8373706340789795,839.5,659.5,10.871770858764648,11.738702774047852,2.536039352416992,1.395451307296753,-1.1537701044024962,0.19370217910060125,10.871770858764648,da3_bbox_median,1920.0,1280.0,image_root
right_rear,52,1772699915410645000,data\camera\right_rear_camera\1772699915410645000.jpg,-1,3,person,0.371726,1905.0,617.0,1919.0,655.0,1905.0,617.0,1919.0,655.0,unassigned,11,PEDESTRIAN_NORMAL,preprocessed/masks/right_rear_camera/masks/frame_000052_gt2d_011_track_-1_PEDESTRIAN_NORMAL.png,0.7236883044242859,1912.0,636.0,30.919721603393555,31.6170654296875,3.355039596557617,1.00001060962677,26.26258316013056,-0.09633375619569823,30.919721603393555,da3_bbox_median,1920.0,1280.0,image_root
right_rear,52,1772699915410645000,data\camera\right_rear_camera\1772699915410645000.jpg,5,0,bicycle,0.522443,1019.0,601.0,1152.0,709.0,1031.916748046875,603.4700317382812,1162.8470458984375,709.9459838867188,matched,6,BICYCLE,preprocessed/masks/right_rear_camera/masks/frame_000052_gt2d_006_track_-1_BICYCLE.png,0.8514392375946045,1085.5,655.0,11.581914901733398,12.109901428222656,2.0973033905029297,1.2446105480194092,1.3092134833054054,0.15993021584216766,11.581914901733398,da3_bbox_median,1920.0,1280.0,image_root
right_rear,52,1772699915410645000,data\camera\right_rear_camera\1772699915410645000.jpg,2000014,2,motorcycle,0.622176,311.0,580.0,421.0,731.0,315.47003173828125,581.84521484375,433.1659851074219,733.759033203125,matched,2,MOTOR,preprocessed/masks/right_rear_camera/masks/frame_000052_gt2d_002_track_-1_MOTOR.png,0.9187043905258179,366.0,655.5,7.127242088317871,7.490889549255371,0.19146203994750977,2.0179710388183594,-3.7629911967716883,0.1015916401169449,7.127242088317871,da3_bbox_median,1920.0,1280.0,image_root
right_rear,52,1772699915410645000,data\camera\right_rear_camera\1772699915410645000.jpg,2000034,2,motorcycle,0.621051,0.0,563.0,135.0,767.0,15.019856452941895,556.8314208984375,147.76583862304688,758.1127319335938,matched,3,MOTOR,preprocessed/masks/right_rear_camera/masks/frame_000052_gt2d_003_track_-1_MOTOR.png,0.9402570724487305,67.5,665.0,7.061800956726074,7.394992828369141,1.1320905685424805,1.8839778900146484,-5.6064395269185034,0.16041659636732306,7.061800956726074,da3_bbox_median,1920.0,1280.0,image_root
right_rear,52,1772699915410645000,data\camera\right_rear_camera\1772699915410645000.jpg,2000036,2,motorcycle,0.677926,200.0,570.0,312.0,740.0,195.2183074951172,571.0283813476562,310.8799133300781,737.92333984375,matched,1,MOTOR,preprocessed/masks/right_rear_camera/masks/frame_000052_gt2d_001_track_-1_MOTOR.png,0.9115884900093079,256.0,655.0,7.010251998901367,7.738794803619385,1.5390491485595703,1.837518334388733,-4.388231876658519,0.09680187816994638,7.010251998901367,da3_bbox_median,1920.0,1280.0,image_root
right_rear,52,1772699915410645000,data\camera\right_rear_camera\1772699915410645000.jpg,2000037,2,motorcycle,0.39695,1162.0,596.0,1266.0,696.0,1164.5213623046875,596.7388916015625,1269.4913330078125,697.5701904296875,matched,10,MOTOR,preprocessed/masks/right_rear_camera/masks/frame_000052_gt2d_010_track_-1_MOTOR.png,0.5875541567802429,1214.0,646.0,11.852153778076172,12.585075378417969,2.1282663345336914,1.262511968612671,2.6966243447208122,0.06864622829261077,11.852153778076172,da3_bbox_median,1920.0,1280.0,image_root
right_rear,52,1772699915410645000,data\camera\right_rear_camera\1772699915410645000.jpg,2000038,2,motorcycle,0.47461,964.0,601.0,1071.0,714.0,971.134521484375,602.894287109375,1078.5352783203125,714.9193115234375,matched,8,MOTOR,preprocessed/masks/right_rear_camera/masks/frame_000052_gt2d_008_track_-1_MOTOR.png,0.861115574836731,1017.5,657.5,10.850452423095703,11.27998161315918,1.6913518905639648,1.3078047037124634,0.569185784594127,0.17399229661907242,10.850452423095703,da3_bbox_median,1920.0,1280.0,image_root
right_rear,52,1772699915410645000,data\camera\right_rear_camera\1772699915410645000.jpg,2000039,2,motorcycle,0.596975,913.0,599.0,1023.0,717.0,918.7343139648438,599.9737548828125,1030.6668701171875,717.92626953125,matched,4,MOTOR,preprocessed/masks/right_rear_camera/masks/frame_000052_gt2d_004_track_-1_MOTOR.png,0.8156293630599976,968.0,658.0,10.682547569274902,11.331661224365234,1.724534034729004,1.310882806777954,0.08927513480762164,0.1760575929418586,10.682547569274902,da3_bbox_median,1920.0,1280.0,image_root
right_rear,52,1772699915410645000,data\camera\right_rear_camera\1772699915410645000.jpg,2000040,2,motorcycle,0.461739,769.0,600.0,901.0,725.0,773.0402221679688,601.0400390625,900.6431884765625,726.5030517578125,matched,9,MOTOR,preprocessed/masks/right_rear_camera/masks/frame_000052_gt2d_009_track_-1_MOTOR.png,0.8358607292175293,835.0,662.5,9.846933364868164,10.952249526977539,1.430262565612793,1.4222818613052368,-1.0844863600730426,0.20175609330399366,9.846933364868164,da3_bbox_median,1920.0,1280.0,image_root
right_rear,52,1772699915410645000,data\camera\right_rear_camera\1772699915410645000.jpg,2000041,2,motorcycle,0.769329,836.0,594.0,968.0,723.0,833.4368896484375,595.0313110351562,965.9489135742188,724.964599609375,matched,0,MOTOR,preprocessed/masks/right_rear_camera/masks/frame_000052_gt2d_000_track_-1_MOTOR.png,0.8243507146835327,902.0,658.5,10.58070182800293,11.877984046936035,2.946256637573242,1.3161367177963257,-0.5337245183637793,0.17909146039384946,10.58070182800293,da3_bbox_median,1920.0,1280.0,image_root
right_rear,52,1772699915410645000,data\camera\right_rear_camera\1772699915410645000.jpg,2000043,2,motorcycle,0.5655,669.0,595.0,821.0,720.0,669.0,595.0,821.0,720.0,tentative,5,MOTOR,preprocessed/masks/right_rear_camera/masks/frame_000052_gt2d_005_track_-1_MOTOR.png,0.9144091010093689,745.0,657.5,9.44510555267334,9.862506866455078,0.3981294631958008,1.518713116645813,-1.7975609772626535,0.15145687413191958,9.44510555267334,da3_bbox_median,1920.0,1280.0,image_root
right_rear,52,1772699915410645000,data\camera\right_rear_camera\1772699915410645000.jpg,2000044,2,motorcycle,0.520805,408.0,592.0,550.0,724.0,408.0,592.0,550.0,724.0,tentative,7,MOTOR,preprocessed/masks/right_rear_camera/masks/frame_000052_gt2d_007_track_-1_MOTOR.png,0.9175785183906555,479.0,658.0,8.559894561767578,9.460935592651367,2.6901559829711914,1.5437666177749634,-3.657640549859254,0.14107444152324033,8.559894561767578,da3_bbox_median,1920.0,1280.0,image_root
right_rear,53,1772699915510652000,data\camera\right_rear_camera\1772699915510652000.jpg,-1,2,motorcycle,0.488888,0.0,598.0,26.0,723.0,0.0,598.0,26.0,723.0,unassigned,9,MOTOR,preprocessed/masks/right_rear_camera/masks/frame_000053_gt2d_009_track_-1_MOTOR.png,0.9272613525390625,13.0,660.5,9.60218334197998,10.247559547424316,2.5980749130249023,1.198969841003418,-8.089508435032723,0.17963508935206587,9.60218334197998,da3_bbox_median,1920.0,1280.0,image_root
right_rear,53,1772699915510652000,data\camera\right_rear_camera\1772699915510652000.jpg,-1,2,motorcycle,0.389457,336.0,566.0,533.0,735.0,336.0,566.0,533.0,735.0,unassigned,10,MOTOR,preprocessed/masks/right_rear_camera/masks/frame_000053_gt2d_010_track_-1_MOTOR.png,0.9200501441955566,434.5,650.5,8.728059768676758,9.994667053222656,1.6003217697143555,1.5213490724563599,-4.0755272003920044,0.08553714156452964,8.728059768676758,da3_bbox_median,1920.0,1280.0,image_root
right_rear,53,1772699915510652000,data\camera\right_rear_camera\1772699915510652000.jpg,-1,3,person,0.317122,1907.0,619.0,1919.0,656.0,1907.0,619.0,1919.0,656.0,unassigned,12,PEDESTRIAN_NORMAL,preprocessed/masks/right_rear_camera/masks/frame_000053_gt2d_012_track_-1_PEDESTRIAN_NORMAL.png,0.6541372537612915,1913.0,637.5,31.311803817749023,31.583309173583984,3.347400665283203,1.00001060962677,26.623505941286055,-0.0557189093569029,31.311803817749023,da3_bbox_median,1920.0,1280.0,image_root
right_rear,53,1772699915510652000,data\camera\right_rear_camera\1772699915510652000.jpg,5,0,bicycle,0.542182,1066.0,603.0,1193.0,706.0,1074.412109375,604.4067993164062,1200.1622314453125,706.885986328125,matched,4,BICYCLE,preprocessed/masks/right_rear_camera/masks/frame_000053_gt2d_004_track_-1_BICYCLE.png,0.8725811243057251,1129.5,654.5,12.234305381774902,12.921530723571777,3.024993896484375,1.1708269119262695,1.8625466318401567,0.1634899798344224,12.234305381774902,da3_bbox_median,1920.0,1280.0,image_root
right_rear,53,1772699915510652000,data\camera\right_rear_camera\1772699915510652000.jpg,2000014,2,motorcycle,0.501958,330.0,565.0,446.0,742.0,327.4166259765625,570.8870849609375,442.9614562988281,740.0995483398438,matched,8,MOTOR,preprocessed/masks/right_rear_camera/masks/frame_000053_gt2d_008_track_-1_MOTOR.png,0.8934438228607178,388.0,653.5,8.459381103515625,10.123750686645508,3.1511359214782715,1.5212979316711426,-4.300519857575763,0.10550957180241288,8.459381103515625,da3_bbox_median,1920.0,1280.0,image_root
right_rear,53,1772699915510652000,data\camera\right_rear_camera\1772699915510652000.jpg,2000024,2,motorcycle,0.60965,503.0,587.0,639.0,719.0,512.4234619140625,588.964599609375,652.2428588867188,722.0958862304688,matched,2,MOTOR,preprocessed/masks/right_rear_camera/masks/frame_000053_gt2d_002_track_-1_MOTOR.png,0.9150881767272949,571.0,653.0,9.618541717529297,10.59348201751709,1.9030113220214844,1.3534154891967773,-3.32162540850855,0.11568334283089479,9.618541717529297,da3_bbox_median,1920.0,1280.0,image_root
right_rear,53,1772699915510652000,data\camera\right_rear_camera\1772699915510652000.jpg,2000036,2,motorcycle,0.78185,109.0,569.0,296.0,756.0,129.95217895507812,570.0235595703125,297.4238586425781,750.246337890625,matched,1,MOTOR,preprocessed/masks/right_rear_camera/masks/frame_000053_gt2d_001_track_-1_MOTOR.png,0.9007100462913513,202.5,662.5,8.176643371582031,8.983604431152344,1.5207757949829102,1.5528042316436768,-5.508092541980085,0.16753313563348893,8.176643371582031,da3_bbox_median,1920.0,1280.0,image_root
right_rear,53,1772699915510652000,data\camera\right_rear_camera\1772699915510652000.jpg,2000037,2,motorcycle,0.349628,1182.0,597.0,1293.0,697.0,1185.7144775390625,597.6613159179688,1293.82080078125,697.2455444335938,matched,11,MOTOR,preprocessed/masks/right_rear_camera/masks/frame_000053_gt2d_011_track_-1_MOTOR.png,0.719479501247406,1237.5,647.0,12.712224006652832,13.202116012573242,3.237672805786133,1.1902296543121338,3.1584582775599777,0.08495104678332006,12.712224006652832,da3_bbox_median,1920.0,1280.0,image_root
right_rear,53,1772699915510652000,data\camera\right_rear_camera\1772699915510652000.jpg,2000038,2,motorcycle,0.504004,1013.0,601.0,1112.0,712.0,1018.61962890625,602.6575927734375,1117.986083984375,712.2686157226562,matched,7,MOTOR,preprocessed/masks/right_rear_camera/masks/frame_000053_gt2d_007_track_-1_MOTOR.png,0.872541069984436,1062.5,656.5,11.470739364624023,12.04671859741211,1.1196775436401367,1.2261384725570679,1.0615991543304335,0.17372135436783762,11.470739364624023,da3_bbox_median,1920.0,1280.0,image_root
right_rear,53,1772699915510652000,data\camera\right_rear_camera\1772699915510652000.jpg,2000039,2,motorcycle,0.601884,962.0,597.0,1072.0,713.0,968.1130981445312,598.8599243164062,1076.416015625,713.81298828125,matched,3,MOTOR,preprocessed/masks/right_rear_camera/masks/frame_000053_gt2d_003_track_-1_MOTOR.png,0.7768074870109558,1017.0,655.0,11.32296371459961,12.210182189941406,2.2770986557006836,1.2245075702667236,0.5889285742568442,0.15635445832691477,11.32296371459961,da3_bbox_median,1920.0,1280.0,image_root
right_rear,53,1772699915510652000,data\camera\right_rear_camera\1772699915510652000.jpg,2000041,2,motorcycle,0.811825,895.0,597.0,1019.0,720.0,893.4542236328125,597.5064697265625,1017.7186279296875,720.9646606445312,matched,0,MOTOR,preprocessed/masks/right_rear_camera/masks/frame_000053_gt2d_000_track_-1_MOTOR.png,0.8826985359191895,957.0,658.5,11.053689956665039,12.170404434204102,2.9993209838867188,1.2435756921768188,-0.015949918113045528,0.1870973692728675,11.053689956665039,da3_bbox_median,1920.0,1280.0,image_root
right_rear,53,1772699915510652000,data\camera\right_rear_camera\1772699915510652000.jpg,2000043,2,motorcycle,0.541805,764.0,598.0,887.0,714.0,750.591796875,598.7493896484375,879.3917846679688,716.5493774414062,matched,5,MOTOR,preprocessed/masks/right_rear_camera/masks/frame_000053_gt2d_005_track_-1_MOTOR.png,0.8847963809967041,825.5,656.0,10.226056098937988,11.009869575500488,1.346940040588379,1.4009616374969482,-1.212790897453072,0.15031652815253815,10.226056098937988,da3_bbox_median,1920.0,1280.0,image_root
right_rear,53,1772699915510652000,data\camera\right_rear_camera\1772699915510652000.jpg,2000044,2,motorcycle,0.522366,422.0,577.0,536.0,729.0,424.79180908203125,581.349365234375,544.3917846679688,729.349365234375,matched,6,MOTOR,preprocessed/masks/right_rear_camera/masks/frame_000053_gt2d_006_track_-1_MOTOR.png,0.9083554744720459,479.0,653.0,8.753288269042969,9.177968978881836,0.3556060791015625,1.5818902254104614,-3.740277626836521,0.10527683691176579,8.753288269042969,da3_bbox_median,1920.0,1280.0,image_root
right_rear,54,1772699915610660000,data\camera\right_rear_camera\1772699915610660000.jpg,-1,2,motorcycle,0.436164,674.0,584.0,800.0,710.0,674.0,584.0,800.0,710.0,unassigned,10,MOTOR,preprocessed/masks/right_rear_camera/masks/frame_000054_gt2d_010_track_-1_MOTOR.png,0.9295510053634644,737.0,647.0,10.543655395507812,11.424403190612793,3.5306854248046875,1.3574906587600708,-2.081781218445003,0.07045931241474625,10.543655395507812,da3_bbox_median,1920.0,1280.0,image_root
right_rear,54,1772699915610660000,data\camera\right_rear_camera\1772699915610660000.jpg,-1,2,motorcycle,0.36796,0.0,569.0,136.0,715.0,0.0,569.0,136.0,715.0,unassigned,12,MOTOR,preprocessed/masks/right_rear_camera/masks/frame_000054_gt2d_012_track_-1_MOTOR.png,0.9350508451461792,68.0,642.0,8.249289512634277,9.582995414733887,2.7498779296875,1.4578561782836914,-6.545524726167039,0.018386703344236494,8.249289512634277,da3_bbox_median,1920.0,1280.0,image_root
right_rear,54,1772699915610660000,data\camera\right_rear_camera\1772699915610660000.jpg,5,0,bicycle,0.631344,1106.0,604.0,1233.0,704.0,1116.8980712890625,606.091796875,1241.3465576171875,705.3478393554688,matched,2,BICYCLE,preprocessed/masks/right_rear_camera/masks/frame_000054_gt2d_002_track_-1_BICYCLE.png,0.8470810651779175,1169.5,654.0,12.187896728515625,12.6317720413208,1.319967269897461,1.2352031469345093,2.289815982723544,0.1574416333548711,12.187896728515625,da3_bbox_median,1920.0,1280.0,image_root
right_rear,54,1772699915610660000,data\camera\right_rear_camera\1772699915610660000.jpg,2000014,2,motorcycle,0.806337,246.0,592.0,422.0,743.0,275.4247131347656,585.8630981445312,431.9186706542969,743.9418334960938,matched,0,MOTOR,preprocessed/masks/right_rear_camera/masks/frame_000054_gt2d_000_track_-1_MOTOR.png,0.8740007281303406,334.0,667.5,9.158617973327637,9.374247550964355,2.200225353240967,1.470052719116211,-5.096607999238787,0.2284431742884293,9.158617973327637,da3_bbox_median,1920.0,1280.0,image_root
right_rear,54,1772699915610660000,data\camera\right_rear_camera\1772699915610660000.jpg,2000024,2,motorcycle,0.566185,498.0,579.0,631.0,722.0,508.5717468261719,583.5485229492188,643.183837890625,723.3569946289062,matched,6,MOTOR,preprocessed/masks/right_rear_camera/masks/frame_000054_gt2d_006_track_-1_MOTOR.png,0.9029867649078369,564.5,650.5,9.532240867614746,10.387016296386719,0.9090185165405273,1.5036498308181763,-3.3470232766360333,0.09341831496692105,9.532240867614746,da3_bbox_median,1920.0,1280.0,image_root
right_rear,54,1772699915610660000,data\camera\right_rear_camera\1772699915610660000.jpg,2000034,2,motorcycle,0.610394,0.0,542.0,71.0,757.0,2.844162702560425,546.132568359375,86.05846405029297,758.5409545898438,matched,3,MOTOR,preprocessed/masks/right_rear_camera/masks/frame_000054_gt2d_003_track_-1_MOTOR.png,0.9418272972106934,35.5,649.5,7.629611968994141,9.107748031616211,1.1615915298461914,1.6201295852661133,-6.274745217752893,0.06797601506111461,7.629611968994141,da3_bbox_median,1920.0,1280.0,image_root
right_rear,54,1772699915610660000,data\camera\right_rear_camera\1772699915610660000.jpg,2000037,2,motorcycle,0.402184,1213.0,599.0,1323.0,695.0,1216.7215576171875,600.21484375,1325.187255859375,696.6800537109375,matched,11,MOTOR,preprocessed/masks/right_rear_camera/masks/frame_000054_gt2d_011_track_-1_MOTOR.png,0.770356297492981,1268.0,647.0,13.21502685546875,13.591665267944336,2.680647850036621,1.1826616525650024,3.6424740435109615,0.08831109049480547,13.21502685546875,da3_bbox_median,1920.0,1280.0,image_root
right_rear,54,1772699915610660000,data\camera\right_rear_camera\1772699915610660000.jpg,2000038,2,motorcycle,0.448611,1062.0,602.0,1155.0,709.0,1068.955078125,603.9761962890625,1161.7373046875,710.1986694335938,matched,9,MOTOR,preprocessed/masks/right_rear_camera/masks/frame_000054_gt2d_009_track_-1_MOTOR.png,0.8573088645935059,1108.5,655.5,11.639921188354492,11.922806739807129,0.7670831680297852,1.283091425895691,1.554284296044962,0.1659153245678515,11.639921188354492,da3_bbox_median,1920.0,1280.0,image_root
right_rear,54,1772699915610660000,data\camera\right_rear_camera\1772699915610660000.jpg,2000039,2,motorcycle,0.585294,1018.0,599.0,1115.0,710.0,1024.5511474609375,600.6295166015625,1122.4990234375,711.2705078125,matched,4,MOTOR,preprocessed/masks/right_rear_camera/masks/frame_000054_gt2d_004_track_-1_MOTOR.png,0.8344452977180481,1066.5,654.5,11.430468559265137,11.863590240478516,0.8814563751220703,1.2971668243408203,1.098606399925647,0.15274811408877415,11.430468559265137,da3_bbox_median,1920.0,1280.0,image_root
right_rear,54,1772699915610660000,data\camera\right_rear_camera\1772699915610660000.jpg,2000041,2,motorcycle,0.776047,953.0,595.0,1067.0,716.0,954.6022338867188,597.234619140625,1069.2236328125,717.5243530273438,matched,1,MOTOR,preprocessed/masks/right_rear_camera/masks/frame_000054_gt2d_001_track_-1_MOTOR.png,0.8526231050491333,1010.0,655.5,11.202095031738281,11.929740905761719,0.9465065002441406,1.316576600074768,0.5127812643208943,0.15967455474614936,11.202095031738281,da3_bbox_median,1920.0,1280.0,image_root
right_rear,54,1772699915610660000,data\camera\right_rear_camera\1772699915610660000.jpg,2000043,2,motorcycle,0.562907,840.0,598.0,953.0,707.0,830.3097534179688,600.2607421875,946.29638671875,711.1491088867188,matched,7,MOTOR,preprocessed/masks/right_rear_camera/masks/frame_000054_gt2d_007_track_-1_MOTOR.png,0.8677836656570435,896.5,652.5,10.785604476928711,11.22589111328125,1.2871923446655273,1.453713297843933,-0.5969102028805258,0.12491611370635426,10.785604476928711,da3_bbox_median,1920.0,1280.0,image_root
right_rear,54,1772699915610660000,data\camera\right_rear_camera\1772699915610660000.jpg,2000044,2,motorcycle,0.576074,438.0,594.0,557.0,733.0,442.6781921386719,593.2615356445312,561.790771484375,734.58154296875,matched,5,MOTOR,preprocessed/masks/right_rear_camera/masks/frame_000054_gt2d_005_track_-1_MOTOR.png,0.9107784628868103,497.5,663.5,8.92698860168457,9.99284553527832,1.391122817993164,1.5590624809265137,-3.667365958585415,0.19085883572114554,8.92698860168457,da3_bbox_median,1920.0,1280.0,image_root
right_rear,54,1772699915610660000,data\camera\right_rear_camera\1772699915610660000.jpg,2000045,2,motorcycle,0.502242,606.0,588.0,730.0,715.0,606.0,588.0,730.0,715.0,tentative,8,MOTOR,preprocessed/masks/right_rear_camera/masks/frame_000054_gt2d_008_track_-1_MOTOR.png,0.9113243222236633,668.0,651.5,10.277873992919922,11.076047897338867,2.1817073822021484,1.3691457509994507,-2.661116528069119,0.10988070640424256,10.277873992919922,da3_bbox_median,1920.0,1280.0,image_root
right_rear,55,1772699915710637000,data\camera\right_rear_camera\1772699915710637000.jpg,-1,2,motorcycle,0.48676,759.0,587.0,880.0,703.0,759.0,587.0,880.0,703.0,unassigned,7,MOTOR,preprocessed/masks/right_rear_camera/masks/frame_000055_gt2d_007_track_-1_MOTOR.png,0.8879672288894653,819.5,645.0,11.286710739135742,11.880227088928223,2.6572628021240234,1.2330225706100464,-1.3989154446128704,0.055317628582939114,11.286710739135742,da3_bbox_median,1920.0,1280.0,image_root
right_rear,55,1772699915710637000,data\camera\right_rear_camera\1772699915710637000.jpg,-1,2,motorcycle,0.405934,1064.0,601.0,1155.0,708.0,1064.0,601.0,1155.0,708.0,unassigned,9,MOTOR,preprocessed/masks/right_rear_camera/masks/frame_000055_gt2d_009_track_-1_MOTOR.png,0.7637518644332886,1109.5,654.5,11.843015670776367,12.311182022094727,1.1436748504638672,1.2266815900802612,1.5919547057872243,0.15826108085206866,11.843015670776367,da3_bbox_median,1920.0,1280.0,image_root
right_rear,55,1772699915710637000,data\camera\right_rear_camera\1772699915710637000.jpg,-1,2,motorcycle,0.335239,954.0,600.0,1062.0,703.0,954.0,600.0,1062.0,703.0,unassigned,11,MOTOR,preprocessed/masks/right_rear_camera/masks/frame_000055_gt2d_011_track_-1_MOTOR.png,0.8288305997848511,1008.0,651.5,11.740159034729004,12.309847831726074,0.6454858779907227,1.2570821046829224,0.5164924635967026,0.1255139894615192,11.740159034729004,da3_bbox_median,1920.0,1280.0,image_root
right_rear,55,1772699915710637000,data\camera\right_rear_camera\1772699915710637000.jpg,5,0,bicycle,0.570671,1143.0,603.0,1267.0,702.0,1154.145751953125,604.9371948242188,1276.326416015625,702.6163940429688,matched,4,BICYCLE,preprocessed/masks/right_rear_camera/masks/frame_000055_gt2d_004_track_-1_BICYCLE.png,0.8979331254959106,1205.0,652.5,12.656713485717773,13.030553817749023,1.2099609375,1.1944067478179932,2.7781949241920163,0.146586819896151,12.656713485717773,da3_bbox_median,1920.0,1280.0,image_root
right_rear,55,1772699915710637000,data\camera\right_rear_camera\1772699915710637000.jpg,2000024,2,motorcycle,0.634108,533.0,584.0,649.0,725.0,530.5678100585938,584.2295532226562,651.89013671875,724.9509887695312,matched,3,MOTOR,preprocessed/masks/right_rear_camera/masks/frame_000055_gt2d_003_track_-1_MOTOR.png,0.8892017006874084,591.0,654.5,10.015047073364258,11.310174942016602,1.547490119934082,1.438063383102417,-3.2801019834488625,0.1338334946669095,10.015047073364258,da3_bbox_median,1920.0,1280.0,image_root
right_rear,55,1772699915710637000,data\camera\right_rear_camera\1772699915710637000.jpg,2000036,2,motorcycle,0.756865,58.0,573.0,240.0,747.0,74.46139526367188,573.6507568359375,253.52688598632812,749.3328247070312,matched,1,MOTOR,preprocessed/masks/right_rear_camera/masks/frame_000055_gt2d_001_track_-1_MOTOR.png,0.9293872117996216,149.0,660.0,7.537520885467529,8.584837913513184,1.3541440963745117,1.5145291090011597,-5.436823282479732,0.13765291546850056,7.537520885467529,da3_bbox_median,1920.0,1280.0,image_root
right_rear,55,1772699915710637000,data\camera\right_rear_camera\1772699915710637000.jpg,2000037,2,motorcycle,0.38036,1239.0,602.0,1351.0,693.0,1243.442138671875,602.1878662109375,1353.5665283203125,694.1751098632812,matched,10,MOTOR,preprocessed/masks/right_rear_camera/masks/frame_000055_gt2d_010_track_-1_MOTOR.png,0.8147445917129517,1295.0,647.5,13.3555326461792,13.664552688598633,2.0381669998168945,1.221371054649353,4.002464772335812,0.0951982497369132,13.3555326461792,da3_bbox_median,1920.0,1280.0,image_root
right_rear,55,1772699915710637000,data\camera\right_rear_camera\1772699915710637000.jpg,2000039,2,motorcycle,0.414733,1108.0,605.0,1192.0,706.0,1104.3619384765625,604.4955444335938,1189.7916259765625,706.8245239257812,matched,8,MOTOR,preprocessed/masks/right_rear_camera/masks/frame_000055_gt2d_008_track_-1_MOTOR.png,0.8658030033111572,1150.0,655.5,12.145981788635254,12.528196334838867,0.9674034118652344,1.2120925188064575,2.070931230685637,0.1731287074926936,12.145981788635254,da3_bbox_median,1920.0,1280.0,image_root
right_rear,55,1772699915710637000,data\camera\right_rear_camera\1772699915710637000.jpg,2000041,2,motorcycle,0.695759,1014.0,600.0,1113.0,711.0,1015.0003662109375,599.8853149414062,1115.796630859375,712.0914306640625,matched,2,MOTOR,preprocessed/masks/right_rear_camera/masks/frame_000055_gt2d_002_track_-1_MOTOR.png,0.8617916107177734,1063.5,655.5,11.62060546875,12.293333053588867,0.9987888336181641,1.2450926303863525,1.0858219871944879,0.1656399984865506,11.62060546875,da3_bbox_median,1920.0,1280.0,image_root
right_rear,55,1772699915710637000,data\camera\right_rear_camera\1772699915710637000.jpg,2000043,2,motorcycle,0.319121,908.0,596.0,1005.0,700.0,904.7898559570312,597.4550170898438,1003.8113403320312,702.13525390625,matched,12,MOTOR,preprocessed/masks/right_rear_camera/masks/frame_000055_gt2d_012_track_-1_MOTOR.png,0.8327726721763611,956.5,648.0,11.602054595947266,11.212215423583984,2.974191665649414,1.4701898097991943,-0.021909395638571378,0.08786671386101766,11.602054595947266,da3_bbox_median,1920.0,1280.0,image_root
right_rear,55,1772699915710637000,data\camera\right_rear_camera\1772699915710637000.jpg,2000044,2,motorcycle,0.809233,370.0,594.0,545.0,735.0,389.8785095214844,595.6334838867188,553.6236572265625,736.076904296875,matched,0,MOTOR,preprocessed/masks/right_rear_camera/masks/frame_000055_gt2d_000_track_-1_MOTOR.png,0.9131314754486084,457.5,664.5,9.72697639465332,10.406464576721191,2.3801708221435547,1.41640305519104,-4.342651075240206,0.21662684988430717,9.72697639465332,da3_bbox_median,1920.0,1280.0,image_root
right_rear,55,1772699915710637000,data\camera\right_rear_camera\1772699915710637000.jpg,2000045,2,motorcycle,0.517638,668.0,588.0,804.0,711.0,662.95458984375,589.4689331054688,796.5546264648438,713.2689208984375,matched,5,MOTOR,preprocessed/masks/right_rear_camera/masks/frame_000055_gt2d_005_track_-1_MOTOR.png,0.9016838669776917,736.0,649.5,10.700028419494629,11.254471778869629,1.1022367477416992,1.332414150238037,-2.1221889320750433,0.09533188528509293,10.700028419494629,da3_bbox_median,1920.0,1280.0,image_root
right_rear,55,1772699915710637000,data\camera\right_rear_camera\1772699915710637000.jpg,2000046,2,motorcycle,0.515602,577.0,578.0,715.0,716.0,577.0,578.0,715.0,716.0,tentative,6,MOTOR,preprocessed/masks/right_rear_camera/masks/frame_000055_gt2d_006_track_-1_MOTOR.png,0.9061692953109741,646.0,647.0,10.179786682128906,11.302778244018555,1.039952278137207,1.4054151773452759,-2.8352449150596057,0.06802771365774976,10.179786682128906,da3_bbox_median,1920.0,1280.0,image_root
right_rear,56,1772699915810644000,data\camera\right_rear_camera\1772699915810644000.jpg,-1,2,motorcycle,0.376609,147.0,577.0,281.0,702.0,147.0,577.0,281.0,702.0,unassigned,9,MOTOR,preprocessed/masks/right_rear_camera/masks/frame_000056_gt2d_009_track_-1_MOTOR.png,0.852203369140625,214.0,639.5,9.665046691894531,9.896738052368164,0.7680320739746094,1.2300291061401367,-6.411713327296181,1.9441999430674246e-05,9.665046691894531,da3_bbox_median,1920.0,1280.0,image_root
right_rear,56,1772699915810644000,data\camera\right_rear_camera\1772699915810644000.jpg,-1,2,motorcycle,0.317742,1142.0,605.0,1227.0,703.0,1142.0,605.0,1227.0,703.0,unassigned,10,MOTOR,preprocessed/masks/right_rear_camera/masks/frame_000056_gt2d_010_track_-1_MOTOR.png,0.8339608907699585,1184.5,654.0,12.37901496887207,12.510360717773438,0.8402395248413086,1.1708945035934448,2.4911520744283293,0.1599104734341628,12.37901496887207,da3_bbox_median,1920.0,1280.0,image_root
right_rear,56,1772699915810644000,data\camera\right_rear_camera\1772699915810644000.jpg,-1,2,motorcycle,0.304539,1002.0,603.0,1100.0,699.0,1002.0,603.0,1100.0,699.0,unassigned,11,MOTOR,preprocessed/masks/right_rear_camera/masks/frame_000056_gt2d_011_track_-1_MOTOR.png,0.8551138043403625,1051.0,651.0,11.96666145324707,12.071646690368652,0.691864013671875,1.2403863668441772,0.9848914486623263,0.12260588192321523,11.96666145324707,da3_bbox_median,1920.0,1280.0,image_root
right_rear,56,1772699915810644000,data\camera\right_rear_camera\1772699915810644000.jpg,5,0,bicycle,0.63842,1178.0,605.0,1297.0,701.0,1188.6910400390625,605.4935913085938,1306.8878173828125,700.7268676757812,matched,4,BICYCLE,preprocessed/masks/right_rear_camera/masks/frame_000056_gt2d_004_track_-1_BICYCLE.png,0.8956985473632812,1237.5,653.0,12.778177261352539,13.070526123046875,0.8968334197998047,1.157617211341858,3.1748449147942877,0.15368465452356528,12.778177261352539,da3_bbox_median,1920.0,1280.0,image_root
right_rear,56,1772699915810644000,data\camera\right_rear_camera\1772699915810644000.jpg,2000014,2,motorcycle,0.816601,239.0,556.0,389.0,738.0,250.6208038330078,563.3578491210938,403.0247802734375,740.2783203125,matched,1,MOTOR,preprocessed/masks/right_rear_camera/masks/frame_000056_gt2d_001_track_-1_MOTOR.png,0.9433966875076294,314.0,647.0,8.053516387939453,8.914802551269531,1.7015056610107422,1.4904074668884277,-4.625138392247091,0.053818643148833195,8.053516387939453,da3_bbox_median,1920.0,1280.0,image_root
right_rear,56,1772699915810644000,data\camera\right_rear_camera\1772699915810644000.jpg,2000024,2,motorcycle,0.699777,582.0,590.0,731.0,721.0,571.9140014648438,588.0665893554688,711.68896484375,722.50830078125,matched,2,MOTOR,preprocessed/masks/right_rear_camera/masks/frame_000056_gt2d_002_track_-1_MOTOR.png,0.8524585366249084,656.5,655.5,10.753975868225098,11.35590934753418,0.5645484924316406,1.3238714933395386,-2.8945673544414054,0.1532870685032228,10.753975868225098,da3_bbox_median,1920.0,1280.0,image_root
right_rear,56,1772699915810644000,data\camera\right_rear_camera\1772699915810644000.jpg,2000034,2,motorcycle,0.681687,0.0,541.0,62.0,749.0,0.2948320209980011,541.9638061523438,63.83274459838867,751.1575317382812,matched,3,MOTOR,preprocessed/masks/right_rear_camera/masks/frame_000056_gt2d_003_track_-1_MOTOR.png,0.9547604322433472,31.0,645.0,7.107686519622803,7.963209629058838,1.2938308715820312,1.372023344039917,-5.873998817603992,0.03483569058017379,7.107686519622803,da3_bbox_median,1920.0,1280.0,image_root
right_rear,56,1772699915810644000,data\camera\right_rear_camera\1772699915810644000.jpg,2000040,2,motorcycle,0.532542,1057.0,603.0,1153.0,708.0,1055.87890625,603.4942016601562,1153.89892578125,709.2779541015625,matched,8,MOTOR,preprocessed/masks/right_rear_camera/masks/frame_000056_gt2d_008_track_-1_MOTOR.png,0.8718304634094238,1105.0,655.5,11.7825927734375,12.003907203674316,0.6964216232299805,1.2365469932556152,1.536594843171343,0.16794896396820583,11.7825927734375,da3_bbox_median,1920.0,1280.0,image_root
right_rear,56,1772699915810644000,data\camera\right_rear_camera\1772699915810644000.jpg,2000044,2,motorcycle,0.825641,478.0,588.0,650.0,728.0,442.89990234375,591.1647338867188,618.9561157226562,730.7432861328125,matched,0,MOTOR,preprocessed/masks/right_rear_camera/masks/frame_000056_gt2d_000_track_-1_MOTOR.png,0.9230154752731323,564.0,658.0,10.697251319885254,10.928293228149414,1.9852571487426758,1.3320562839508057,-3.7608545937658153,0.17629992342743692,10.697251319885254,da3_bbox_median,1920.0,1280.0,image_root
right_rear,56,1772699915810644000,data\camera\right_rear_camera\1772699915810644000.jpg,2000045,2,motorcycle,0.605451,766.0,595.0,873.0,707.0,749.6137084960938,595.1795043945312,863.2057495117188,709.8097534179688,matched,5,MOTOR,preprocessed/masks/right_rear_camera/masks/frame_000056_gt2d_005_track_-1_MOTOR.png,0.8674010634422302,819.5,651.0,11.528020858764648,12.611026763916016,3.995756149291992,1.218604564666748,-1.428824287064175,0.1181117364889222,11.528020858764648,da3_bbox_median,1920.0,1280.0,image_root
right_rear,56,1772699915810644000,data\camera\right_rear_camera\1772699915810644000.jpg,2000046,2,motorcycle,0.589597,675.0,583.0,791.0,712.0,662.7847900390625,583.2672729492188,783.1847534179688,714.0672607421875,matched,6,MOTOR,preprocessed/masks/right_rear_camera/masks/frame_000056_gt2d_006_track_-1_MOTOR.png,0.8327066898345947,733.0,647.5,10.810355186462402,11.695230484008789,0.48821163177490234,1.2817052602767944,-2.1729638610729185,0.07705622231996857,10.810355186462402,da3_bbox_median,1920.0,1280.0,image_root
right_rear,56,1772699915810644000,data\camera\right_rear_camera\1772699915810644000.jpg,2000047,2,motorcycle,0.547377,820.0,590.0,937.0,700.0,820.0,590.0,937.0,700.0,tentative,7,MOTOR,preprocessed/masks/right_rear_camera/masks/frame_000056_gt2d_007_track_-1_MOTOR.png,0.9346816539764404,878.5,645.0,11.613809585571289,12.75624942779541,3.2462892532348633,1.1958545446395874,-0.8289899965126751,0.056920782319686246,11.613809585571289,da3_bbox_median,1920.0,1280.0,image_root
right_rear,57,1772699915910651000,data\camera\right_rear_camera\1772699915910651000.jpg,-1,2,motorcycle,0.415209,1095.0,603.0,1192.0,704.0,1095.0,603.0,1192.0,704.0,unassigned,9,MOTOR,preprocessed/masks/right_rear_camera/masks/frame_000057_gt2d_009_track_-1_MOTOR.png,0.864800214767456,1143.5,653.5,13.104928016662598,13.211238861083984,0.8837213516235352,1.1251587867736816,2.15854498280882,0.16345112327010325,13.104928016662598,da3_bbox_median,1920.0,1280.0,image_root
right_rear,57,1772699915910651000,data\camera\right_rear_camera\1772699915910651000.jpg,5,0,bicycle,0.658743,1209.0,605.0,1327.0,698.0,1219.1734619140625,605.7196044921875,1335.5615234375,698.2023315429688,matched,5,BICYCLE,preprocessed/masks/right_rear_camera/masks/frame_000057_gt2d_005_track_-1_BICYCLE.png,0.89499831199646,1268.0,651.5,13.853399276733398,13.856710433959961,0.50811767578125,1.0669293403625488,3.818429416131901,0.14810663174855962,13.853399276733398,da3_bbox_median,1920.0,1280.0,image_root
right_rear,57,1772699915910651000,data\camera\right_rear_camera\1772699915910651000.jpg,2000014,2,motorcycle,0.695043,240.0,579.0,402.0,701.0,243.7340850830078,573.2318725585938,402.443603515625,715.2727661132812,matched,2,MOTOR,preprocessed/masks/right_rear_camera/masks/frame_000057_gt2d_002_track_-1_MOTOR.png,0.8640587329864502,321.0,640.0,9.89421558380127,10.48648452758789,1.5762348175048828,1.1372954845428467,-5.620548590156825,0.004426532699843828,9.89421558380127,da3_bbox_median,1920.0,1280.0,image_root
right_rear,57,1772699915910651000,data\camera\right_rear_camera\1772699915910651000.jpg,2000024,2,motorcycle,0.829872,571.0,591.0,736.0,724.0,578.3480224609375,590.3255004882812,734.2241821289062,723.68017578125,matched,0,MOTOR,preprocessed/masks/right_rear_camera/masks/frame_000057_gt2d_000_track_-1_MOTOR.png,0.9048015475273132,653.5,657.5,11.600322723388672,12.625718116760254,4.087122917175293,1.1901406049728394,-3.15337687630969,0.18601683261322988,11.600322723388672,da3_bbox_median,1920.0,1280.0,image_root
right_rear,57,1772699915910651000,data\camera\right_rear_camera\1772699915910651000.jpg,2000036,2,motorcycle,0.633347,102.0,551.0,246.0,734.0,92.09563446044922,555.9421997070312,244.1195526123047,737.3096923828125,matched,6,MOTOR,preprocessed/masks/right_rear_camera/masks/frame_000057_gt2d_006_track_-1_MOTOR.png,0.9151169657707214,174.0,642.5,8.121720314025879,8.8292236328125,1.2880034446716309,1.267341136932373,-5.677313257465807,0.021719572295292477,8.121720314025879,da3_bbox_median,1920.0,1280.0,image_root
right_rear,57,1772699915910651000,data\camera\right_rear_camera\1772699915910651000.jpg,2000040,2,motorcycle,0.336657,1137.0,604.0,1246.0,703.0,1134.5233154296875,603.7999877929688,1240.257080078125,703.9530639648438,matched,10,MOTOR,preprocessed/masks/right_rear_camera/masks/frame_000057_gt2d_010_track_-1_MOTOR.png,0.8510630130767822,1191.5,653.5,13.312583923339844,13.348773956298828,0.7300539016723633,1.089836835861206,2.7620459711552674,0.16604111011756337,13.312583923339844,da3_bbox_median,1920.0,1280.0,image_root
right_rear,57,1772699915910651000,data\camera\right_rear_camera\1772699915910651000.jpg,2000045,2,motorcycle,0.682947,826.0,599.0,937.0,704.0,822.87060546875,599.4842529296875,932.8189697265625,705.4826049804688,matched,3,MOTOR,preprocessed/masks/right_rear_camera/masks/frame_000057_gt2d_003_track_-1_MOTOR.png,0.8879579305648804,881.5,651.5,12.111188888549805,12.868879318237305,1.441812515258789,1.166640281677246,-0.8321226973746733,0.1294806680239317,12.111188888549805,da3_bbox_median,1920.0,1280.0,image_root
right_rear,57,1772699915910651000,data\camera\right_rear_camera\1772699915910651000.jpg,2000046,2,motorcycle,0.576282,753.0,583.0,860.0,708.0,742.3068237304688,584.5025024414062,851.932373046875,710.7552490234375,matched,8,MOTOR,preprocessed/masks/right_rear_camera/masks/frame_000057_gt2d_008_track_-1_MOTOR.png,0.8617591261863708,806.5,645.5,11.232187271118164,12.404243469238281,0.6693172454833984,1.214584231376648,-1.522247440692104,0.060052929979729344,11.232187271118164,da3_bbox_median,1920.0,1280.0,image_root
right_rear,57,1772699915910651000,data\camera\right_rear_camera\1772699915910651000.jpg,2000047,2,motorcycle,0.576744,894.0,594.0,1001.0,695.0,886.328125,594.5377807617188,995.328125,697.3377685546875,matched,7,MOTOR,preprocessed/masks/right_rear_camera/masks/frame_000057_gt2d_007_track_-1_MOTOR.png,0.9006962776184082,947.5,644.5,12.74549674987793,13.684110641479492,1.175506591796875,1.1113479137420654,-0.1262649235056021,0.05679081025779657,12.74549674987793,da3_bbox_median,1920.0,1280.0,image_root
right_rear,57,1772699915910651000,data\camera\right_rear_camera\1772699915910651000.jpg,2000048,2,motorcycle,0.823371,364.0,561.0,512.0,733.0,364.0,561.0,512.0,733.0,tentative,1,MOTOR,preprocessed/masks/right_rear_camera/masks/frame_000057_gt2d_001_track_-1_MOTOR.png,0.9357287883758545,438.0,647.0,9.102649688720703,10.330667495727539,1.9949846267700195,1.2555656433105469,-4.222056368545519,0.06082960929212679,9.102649688720703,da3_bbox_median,1920.0,1280.0,image_root
right_rear,57,1772699915910651000,data\camera\right_rear_camera\1772699915910651000.jpg,2000049,2,motorcycle,0.678097,670.0,590.0,806.0,715.0,670.0,590.0,806.0,715.0,tentative,4,MOTOR,preprocessed/masks/right_rear_camera/masks/frame_000057_gt2d_004_track_-1_MOTOR.png,0.8736867904663086,738.0,652.5,11.338116645812988,12.583425521850586,1.883962631225586,1.1934291124343872,-2.2285415206745003,0.13131516839634658,11.338116645812988,da3_bbox_median,1920.0,1280.0,image_root
right_rear,58,1772699916010645000,data\camera\right_rear_camera\1772699916010645000.jpg,-1,2,motorcycle,0.340393,1141.0,603.0,1228.0,700.0,1141.0,603.0,1228.0,700.0,unassigned,9,MOTOR,preprocessed/masks/right_rear_camera/masks/frame_000058_gt2d_009_track_-1_MOTOR.png,0.847025990486145,1184.5,651.5,14.67558479309082,14.755497932434082,1.3952569961547852,1.0296424627304077,2.953313619273228,0.1568966135478037,14.67558479309082,da3_bbox_median,1920.0,1280.0,image_root
right_rear,58,1772699916010645000,data\camera\right_rear_camera\1772699916010645000.jpg,5,0,bicycle,0.69102,1240.0,605.0,1354.0,696.0,1247.4066162109375,605.3612060546875,1360.6094970703125,695.666748046875,matched,3,BICYCLE,preprocessed/masks/right_rear_camera/masks/frame_000058_gt2d_003_track_-1_BICYCLE.png,0.8682026863098145,1297.0,650.5,14.895795822143555,14.951812744140625,0.787724494934082,1.031933069229126,4.490601661342261,0.14598247831982852,14.895795822143555,da3_bbox_median,1920.0,1280.0,image_root
right_rear,58,1772699916010645000,data\camera\right_rear_camera\1772699916010645000.jpg,2000014,2,motorcycle,0.724404,261.0,563.0,390.0,726.0,253.10035705566406,565.697021484375,392.4824523925781,722.2009887695312,matched,2,MOTOR,preprocessed/masks/right_rear_camera/masks/frame_000058_gt2d_002_track_-1_MOTOR.png,0.924902081489563,325.5,644.5,9.934126853942871,9.848401069641113,1.3279752731323242,1.2818081378936768,-5.603393723843749,0.04426403492233871,9.934126853942871,da3_bbox_median,1920.0,1280.0,image_root
right_rear,58,1772699916010645000,data\camera\right_rear_camera\1772699916010645000.jpg,2000024,2,motorcycle,0.845569,657.0,598.0,812.0,717.0,632.6200561523438,595.4180908203125,788.5755004882812,719.0224609375,matched,0,MOTOR,preprocessed/masks/right_rear_camera/masks/frame_000058_gt2d_000_track_-1_MOTOR.png,0.906918466091156,734.5,657.5,11.838014602661133,12.623397827148438,2.952153205871582,1.1605751514434814,-2.3637112685048516,0.18982833782514982,11.838014602661133,da3_bbox_median,1920.0,1280.0,image_root
right_rear,58,1772699916010645000,data\camera\right_rear_camera\1772699916010645000.jpg,2000040,2,motorcycle,0.322759,1190.0,605.0,1277.0,700.0,1193.2012939453125,604.26953125,1285.4617919921875,699.9564819335938,matched,10,MOTOR,preprocessed/masks/right_rear_camera/masks/frame_000058_gt2d_010_track_-1_MOTOR.png,0.8282568454742432,1233.5,652.5,14.811483383178711,14.835853576660156,1.2037992477416992,1.029738187789917,3.627253794475757,0.1715428139804906,14.811483383178711,da3_bbox_median,1920.0,1280.0,image_root
right_rear,58,1772699916010645000,data\camera\right_rear_camera\1772699916010645000.jpg,2000044,2,motorcycle,0.793316,474.0,582.0,620.0,724.0,471.0100402832031,583.916015625,626.7594604492188,725.2628173828125,matched,1,MOTOR,preprocessed/masks/right_rear_camera/masks/frame_000058_gt2d_001_track_-1_MOTOR.png,0.9323476552963257,547.0,653.0,10.15717887878418,11.053106307983398,1.6736478805541992,1.282644510269165,-3.7248161123484116,0.12216159589844133,10.15717887878418,da3_bbox_median,1920.0,1280.0,image_root
right_rear,58,1772699916010645000,data\camera\right_rear_camera\1772699916010645000.jpg,2000045,2,motorcycle,0.679814,890.0,598.0,997.0,702.0,888.082275390625,599.207763671875,994.245361328125,702.358154296875,matched,4,MOTOR,preprocessed/masks/right_rear_camera/masks/frame_000058_gt2d_004_track_-1_MOTOR.png,0.8623128533363342,943.5,650.0,13.320959091186523,13.88707160949707,3.1307897567749023,1.0755856037139893,-0.17943711837193807,0.12461587604356741,13.320959091186523,da3_bbox_median,1920.0,1280.0,image_root
right_rear,58,1772699916010645000,data\camera\right_rear_camera\1772699916010645000.jpg,2000046,2,motorcycle,0.532847,817.0,584.0,925.0,708.0,813.158203125,584.6890258789062,920.5213623046875,708.7039184570312,matched,6,MOTOR,preprocessed/masks/right_rear_camera/masks/frame_000058_gt2d_006_track_-1_MOTOR.png,0.8856815099716187,871.0,646.0,11.84858512878418,13.205366134643555,2.0126094818115234,1.1229232549667358,-0.9249187045273153,0.06862555911141541,11.84858512878418,da3_bbox_median,1920.0,1280.0,image_root
right_rear,58,1772699916010645000,data\camera\right_rear_camera\1772699916010645000.jpg,2000047,2,motorcycle,0.403625,942.0,591.0,1046.0,695.0,936.5713500976562,592.927734375,1041.6302490234375,696.6726684570312,matched,8,MOTOR,preprocessed/masks/right_rear_camera/masks/frame_000058_gt2d_008_track_-1_MOTOR.png,0.88318932056427,994.0,643.0,14.409510612487793,15.192842483520508,2.8250036239624023,1.031882405281067,0.45420015128579033,0.04495236954452656,14.409510612487793,da3_bbox_median,1920.0,1280.0,image_root
right_rear,58,1772699916010645000,data\camera\right_rear_camera\1772699916010645000.jpg,2000049,2,motorcycle,0.532439,750.0,590.0,876.0,711.0,740.007568359375,591.1064453125,868.007568359375,712.9064331054688,matched,7,MOTOR,preprocessed/masks/right_rear_camera/masks/frame_000058_gt2d_007_track_-1_MOTOR.png,0.8340811133384705,813.0,650.5,11.853215217590332,12.991202354431152,2.3502674102783203,1.1242172718048096,-1.5377712936223091,0.11616443687754156,11.853215217590332,da3_bbox_median,1920.0,1280.0,image_root
right_rear,58,1772699916010645000,data\camera\right_rear_camera\1772699916010645000.jpg,2000050,2,motorcycle,0.668707,329.0,588.0,481.0,700.0,329.0,588.0,481.0,700.0,tentative,5,MOTOR,preprocessed/masks/right_rear_camera/masks/frame_000058_gt2d_005_track_-1_MOTOR.png,0.8857241868972778,405.0,644.0,10.230935096740723,10.772248268127441,1.1157283782958984,1.1822117567062378,-5.046176875020371,0.04102994378079098,10.230935096740723,da3_bbox_median,1920.0,1280.0,image_root
right_rear,59,1772699916110561000,data\camera\right_rear_camera\1772699916110561000.jpg,-1,2,motorcycle,0.431863,414.0,567.0,508.0,716.0,414.0,567.0,508.0,716.0,unassigned,4,MOTOR,preprocessed/masks/right_rear_camera/masks/frame_000059_gt2d_004_track_-1_MOTOR.png,0.925595223903656,461.0,641.5,9.306230545043945,9.170007705688477,1.4785919189453125,1.415648102760315,-4.125788583391858,0.016597745261437053,9.306230545043945,da3_bbox_median,1920.0,1280.0,image_root
right_rear,59,1772699916110561000,data\camera\right_rear_camera\1772699916110561000.jpg,-1,2,motorcycle,0.424476,227.0,560.0,503.0,736.0,227.0,560.0,503.0,736.0,unassigned,5,MOTOR,preprocessed/masks/right_rear_camera/masks/frame_000059_gt2d_005_track_-1_MOTOR.png,0.7230919599533081,365.0,648.0,8.387369155883789,8.47844409942627,1.8563127517700195,1.5500988960266113,-4.435776653835885,0.06352069450907416,8.387369155883789,da3_bbox_median,1920.0,1280.0,image_root
right_rear,59,1772699916110561000,data\camera\right_rear_camera\1772699916110561000.jpg,-1,2,motorcycle,0.399726,423.0,590.0,548.0,697.0,423.0,590.0,548.0,697.0,unassigned,7,MOTOR,preprocessed/masks/right_rear_camera/masks/frame_000059_gt2d_007_track_-1_MOTOR.png,0.9264950752258301,485.5,643.5,9.520851135253906,9.915899276733398,0.8788471221923828,1.3050647974014282,-4.013122353236049,0.033941894061581504,9.520851135253906,da3_bbox_median,1920.0,1280.0,image_root
right_rear,59,1772699916110561000,data\camera\right_rear_camera\1772699916110561000.jpg,-1,2,motorcycle,0.3782,1033.0,592.0,1127.0,688.0,1033.0,592.0,1127.0,688.0,unassigned,8,MOTOR,preprocessed/masks/right_rear_camera/masks/frame_000059_gt2d_008_track_-1_MOTOR.png,0.8694854974746704,1080.0,640.0,14.68034553527832,15.73680305480957,4.177432060241699,1.059904932975769,1.5875243606305005,0.006567779831208199,14.68034553527832,da3_bbox_median,1920.0,1280.0,image_root
right_rear,59,1772699916110561000,data\camera\right_rear_camera\1772699916110561000.jpg,-1,2,motorcycle,0.37351,0.0,543.0,59.0,757.0,0.0,543.0,59.0,757.0,unassigned,9,MOTOR,preprocessed/masks/right_rear_camera/masks/frame_000059_gt2d_009_track_-1_MOTOR.png,0.9558372497558594,29.5,650.0,7.181413173675537,7.142705917358398,0.1402130126953125,1.754544973373413,-5.944525697905521,0.06718120577823054,7.181413173675537,da3_bbox_median,1920.0,1280.0,image_root
right_rear,59,1772699916110561000,data\camera\right_rear_camera\1772699916110561000.jpg,-1,2,motorcycle,0.31645,817.0,588.0,943.0,709.0,817.0,588.0,943.0,709.0,unassigned,11,MOTOR,preprocessed/masks/right_rear_camera/masks/frame_000059_gt2d_011_track_-1_MOTOR.png,0.8262959718704224,880.0,648.5,12.056997299194336,13.12820053100586,2.5271949768066406,1.0823324918746948,-0.8445119761711798,0.09668204288131046,12.056997299194336,da3_bbox_median,1920.0,1280.0,image_root
right_rear,59,1772699916110561000,data\camera\right_rear_camera\1772699916110561000.jpg,-1,2,motorcycle,0.316372,0.0,516.0,209.0,752.0,0.0,516.0,209.0,752.0,unassigned,12,VEHICLE_TRIKE,preprocessed/masks/right_rear_camera/masks/frame_000059_gt2d_012_track_-1_VEHICLE_TRIKE.png,0.9021060466766357,104.5,634.0,7.417870998382568,7.554739475250244,0.44321775436401367,1.6304551362991333,-5.644606072611527,-0.03632610155553239,7.417870998382568,da3_bbox_median,1920.0,1280.0,image_root
right_rear,59,1772699916110561000,data\camera\right_rear_camera\1772699916110561000.jpg,-1,2,motorcycle,0.303978,1217.0,603.0,1299.0,695.0,1217.0,603.0,1299.0,695.0,unassigned,13,MOTOR,preprocessed/masks/right_rear_camera/masks/frame_000059_gt2d_013_track_-1_MOTOR.png,0.818483829498291,1258.0,649.0,15.142258644104004,15.493731498718262,2.133707046508789,1.0100151300430298,4.038774839046353,0.12816595462266875,15.142258644104004,da3_bbox_median,1920.0,1280.0,image_root
right_rear,59,1772699916110561000,data\camera\right_rear_camera\1772699916110561000.jpg,5,0,bicycle,0.651347,1262.0,604.0,1378.0,693.0,1270.40771484375,604.6857299804688,1384.09619140625,693.0013427734375,matched,2,BICYCLE,preprocessed/masks/right_rear_camera/masks/frame_000059_gt2d_002_track_-1_BICYCLE.png,0.8651807904243469,1320.0,648.5,15.462471008300781,15.843530654907227,1.7266063690185547,1.0063281059265137,4.978277682998041,0.12398968399664897,15.462471008300781,da3_bbox_median,1920.0,1280.0,image_root
right_rear,59,1772699916110561000,data\camera\right_rear_camera\1772699916110561000.jpg,2000014,2,motorcycle,0.424199,218.0,562.0,357.0,733.0,227.4971466064453,562.8970947265625,366.03680419921875,728.9215087890625,matched,6,MOTOR,preprocessed/masks/right_rear_camera/masks/frame_000059_gt2d_006_track_-1_MOTOR.png,0.9278402924537659,287.5,647.5,8.530017852783203,8.455190658569336,1.2510929107666016,1.4872692823410034,-5.1001804351824065,0.060801975579902884,8.530017852783203,da3_bbox_median,1920.0,1280.0,image_root
right_rear,59,1772699916110561000,data\camera\right_rear_camera\1772699916110561000.jpg,2000024,2,motorcycle,0.819722,730.0,597.0,894.0,715.0,701.60107421875,596.8253784179688,863.3311767578125,716.0857543945312,matched,1,MOTOR,preprocessed/masks/right_rear_camera/masks/frame_000059_gt2d_001_track_-1_MOTOR.png,0.8683663606643677,812.0,656.0,11.781494140625,13.176124572753906,5.278715133666992,1.1110671758651733,-1.5389628885548485,0.17318047921252266,11.781494140625,da3_bbox_median,1920.0,1280.0,image_root
right_rear,59,1772699916110561000,data\camera\right_rear_camera\1772699916110561000.jpg,2000044,2,motorcycle,0.826186,569.0,578.0,715.0,718.0,547.83935546875,579.4515380859375,694.7894287109375,720.0641479492188,matched,0,MOTOR,preprocessed/masks/right_rear_camera/masks/frame_000059_gt2d_000_track_-1_MOTOR.png,0.9347483515739441,642.0,648.0,11.097074508666992,12.1367826461792,3.9294204711914062,1.1877977848052979,-3.1302714277377808,0.08404231013427887,11.097074508666992,da3_bbox_median,1920.0,1280.0,image_root
right_rear,59,1772699916110561000,data\camera\right_rear_camera\1772699916110561000.jpg,2000045,2,motorcycle,0.597785,944.0,601.0,1047.0,699.0,945.0542602539062,601.3684692382812,1047.4200439453125,699.406494140625,matched,3,MOTOR,preprocessed/masks/right_rear_camera/masks/frame_000059_gt2d_003_track_-1_MOTOR.png,0.8434523344039917,995.5,650.0,12.877790451049805,13.441179275512695,2.1317100524902344,1.0611721277236938,0.42312851694323617,0.12047008984697047,12.877790451049805,da3_bbox_median,1920.0,1280.0,image_root
right_rear,59,1772699916110561000,data\camera\right_rear_camera\1772699916110561000.jpg,2000046,2,motorcycle,0.361726,876.0,581.0,977.0,705.0,875.3555297851562,582.4022216796875,976.8763427734375,705.8903198242188,matched,10,MOTOR,preprocessed/masks/right_rear_camera/masks/frame_000059_gt2d_010_track_-1_MOTOR.png,0.7935932874679565,926.5,643.0,12.408720016479492,13.75925064086914,3.1935129165649414,1.063278317451477,-0.35508568471877927,0.03871063929623948,12.408720016479492,da3_bbox_median,1920.0,1280.0,image_root
right_rear,59,1772699916110561000,data\camera\right_rear_camera\1772699916110561000.jpg,2000047,2,motorcycle,0.30385,994.0,593.0,1094.0,692.0,990.395751953125,593.5505981445312,1091.0224609375,693.6832275390625,matched,14,MOTOR,preprocessed/masks/right_rear_camera/masks/frame_000059_gt2d_014_track_-1_MOTOR.png,0.8996111154556274,1044.0,642.5,14.468729972839355,15.831463813781738,4.095172882080078,1.0144940614700317,1.1005863170877372,0.03869311112861701,14.468729972839355,da3_bbox_median,1920.0,1280.0,image_root
right_rear,60,1772699916210538000,data\camera\right_rear_camera\1772699916210538000.jpg,-1,2,motorcycle,0.581207,991.0,602.0,1091.0,699.0,991.0,602.0,1091.0,699.0,unassigned,4,MOTOR,preprocessed/masks/right_rear_camera/masks/frame_000060_gt2d_004_track_-1_MOTOR.png,0.8240727186203003,1041.0,650.5,13.570075988769531,14.007997512817383,2.408158302307129,1.0374572277069092,0.9959595106000472,0.1329900964998527,13.570075988769531,da3_bbox_median,1920.0,1280.0,image_root
right_rear,60,1772699916210538000,data\camera\right_rear_camera\1772699916210538000.jpg,-1,2,motorcycle,0.43697,37.0,536.0,368.0,752.0,37.0,536.0,368.0,752.0,unassigned,7,VEHICLE_TRIKE,preprocessed/masks/right_rear_camera/masks/frame_000060_gt2d_007_track_-1_VEHICLE_TRIKE.png,0.941886842250824,202.5,644.0,7.911626815795898,8.432306289672852,0.732597827911377,1.5016758441925049,-5.329567486148475,0.031728634811701274,7.911626815795898,da3_bbox_median,1920.0,1280.0,image_root
right_rear,60,1772699916210538000,data\camera\right_rear_camera\1772699916210538000.jpg,-1,2,motorcycle,0.402389,878.0,588.0,1006.0,704.0,878.0,588.0,1006.0,704.0,unassigned,8,MOTOR,preprocessed/masks/right_rear_camera/masks/frame_000060_gt2d_008_track_-1_MOTOR.png,0.7813529968261719,942.0,646.0,12.800695419311523,13.32870101928711,2.149566650390625,1.069641351699829,-0.1895354915749734,0.07414006572237274,12.800695419311523,da3_bbox_median,1920.0,1280.0,image_root
right_rear,60,1772699916210538000,data\camera\right_rear_camera\1772699916210538000.jpg,-1,2,motorcycle,0.384992,1240.0,604.0,1318.0,692.0,1240.0,604.0,1318.0,692.0,unassigned,9,MOTOR,preprocessed/masks/right_rear_camera/masks/frame_000060_gt2d_009_track_-1_MOTOR.png,0.8319607973098755,1279.0,648.0,16.018918991088867,16.48671531677246,2.084646224975586,1.0008764266967773,4.572300494545898,0.12131728563357165,16.018918991088867,da3_bbox_median,1920.0,1280.0,image_root
right_rear,60,1772699916210538000,data\camera\right_rear_camera\1772699916210538000.jpg,-1,2,motorcycle,0.379704,1622.0,214.0,1659.0,262.0,1622.0,214.0,1659.0,262.0,unassigned,10,MOTOR,preprocessed/masks/right_rear_camera/masks/frame_000060_gt2d_010_track_-1_MOTOR.png,0.7759939432144165,1640.5,238.0,15.741180419921875,15.77298641204834,0.7437896728515625,1.0008549690246582,9.562713513502855,-5.629574727655358,15.741180419921875,da3_bbox_median,1920.0,1280.0,image_root
right_rear,60,1772699916210538000,data\camera\right_rear_camera\1772699916210538000.jpg,-1,2,motorcycle,0.324143,1078.0,591.0,1166.0,689.0,1078.0,591.0,1166.0,689.0,unassigned,11,MOTOR,preprocessed/masks/right_rear_camera/masks/frame_000060_gt2d_011_track_-1_MOTOR.png,0.8805791139602661,1122.0,640.0,14.897783279418945,15.715041160583496,3.0340700149536133,1.013110637664795,2.168488832645645,0.006665058415494814,14.897783279418945,da3_bbox_median,1920.0,1280.0,image_root
right_rear,60,1772699916210538000,data\camera\right_rear_camera\1772699916210538000.jpg,-1,2,motorcycle,0.320931,356.0,558.0,610.0,724.0,356.0,558.0,610.0,724.0,unassigned,12,MOTOR,preprocessed/masks/right_rear_camera/masks/frame_000060_gt2d_012_track_-1_MOTOR.png,0.8064649105072021,483.0,641.0,8.943267822265625,9.639470100402832,1.246835708618164,1.503413200378418,-3.7895851158096323,0.01196729602482874,8.943267822265625,da3_bbox_median,1920.0,1280.0,image_root
right_rear,60,1772699916210538000,data\camera\right_rear_camera\1772699916210538000.jpg,5,0,bicycle,0.661727,1293.0,605.0,1403.0,690.0,1298.053466796875,604.441650390625,1407.9652099609375,689.446533203125,matched,2,BICYCLE,preprocessed/masks/right_rear_camera/masks/frame_000060_gt2d_002_track_-1_BICYCLE.png,0.8892056941986084,1348.0,647.5,16.035186767578125,16.718542098999023,1.9015178680419922,1.0011104345321655,5.56267563974804,0.11429882692957673,16.035186767578125,da3_bbox_median,1920.0,1280.0,image_root
right_rear,60,1772699916210538000,data\camera\right_rear_camera\1772699916210538000.jpg,2000024,2,motorcycle,0.812018,654.0,581.0,798.0,714.0,678.2838134765625,585.6742553710938,829.295654296875,713.7194213867188,matched,1,MOTOR,preprocessed/masks/right_rear_camera/masks/frame_000060_gt2d_001_track_-1_MOTOR.png,0.9316123723983765,726.0,647.5,11.395428657531738,12.143111228942871,2.0167007446289062,1.1864057779312134,-2.361634500283047,0.08122662659278024,11.395428657531738,da3_bbox_median,1920.0,1280.0,image_root
right_rear,60,1772699916210538000,data\camera\right_rear_camera\1772699916210538000.jpg,2000036,2,motorcycle,0.494519,34.0,538.0,233.0,754.0,36.6646728515625,539.521240234375,229.1603240966797,750.3753051757812,matched,6,MOTOR,preprocessed/masks/right_rear_camera/masks/frame_000060_gt2d_006_track_-1_MOTOR.png,0.9318839907646179,133.5,646.0,7.670382022857666,8.371420860290527,0.41519880294799805,1.479357361793518,-5.638577743824413,0.04442591661328349,7.670382022857666,da3_bbox_median,1920.0,1280.0,image_root
right_rear,60,1772699916210538000,data\camera\right_rear_camera\1772699916210538000.jpg,2000049,2,motorcycle,0.828306,800.0,595.0,952.0,709.0,799.8478393554688,595.5831909179688,949.6609497070312,710.3302001953125,matched,0,MOTOR,preprocessed/masks/right_rear_camera/masks/frame_000060_gt2d_000_track_-1_MOTOR.png,0.8918930888175964,876.0,652.0,12.562170028686523,12.963687896728516,2.663132667541504,1.1131985187530518,-0.9246631851009914,0.1398969735947201,12.562170028686523,da3_bbox_median,1920.0,1280.0,image_root
right_rear,60,1772699916210538000,data\camera\right_rear_camera\1772699916210538000.jpg,2000051,2,motorcycle,0.634059,1674.0,212.0,1720.0,279.0,1674.0,212.0,1720.0,279.0,tentative,3,MOTOR,preprocessed/masks/right_rear_camera/masks/frame_000060_gt2d_003_track_-1_MOTOR.png,0.7606416344642639,1697.0,245.5,17.729583740234375,17.06488037109375,1.3580589294433594,1.0003083944320679,11.663109197937779,-6.222250004044991,17.729583740234375,da3_bbox_median,1920.0,1280.0,image_root
right_rear,60,1772699916210538000,data\camera\right_rear_camera\1772699916210538000.jpg,2000052,2,motorcycle,0.575722,353.0,567.0,487.0,729.0,353.0,567.0,487.0,729.0,tentative,5,MOTOR,preprocessed/masks/right_rear_camera/masks/frame_000060_gt2d_005_track_-1_MOTOR.png,0.9387054443359375,420.0,648.0,9.044919967651367,9.08902359008789,0.7175045013427734,1.4615830183029175,-4.340328138095306,0.06850057359418413,9.044919967651367,da3_bbox_median,1920.0,1280.0,image_root
right_rear,61,1772699916310546000,data\camera\right_rear_camera\1772699916310546000.jpg,-1,2,motorcycle,0.374972,1278.0,606.0,1347.0,690.0,1278.0,606.0,1347.0,690.0,unassigned,7,MOTOR,preprocessed/masks/right_rear_camera/masks/frame_000061_gt2d_007_track_-1_MOTOR.png,0.8469245433807373,1312.5,648.0,17.981395721435547,18.553752899169922,2.9319229125976562,1.000158429145813,5.669118465176277,0.1361798584561915,17.981395721435547,da3_bbox_median,1920.0,1280.0,image_root
right_rear,61,1772699916310546000,data\camera\right_rear_camera\1772699916310546000.jpg,-1,2,motorcycle,0.34267,928.0,593.0,1054.0,704.0,928.0,593.0,1054.0,704.0,unassigned,8,MOTOR,preprocessed/masks/right_rear_camera/masks/frame_000061_gt2d_008_track_-1_MOTOR.png,0.8431708216667175,991.0,648.5,13.777849197387695,14.111736297607422,1.4983329772949219,1.011883020401001,0.397465015224387,0.11048112343884134,13.777849197387695,da3_bbox_median,1920.0,1280.0,image_root
right_rear,61,1772699916310546000,data\camera\right_rear_camera\1772699916310546000.jpg,-1,2,motorcycle,0.332378,285.0,553.0,495.0,741.0,285.0,553.0,495.0,741.0,unassigned,9,MOTOR,preprocessed/masks/right_rear_camera/masks/frame_000061_gt2d_009_track_-1_MOTOR.png,0.9539303779602051,390.0,647.0,9.329416275024414,9.689011573791504,0.9972991943359375,1.3036588430404663,-4.726198725098517,0.06234500572251526,9.329416275024414,da3_bbox_median,1920.0,1280.0,image_root
right_rear,61,1772699916310546000,data\camera\right_rear_camera\1772699916310546000.jpg,-1,2,motorcycle,0.320487,1078.0,596.0,1182.0,688.0,1078.0,596.0,1182.0,688.0,unassigned,10,MOTOR,preprocessed/masks/right_rear_camera/masks/frame_000061_gt2d_010_track_-1_MOTOR.png,0.8727800846099854,1130.0,642.0,16.01767349243164,16.67498207092285,3.047879219055176,1.000902771949768,2.445660532755155,0.03570152439420609,16.01767349243164,da3_bbox_median,1920.0,1280.0,image_root
right_rear,61,1772699916310546000,data\camera\right_rear_camera\1772699916310546000.jpg,-1,2,motorcycle,0.302507,1121.0,596.0,1208.0,684.0,1121.0,596.0,1208.0,684.0,unassigned,11,MOTOR,preprocessed/masks/right_rear_camera/masks/frame_000061_gt2d_011_track_-1_MOTOR.png,0.8887693881988525,1164.5,640.0,16.489826202392578,17.134645462036133,2.78493595123291,1.0013667345046997,3.0245911723652363,0.0073773159965440285,16.489826202392578,da3_bbox_median,1920.0,1280.0,image_root
right_rear,61,1772699916310546000,data\camera\right_rear_camera\1772699916310546000.jpg,-1,2,motorcycle,0.300955,0.0,580.0,16.0,767.0,0.0,580.0,16.0,767.0,unassigned,12,MOTOR,preprocessed/masks/right_rear_camera/masks/frame_000061_gt2d_012_track_-1_MOTOR.png,0.8880168199539185,8.0,673.5,8.471280097961426,8.354792594909668,0.5786800384521484,1.3188376426696777,-7.174497338694504,0.2565736123323906,8.471280097961426,da3_bbox_median,1920.0,1280.0,image_root
right_rear,61,1772699916310546000,data\camera\right_rear_camera\1772699916310546000.jpg,5,0,bicycle,0.674099,1322.0,606.0,1427.0,688.0,1326.771728515625,605.9468994140625,1432.074951171875,687.8555297851562,matched,2,BICYCLE,preprocessed/masks/right_rear_camera/masks/frame_000061_gt2d_002_track_-1_BICYCLE.png,0.8659104704856873,1374.5,647.0,17.47789192199707,18.10445213317871,1.2435321807861328,1.0007208585739136,6.475795592490967,0.11679822614535001,17.47789192199707,da3_bbox_median,1920.0,1280.0,image_root
right_rear,61,1772699916310546000,data\camera\right_rear_camera\1772699916310546000.jpg,2000014,2,motorcycle,0.591475,185.0,564.0,376.0,751.0,191.11302185058594,562.9385375976562,370.6059875488281,745.4354248046875,matched,5,MOTOR,preprocessed/masks/right_rear_camera/masks/frame_000061_gt2d_005_track_-1_MOTOR.png,0.909398078918457,280.5,657.5,8.751300811767578,9.0239839553833,0.4653587341308594,1.370205283164978,-5.287064242612988,0.1403313767269964,8.751300811767578,da3_bbox_median,1920.0,1280.0,image_root
right_rear,61,1772699916310546000,data\camera\right_rear_camera\1772699916310546000.jpg,2000024,2,motorcycle,0.801272,732.0,591.0,878.0,713.0,720.398681640625,589.2630615234375,868.3117065429688,713.1793823242188,matched,0,MOTOR,preprocessed/masks/right_rear_camera/masks/frame_000061_gt2d_000_track_-1_MOTOR.png,0.9093639850616455,805.0,652.0,12.432201385498047,13.05504035949707,2.420360565185547,1.0603009462356567,-1.7014939442425012,0.13844959469419896,12.432201385498047,da3_bbox_median,1920.0,1280.0,image_root
right_rear,61,1772699916310546000,data\camera\right_rear_camera\1772699916310546000.jpg,2000036,2,motorcycle,0.593493,16.0,555.0,163.0,758.0,18.73857307434082,548.8217163085938,184.67141723632812,755.63232421875,matched,4,MOTOR,preprocessed/masks/right_rear_camera/masks/frame_000061_gt2d_004_track_-1_MOTOR.png,0.9373637437820435,89.5,656.5,8.514636993408203,8.79146957397461,1.0297021865844727,1.2542109489440918,-6.5929738830792655,0.12895195535583062,8.514636993408203,da3_bbox_median,1920.0,1280.0,image_root
right_rear,61,1772699916310546000,data\camera\right_rear_camera\1772699916310546000.jpg,2000045,2,motorcycle,0.594881,1033.0,605.0,1133.0,697.0,1037.375732421875,604.7435302734375,1136.945556640625,696.8923950195312,matched,3,MOTOR,preprocessed/masks/right_rear_camera/masks/frame_000061_gt2d_003_track_-1_MOTOR.png,0.8606023788452148,1083.0,651.0,15.069098472595215,15.461191177368164,2.33770751953125,1.002766489982605,1.6698396868675929,0.15439227684668805,15.069098472595215,da3_bbox_median,1920.0,1280.0,image_root
right_rear,61,1772699916310546000,data\camera\right_rear_camera\1772699916310546000.jpg,2000049,2,motorcycle,0.7999,856.0,597.0,1009.0,709.0,848.690673828125,597.7136840820312,1003.048583984375,709.7738647460938,matched,1,MOTOR,preprocessed/masks/right_rear_camera/masks/frame_000061_gt2d_001_track_-1_MOTOR.png,0.8733404278755188,932.5,653.0,13.660431861877441,13.536161422729492,1.8479948043823242,1.029189944267273,-0.31788284509798853,0.16429563531607494,13.660431861877441,da3_bbox_median,1920.0,1280.0,image_root
right_rear,61,1772699916310546000,data\camera\right_rear_camera\1772699916310546000.jpg,2000053,2,motorcycle,0.516053,472.0,578.0,602.0,727.0,472.0,578.0,602.0,727.0,tentative,6,MOTOR,preprocessed/masks/right_rear_camera/masks/frame_000061_gt2d_006_track_-1_MOTOR.png,0.9303449392318726,537.0,652.5,10.278311729431152,10.393414497375488,0.5878124237060547,1.2295498847961426,-3.8608085508552854,0.11904077879449415,10.278311729431152,da3_bbox_median,1920.0,1280.0,image_root
right_rear,62,1772699916410553000,data\camera\right_rear_camera\1772699916410553000.jpg,-1,2,motorcycle,0.411744,529.0,571.0,691.0,725.0,529.0,571.0,691.0,725.0,unassigned,7,MOTOR,preprocessed/masks/right_rear_camera/masks/frame_000062_gt2d_007_track_-1_MOTOR.png,0.9017350673675537,610.0,648.0,10.746332168579102,11.136069297790527,0.7203598022460938,1.1325511932373047,-3.3377035164326068,0.0813860067545127,10.746332168579102,da3_bbox_median,1920.0,1280.0,image_root
right_rear,62,1772699916410553000,data\camera\right_rear_camera\1772699916410553000.jpg,-1,2,motorcycle,0.400398,437.0,564.0,689.0,729.0,437.0,564.0,689.0,729.0,unassigned,8,MOTOR,preprocessed/masks/right_rear_camera/masks/frame_000062_gt2d_008_track_-1_MOTOR.png,0.9392887353897095,563.0,646.5,10.524711608886719,10.837878227233887,0.9085063934326172,1.158907413482666,-3.7095710638161243,0.06564528170304844,10.524711608886719,da3_bbox_median,1920.0,1280.0,image_root
right_rear,62,1772699916410553000,data\camera\right_rear_camera\1772699916410553000.jpg,-1,2,motorcycle,0.396084,1162.0,598.0,1254.0,686.0,1162.0,598.0,1254.0,686.0,unassigned,9,MOTOR,preprocessed/masks/right_rear_camera/masks/frame_000062_gt2d_009_track_-1_MOTOR.png,0.8469288945198059,1208.0,642.0,15.885972023010254,17.356237411499023,4.141624450683594,1.002492070198059,3.5294880823033994,0.03540797719301472,15.885972023010254,da3_bbox_median,1920.0,1280.0,image_root
right_rear,62,1772699916410553000,data\camera\right_rear_camera\1772699916410553000.jpg,-1,2,motorcycle,0.373524,148.0,561.0,308.0,751.0,148.0,561.0,308.0,751.0,unassigned,10,MOTOR,preprocessed/masks/right_rear_camera/masks/frame_000062_gt2d_010_track_-1_MOTOR.png,0.9008507132530212,228.0,656.0,8.475322723388672,8.599274635314941,0.32993507385253906,1.2999789714813232,-5.516749186643594,0.12458185975377223,8.475322723388672,da3_bbox_median,1920.0,1280.0,image_root
right_rear,62,1772699916410553000,data\camera\right_rear_camera\1772699916410553000.jpg,-1,2,motorcycle,0.369077,423.0,563.0,600.0,736.0,423.0,563.0,600.0,736.0,unassigned,11,MOTOR,preprocessed/masks/right_rear_camera/masks/frame_000062_gt2d_011_track_-1_MOTOR.png,0.917123556137085,511.5,649.5,10.200909614562988,10.177114486694336,0.7739038467407227,1.206222653388977,-4.06348157823323,0.09088498712838473,10.200909614562988,da3_bbox_median,1920.0,1280.0,image_root
right_rear,62,1772699916410553000,data\camera\right_rear_camera\1772699916410553000.jpg,-1,2,motorcycle,0.361149,324.0,559.0,598.0,742.0,324.0,559.0,598.0,742.0,unassigned,12,MOTOR,preprocessed/masks/right_rear_camera/masks/frame_000062_gt2d_012_track_-1_MOTOR.png,0.9607499837875366,461.0,650.5,9.93857192993164,10.124521255493164,1.0107383728027344,1.2351372241973877,-4.406128389497912,0.0974004597414332,9.93857192993164,da3_bbox_median,1920.0,1280.0,image_root
right_rear,62,1772699916410553000,data\camera\right_rear_camera\1772699916410553000.jpg,-1,2,motorcycle,0.348965,1307.0,607.0,1379.0,687.0,1307.0,607.0,1379.0,687.0,unassigned,13,MOTOR,preprocessed/masks/right_rear_camera/masks/frame_000062_gt2d_013_track_-1_MOTOR.png,0.8421067595481873,1343.0,647.0,17.95461654663086,19.184402465820312,4.20692253112793,1.0007340908050537,6.148554057992405,0.11998399882122729,17.95461654663086,da3_bbox_median,1920.0,1280.0,image_root
right_rear,62,1772699916410553000,data\camera\right_rear_camera\1772699916410553000.jpg,-1,3,person,0.329656,1386.0,587.0,1418.0,661.0,1386.0,587.0,1418.0,661.0,unassigned,14,PEDESTRIAN_NORMAL,preprocessed/masks/right_rear_camera/masks/frame_000062_gt2d_014_track_-1_PEDESTRIAN_NORMAL.png,0.8453608751296997,1402.0,624.0,19.94923973083496,20.59910774230957,4.65211296081543,1.000228762626648,7.880222342536137,-0.27539113273693616,19.94923973083496,da3_bbox_median,1920.0,1280.0,image_root
right_rear,62,1772699916410553000,data\camera\right_rear_camera\1772699916410553000.jpg,-1,2,motorcycle,0.306364,983.0,598.0,1102.0,699.0,983.0,598.0,1102.0,699.0,unassigned,15,MOTOR,preprocessed/masks/right_rear_camera/masks/frame_000062_gt2d_015_track_-1_MOTOR.png,0.8348661065101624,1042.5,648.5,14.483002662658691,15.095927238464355,2.1916799545288086,1.0130683183670044,1.0823173320831607,0.11613557254216748,14.483002662658691,da3_bbox_median,1920.0,1280.0,image_root
right_rear,62,1772699916410553000,data\camera\right_rear_camera\1772699916410553000.jpg,-1,2,motorcycle,0.300002,1425.0,603.0,1530.0,676.0,1425.0,603.0,1530.0,676.0,unassigned,16,MOTOR,preprocessed/masks/right_rear_camera/masks/frame_000062_gt2d_016_track_-1_MOTOR.png,0.7825201749801636,1477.5,639.5,18.969833374023438,19.69968605041504,2.357532501220703,1.0054638385772705,8.769330086402261,3.8159307597246073e-05,18.969833374023438,da3_bbox_median,1920.0,1280.0,image_root
right_rear,62,1772699916410553000,data\camera\right_rear_camera\1772699916410553000.jpg,5,0,bicycle,0.64418,1349.0,607.0,1445.0,685.0,1351.9676513671875,607.7467651367188,1449.593017578125,685.9421997070312,matched,4,BICYCLE,preprocessed/masks/right_rear_camera/masks/frame_000062_gt2d_004_track_-1_BICYCLE.png,0.8696237802505493,1397.0,646.0,18.232694625854492,18.89289665222168,3.1945724487304688,1.0006074905395508,7.120944774517274,0.10560154222695414,18.232694625854492,da3_bbox_median,1920.0,1280.0,image_root
right_rear,62,1772699916410553000,data\camera\right_rear_camera\1772699916410553000.jpg,2000014,2,motorcycle,0.468839,55.0,554.0,305.0,754.0,102.28733825683594,557.9547729492188,326.72344970703125,752.3714599609375,matched,6,MOTOR,preprocessed/masks/right_rear_camera/masks/frame_000062_gt2d_006_track_-1_MOTOR.png,0.9263740181922913,180.0,654.0,8.432086944580078,9.553564071655273,0.5019159317016602,1.2794612646102905,-5.849194777521773,0.10892458073089177,8.432086944580078,da3_bbox_median,1920.0,1280.0,image_root
right_rear,62,1772699916410553000,data\camera\right_rear_camera\1772699916410553000.jpg,2000024,2,motorcycle,0.791422,790.0,596.0,954.0,709.0,771.7557373046875,594.7047729492188,930.4874877929688,710.9696044921875,matched,0,MOTOR,preprocessed/masks/right_rear_camera/masks/frame_000062_gt2d_000_track_-1_MOTOR.png,0.8637524247169495,872.0,652.5,13.575971603393555,13.697120666503906,2.763749122619629,1.0490241050720215,-1.047666118992757,0.1572334324062526,13.575971603393555,da3_bbox_median,1920.0,1280.0,image_root
right_rear,62,1772699916410553000,data\camera\right_rear_camera\1772699916410553000.jpg,2000036,2,motorcycle,0.680724,45.0,556.0,208.0,763.0,30.329181671142578,553.9249267578125,194.87612915039062,761.6368408203125,matched,3,MOTOR,preprocessed/masks/right_rear_camera/masks/frame_000062_gt2d_003_track_-1_MOTOR.png,0.9071717858314514,126.5,659.5,8.334692001342773,9.731931686401367,0.4696931838989258,1.278971552848816,-6.17889737223526,0.14849908297054515,8.334692001342773,da3_bbox_median,1920.0,1280.0,image_root
right_rear,62,1772699916410553000,data\camera\right_rear_camera\1772699916410553000.jpg,2000045,2,motorcycle,0.691617,1077.0,605.0,1174.0,693.0,1079.2860107421875,605.895751953125,1177.189697265625,695.0205688476562,matched,2,MOTOR,preprocessed/masks/right_rear_camera/masks/frame_000062_gt2d_002_track_-1_MOTOR.png,0.8502292633056641,1125.5,649.0,14.790079116821289,15.986328125,2.650524139404297,1.0025352239608765,2.1989300464511152,0.1251850634376985,14.790079116821289,da3_bbox_median,1920.0,1280.0,image_root
right_rear,62,1772699916410553000,data\camera\right_rear_camera\1772699916410553000.jpg,2000049,2,motorcycle,0.786971,912.0,602.0,1056.0,704.0,901.881591796875,602.4358520507812,1051.1697998046875,706.369384765625,matched,1,MOTOR,preprocessed/masks/right_rear_camera/masks/frame_000062_gt2d_001_track_-1_MOTOR.png,0.8662696480751038,984.0,653.0,14.276992797851562,14.289891242980957,2.6951465606689453,1.0269018411636353,0.32282738465245614,0.1717110868706951,14.276992797851562,da3_bbox_median,1920.0,1280.0,image_root
right_rear,62,1772699916410553000,data\camera\right_rear_camera\1772699916410553000.jpg,2000054,2,motorcycle,0.606338,317.0,570.0,509.0,744.0,317.0,570.0,509.0,744.0,tentative,5,MOTOR,preprocessed/masks/right_rear_camera/masks/frame_000062_gt2d_005_track_-1_MOTOR.png,0.9562085866928101,413.0,657.0,9.691000938415527,9.732014656066895,0.7904338836669922,1.2764145135879517,-4.710795820280218,0.1510838034499343,9.691000938415527,da3_bbox_median,1920.0,1280.0,image_root
right_rear,63,1772699916510561000,data\camera\right_rear_camera\1772699916510561000.jpg,-1,2,motorcycle,0.464956,1201.0,598.0,1287.0,684.0,1201.0,598.0,1287.0,684.0,unassigned,6,MOTOR,preprocessed/masks/right_rear_camera/masks/frame_000063_gt2d_006_track_-1_MOTOR.png,0.8011651635169983,1244.0,641.0,17.415834426879883,18.629640579223633,4.115991592407227,1.0412107706069946,4.427963630577826,0.0233047304685409,17.415834426879883,da3_bbox_median,1920.0,1280.0,image_root
right_rear,63,1772699916510561000,data\camera\right_rear_camera\1772699916510561000.jpg,-1,2,motorcycle,0.441754,573.0,570.0,772.0,717.0,573.0,570.0,772.0,717.0,unassigned,7,MOTOR,preprocessed/masks/right_rear_camera/masks/frame_000063_gt2d_007_track_-1_MOTOR.png,0.9147987365722656,672.5,643.5,11.237056732177734,11.612183570861816,0.9812641143798828,1.4228229522705078,-2.8644146492339835,0.04006017778760138,11.237056732177734,da3_bbox_median,1920.0,1280.0,image_root
right_rear,63,1772699916510561000,data\camera\right_rear_camera\1772699916510561000.jpg,-1,3,person,0.401144,1387.0,586.0,1418.0,663.0,1387.0,586.0,1418.0,663.0,unassigned,8,PEDESTRIAN_NORMAL,preprocessed/masks/right_rear_camera/masks/frame_000063_gt2d_008_track_-1_PEDESTRIAN_NORMAL.png,0.7703098058700562,1402.5,624.5,18.398218154907227,19.58197021484375,2.9770679473876953,1.016970157623291,7.27574323475514,-0.245785817115024,18.398218154907227,da3_bbox_median,1920.0,1280.0,image_root
right_rear,63,1772699916510561000,data\camera\right_rear_camera\1772699916510561000.jpg,-1,2,motorcycle,0.354174,530.0,563.0,695.0,726.0,530.0,563.0,695.0,726.0,unassigned,9,MOTOR,preprocessed/masks/right_rear_camera/masks/frame_000063_gt2d_009_track_-1_MOTOR.png,0.9302819967269897,612.5,644.5,10.874187469482422,10.81834888458252,0.8493270874023438,1.5372724533081055,-3.353194189095583,0.0484527146651228,10.874187469482422,da3_bbox_median,1920.0,1280.0,image_root
right_rear,63,1772699916510561000,data\camera\right_rear_camera\1772699916510561000.jpg,-1,2,motorcycle,0.338621,202.0,588.0,361.0,745.0,202.0,588.0,361.0,745.0,unassigned,10,MOTOR,preprocessed/masks/right_rear_camera/masks/frame_000063_gt2d_010_track_-1_MOTOR.png,0.957737147808075,281.5,666.5,9.331482887268066,10.776657104492188,0.4476337432861328,1.4553946256637573,-5.629265433600719,0.22444293340880714,9.331482887268066,da3_bbox_median,1920.0,1280.0,image_root
right_rear,63,1772699916510561000,data\camera\right_rear_camera\1772699916510561000.jpg,-1,2,motorcycle,0.308807,1157.0,597.0,1240.0,686.0,1157.0,597.0,1240.0,686.0,unassigned,11,MOTOR,preprocessed/masks/right_rear_camera/masks/frame_000063_gt2d_011_track_-1_MOTOR.png,0.8481763601303101,1198.5,641.5,16.77250862121582,17.966703414916992,4.420957565307617,1.0449057817459106,3.584498437045743,0.02991391886787632,16.77250862121582,da3_bbox_median,1920.0,1280.0,image_root
right_rear,63,1772699916510561000,data\camera\right_rear_camera\1772699916510561000.jpg,-1,2,motorcycle,0.308053,1335.0,608.0,1415.0,685.0,1335.0,608.0,1415.0,685.0,unassigned,12,MOTOR,preprocessed/masks/right_rear_camera/masks/frame_000063_gt2d_012_track_-1_MOTOR.png,0.8691142201423645,1375.0,646.5,17.43956756591797,17.87434196472168,1.6485919952392578,1.0773119926452637,6.469364474916124,0.10877498293420024,17.43956756591797,da3_bbox_median,1920.0,1280.0,image_root
right_rear,63,1772699916510561000,data\camera\right_rear_camera\1772699916510561000.jpg,5,0,bicycle,0.610304,1369.0,606.0,1464.0,685.0,1374.2418212890625,606.2542114257812,1468.6767578125,683.995849609375,matched,5,BICYCLE,preprocessed/masks/right_rear_camera/masks/frame_000063_gt2d_005_track_-1_BICYCLE.png,0.8725930452346802,1416.5,645.5,17.823667526245117,18.085996627807617,1.8528976440429688,1.050642728805542,7.270842851991329,0.09529430306845472,17.823667526245117,da3_bbox_median,1920.0,1280.0,image_root
right_rear,63,1772699916510561000,data\camera\right_rear_camera\1772699916510561000.jpg,2000014,2,motorcycle,0.643144,206.0,561.0,439.0,744.0,156.3306427001953,558.9927368164062,389.2481994628906,747.0565185546875,matched,4,MOTOR,preprocessed/masks/right_rear_camera/masks/frame_000063_gt2d_004_track_-1_MOTOR.png,0.9414175152778625,322.5,652.5,9.510008811950684,10.997014999389648,0.642970085144043,1.4397708177566528,-5.389585622867001,0.11014249082127867,9.510008811950684,da3_bbox_median,1920.0,1280.0,image_root
right_rear,63,1772699916510561000,data\camera\right_rear_camera\1772699916510561000.jpg,2000024,2,motorcycle,0.804561,855.0,588.0,1009.0,702.0,833.4244995117188,589.77783203125,989.6532592773438,703.9380493164062,matched,0,MOTOR,preprocessed/masks/right_rear_camera/masks/frame_000063_gt2d_000_track_-1_MOTOR.png,0.8796674013137817,932.0,645.0,14.703219413757324,14.234882354736328,2.6414356231689453,1.1413581371307373,-0.34869851238711946,0.07206237931512437,14.703219413757324,da3_bbox_median,1920.0,1280.0,image_root
right_rear,63,1772699916510561000,data\camera\right_rear_camera\1772699916510561000.jpg,2000045,2,motorcycle,0.731687,1117.0,603.0,1212.0,691.0,1120.83984375,603.5162963867188,1216.767822265625,691.6390991210938,matched,2,MOTOR,preprocessed/masks/right_rear_camera/masks/frame_000063_gt2d_002_track_-1_MOTOR.png,0.8223442435264587,1164.5,647.0,16.182254791259766,17.03567123413086,3.2667407989501953,1.0558335781097412,2.968175915856999,0.10813996694146331,16.182254791259766,da3_bbox_median,1920.0,1280.0,image_root
right_rear,63,1772699916510561000,data\camera\right_rear_camera\1772699916510561000.jpg,2000049,2,motorcycle,0.77994,969.0,600.0,1108.0,699.0,960.52392578125,601.0064086914062,1103.92529296875,700.240478515625,matched,1,MOTOR,preprocessed/masks/right_rear_camera/masks/frame_000063_gt2d_001_track_-1_MOTOR.png,0.8751002550125122,1038.5,649.5,15.140665054321289,15.306591987609863,2.159979820251465,1.0719459056854248,1.0775084516357125,0.1348957299467383,15.140665054321289,da3_bbox_median,1920.0,1280.0,image_root
right_rear,63,1772699916510561000,data\camera\right_rear_camera\1772699916510561000.jpg,2000054,2,motorcycle,0.666838,425.0,581.0,613.0,733.0,409.1715087890625,579.709716796875,597.9714965820312,736.1096801757812,matched,3,MOTOR,preprocessed/masks/right_rear_camera/masks/frame_000063_gt2d_003_track_-1_MOTOR.png,0.9572396278381348,519.0,657.0,10.15446662902832,10.254432678222656,0.7243890762329102,1.6518396139144897,-3.9771305918359965,0.158309286116927,10.15446662902832,da3_bbox_median,1920.0,1280.0,image_root
right_rear,64,1772699916610537000,data\camera\right_rear_camera\1772699916610537000.jpg,-1,2,motorcycle,0.467144,797.0,590.0,923.0,703.0,797.0,590.0,923.0,703.0,unassigned,8,MOTOR,preprocessed/masks/right_rear_camera/masks/frame_000064_gt2d_008_track_-1_MOTOR.png,0.852168619632721,860.0,646.5,11.520526885986328,12.279764175415039,1.8716602325439453,1.5111863613128662,-1.0122117289331054,0.07185643283180777,11.520526885986328,da3_bbox_median,1920.0,1280.0,image_root
right_rear,64,1772699916610537000,data\camera\right_rear_camera\1772699916610537000.jpg,-1,2,motorcycle,0.442215,1228.0,601.0,1316.0,684.0,1228.0,601.0,1316.0,684.0,unassigned,9,MOTOR,preprocessed/masks/right_rear_camera/masks/frame_000064_gt2d_009_track_-1_MOTOR.png,0.8168725967407227,1272.0,642.5,17.367116928100586,17.84801483154297,2.174142837524414,1.0357353687286377,4.848810130231205,0.0464441444787576,17.367116928100586,da3_bbox_median,1920.0,1280.0,image_root
right_rear,64,1772699916610537000,data\camera\right_rear_camera\1772699916610537000.jpg,-1,2,motorcycle,0.422529,687.0,578.0,843.0,711.0,687.0,578.0,843.0,711.0,unassigned,10,MOTOR,preprocessed/masks/right_rear_camera/masks/frame_000064_gt2d_010_track_-1_MOTOR.png,0.9085557460784912,765.0,644.5,10.967840194702148,11.28527545928955,0.6183261871337891,1.613561987876892,-1.891934762286693,0.04887000825928028,10.967840194702148,da3_bbox_median,1920.0,1280.0,image_root
right_rear,64,1772699916610537000,data\camera\right_rear_camera\1772699916610537000.jpg,-1,2,motorcycle,0.356047,388.0,565.0,557.0,730.0,388.0,565.0,557.0,730.0,unassigned,11,MOTOR,preprocessed/masks/right_rear_camera/masks/frame_000064_gt2d_011_track_-1_MOTOR.png,0.9265051484107971,472.5,647.5,9.659994125366211,9.981159210205078,0.505584716796875,1.8489811420440674,-4.183653225472396,0.06885644755372701,9.659994125366211,da3_bbox_median,1920.0,1280.0,image_root
right_rear,64,1772699916610537000,data\camera\right_rear_camera\1772699916610537000.jpg,-1,2,motorcycle,0.348458,1463.0,607.0,1565.0,679.0,1463.0,607.0,1565.0,679.0,unassigned,12,MOTOR,preprocessed/masks/right_rear_camera/masks/frame_000064_gt2d_012_track_-1_MOTOR.png,0.7958163619041443,1514.0,643.0,19.146896362304688,19.66567611694336,1.7791252136230469,1.0079559087753296,9.473807859536763,0.05973126944111203,19.146896362304688,da3_bbox_median,1920.0,1280.0,image_root
right_rear,64,1772699916610537000,data\camera\right_rear_camera\1772699916610537000.jpg,-1,3,person,0.335189,1860.0,147.0,1919.0,262.0,1860.0,147.0,1919.0,262.0,unassigned,13,PEDESTRIAN_NORMAL,preprocessed/masks/right_rear_camera/masks/frame_000064_gt2d_013_track_-1_PEDESTRIAN_NORMAL.png,0.7122061848640442,1889.5,204.5,18.23900032043457,18.355995178222656,0.7158966064453125,1.0001208782196045,15.126225245829005,-7.0671322438156,18.23900032043457,da3_bbox_median,1920.0,1280.0,image_root
right_rear,64,1772699916610537000,data\camera\right_rear_camera\1772699916610537000.jpg,-1,2,motorcycle,0.312007,1357.0,611.0,1431.0,684.0,1357.0,611.0,1431.0,684.0,unassigned,14,MOTOR,preprocessed/masks/right_rear_camera/masks/frame_000064_gt2d_014_track_-1_MOTOR.png,0.7999532222747803,1394.0,647.5,17.171722412109375,17.19533920288086,0.631072998046875,1.0980957746505737,6.660676852690167,0.12240005411304984,17.171722412109375,da3_bbox_median,1920.0,1280.0,image_root
right_rear,64,1772699916610537000,data\camera\right_rear_camera\1772699916610537000.jpg,-1,2,motorcycle,0.300048,594.0,564.0,773.0,716.0,594.0,564.0,773.0,716.0,unassigned,15,MOTOR,preprocessed/masks/right_rear_camera/masks/frame_000064_gt2d_015_track_-1_MOTOR.png,0.9543144106864929,683.5,640.0,10.559844970703125,10.599990844726562,0.48854541778564453,1.785549283027649,-2.588300992911112,0.004724325912670314,10.559844970703125,da3_bbox_median,1920.0,1280.0,image_root
right_rear,64,1772699916610537000,data\camera\right_rear_camera\1772699916610537000.jpg,5,0,bicycle,0.637732,1391.0,612.0,1483.0,685.0,1397.012451171875,609.5431518554688,1488.434326171875,683.1149291992188,matched,5,BICYCLE,preprocessed/masks/right_rear_camera/masks/frame_000064_gt2d_005_track_-1_BICYCLE.png,0.8615617752075195,1437.0,648.5,17.52033233642578,17.909473419189453,1.3237075805664062,1.0392258167266846,7.467089397252078,0.14049115880272414,17.52033233642578,da3_bbox_median,1920.0,1280.0,image_root
right_rear,64,1772699916610537000,data\camera\right_rear_camera\1772699916610537000.jpg,2000024,2,motorcycle,0.734134,929.0,592.0,1064.0,697.0,906.7276611328125,590.4421997070312,1049.3668212890625,697.8108520507812,matched,1,MOTOR,preprocessed/masks/right_rear_camera/masks/frame_000064_gt2d_001_track_-1_MOTOR.png,0.8978683948516846,996.5,644.5,15.714276313781738,15.08475399017334,2.559133529663086,1.1967592239379883,0.5303276488194082,0.0700189645007844,15.714276313781738,da3_bbox_median,1920.0,1280.0,image_root
right_rear,64,1772699916610537000,data\camera\right_rear_camera\1772699916610537000.jpg,2000036,2,motorcycle,0.729212,0.0,549.0,195.0,753.0,2.019524574279785,548.929931640625,190.68203735351562,754.269287109375,matched,2,MOTOR,preprocessed/masks/right_rear_camera/masks/frame_000064_gt2d_002_track_-1_MOTOR.png,0.9626482129096985,97.5,651.0,7.741390228271484,8.065696716308594,0.43895578384399414,1.9529545307159424,-5.939065410183964,0.0793153529041672,7.741390228271484,da3_bbox_median,1920.0,1280.0,image_root
right_rear,64,1772699916610537000,data\camera\right_rear_camera\1772699916610537000.jpg,2000045,2,motorcycle,0.645781,1154.0,603.0,1251.0,690.0,1160.0091552734375,602.4014282226562,1256.5963134765625,689.512451171875,matched,4,MOTOR,preprocessed/masks/right_rear_camera/masks/frame_000064_gt2d_004_track_-1_MOTOR.png,0.8293036222457886,1202.5,646.5,16.671707153320312,17.18767738342285,1.8325729370117188,1.047407865524292,3.622368093432594,0.10398564380864826,16.671707153320312,da3_bbox_median,1920.0,1280.0,image_root
right_rear,64,1772699916610537000,data\camera\right_rear_camera\1772699916610537000.jpg,2000049,2,motorcycle,0.762505,1020.0,602.0,1155.0,698.0,1016.0219116210938,601.656005859375,1154.29248046875,697.3990478515625,matched,0,MOTOR,preprocessed/masks/right_rear_camera/masks/frame_000064_gt2d_000_track_-1_MOTOR.png,0.8624677658081055,1087.5,650.0,16.306299209594727,16.470083236694336,1.6452217102050781,1.0554015636444092,1.8723103779379215,0.15254335270623381,16.306299209594727,da3_bbox_median,1920.0,1280.0,image_root
right_rear,64,1772699916610537000,data\camera\right_rear_camera\1772699916610537000.jpg,2000054,2,motorcycle,0.630532,522.0,579.0,702.0,725.0,503.9180908203125,579.850341796875,685.8986206054688,727.9623413085938,matched,6,MOTOR,preprocessed/masks/right_rear_camera/masks/frame_000064_gt2d_006_track_-1_MOTOR.png,0.9402995109558105,612.0,652.0,10.2009916305542,10.249805450439453,0.48960304260253906,1.8957891464233398,-3.150149780837795,0.1136020172884744,10.2009916305542,da3_bbox_median,1920.0,1280.0,image_root
right_rear,64,1772699916610537000,data\camera\right_rear_camera\1772699916610537000.jpg,2000055,2,motorcycle,0.66386,334.0,572.0,502.0,735.0,334.0,572.0,502.0,735.0,tentative,3,MOTOR,preprocessed/masks/right_rear_camera/masks/frame_000064_gt2d_003_track_-1_MOTOR.png,0.9472911357879639,418.0,653.5,9.518868446350098,10.957730293273926,0.6488666534423828,1.7771110534667969,-4.584719757489589,0.1187240202951146,9.518868446350098,da3_bbox_median,1920.0,1280.0,image_root
right_rear,64,1772699916610537000,data\camera\right_rear_camera\1772699916610537000.jpg,3000033,3,person,0.510896,1385.0,589.0,1419.0,669.0,1385.0,589.0,1419.0,669.0,tentative,7,PEDESTRIAN_NORMAL,preprocessed/masks/right_rear_camera/masks/frame_000064_gt2d_007_track_-1_PEDESTRIAN_NORMAL.png,0.8327641487121582,1402.0,629.0,17.423728942871094,17.906993865966797,0.9962005615234375,1.0387043952941895,6.882611064805708,-0.16292666717603713,17.423728942871094,da3_bbox_median,1920.0,1280.0,image_root
right_rear,65,1772699916710545000,data\camera\right_rear_camera\1772699916710545000.jpg,-1,2,motorcycle,0.484797,863.0,596.0,986.0,705.0,863.0,596.0,986.0,705.0,unassigned,8,MOTOR,preprocessed/masks/right_rear_camera/masks/frame_000065_gt2d_008_track_-1_MOTOR.png,0.8436069488525391,924.5,650.5,12.924034118652344,13.73466968536377,3.218083381652832,1.2085795402526855,-0.3928602190303917,0.12665872660030797,12.924034118652344,da3_bbox_median,1920.0,1280.0,image_root
right_rear,65,1772699916710545000,data\camera\right_rear_camera\1772699916710545000.jpg,-1,2,motorcycle,0.423067,742.0,585.0,907.0,718.0,742.0,585.0,907.0,718.0,unassigned,9,MOTOR,preprocessed/masks/right_rear_camera/masks/frame_000065_gt2d_009_track_-1_MOTOR.png,0.8848518133163452,824.5,651.5,11.500158309936523,12.018584251403809,0.9685831069946289,1.3513832092285156,-1.374142657171316,0.1229481427508187,11.500158309936523,da3_bbox_median,1920.0,1280.0,image_root
right_rear,65,1772699916710545000,data\camera\right_rear_camera\1772699916710545000.jpg,-1,2,motorcycle,0.418388,1383.0,593.0,1418.0,668.0,1383.0,593.0,1418.0,668.0,unassigned,10,CYCLIST_MOTOR,preprocessed/masks/right_rear_camera/masks/frame_000065_gt2d_010_track_-1_CYCLIST_MOTOR.png,0.8665781617164612,1400.5,630.5,18.54943084716797,18.583532333374023,1.3452434539794922,1.0050017833709717,7.302489787745648,-0.14866861485637953,18.54943084716797,da3_bbox_median,1920.0,1280.0,image_root
right_rear,65,1772699916710545000,data\camera\right_rear_camera\1772699916710545000.jpg,-1,2,motorcycle,0.412801,1260.0,606.0,1340.0,686.0,1260.0,606.0,1340.0,686.0,unassigned,11,MOTOR,preprocessed/masks/right_rear_camera/masks/frame_000065_gt2d_011_track_-1_MOTOR.png,0.8499290347099304,1300.0,646.0,18.082157135009766,18.624643325805664,1.9497108459472656,1.0053095817565918,5.499515680699939,0.10472964745098193,18.082157135009766,da3_bbox_median,1920.0,1280.0,image_root
right_rear,65,1772699916710545000,data\camera\right_rear_camera\1772699916710545000.jpg,5,0,bicycle,0.601126,1411.0,616.0,1502.0,689.0,1417.2049560546875,613.7105102539062,1507.0692138671875,685.9437255859375,matched,7,BICYCLE,preprocessed/masks/right_rear_camera/masks/frame_000065_gt2d_007_track_-1_BICYCLE.png,0.88044673204422,1456.5,652.5,18.400991439819336,19.315412521362305,1.1662559509277344,1.0051040649414062,8.162099550708346,0.21311557863288744,18.400991439819336,da3_bbox_median,1920.0,1280.0,image_root
right_rear,65,1772699916710545000,data\camera\right_rear_camera\1772699916710545000.jpg,2000014,2,motorcycle,0.775709,150.0,566.0,343.0,747.0,147.93942260742188,563.1763916015625,353.3246765136719,746.1819458007812,matched,0,MOTOR,preprocessed/masks/right_rear_camera/masks/frame_000065_gt2d_000_track_-1_MOTOR.png,0.9376330375671387,246.5,656.5,8.453668594360352,9.276609420776367,0.42101192474365234,1.6735910177230835,-5.363321544410992,0.12802860486206072,8.453668594360352,da3_bbox_median,1920.0,1280.0,image_root
right_rear,65,1772699916710545000,data\camera\right_rear_camera\1772699916710545000.jpg,2000024,2,motorcycle,0.750659,1004.0,598.0,1109.0,701.0,984.096435546875,595.0501708984375,1100.938232421875,698.6463012695312,matched,2,MOTOR,preprocessed/masks/right_rear_camera/masks/frame_000065_gt2d_002_track_-1_MOTOR.png,0.800462543964386,1056.5,649.5,16.200082778930664,16.478443145751953,4.366250038146973,1.10764479637146,1.4126953006612737,0.14433461039003204,16.200082778930664,da3_bbox_median,1920.0,1280.0,image_root
right_rear,65,1772699916710545000,data\camera\right_rear_camera\1772699916710545000.jpg,2000036,2,motorcycle,0.685154,0.0,587.0,139.0,753.0,-2.6105008125305176,573.931884765625,154.9813690185547,752.51220703125,matched,5,MOTOR,preprocessed/masks/right_rear_camera/masks/frame_000065_gt2d_005_track_-1_MOTOR.png,0.9065475463867188,69.5,670.0,8.53759479522705,10.794575691223145,6.127496719360352,1.4770004749298096,-6.7628755640762765,0.23196513713419029,8.53759479522705,da3_bbox_median,1920.0,1280.0,image_root
right_rear,65,1772699916710545000,data\camera\right_rear_camera\1772699916710545000.jpg,2000045,2,motorcycle,0.715358,1188.0,609.0,1283.0,693.0,1195.1563720703125,606.296142578125,1290.63671875,691.0218505859375,matched,4,MOTOR,preprocessed/masks/right_rear_camera/masks/frame_000065_gt2d_004_track_-1_MOTOR.png,0.819810688495636,1235.5,651.0,17.297161102294922,17.668779373168945,1.5223102569580078,1.0085909366607666,4.266803653449969,0.17722016286667458,17.297161102294922,da3_bbox_median,1920.0,1280.0,image_root
right_rear,65,1772699916710545000,data\camera\right_rear_camera\1772699916710545000.jpg,2000049,2,motorcycle,0.759736,1068.0,607.0,1197.0,700.0,1066.706787109375,605.5376586914062,1198.8765869140625,698.173828125,matched,1,MOTOR,preprocessed/masks/right_rear_camera/masks/frame_000065_gt2d_001_track_-1_MOTOR.png,0.8970450162887573,1132.5,653.5,16.759708404541016,17.313344955444336,2.790463447570801,1.024816870689392,2.5962868650106405,0.20903534616279823,16.759708404541016,da3_bbox_median,1920.0,1280.0,image_root
right_rear,65,1772699916710545000,data\camera\right_rear_camera\1772699916710545000.jpg,2000054,2,motorcycle,0.71816,610.0,592.0,798.0,725.0,600.8545532226562,590.1075439453125,786.9635620117188,725.177734375,matched,3,MOTOR,preprocessed/masks/right_rear_camera/masks/frame_000065_gt2d_003_track_-1_MOTOR.png,0.9377144575119019,704.0,658.5,10.966400146484375,11.198323249816895,0.6575155258178711,1.5568175315856934,-2.487663470724974,0.1856198813106434,10.966400146484375,da3_bbox_median,1920.0,1280.0,image_root
right_rear,65,1772699916710545000,data\camera\right_rear_camera\1772699916710545000.jpg,2000055,2,motorcycle,0.63085,450.0,588.0,616.0,737.0,433.2545166015625,585.542724609375,599.654541015625,737.3427124023438,matched,6,MOTOR,preprocessed/masks/right_rear_camera/masks/frame_000065_gt2d_006_track_-1_MOTOR.png,0.9369306564331055,533.0,662.5,10.601070404052734,12.39903450012207,3.661245346069336,1.4795308113098145,-4.019823891422603,0.21720778137822863,10.601070404052734,da3_bbox_median,1920.0,1280.0,image_root
right_rear,66,1772699916810552000,data\camera\right_rear_camera\1772699916810552000.jpg,-1,2,motorcycle,0.331804,1286.0,608.0,1368.0,684.0,1286.0,608.0,1368.0,684.0,unassigned,10,MOTOR,preprocessed/masks/right_rear_camera/masks/frame_000066_gt2d_010_track_-1_MOTOR.png,0.8511533737182617,1327.0,646.0,18.021587371826172,18.585283279418945,1.8828697204589844,1.002301573753357,5.9145973222398265,0.10437883477431707,18.021587371826172,da3_bbox_median,1920.0,1280.0,image_root
right_rear,66,1772699916810552000,data\camera\right_rear_camera\1772699916810552000.jpg,5,0,bicycle,0.611265,1430.0,616.0,1517.0,686.0,1434.8399658203125,617.2275390625,1521.5592041015625,687.035888671875,matched,6,BICYCLE,preprocessed/masks/right_rear_camera/masks/frame_000066_gt2d_006_track_-1_BICYCLE.png,0.8795053958892822,1473.5,651.0,18.732873916625977,19.377466201782227,1.601034164428711,1.0085047483444214,8.593031524658443,0.19192993271160963,18.732873916625977,da3_bbox_median,1920.0,1280.0,image_root
right_rear,66,1772699916810552000,data\camera\right_rear_camera\1772699916810552000.jpg,2000014,2,motorcycle,0.596099,119.0,599.0,290.0,744.0,125.08613586425781,589.2467041015625,305.753662109375,746.1962890625,matched,7,MOTOR,preprocessed/masks/right_rear_camera/masks/frame_000066_gt2d_007_track_-1_MOTOR.png,0.8988760709762573,204.5,671.5,9.50902271270752,10.487300872802734,2.514523506164551,1.437711238861084,-6.388689620026533,0.27106390827291366,9.50902271270752,da3_bbox_median,1920.0,1280.0,image_root
right_rear,66,1772699916810552000,data\camera\right_rear_camera\1772699916810552000.jpg,2000024,2,motorcycle,0.529632,1039.0,597.0,1155.0,697.0,1033.724853515625,598.1100463867188,1149.0313720703125,698.4134521484375,matched,8,MOTOR,preprocessed/masks/right_rear_camera/masks/frame_000066_gt2d_008_track_-1_MOTOR.png,0.8155701756477356,1097.0,647.0,15.072799682617188,15.945174217224121,4.213878631591797,1.1835843324661255,1.8582497279310197,0.10072589267806421,15.072799682617188,da3_bbox_median,1920.0,1280.0,image_root
right_rear,66,1772699916810552000,data\camera\right_rear_camera\1772699916810552000.jpg,2000045,2,motorcycle,0.665544,1218.0,609.0,1315.0,690.0,1224.8580322265625,609.8727416992188,1321.2850341796875,691.711669921875,matched,5,MOTOR,preprocessed/masks/right_rear_camera/masks/frame_000066_gt2d_005_track_-1_MOTOR.png,0.8308773636817932,1266.5,649.5,17.0977725982666,17.43140411376953,1.487234115600586,1.0044323205947876,4.689831048882769,0.15233257633212355,17.0977725982666,da3_bbox_median,1920.0,1280.0,image_root
right_rear,66,1772699916810552000,data\camera\right_rear_camera\1772699916810552000.jpg,2000049,2,motorcycle,0.744778,1115.0,610.0,1235.0,697.0,1113.8009033203125,610.8710327148438,1237.4814453125,698.3880615234375,matched,1,MOTOR,preprocessed/masks/right_rear_camera/masks/frame_000066_gt2d_001_track_-1_MOTOR.png,0.871211051940918,1175.0,653.5,16.206302642822266,16.97586441040039,1.9619407653808594,1.017202615737915,3.1241901993218346,0.2021329966602244,16.206302642822266,da3_bbox_median,1920.0,1280.0,image_root
right_rear,66,1772699916810552000,data\camera\right_rear_camera\1772699916810552000.jpg,2000054,2,motorcycle,0.679179,690.0,599.0,869.0,720.0,685.66015625,599.6498413085938,866.3976440429688,721.861083984375,matched,3,MOTOR,preprocessed/masks/right_rear_camera/masks/frame_000066_gt2d_003_track_-1_MOTOR.png,0.9031579494476318,779.5,659.5,11.455657005310059,12.109821319580078,0.695796012878418,1.3427084684371948,-1.8280953429341147,0.20410526985755179,11.455657005310059,da3_bbox_median,1920.0,1280.0,image_root
right_rear,66,1772699916810552000,data\camera\right_rear_camera\1772699916810552000.jpg,2000056,2,motorcycle,0.782104,297.0,571.0,474.0,740.0,297.0,571.0,474.0,740.0,tentative,0,MOTOR,preprocessed/masks/right_rear_camera/masks/frame_000066_gt2d_000_track_-1_MOTOR.png,0.9275220036506653,385.5,655.5,9.552311897277832,11.015565872192383,1.6212539672851562,1.4128618240356445,-4.877411937816986,0.13615856182908148,9.552311897277832,da3_bbox_median,1920.0,1280.0,image_root
right_rear,66,1772699916810552000,data\camera\right_rear_camera\1772699916810552000.jpg,2000057,2,motorcycle,0.696461,551.0,588.0,717.0,731.0,551.0,588.0,717.0,731.0,tentative,2,MOTOR,preprocessed/masks/right_rear_camera/masks/frame_000066_gt2d_002_track_-1_MOTOR.png,0.9335851669311523,634.0,659.5,11.073898315429688,13.504056930541992,4.335688591003418,1.2848179340362549,-3.2026609748946684,0.19730348097871397,11.073898315429688,da3_bbox_median,1920.0,1280.0,image_root
right_rear,66,1772699916810552000,data\camera\right_rear_camera\1772699916810552000.jpg,2000058,2,motorcycle,0.668042,925.0,596.0,1045.0,698.0,925.0,596.0,1045.0,698.0,tentative,4,MOTOR,preprocessed/masks/right_rear_camera/masks/frame_000066_gt2d_004_track_-1_MOTOR.png,0.8572660088539124,985.0,647.0,13.321687698364258,14.365345001220703,2.552783966064453,1.146451473236084,0.31309476650361195,0.08902386508483966,13.321687698364258,da3_bbox_median,1920.0,1280.0,image_root
right_rear,66,1772699916810552000,data\camera\right_rear_camera\1772699916810552000.jpg,2000059,2,motorcycle,0.513311,813.0,588.0,970.0,714.0,813.0,588.0,970.0,714.0,tentative,9,MOTOR,preprocessed/masks/right_rear_camera/masks/frame_000066_gt2d_009_track_-1_MOTOR.png,0.8885053396224976,891.5,651.0,11.895075798034668,12.276335716247559,0.7686853408813477,1.255271077156067,-0.711299363450674,0.12187244240671698,11.895075798034668,da3_bbox_median,1920.0,1280.0,image_root
right_rear,67,1772699916910560000,data\camera\right_rear_camera\1772699916910560000.jpg,-1,2,motorcycle,0.443082,279.0,597.0,424.0,734.0,279.0,597.0,424.0,734.0,unassigned,8,MOTOR,preprocessed/masks/right_rear_camera/masks/frame_000067_gt2d_008_track_-1_MOTOR.png,0.8860095143318176,351.5,665.5,9.366429328918457,10.093375205993652,2.9606504440307617,1.5867670774459839,-5.06621941118343,0.2169403386027538,9.366429328918457,da3_bbox_median,1920.0,1280.0,image_root
right_rear,67,1772699916910560000,data\camera\right_rear_camera\1772699916910560000.jpg,-1,2,motorcycle,0.388459,883.0,588.0,1027.0,707.0,883.0,588.0,1027.0,707.0,unassigned,9,MOTOR,preprocessed/masks/right_rear_camera/masks/frame_000067_gt2d_009_track_-1_MOTOR.png,0.8585065007209778,955.0,647.5,11.466864585876465,12.13850212097168,1.0345802307128906,1.5479577779769897,-0.036978082858502945,0.08173582195974263,11.466864585876465,da3_bbox_median,1920.0,1280.0,image_root
right_rear,67,1772699916910560000,data\camera\right_rear_camera\1772699916910560000.jpg,-1,2,motorcycle,0.301426,1315.0,606.0,1395.0,681.0,1315.0,606.0,1395.0,681.0,unassigned,10,MOTOR,preprocessed/masks/right_rear_camera/masks/frame_000067_gt2d_010_track_-1_MOTOR.png,0.8368583917617798,1355.0,643.5,17.637914657592773,18.246444702148438,3.1454238891601562,1.0333621501922607,6.228665900664972,0.0628792764712484,17.637914657592773,da3_bbox_median,1920.0,1280.0,image_root
right_rear,67,1772699916910560000,data\camera\right_rear_camera\1772699916910560000.jpg,5,0,bicycle,0.547574,1443.0,613.0,1535.0,682.0,1448.56396484375,614.5538940429688,1537.811767578125,682.9420166015625,matched,7,BICYCLE,preprocessed/masks/right_rear_camera/masks/frame_000067_gt2d_007_track_-1_BICYCLE.png,0.8610936403274536,1489.0,647.5,18.60646629333496,19.109291076660156,2.0022125244140625,1.0410090684890747,8.791986305107075,0.13262690989873027,18.60646629333496,da3_bbox_median,1920.0,1280.0,image_root
right_rear,67,1772699916910560000,data\camera\right_rear_camera\1772699916910560000.jpg,2000036,2,motorcycle,0.774947,0.0,574.0,101.0,742.0,-5.800337314605713,575.4232788085938,106.31089782714844,744.9134521484375,matched,1,MOTOR,preprocessed/masks/right_rear_camera/masks/frame_000067_gt2d_001_track_-1_MOTOR.png,0.9200372099876404,50.5,658.0,7.723219871520996,8.942133903503418,2.3667259216308594,1.5863161087036133,-6.248519384630486,0.1272853213639386,7.723219871520996,da3_bbox_median,1920.0,1280.0,image_root
right_rear,67,1772699916910560000,data\camera\right_rear_camera\1772699916910560000.jpg,2000044,2,motorcycle,0.794407,640.0,588.0,813.0,723.0,641.7605590820312,587.2171020507812,813.7608032226562,722.4335327148438,matched,0,MOTOR,preprocessed/masks/right_rear_camera/masks/frame_000067_gt2d_000_track_-1_MOTOR.png,0.9138414859771729,726.5,655.5,11.161904335021973,13.361532211303711,3.824594497680664,1.3982361555099487,-2.308265832777961,0.15910167694204827,11.161904335021973,da3_bbox_median,1920.0,1280.0,image_root
right_rear,67,1772699916910560000,data\camera\right_rear_camera\1772699916910560000.jpg,2000045,2,motorcycle,0.602489,1250.0,608.0,1344.0,686.0,1255.4046630859375,608.6329345703125,1350.1807861328125,687.4185180664062,matched,6,MOTOR,preprocessed/masks/right_rear_camera/masks/frame_000067_gt2d_006_track_-1_MOTOR.png,0.8596547245979309,1297.0,647.0,16.308969497680664,16.85003662109375,1.769195556640625,1.0593373775482178,4.916627912702283,0.10898675401410009,16.308969497680664,da3_bbox_median,1920.0,1280.0,image_root
right_rear,67,1772699916910560000,data\camera\right_rear_camera\1772699916910560000.jpg,2000049,2,motorcycle,0.729567,1150.0,608.0,1273.0,693.0,1152.39892578125,609.4046630859375,1275.1572265625,693.9562377929688,matched,3,MOTOR,preprocessed/masks/right_rear_camera/masks/frame_000067_gt2d_003_track_-1_MOTOR.png,0.90234375,1211.5,650.5,15.635351181030273,15.810458183288574,1.441636085510254,1.1214338541030884,3.5225601682401857,0.15323030350715428,15.635351181030273,da3_bbox_median,1920.0,1280.0,image_root
right_rear,67,1772699916910560000,data\camera\right_rear_camera\1772699916910560000.jpg,2000054,2,motorcycle,0.64021,763.0,589.0,943.0,715.0,762.4829711914062,592.5953979492188,942.1935424804688,715.7200317382812,matched,5,MOTOR,preprocessed/masks/right_rear_camera/masks/frame_000067_gt2d_005_track_-1_MOTOR.png,0.8724318742752075,853.0,652.0,11.102493286132812,11.740407943725586,0.4198474884033203,1.5808594226837158,-1.0447221822645534,0.12364147329154399,11.102493286132812,da3_bbox_median,1920.0,1280.0,image_root
right_rear,67,1772699916910560000,data\camera\right_rear_camera\1772699916910560000.jpg,2000055,2,motorcycle,0.73745,412.0,599.0,581.0,731.0,419.5919189453125,599.1859741210938,588.3370971679688,732.962646484375,matched,2,MOTOR,preprocessed/masks/right_rear_camera/masks/frame_000067_gt2d_002_track_-1_MOTOR.png,0.9217478632926941,496.5,665.0,9.477633476257324,10.56755256652832,1.768589973449707,1.5535252094268799,-3.9020244371519444,0.215294896187935,9.477633476257324,da3_bbox_median,1920.0,1280.0,image_root
right_rear,67,1772699916910560000,data\camera\right_rear_camera\1772699916910560000.jpg,2000058,2,motorcycle,0.656127,978.0,597.0,1099.0,693.0,972.960693359375,597.8480224609375,1093.7607421875,695.0480346679688,matched,4,MOTOR,preprocessed/masks/right_rear_camera/masks/frame_000067_gt2d_004_track_-1_MOTOR.png,0.8637005090713501,1038.5,645.0,13.4619140625,15.014446258544922,4.3188276290893555,1.2759754657745361,0.958037584577399,0.06597858130116681,13.4619140625,da3_bbox_median,1920.0,1280.0,image_root
right_rear,68,1772699917010523000,data\camera\right_rear_camera\1772699917010523000.jpg,-1,3,person,0.470227,1381.0,587.0,1419.0,666.0,1381.0,587.0,1419.0,666.0,unassigned,9,PEDESTRIAN_NORMAL,preprocessed/masks/right_rear_camera/masks/frame_000068_gt2d_009_track_-1_PEDESTRIAN_NORMAL.png,0.8760260343551636,1400.0,626.5,17.465261459350586,18.202983856201172,2.6921939849853516,1.011252522468567,6.867896893436661,-0.2022079277325773,17.465261459350586,da3_bbox_median,1920.0,1280.0,image_root
right_rear,68,1772699917010523000,data\camera\right_rear_camera\1772699917010523000.jpg,-1,2,motorcycle,0.368849,940.0,588.0,1075.0,700.0,940.0,588.0,1075.0,700.0,unassigned,10,MOTOR,preprocessed/masks/right_rear_camera/masks/frame_000068_gt2d_010_track_-1_MOTOR.png,0.879743218421936,1007.5,644.0,11.75387191772461,12.309178352355957,0.6599464416503906,1.2811670303344727,0.511859900362807,0.047137500084864455,11.75387191772461,da3_bbox_median,1920.0,1280.0,image_root
right_rear,68,1772699917010523000,data\camera\right_rear_camera\1772699917010523000.jpg,-1,2,motorcycle,0.343146,1110.0,592.0,1232.0,688.0,1110.0,592.0,1232.0,688.0,unassigned,11,MOTOR,preprocessed/masks/right_rear_camera/masks/frame_000068_gt2d_011_track_-1_MOTOR.png,0.8004854917526245,1171.0,640.0,14.038511276245117,14.645071029663086,2.7141714096069336,1.1438648700714111,2.656263104995009,0.006280632223454236,14.038511276245117,da3_bbox_median,1920.0,1280.0,image_root
right_rear,68,1772699917010523000,data\camera\right_rear_camera\1772699917010523000.jpg,-1,2,motorcycle,0.319389,1339.0,606.0,1419.0,676.0,1339.0,606.0,1419.0,676.0,unassigned,12,MOTOR,preprocessed/masks/right_rear_camera/masks/frame_000068_gt2d_012_track_-1_MOTOR.png,0.8738377094268799,1379.0,641.0,16.474605560302734,16.859813690185547,1.6257734298706055,1.0264729261398315,6.170112948322642,0.022045239564623273,16.474605560302734,da3_bbox_median,1920.0,1280.0,image_root
right_rear,68,1772699917010523000,data\camera\right_rear_camera\1772699917010523000.jpg,2000014,2,motorcycle,0.807906,167.0,571.0,275.0,736.0,153.7317352294922,574.3488159179688,275.54205322265625,737.1823120117188,matched,1,MOTOR,preprocessed/masks/right_rear_camera/masks/frame_000068_gt2d_001_track_-1_MOTOR.png,0.9309638738632202,221.0,653.5,8.09017562866211,10.409985542297363,6.1226348876953125,1.4680386781692505,-5.31650313856135,0.10090465909281622,8.09017562866211,da3_bbox_median,1920.0,1280.0,image_root
right_rear,68,1772699917010523000,data\camera\right_rear_camera\1772699917010523000.jpg,2000036,2,motorcycle,0.735671,9.0,583.0,129.0,747.0,3.0299015045166016,579.35205078125,120.1987533569336,744.818115234375,matched,3,MOTOR,preprocessed/masks/right_rear_camera/masks/frame_000068_gt2d_003_track_-1_MOTOR.png,0.9135984778404236,69.0,665.0,7.783450126647949,8.963491439819336,3.4049835205078125,1.4344598054885864,-6.168962969524743,0.17680965308466232,7.783450126647949,da3_bbox_median,1920.0,1280.0,image_root
right_rear,68,1772699917010523000,data\camera\right_rear_camera\1772699917010523000.jpg,2000044,2,motorcycle,0.840607,722.0,587.0,886.0,717.0,697.2427978515625,585.7706909179688,865.0953369140625,717.1507568359375,matched,0,MOTOR,preprocessed/masks/right_rear_camera/masks/frame_000068_gt2d_000_track_-1_MOTOR.png,0.9250345826148987,804.0,652.0,10.735170364379883,12.858573913574219,6.0597686767578125,1.3651394844055176,-1.4787992687176814,0.11955082932096735,10.735170364379883,da3_bbox_median,1920.0,1280.0,image_root
right_rear,68,1772699917010523000,data\camera\right_rear_camera\1772699917010523000.jpg,2000045,2,motorcycle,0.638622,1277.0,605.0,1371.0,682.0,1282.676513671875,604.866455078125,1376.835693359375,681.9324951171875,matched,7,MOTOR,preprocessed/masks/right_rear_camera/masks/frame_000068_gt2d_007_track_-1_MOTOR.png,0.8584612607955933,1324.0,643.5,15.545686721801758,16.35506820678711,1.7527875900268555,1.0295937061309814,5.060469173204435,0.05542047074679505,15.545686721801758,da3_bbox_median,1920.0,1280.0,image_root
right_rear,68,1772699917010523000,data\camera\right_rear_camera\1772699917010523000.jpg,2000049,2,motorcycle,0.732649,1192.0,607.0,1307.0,689.0,1192.8236083984375,606.942626953125,1309.81884765625,688.5503540039062,matched,4,MOTOR,preprocessed/masks/right_rear_camera/masks/frame_000068_gt2d_004_track_-1_MOTOR.png,0.8753315210342407,1249.5,648.0,14.821385383605957,15.616865158081055,1.766270637512207,1.049346685409546,3.840951957379649,0.11224791417376066,14.821385383605957,da3_bbox_median,1920.0,1280.0,image_root
right_rear,68,1772699917010523000,data\camera\right_rear_camera\1772699917010523000.jpg,2000054,2,motorcycle,0.696514,829.0,584.0,1004.0,707.0,831.3372192382812,585.7924194335938,1007.2216186523438,707.10888671875,matched,5,MOTOR,preprocessed/masks/right_rear_camera/masks/frame_000068_gt2d_005_track_-1_MOTOR.png,0.8327568173408508,916.5,645.5,11.318809509277344,11.57514762878418,0.628631591796875,1.4035459756851196,-0.4247378327869626,0.06051605609019196,11.318809509277344,da3_bbox_median,1920.0,1280.0,image_root
right_rear,68,1772699917010523000,data\camera\right_rear_camera\1772699917010523000.jpg,2000055,2,motorcycle,0.782472,485.0,583.0,690.0,722.0,469.48486328125,586.1854248046875,665.7562255859375,722.9677124023438,matched,2,MOTOR,preprocessed/masks/right_rear_camera/masks/frame_000068_gt2d_002_track_-1_MOTOR.png,0.9330393075942993,587.5,652.5,9.687280654907227,10.518648147583008,1.4860363006591797,1.3195351362228394,-3.2029596448717768,0.11219560798676183,9.687280654907227,da3_bbox_median,1920.0,1280.0,image_root
right_rear,68,1772699917010523000,data\camera\right_rear_camera\1772699917010523000.jpg,2000058,2,motorcycle,0.685529,1035.0,595.0,1143.0,688.0,1026.8448486328125,595.8849487304688,1137.800048828125,689.7976684570312,matched,6,MOTOR,preprocessed/masks/right_rear_camera/masks/frame_000068_gt2d_006_track_-1_MOTOR.png,0.8616082668304443,1089.0,641.5,13.988513946533203,14.606678009033203,3.5741682052612305,1.1029741764068604,1.6248731135192245,0.02494863951057654,13.988513946533203,da3_bbox_median,1920.0,1280.0,image_root
right_rear,68,1772699917010523000,data\camera\right_rear_camera\1772699917010523000.jpg,2000060,2,motorcycle,0.6203,1460.0,611.0,1552.0,679.0,1460.0,611.0,1552.0,679.0,tentative,8,MOTOR,preprocessed/masks/right_rear_camera/masks/frame_000068_gt2d_008_track_-1_MOTOR.png,0.8840120434761047,1506.0,645.0,17.602764129638672,18.291505813598633,2.049468994140625,1.026432752609253,8.584317040908944,0.08627342284763807,17.602764129638672,da3_bbox_median,1920.0,1280.0,image_root
right_rear,69,1772699917110653000,data\camera\right_rear_camera\1772699917110653000.jpg,-1,2,motorcycle,0.483798,426.0,589.0,549.0,715.0,426.0,589.0,549.0,715.0,unassigned,9,MOTOR,preprocessed/masks/right_rear_camera/masks/frame_000069_gt2d_009_track_-1_MOTOR.png,0.8543532490730286,487.5,652.0,9.46578598022461,11.537779808044434,6.0824761390686035,1.5072424411773682,-3.9730455091955545,0.10541449513139675,9.46578598022461,da3_bbox_median,1920.0,1280.0,image_root
right_rear,69,1772699917110653000,data\camera\right_rear_camera\1772699917110653000.jpg,-1,3,person,0.455855,1388.0,586.0,1418.0,658.0,1388.0,586.0,1418.0,658.0,unassigned,10,PEDESTRIAN_NORMAL,preprocessed/masks/right_rear_camera/masks/frame_000069_gt2d_010_track_-1_PEDESTRIAN_NORMAL.png,0.8534746170043945,1403.0,622.0,18.8365421295166,19.58553695678711,3.884683609008789,1.0006731748580933,7.457473316934906,-0.29358804522834064,18.8365421295166,da3_bbox_median,1920.0,1280.0,image_root
right_rear,69,1772699917110653000,data\camera\right_rear_camera\1772699917110653000.jpg,-1,2,motorcycle,0.373084,975.0,583.0,1120.0,697.0,975.0,583.0,1120.0,697.0,unassigned,11,MOTOR,preprocessed/masks/right_rear_camera/masks/frame_000069_gt2d_011_track_-1_MOTOR.png,0.9427281022071838,1047.5,640.0,13.554638862609863,14.154319763183594,0.8242292404174805,1.1224606037139893,1.0733206126877712,0.0060641545205612985,13.554638862609863,da3_bbox_median,1920.0,1280.0,image_root
right_rear,69,1772699917110653000,data\camera\right_rear_camera\1772699917110653000.jpg,-1,2,motorcycle,0.317908,1365.0,604.0,1440.0,674.0,1365.0,604.0,1440.0,674.0,unassigned,12,MOTOR,preprocessed/masks/right_rear_camera/masks/frame_000069_gt2d_012_track_-1_MOTOR.png,0.9016954898834229,1402.5,639.0,17.6374454498291,18.280338287353516,1.667226791381836,1.0017104148864746,6.974888727239575,-0.007819786474938034,17.6374454498291,da3_bbox_median,1920.0,1280.0,image_root
right_rear,69,1772699917110653000,data\camera\right_rear_camera\1772699917110653000.jpg,2000014,2,motorcycle,0.688994,180.0,583.0,287.0,742.0,173.71630859375,578.9461669921875,282.5821838378906,739.5701904296875,matched,5,MOTOR,preprocessed/masks/right_rear_camera/masks/frame_000069_gt2d_005_track_-1_MOTOR.png,0.9080694317817688,233.5,662.5,10.87718677520752,11.868635177612305,7.0234174728393555,1.180458664894104,-7.026869808306966,0.2228651935163284,10.87718677520752,da3_bbox_median,1920.0,1280.0,image_root
right_rear,69,1772699917110653000,data\camera\right_rear_camera\1772699917110653000.jpg,2000044,2,motorcycle,0.837113,793.0,592.0,948.0,711.0,766.4047241210938,589.1002197265625,926.6168823242188,711.8143310546875,matched,0,MOTOR,preprocessed/masks/right_rear_camera/masks/frame_000069_gt2d_000_track_-1_MOTOR.png,0.9227436184883118,870.5,651.5,12.51466178894043,14.20553207397461,4.367505073547363,1.164530873298645,-0.9824884110036941,0.1337941950568989,12.51466178894043,da3_bbox_median,1920.0,1280.0,image_root
right_rear,69,1772699917110653000,data\camera\right_rear_camera\1772699917110653000.jpg,2000045,2,motorcycle,0.602375,1306.0,607.0,1395.0,680.0,1312.0711669921875,605.4833374023438,1402.6636962890625,679.260986328125,matched,7,MOTOR,preprocessed/masks/right_rear_camera/masks/frame_000069_gt2d_007_track_-1_MOTOR.png,0.8299193382263184,1350.5,643.5,17.22930145263672,17.790979385375977,1.2446403503417969,1.0015584230422974,6.015293742111402,0.061422567830628334,17.22930145263672,da3_bbox_median,1920.0,1280.0,image_root
right_rear,69,1772699917110653000,data\camera\right_rear_camera\1772699917110653000.jpg,2000046,2,motorcycle,0.533343,1475.0,610.0,1566.0,677.0,1474.8099365234375,609.4588012695312,1565.87890625,677.2576904296875,matched,8,MOTOR,preprocessed/masks/right_rear_camera/masks/frame_000069_gt2d_008_track_-1_MOTOR.png,0.9062025547027588,1520.5,643.5,18.77631378173828,19.21986961364746,2.2797927856445312,1.0315309762954712,9.399177572800975,0.06693767649479981,18.77631378173828,da3_bbox_median,1920.0,1280.0,image_root
right_rear,69,1772699917110653000,data\camera\right_rear_camera\1772699917110653000.jpg,2000049,2,motorcycle,0.766121,1228.0,605.0,1336.0,686.0,1231.382568359375,605.20751953125,1341.5009765625,685.28125,matched,2,MOTOR,preprocessed/masks/right_rear_camera/masks/frame_000069_gt2d_002_track_-1_MOTOR.png,0.9116162061691284,1282.0,645.5,17.121055603027344,17.617103576660156,2.170196533203125,1.0059953927993774,4.932644905811215,0.09153778587287563,17.121055603027344,da3_bbox_median,1920.0,1280.0,image_root
right_rear,69,1772699917110653000,data\camera\right_rear_camera\1772699917110653000.jpg,2000054,2,motorcycle,0.66947,892.0,586.0,1059.0,703.0,897.0269165039062,585.4488525390625,1066.0291748046875,702.1766357421875,matched,6,MOTOR,preprocessed/masks/right_rear_camera/masks/frame_000069_gt2d_006_track_-1_MOTOR.png,0.8654316663742065,975.5,644.5,12.974102020263672,13.208501815795898,0.8133220672607422,1.1654342412948608,0.19511693175158532,0.057809419323350125,12.974102020263672,da3_bbox_median,1920.0,1280.0,image_root
right_rear,69,1772699917110653000,data\camera\right_rear_camera\1772699917110653000.jpg,2000055,2,motorcycle,0.765556,594.0,588.0,773.0,718.0,559.5953979492188,586.8483276367188,747.1847534179688,717.7556762695312,matched,3,MOTOR,preprocessed/masks/right_rear_camera/masks/frame_000069_gt2d_003_track_-1_MOTOR.png,0.9364303350448608,683.5,653.0,10.866495132446289,12.280345916748047,3.181025505065918,1.3524824380874634,-2.663463357540347,0.13069262666772902,10.866495132446289,da3_bbox_median,1920.0,1280.0,image_root
right_rear,69,1772699917110653000,data\camera\right_rear_camera\1772699917110653000.jpg,2000058,2,motorcycle,0.737621,1082.0,598.0,1186.0,687.0,1079.81298828125,597.78125,1184.265869140625,687.4577026367188,matched,4,MOTOR,preprocessed/masks/right_rear_camera/masks/frame_000069_gt2d_004_track_-1_MOTOR.png,0.8833586573600769,1134.0,642.5,15.357901573181152,16.449018478393555,4.039441108703613,1.0314704179763794,2.399653435054817,0.04107098504077239,15.357901573181152,da3_bbox_median,1920.0,1280.0,image_root
right_rear,69,1772699917110653000,data\camera\right_rear_camera\1772699917110653000.jpg,2000061,2,motorcycle,0.766508,305.0,575.0,412.0,727.0,305.0,575.0,412.0,727.0,tentative,1,MOTOR,preprocessed/masks/right_rear_camera/masks/frame_000069_gt2d_001_track_-1_MOTOR.png,0.9111495614051819,358.5,651.0,9.805821418762207,11.588348388671875,5.773139953613281,1.317090630531311,-5.242729748241868,0.10046673315911946,9.805821418762207,da3_bbox_median,1920.0,1280.0,image_root
right_rear,70,1772699917210630000,data\camera\right_rear_camera\1772699917210630000.jpg,-1,3,person,0.480544,1383.0,587.0,1418.0,661.0,1383.0,587.0,1418.0,661.0,unassigned,10,PEDESTRIAN_NORMAL,preprocessed/masks/right_rear_camera/masks/frame_000070_gt2d_010_track_-1_PEDESTRIAN_NORMAL.png,0.8601972460746765,1400.5,624.0,19.45924186706543,20.175039291381836,3.5561885833740234,1.00277578830719,7.660661730395523,-0.2686269117158415,19.45924186706543,da3_bbox_median,1920.0,1280.0,image_root
right_rear,70,1772699917210630000,data\camera\right_rear_camera\1772699917210630000.jpg,-1,2,motorcycle,0.429304,1045.0,592.0,1162.0,693.0,1045.0,592.0,1162.0,693.0,unassigned,11,MOTOR,preprocessed/masks/right_rear_camera/masks/frame_000070_gt2d_011_track_-1_MOTOR.png,0.8881348967552185,1103.5,642.5,13.792276382446289,14.466198921203613,0.5545072555541992,1.2177314758300781,1.7802506812108123,0.03688409997175909,13.792276382446289,da3_bbox_median,1920.0,1280.0,image_root
right_rear,70,1772699917210630000,data\camera\right_rear_camera\1772699917210630000.jpg,-1,2,motorcycle,0.345741,318.0,576.0,420.0,732.0,318.0,576.0,420.0,732.0,unassigned,12,MOTOR,preprocessed/masks/right_rear_camera/masks/frame_000070_gt2d_012_track_-1_MOTOR.png,0.9224087595939636,369.0,654.0,10.24683952331543,11.067822456359863,6.004397869110107,1.5103031396865845,-5.382667179474459,0.13236731383697184,10.24683952331543,da3_bbox_median,1920.0,1280.0,image_root
right_rear,70,1772699917210630000,data\camera\right_rear_camera\1772699917210630000.jpg,-1,2,motorcycle,0.338188,1386.0,608.0,1460.0,673.0,1386.0,608.0,1460.0,673.0,unassigned,13,MOTOR,preprocessed/masks/right_rear_camera/masks/frame_000070_gt2d_013_track_-1_MOTOR.png,0.8594784140586853,1423.0,640.5,18.663148880004883,18.98895263671875,1.879110336303711,1.0102522373199463,7.721371252622344,0.01666171751820371,18.663148880004883,da3_bbox_median,1920.0,1280.0,image_root
right_rear,70,1772699917210630000,data\camera\right_rear_camera\1772699917210630000.jpg,5,0,bicycle,0.584793,1496.0,611.0,1579.0,675.0,1499.914794921875,610.1183471679688,1583.407958984375,674.3630981445312,matched,8,BICYCLE,preprocessed/masks/right_rear_camera/masks/frame_000070_gt2d_008_track_-1_BICYCLE.png,0.8764588832855225,1537.5,643.0,19.076875686645508,20.35918426513672,3.9878406524658203,1.0735554695129395,9.838564401981987,0.05951283070487479,19.076875686645508,da3_bbox_median,1920.0,1280.0,image_root
right_rear,70,1772699917210630000,data\camera\right_rear_camera\1772699917210630000.jpg,2000036,2,motorcycle,0.724898,0.0,553.0,145.0,770.0,-1.809766411781311,557.703369140625,137.2351531982422,763.890869140625,matched,4,MOTOR,preprocessed/masks/right_rear_camera/masks/frame_000070_gt2d_004_track_-1_MOTOR.png,0.9247013330459595,72.5,661.5,7.1369404792785645,8.947660446166992,3.4815211296081543,1.7420244216918945,-5.6343016079739385,0.13987320252814817,7.1369404792785645,da3_bbox_median,1920.0,1280.0,image_root
right_rear,70,1772699917210630000,data\camera\right_rear_camera\1772699917210630000.jpg,2000044,2,motorcycle,0.836409,859.0,595.0,1008.0,707.0,835.390869140625,592.8480224609375,988.5934448242188,707.6253051757812,matched,0,MOTOR,preprocessed/masks/right_rear_camera/masks/frame_000070_gt2d_000_track_-1_MOTOR.png,0.909293532371521,933.5,651.0,12.782459259033203,13.567347526550293,1.900895118713379,1.2180273532867432,-0.2860640586040987,0.13096423732920798,12.782459259033203,da3_bbox_median,1920.0,1280.0,image_root
right_rear,70,1772699917210630000,data\camera\right_rear_camera\1772699917210630000.jpg,2000045,2,motorcycle,0.512257,1334.0,609.0,1418.0,678.0,1339.4761962890625,607.5424194335938,1425.3609619140625,677.4530029296875,matched,9,MOTOR,preprocessed/masks/right_rear_camera/masks/frame_000070_gt2d_009_track_-1_MOTOR.png,0.8782888650894165,1376.0,643.5,17.983631134033203,18.276268005371094,1.1544113159179688,1.007228970527649,6.687211614076833,0.06411175787989415,17.983631134033203,da3_bbox_median,1920.0,1280.0,image_root
right_rear,70,1772699917210630000,data\camera\right_rear_camera\1772699917210630000.jpg,2000049,2,motorcycle,0.717263,1263.0,607.0,1359.0,684.0,1266.6636962890625,606.363525390625,1366.060302734375,683.273193359375,matched,5,MOTOR,preprocessed/masks/right_rear_camera/masks/frame_000070_gt2d_005_track_-1_MOTOR.png,0.8928451538085938,1311.0,645.5,17.616003036499023,17.748870849609375,1.5221214294433594,1.0316901206970215,5.530377088102117,0.09418402412091034,17.616003036499023,da3_bbox_median,1920.0,1280.0,image_root
right_rear,70,1772699917210630000,data\camera\right_rear_camera\1772699917210630000.jpg,2000054,2,motorcycle,0.665337,960.0,594.0,1107.0,701.0,963.3187866210938,591.4541625976562,1115.9466552734375,699.754150390625,matched,7,MOTOR,preprocessed/masks/right_rear_camera/masks/frame_000070_gt2d_007_track_-1_MOTOR.png,0.9125428199768066,1033.5,647.5,13.609040260314941,13.744802474975586,0.5695629119873047,1.2382522821426392,0.9078856390057516,0.0970052522578952,13.609040260314941,da3_bbox_median,1920.0,1280.0,image_root
right_rear,70,1772699917210630000,data\camera\right_rear_camera\1772699917210630000.jpg,2000055,2,motorcycle,0.741968,692.0,588.0,853.0,713.0,662.27880859375,587.5203857421875,832.83251953125,713.0189819335938,matched,3,MOTOR,preprocessed/masks/right_rear_camera/masks/frame_000070_gt2d_003_track_-1_MOTOR.png,0.9353296756744385,772.5,650.5,11.643156051635742,12.13927173614502,1.7257747650146484,1.4258947372436523,-1.9306278012810585,0.11410580516655491,11.643156051635742,da3_bbox_median,1920.0,1280.0,image_root
right_rear,70,1772699917210630000,data\camera\right_rear_camera\1772699917210630000.jpg,2000058,2,motorcycle,0.671573,1125.0,599.0,1223.0,685.0,1125.213134765625,599.2665405273438,1223.44921875,685.4911499023438,matched,6,MOTOR,preprocessed/masks/right_rear_camera/masks/frame_000070_gt2d_006_track_-1_MOTOR.png,0.8839406967163086,1174.0,642.0,15.449357032775879,16.409469604492188,3.154031753540039,1.0779250860214233,2.9645050209821093,0.034434813347959836,15.449357032775879,da3_bbox_median,1920.0,1280.0,image_root
right_rear,70,1772699917210630000,data\camera\right_rear_camera\1772699917210630000.jpg,2000062,2,motorcycle,0.794959,417.0,588.0,515.0,723.0,417.0,588.0,515.0,723.0,tentative,1,MOTOR,preprocessed/masks/right_rear_camera/masks/frame_000070_gt2d_001_track_-1_MOTOR.png,0.9038392901420593,466.0,655.5,10.356261253356934,11.72482967376709,3.124117851257324,1.2762411832809448,-4.54517249581917,0.14761804821146618,10.356261253356934,da3_bbox_median,1920.0,1280.0,image_root
right_rear,70,1772699917210630000,data\camera\right_rear_camera\1772699917210630000.jpg,2000063,2,motorcycle,0.789333,526.0,590.0,642.0,716.0,526.0,590.0,642.0,716.0,tentative,2,MOTOR,preprocessed/masks/right_rear_camera/masks/frame_000070_gt2d_002_track_-1_MOTOR.png,0.9018071293830872,584.0,653.0,12.275947570800781,13.2418851852417,3.66915225982666,1.2064135074615479,-4.097143865046294,0.14764427842725228,12.275947570800781,da3_bbox_median,1920.0,1280.0,image_root
right_rear,71,1772699917310637000,data\camera\right_rear_camera\1772699917310637000.jpg,-1,3,person,0.426353,1390.0,585.0,1420.0,656.0,1390.0,585.0,1420.0,656.0,unassigned,11,PEDESTRIAN_NORMAL,preprocessed/masks/right_rear_camera/masks/frame_000071_gt2d_011_track_-1_PEDESTRIAN_NORMAL.png,0.8667435646057129,1405.0,620.5,20.19720458984375,20.52658462524414,1.4038028717041016,1.0006499290466309,8.032153752387094,-0.3417814029373273,20.19720458984375,da3_bbox_median,1920.0,1280.0,image_root
right_rear,71,1772699917310637000,data\camera\right_rear_camera\1772699917310637000.jpg,-1,2,motorcycle,0.372167,1087.0,594.0,1201.0,691.0,1087.0,594.0,1201.0,691.0,unassigned,12,MOTOR,preprocessed/masks/right_rear_camera/masks/frame_000071_gt2d_012_track_-1_MOTOR.png,0.9635440111160278,1144.0,642.5,15.807357788085938,16.94289207458496,1.3525333404541016,1.040348768234253,2.6107103451342075,0.042272946740479586,15.807357788085938,da3_bbox_median,1920.0,1280.0,image_root
right_rear,71,1772699917310637000,data\camera\right_rear_camera\1772699917310637000.jpg,-1,2,motorcycle,0.362051,1572.0,611.0,1661.0,667.0,1572.0,611.0,1661.0,667.0,unassigned,13,MOTOR,preprocessed/masks/right_rear_camera/masks/frame_000071_gt2d_013_track_-1_MOTOR.png,0.7944685220718384,1616.5,639.0,23.78366470336914,24.873577117919922,3.1305923461914062,1.0067473649978638,13.939954683364633,-0.010544791200115047,23.78366470336914,da3_bbox_median,1920.0,1280.0,image_root
right_rear,71,1772699917310637000,data\camera\right_rear_camera\1772699917310637000.jpg,-1,2,motorcycle,0.356037,1409.0,607.0,1476.0,672.0,1409.0,607.0,1476.0,672.0,unassigned,14,MOTOR,preprocessed/masks/right_rear_camera/masks/frame_000071_gt2d_014_track_-1_MOTOR.png,0.8601911664009094,1442.5,639.5,20.135210037231445,20.271556854248047,0.8861961364746094,1.0015671253204346,8.680201938636088,4.050355415340729e-05,20.135210037231445,da3_bbox_median,1920.0,1280.0,image_root
right_rear,71,1772699917310637000,data\camera\right_rear_camera\1772699917310637000.jpg,2000014,2,motorcycle,0.809737,38.0,567.0,307.0,760.0,57.16340255737305,569.2689208984375,300.5069274902344,755.4580688476562,matched,2,MOTOR,preprocessed/masks/right_rear_camera/masks/frame_000071_gt2d_002_track_-1_MOTOR.png,0.9004102945327759,172.5,663.5,7.787164688110352,9.506227493286133,3.537337303161621,1.7565879821777344,-5.453855907495959,0.1664894235062758,7.787164688110352,da3_bbox_median,1920.0,1280.0,image_root
right_rear,71,1772699917310637000,data\camera\right_rear_camera\1772699917310637000.jpg,2000036,2,motorcycle,0.533578,0.0,567.0,94.0,774.0,-4.881418704986572,562.64111328125,106.88768768310547,771.2828369140625,matched,9,MOTOR,preprocessed/masks/right_rear_camera/masks/frame_000071_gt2d_009_track_-1_MOTOR.png,0.9272158145904541,47.0,670.5,7.235864639282227,8.148134231567383,1.4872994422912598,1.8297957181930542,-5.8767844425692335,0.19981999747854914,7.235864639282227,da3_bbox_median,1920.0,1280.0,image_root
right_rear,71,1772699917310637000,data\camera\right_rear_camera\1772699917310637000.jpg,2000044,2,motorcycle,0.836738,918.0,594.0,1064.0,704.0,897.9608154296875,593.9835205078125,1046.4920654296875,704.6428833007812,matched,0,MOTOR,preprocessed/masks/right_rear_camera/masks/frame_000071_gt2d_000_track_-1_MOTOR.png,0.8995442390441895,991.0,649.0,15.584123611450195,17.280115127563477,5.230480194091797,1.056387186050415,0.44957263210996684,0.13190595449225823,15.584123611450195,da3_bbox_median,1920.0,1280.0,image_root
right_rear,71,1772699917310637000,data\camera\right_rear_camera\1772699917310637000.jpg,2000045,2,motorcycle,0.481747,1360.0,608.0,1439.0,676.0,1363.738037109375,608.0866088867188,1444.51318359375,676.0213012695312,matched,10,MOTOR,preprocessed/masks/right_rear_camera/masks/frame_000071_gt2d_010_track_-1_MOTOR.png,0.861585259437561,1399.5,642.0,19.63008689880371,19.706972122192383,0.6996784210205078,1.0017203092575073,7.710430826367542,0.04375317218253736,19.63008689880371,da3_bbox_median,1920.0,1280.0,image_root
right_rear,71,1772699917310637000,data\camera\right_rear_camera\1772699917310637000.jpg,2000049,2,motorcycle,0.670881,1297.0,609.0,1386.0,681.0,1299.016845703125,608.626708984375,1389.826904296875,681.10009765625,matched,6,MOTOR,preprocessed/masks/right_rear_camera/masks/frame_000071_gt2d_006_track_-1_MOTOR.png,0.8782116174697876,1341.5,645.0,19.303253173828125,19.065587997436523,1.6302223205566406,1.024144172668457,6.5845980417178245,0.09460773950817405,19.303253173828125,da3_bbox_median,1920.0,1280.0,image_root
right_rear,71,1772699917310637000,data\camera\right_rear_camera\1772699917310637000.jpg,2000054,2,motorcycle,0.691609,1011.0,594.0,1148.0,696.0,1016.5902099609375,593.9271850585938,1156.45361328125,696.0723266601562,matched,5,MOTOR,preprocessed/masks/right_rear_camera/masks/frame_000071_gt2d_005_track_-1_MOTOR.png,0.9063351154327393,1079.5,645.0,15.296381950378418,16.01738929748535,0.8268985748291016,1.0554964542388916,1.6473283157582466,0.07496954559664742,15.296381950378418,da3_bbox_median,1920.0,1280.0,image_root
right_rear,71,1772699917310637000,data\camera\right_rear_camera\1772699917310637000.jpg,2000055,2,motorcycle,0.69776,788.0,591.0,922.0,706.0,763.9617919921875,590.3532104492188,908.69970703125,707.04638671875,matched,4,MOTOR,preprocessed/masks/right_rear_camera/masks/frame_000071_gt2d_004_track_-1_MOTOR.png,0.91639643907547,855.0,648.5,13.829667091369629,14.45180892944336,3.2969350814819336,1.3158948421478271,-1.2767016452370255,0.11089663815810857,13.829667091369629,da3_bbox_median,1920.0,1280.0,image_root
right_rear,71,1772699917310637000,data\camera\right_rear_camera\1772699917310637000.jpg,2000058,2,motorcycle,0.540342,1168.0,597.0,1262.0,684.0,1167.5435791015625,598.4517211914062,1261.2122802734375,684.5318603515625,matched,8,MOTOR,preprocessed/masks/right_rear_camera/masks/frame_000071_gt2d_008_track_-1_MOTOR.png,0.8751094341278076,1215.0,640.5,20.38711929321289,20.860321044921875,6.157512664794922,1.0047270059585571,4.656678934535638,0.018200809780677545,20.38711929321289,da3_bbox_median,1920.0,1280.0,image_root
right_rear,71,1772699917310637000,data\camera\right_rear_camera\1772699917310637000.jpg,2000063,2,motorcycle,0.800377,523.0,581.0,637.0,724.0,528.5379028320312,583.8104248046875,642.9379272460938,723.4104614257812,matched,3,MOTOR,preprocessed/masks/right_rear_camera/masks/frame_000071_gt2d_003_track_-1_MOTOR.png,0.8808165788650513,580.0,652.5,11.88200855255127,12.967840194702148,3.132282257080078,1.1270434856414795,-4.008008608871438,0.1376143854139385,11.88200855255127,da3_bbox_median,1920.0,1280.0,image_root
right_rear,71,1772699917310637000,data\camera\right_rear_camera\1772699917310637000.jpg,2000064,2,motorcycle,0.813774,614.0,591.0,739.0,714.0,614.0,591.0,739.0,714.0,tentative,1,MOTOR,preprocessed/masks/right_rear_camera/masks/frame_000071_gt2d_001_track_-1_MOTOR.png,0.8475313186645508,676.5,652.5,14.007087707519531,15.107074737548828,4.627738952636719,1.116014003753662,-3.5206010286566416,0.1622265089091818,14.007087707519531,da3_bbox_median,1920.0,1280.0,image_root
right_rear,71,1772699917310637000,data\camera\right_rear_camera\1772699917310637000.jpg,2000065,2,motorcycle,0.575688,1514.0,611.0,1593.0,673.0,1514.0,611.0,1593.0,673.0,tentative,7,MOTOR,preprocessed/masks/right_rear_camera/masks/frame_000071_gt2d_007_track_-1_MOTOR.png,0.8620997667312622,1553.5,642.0,21.352924346923828,22.196151733398438,3.2789173126220703,1.0234428644180298,11.316774442313228,0.047593175739257046,21.352924346923828,da3_bbox_median,1920.0,1280.0,image_root
right_rear,72,1772699917410645000,data\camera\right_rear_camera\1772699917410645000.jpg,-1,2,motorcycle,0.491,355.0,561.0,537.0,735.0,355.0,561.0,537.0,735.0,unassigned,10,MOTOR,preprocessed/masks/right_rear_camera/masks/frame_000072_gt2d_010_track_-1_MOTOR.png,0.8927210569381714,446.0,648.0,9.205076217651367,11.39449405670166,2.5604381561279297,1.3753386735916138,-4.2039571455350675,0.06971349698421189,9.205076217651367,da3_bbox_median,1920.0,1280.0,image_root
right_rear,72,1772699917410645000,data\camera\right_rear_camera\1772699917410645000.jpg,-1,3,person,0.461988,1390.0,584.0,1421.0,658.0,1390.0,584.0,1421.0,658.0,unassigned,11,PEDESTRIAN_NORMAL,preprocessed/masks/right_rear_camera/masks/frame_000072_gt2d_011_track_-1_PEDESTRIAN_NORMAL.png,0.8573895692825317,1405.5,621.0,21.066829681396484,21.45728302001953,1.2284011840820312,1.0001046657562256,8.387376195741997,-0.3471147588667544,21.066829681396484,da3_bbox_median,1920.0,1280.0,image_root
right_rear,72,1772699917410645000,data\camera\right_rear_camera\1772699917410645000.jpg,-1,2,motorcycle,0.329306,1582.0,611.0,1672.0,666.0,1582.0,611.0,1672.0,666.0,unassigned,12,MOTOR,preprocessed/masks/right_rear_camera/masks/frame_000072_gt2d_012_track_-1_MOTOR.png,0.7636922597885132,1627.0,638.5,24.046676635742188,24.9338321685791,1.2658023834228516,1.000651478767395,14.319056739024804,-0.02137117356814638,24.046676635742188,da3_bbox_median,1920.0,1280.0,image_root
right_rear,72,1772699917410645000,data\camera\right_rear_camera\1772699917410645000.jpg,-1,2,motorcycle,0.300971,1425.0,608.0,1493.0,670.0,1425.0,608.0,1493.0,670.0,unassigned,14,MOTOR,preprocessed/masks/right_rear_camera/masks/frame_000072_gt2d_014_track_-1_MOTOR.png,0.891445517539978,1459.0,639.0,21.50729751586914,21.6033878326416,0.8828372955322266,1.00007164478302,9.587861840078313,-0.009535534763549984,21.50729751586914,da3_bbox_median,1920.0,1280.0,image_root
right_rear,72,1772699917410645000,data\camera\right_rear_camera\1772699917410645000.jpg,2000014,2,motorcycle,0.780068,47.0,571.0,265.0,761.0,38.19490051269531,570.0685424804688,281.7341613769531,759.7052612304688,matched,2,MOTOR,preprocessed/masks/right_rear_camera/masks/frame_000072_gt2d_002_track_-1_MOTOR.png,0.9220475554466248,156.0,666.0,8.402057647705078,9.352221488952637,2.083420753479004,1.5412647724151611,-6.008016174469422,0.19834612682985486,8.402057647705078,da3_bbox_median,1920.0,1280.0,image_root
right_rear,72,1772699917410645000,data\camera\right_rear_camera\1772699917410645000.jpg,2000044,2,motorcycle,0.806456,959.0,594.0,1114.0,700.0,948.0697021484375,594.2927856445312,1100.9031982421875,700.858154296875,matched,1,MOTOR,preprocessed/masks/right_rear_camera/masks/frame_000072_gt2d_001_track_-1_MOTOR.png,0.8654595613479614,1036.5,647.0,16.75123405456543,18.35586166381836,5.805197715759277,1.0027817487716675,1.162279234235767,0.11194224292326813,16.75123405456543,da3_bbox_median,1920.0,1280.0,image_root
right_rear,72,1772699917410645000,data\camera\right_rear_camera\1772699917410645000.jpg,2000045,2,motorcycle,0.502932,1379.0,607.0,1459.0,674.0,1384.3800048828125,607.5135498046875,1464.0787353515625,674.152099609375,matched,9,MOTOR,preprocessed/masks/right_rear_camera/masks/frame_000072_gt2d_009_track_-1_MOTOR.png,0.8492118120193481,1419.0,640.5,20.95611000061035,20.97499656677246,0.7539501190185547,1.0001745223999023,8.595341329834703,0.018708782068638893,20.95611000061035,da3_bbox_median,1920.0,1280.0,image_root
right_rear,72,1772699917410645000,data\camera\right_rear_camera\1772699917410645000.jpg,2000049,2,motorcycle,0.585689,1321.0,607.0,1412.0,682.0,1325.47900390625,607.89111328125,1415.09228515625,681.1090698242188,matched,8,MOTOR,preprocessed/masks/right_rear_camera/masks/frame_000072_gt2d_008_track_-1_MOTOR.png,0.8700711131095886,1366.5,644.5,20.48249626159668,19.7580623626709,3.9030284881591797,1.0222980976104736,7.4430570803242295,0.09126498414504758,20.48249626159668,da3_bbox_median,1920.0,1280.0,image_root
right_rear,72,1772699917410645000,data\camera\right_rear_camera\1772699917410645000.jpg,2000054,2,motorcycle,0.656663,1061.0,597.0,1188.0,695.0,1067.129638671875,596.7487182617188,1195.8421630859375,694.2709350585938,matched,6,MOTOR,preprocessed/masks/right_rear_camera/masks/frame_000072_gt2d_006_track_-1_MOTOR.png,0.8951418995857239,1124.5,646.0,16.12411117553711,16.46563720703125,0.6742753982543945,1.001613974571228,2.3829034265103797,0.09338888420590684,16.12411117553711,da3_bbox_median,1920.0,1280.0,image_root
right_rear,72,1772699917410645000,data\camera\right_rear_camera\1772699917410645000.jpg,2000055,2,motorcycle,0.618344,866.0,588.0,989.0,701.0,853.5845947265625,589.010986328125,981.193115234375,701.5724487304688,matched,7,MOTOR,preprocessed/masks/right_rear_camera/masks/frame_000072_gt2d_007_track_-1_MOTOR.png,0.9123336672782898,927.5,644.5,15.772272109985352,15.740935325622559,6.0336761474609375,1.2267109155654907,-0.4372847482508298,0.07027737955690849,15.772272109985352,da3_bbox_median,1920.0,1280.0,image_root
right_rear,72,1772699917410645000,data\camera\right_rear_camera\1772699917410645000.jpg,2000058,2,motorcycle,0.324004,1206.0,597.0,1297.0,684.0,1207.07373046875,598.029052734375,1297.3924560546875,684.1680297851562,matched,13,MOTOR,preprocessed/masks/right_rear_camera/masks/frame_000072_gt2d_013_track_-1_MOTOR.png,0.8872365951538086,1251.5,640.5,18.92508316040039,19.692678451538086,3.1481056213378906,1.0004342794418335,4.93814368297922,0.01689556203267145,18.92508316040039,da3_bbox_median,1920.0,1280.0,image_root
right_rear,72,1772699917410645000,data\camera\right_rear_camera\1772699917410645000.jpg,2000063,2,motorcycle,0.747983,601.0,583.0,738.0,716.0,590.5289916992188,584.458251953125,722.4263305664062,719.1399536132812,matched,4,MOTOR,preprocessed/masks/right_rear_camera/masks/frame_000072_gt2d_004_track_-1_MOTOR.png,0.8955707550048828,669.5,649.5,12.593155860900879,13.009417533874512,3.7402524948120117,1.2845070362091064,-3.2437532912320237,0.11219870105404825,12.593155860900879,da3_bbox_median,1920.0,1280.0,image_root
right_rear,72,1772699917410645000,data\camera\right_rear_camera\1772699917410645000.jpg,2000064,2,motorcycle,0.762233,687.0,590.0,826.0,709.0,677.6171264648438,591.1825561523438,813.8170776367188,710.9825439453125,matched,3,MOTOR,preprocessed/masks/right_rear_camera/masks/frame_000072_gt2d_003_track_-1_MOTOR.png,0.8911308646202087,756.5,649.5,14.198147773742676,15.219683647155762,4.733705520629883,1.0606176853179932,-2.556676877639138,0.12649837381377374,14.198147773742676,da3_bbox_median,1920.0,1280.0,image_root
right_rear,72,1772699917410645000,data\camera\right_rear_camera\1772699917410645000.jpg,2000065,2,motorcycle,0.671867,1528.0,609.0,1605.0,671.0,1530.4171142578125,610.3825073242188,1607.817138671875,672.3825073242188,matched,5,MOTOR,preprocessed/masks/right_rear_camera/masks/frame_000072_gt2d_005_track_-1_MOTOR.png,0.8837426900863647,1566.5,640.0,22.47396469116211,22.56912612915039,3.0320281982421875,1.0062808990478516,12.171202095670418,0.010054535274472429,22.47396469116211,da3_bbox_median,1920.0,1280.0,image_root
right_rear,72,1772699917410645000,data\camera\right_rear_camera\1772699917410645000.jpg,2000066,2,motorcycle,0.836559,186.0,567.0,445.0,750.0,186.0,567.0,445.0,750.0,tentative,0,MOTOR,preprocessed/masks/right_rear_camera/masks/frame_000072_gt2d_000_track_-1_MOTOR.png,0.8372160196304321,315.5,658.5,9.38224983215332,11.400847434997559,3.778196334838867,1.4291291236877441,-5.375692494759738,0.15880617860086074,9.38224983215332,da3_bbox_median,1920.0,1280.0,image_root
right_rear,73,1772699917510652000,data\camera\right_rear_camera\1772699917510652000.jpg,-1,3,person,0.419367,1387.0,584.0,1422.0,660.0,1387.0,584.0,1422.0,660.0,unassigned,12,PEDESTRIAN_NORMAL,preprocessed/masks/right_rear_camera/masks/frame_000073_gt2d_012_track_-1_PEDESTRIAN_NORMAL.png,0.8962017297744751,1404.5,622.0,22.487668991088867,22.736419677734375,0.9600505828857422,1.000023365020752,8.933023026905413,-0.35049483792942737,22.487668991088867,da3_bbox_median,1920.0,1280.0,image_root
right_rear,73,1772699917510652000,data\camera\right_rear_camera\1772699917510652000.jpg,-1,2,motorcycle,0.40507,1596.0,612.0,1682.0,665.0,1596.0,612.0,1682.0,665.0,unassigned,13,MOTOR,preprocessed/masks/right_rear_camera/masks/frame_000073_gt2d_013_track_-1_MOTOR.png,0.7831162214279175,1639.0,638.5,26.19268035888672,27.563594818115234,3.9699325561523438,1.0000309944152832,15.876961015345675,-0.023278406685634283,26.19268035888672,da3_bbox_median,1920.0,1280.0,image_root
right_rear,73,1772699917510652000,data\camera\right_rear_camera\1772699917510652000.jpg,-1,2,motorcycle,0.330123,810.0,593.0,936.0,700.0,810.0,593.0,936.0,700.0,unassigned,15,MOTOR,preprocessed/masks/right_rear_camera/masks/frame_000073_gt2d_015_track_-1_MOTOR.png,0.8453119993209839,873.0,646.5,15.386309623718262,15.834012985229492,5.139687538146973,1.0927503108978271,-1.1736631481269706,0.09596829510905243,15.386309623718262,da3_bbox_median,1920.0,1280.0,image_root
right_rear,73,1772699917510652000,data\camera\right_rear_camera\1772699917510652000.jpg,-1,2,motorcycle,0.314418,1445.0,608.0,1511.0,669.0,1445.0,608.0,1511.0,669.0,unassigned,16,MOTOR,preprocessed/masks/right_rear_camera/masks/frame_000073_gt2d_016_track_-1_MOTOR.png,0.8950648903846741,1478.0,638.5,23.362892150878906,23.417713165283203,1.1501235961914062,1.0000145435333252,10.81055015657789,-0.02076346893059584,23.362892150878906,da3_bbox_median,1920.0,1280.0,image_root
right_rear,73,1772699917510652000,data\camera\right_rear_camera\1772699917510652000.jpg,2000036,2,motorcycle,0.496296,0.0,508.0,87.0,757.0,-4.102338790893555,520.4315185546875,87.4513931274414,761.0693969726562,matched,9,MOTOR,preprocessed/masks/right_rear_camera/masks/frame_000073_gt2d_009_track_-1_MOTOR.png,0.900113046169281,43.5,632.5,9.254615783691406,11.324267387390137,7.044388771057129,1.1925365924835205,-7.545220284836612,-0.057686140823538214,9.254615783691406,da3_bbox_median,1920.0,1280.0,image_root
right_rear,73,1772699917510652000,data\camera\right_rear_camera\1772699917510652000.jpg,2000044,2,motorcycle,0.812266,1005.0,594.0,1161.0,698.0,996.2199096679688,594.0570068359375,1151.273681640625,697.9189453125,matched,1,MOTOR,preprocessed/masks/right_rear_camera/masks/frame_000073_gt2d_001_track_-1_MOTOR.png,0.8915306329727173,1083.0,646.0,16.27315902709961,18.66719627380371,4.646642684936523,1.0008593797683716,1.8032642645196475,0.0942521511729461,16.27315902709961,da3_bbox_median,1920.0,1280.0,image_root
right_rear,73,1772699917510652000,data\camera\right_rear_camera\1772699917510652000.jpg,2000045,2,motorcycle,0.534214,1403.0,609.0,1479.0,673.0,1407.2244873046875,608.3564453125,1483.8724365234375,672.5606079101562,matched,8,MOTOR,preprocessed/masks/right_rear_camera/masks/frame_000073_gt2d_008_track_-1_MOTOR.png,0.8714951276779175,1441.0,641.0,22.532150268554688,22.457998275756836,0.8562564849853516,1.0000367164611816,9.683401199192176,0.03015104967206577,22.532150268554688,da3_bbox_median,1920.0,1280.0,image_root
right_rear,73,1772699917510652000,data\camera\right_rear_camera\1772699917510652000.jpg,2000049,2,motorcycle,0.482897,1339.0,605.0,1433.0,678.0,1345.990234375,605.936767578125,1437.4344482421875,678.107421875,matched,10,MOTOR,preprocessed/masks/right_rear_camera/masks/frame_000073_gt2d_010_track_-1_MOTOR.png,0.8612555265426636,1386.0,641.5,21.892271041870117,20.18445587158203,5.691125869750977,1.023136019706726,8.335680262964358,0.03904506085343059,21.892271041870117,da3_bbox_median,1920.0,1280.0,image_root
right_rear,73,1772699917510652000,data\camera\right_rear_camera\1772699917510652000.jpg,2000054,2,motorcycle,0.615765,1103.0,597.0,1227.0,692.0,1110.864501953125,597.3052368164062,1234.1033935546875,691.4174194335938,matched,5,MOTOR,preprocessed/masks/right_rear_camera/masks/frame_000073_gt2d_005_track_-1_MOTOR.png,0.9109247922897339,1165.0,644.5,16.716691970825195,17.334699630737305,1.1107845306396484,1.0001555681228638,3.073649831847762,0.07448548302852595,16.716691970825195,da3_bbox_median,1920.0,1280.0,image_root
right_rear,73,1772699917510652000,data\camera\right_rear_camera\1772699917510652000.jpg,2000055,2,motorcycle,0.335978,915.0,588.0,1040.0,698.0,915.1174926757812,588.2430419921875,1039.11669921875,697.5271606445312,matched,14,MOTOR,preprocessed/masks/right_rear_camera/masks/frame_000073_gt2d_014_track_-1_MOTOR.png,0.7992119193077087,977.5,643.0,13.721441268920898,14.666618347167969,4.623778343200684,1.2002720832824707,0.2308053740827903,0.042805846443494,13.721441268920898,da3_bbox_median,1920.0,1280.0,image_root
right_rear,73,1772699917510652000,data\camera\right_rear_camera\1772699917510652000.jpg,2000058,2,motorcycle,0.440592,1236.0,599.0,1327.0,682.0,1239.745849609375,598.90625,1329.2479248046875,682.3441772460938,matched,11,MOTOR,preprocessed/masks/right_rear_camera/masks/frame_000073_gt2d_011_track_-1_MOTOR.png,0.8772643804550171,1281.5,640.5,18.753170013427734,20.07689666748047,1.8618907928466797,1.000150442123413,5.394509896259102,0.0167420848080648,18.753170013427734,da3_bbox_median,1920.0,1280.0,image_root
right_rear,73,1772699917510652000,data\camera\right_rear_camera\1772699917510652000.jpg,2000063,2,motorcycle,0.574727,700.0,584.0,809.0,707.0,681.645751953125,584.5578002929688,799.3326416015625,709.6546020507812,matched,7,MOTOR,preprocessed/masks/right_rear_camera/masks/frame_000073_gt2d_007_track_-1_MOTOR.png,0.8611577749252319,754.5,645.5,12.74433708190918,12.109736442565918,7.319094181060791,1.3836588859558105,-2.317595716440629,0.06813764442709216,12.74433708190918,da3_bbox_median,1920.0,1280.0,image_root
right_rear,73,1772699917510652000,data\camera\right_rear_camera\1772699917510652000.jpg,2000064,2,motorcycle,0.685898,759.0,592.0,889.0,704.0,745.357421875,592.6945190429688,876.9113159179688,706.4315795898438,matched,4,MOTOR,preprocessed/masks/right_rear_camera/masks/frame_000073_gt2d_004_track_-1_MOTOR.png,0.9030388593673706,824.0,648.0,15.592683792114258,16.082456588745117,3.837604522705078,1.0039697885513306,-1.8701003883912777,0.11808924649997903,15.592683792114258,da3_bbox_median,1920.0,1280.0,image_root
right_rear,73,1772699917510652000,data\camera\right_rear_camera\1772699917510652000.jpg,2000065,2,motorcycle,0.600339,1541.0,611.0,1619.0,671.0,1544.6688232421875,611.7607421875,1622.5343017578125,672.2191772460938,matched,6,MOTOR,preprocessed/masks/right_rear_camera/masks/frame_000073_gt2d_006_track_-1_MOTOR.png,0.8933298587799072,1580.0,641.0,23.878135681152344,24.167951583862305,4.886627197265625,1.0062508583068848,13.218847894561845,0.03195215931093341,23.878135681152344,da3_bbox_median,1920.0,1280.0,image_root
right_rear,73,1772699917510652000,data\camera\right_rear_camera\1772699917510652000.jpg,2000066,2,motorcycle,0.833979,329.0,569.0,570.0,741.0,305.7900085449219,569.38720703125,550.3900146484375,743.5872192382812,matched,0,MOTOR,preprocessed/masks/right_rear_camera/masks/frame_000073_gt2d_000_track_-1_MOTOR.png,0.8409916162490845,449.5,655.0,9.275684356689453,11.121789932250977,1.9712648391723633,1.323750615119934,-4.207280452286583,0.12808436375466212,9.275684356689453,da3_bbox_median,1920.0,1280.0,image_root
right_rear,73,1772699917510652000,data\camera\right_rear_camera\1772699917510652000.jpg,2000067,2,motorcycle,0.799593,208.0,577.0,411.0,752.0,208.0,577.0,411.0,752.0,tentative,2,MOTOR,preprocessed/masks/right_rear_camera/masks/frame_000073_gt2d_002_track_-1_MOTOR.png,0.9013811349868774,309.5,664.5,8.639791488647461,9.48808479309082,0.5838747024536133,1.454646348953247,-4.9964743592081,0.1924144500722472,8.639791488647461,da3_bbox_median,1920.0,1280.0,image_root
right_rear,73,1772699917510652000,data\camera\right_rear_camera\1772699917510652000.jpg,2000068,2,motorcycle,0.707846,480.0,555.0,652.0,732.0,480.0,555.0,652.0,732.0,tentative,3,MOTOR,preprocessed/masks/right_rear_camera/masks/frame_000073_gt2d_003_track_-1_MOTOR.png,0.8648324012756348,566.0,643.5,9.942543983459473,11.591447830200195,2.359050750732422,1.321735143661499,-3.4778046888860077,0.03544523171248977,9.942543983459473,da3_bbox_median,1920.0,1280.0,image_root
right_rear,74,1772699917610660000,data\camera\right_rear_camera\1772699917610660000.jpg,-1,2,motorcycle,0.479338,1605.0,615.0,1692.0,668.0,1605.0,615.0,1692.0,668.0,unassigned,8,MOTOR,preprocessed/masks/right_rear_camera/masks/frame_000074_gt2d_008_track_-1_MOTOR.png,0.7922555208206177,1648.5,641.5,27.074886322021484,27.66341209411621,3.705852508544922,1.0000159740447998,16.64087236996155,0.048288301475036904,27.074886322021484,da3_bbox_median,1920.0,1280.0,image_root
right_rear,74,1772699917610660000,data\camera\right_rear_camera\1772699917610660000.jpg,-1,3,person,0.418822,1394.0,586.0,1425.0,663.0,1394.0,586.0,1425.0,663.0,unassigned,10,PEDESTRIAN_NORMAL,preprocessed/masks/right_rear_camera/masks/frame_000074_gt2d_010_track_-1_PEDESTRIAN_NORMAL.png,0.8987685441970825,1409.5,624.5,23.44077491760254,22.106435775756836,6.098674774169922,1.001183271408081,9.416054274934737,-0.3131504349183728,23.44077491760254,da3_bbox_median,1920.0,1280.0,image_root
right_rear,74,1772699917610660000,data\camera\right_rear_camera\1772699917610660000.jpg,-1,2,motorcycle,0.368113,1464.0,610.0,1527.0,669.0,1464.0,610.0,1527.0,669.0,unassigned,12,MOTOR,preprocessed/masks/right_rear_camera/masks/frame_000074_gt2d_012_track_-1_MOTOR.png,0.8805809020996094,1495.5,639.5,23.99774742126465,23.986589431762695,1.465261459350586,1.0000218152999878,11.47846101604212,4.8273351032330736e-05,23.99774742126465,da3_bbox_median,1920.0,1280.0,image_root
right_rear,74,1772699917610660000,data\camera\right_rear_camera\1772699917610660000.jpg,-1,2,motorcycle,0.363784,897.0,599.0,990.0,700.0,897.0,599.0,990.0,700.0,unassigned,13,MOTOR,preprocessed/masks/right_rear_camera/masks/frame_000074_gt2d_013_track_-1_MOTOR.png,0.8837500214576721,943.5,649.5,15.742630004882812,15.506114959716797,4.933673858642578,1.0513592958450317,-0.21205771629016917,0.14025893566570855,15.742630004882812,da3_bbox_median,1920.0,1280.0,image_root
right_rear,74,1772699917610660000,data\camera\right_rear_camera\1772699917610660000.jpg,2000014,2,motorcycle,0.604641,0.0,524.0,265.0,743.0,0.021128537133336067,534.4967651367188,265.8853759765625,747.315673828125,matched,5,MOTOR,preprocessed/masks/right_rear_camera/masks/frame_000074_gt2d_005_track_-1_MOTOR.png,0.834031879901886,132.5,633.5,7.238503456115723,7.708975315093994,2.7169766426086426,1.7608845233917236,-5.327548191833565,-0.03867156334450269,7.238503456115723,da3_bbox_median,1920.0,1280.0,image_root
right_rear,74,1772699917610660000,data\camera\right_rear_camera\1772699917610660000.jpg,2000044,2,motorcycle,0.788422,1059.0,598.0,1202.0,696.0,1049.772216796875,596.9977416992188,1197.1170654296875,695.898193359375,matched,1,MOTOR,preprocessed/masks/right_rear_camera/masks/frame_000074_gt2d_001_track_-1_MOTOR.png,0.899056613445282,1130.5,647.0,17.368240356445312,18.820255279541016,3.8112239837646484,1.0003573894500732,2.659608809741703,0.11606546567242437,17.368240356445312,da3_bbox_median,1920.0,1280.0,image_root
right_rear,74,1772699917610660000,data\camera\right_rear_camera\1772699917610660000.jpg,2000045,2,motorcycle,0.504203,1422.0,610.0,1496.0,673.0,1427.7830810546875,609.6399536132812,1502.03173828125,672.378173828125,matched,7,MOTOR,preprocessed/masks/right_rear_camera/masks/frame_000074_gt2d_007_track_-1_MOTOR.png,0.8927962779998779,1459.0,641.5,23.22439956665039,23.198453903198242,1.4548892974853516,1.0000568628311157,10.353338637712152,0.04142092397037989,23.22439956665039,da3_bbox_median,1920.0,1280.0,image_root
right_rear,74,1772699917610660000,data\camera\right_rear_camera\1772699917610660000.jpg,2000049,2,motorcycle,0.393529,1358.0,608.0,1456.0,678.0,1365.8240966796875,607.5528564453125,1460.756591796875,677.42041015625,matched,11,MOTOR,preprocessed/masks/right_rear_camera/masks/frame_000074_gt2d_011_track_-1_MOTOR.png,0.860262930393219,1407.0,643.0,21.62999725341797,20.857269287109375,5.516328811645508,1.0038954019546509,8.640496844438504,0.06747763029093384,21.62999725341797,da3_bbox_median,1920.0,1280.0,image_root
right_rear,74,1772699917610660000,data\camera\right_rear_camera\1772699917610660000.jpg,2000054,2,motorcycle,0.474777,1151.0,600.0,1268.0,693.0,1157.6033935546875,599.8069458007812,1274.353759765625,691.6029663085938,matched,9,MOTOR,preprocessed/masks/right_rear_camera/masks/frame_000074_gt2d_009_track_-1_MOTOR.png,0.9089270830154419,1209.5,646.5,18.096784591674805,18.47356414794922,1.2504005432128906,1.000125527381897,4.044862472175276,0.11287421134055566,18.096784591674805,da3_bbox_median,1920.0,1280.0,image_root
right_rear,74,1772699917610660000,data\camera\right_rear_camera\1772699917610660000.jpg,2000058,2,motorcycle,0.357481,1276.0,605.0,1354.0,683.0,1278.0093994140625,603.6508178710938,1358.18896484375,682.71142578125,matched,14,MOTOR,preprocessed/masks/right_rear_camera/masks/frame_000074_gt2d_014_track_-1_MOTOR.png,0.9116853475570679,1315.0,644.0,19.4934139251709,19.911483764648438,1.0423507690429688,1.000071406364441,6.1892402334223195,0.07817600931710018,19.4934139251709,da3_bbox_median,1920.0,1280.0,image_root
right_rear,74,1772699917610660000,data\camera\right_rear_camera\1772699917610660000.jpg,2000064,2,motorcycle,0.634004,829.0,593.0,953.0,704.0,821.1210327148438,593.66015625,946.3230590820312,704.6356201171875,matched,4,MOTOR,preprocessed/masks/right_rear_camera/masks/frame_000074_gt2d_004_track_-1_MOTOR.png,0.9171173572540283,891.0,648.5,15.150676727294922,14.736283302307129,4.270085334777832,1.080979585647583,-0.912726109745277,0.12148948371474544,15.150676727294922,da3_bbox_median,1920.0,1280.0,image_root
right_rear,74,1772699917610660000,data\camera\right_rear_camera\1772699917610660000.jpg,2000065,2,motorcycle,0.542338,1555.0,614.0,1630.0,672.0,1557.9468994140625,614.2872924804688,1633.631591796875,672.6561279296875,matched,6,MOTOR,preprocessed/masks/right_rear_camera/masks/frame_000074_gt2d_006_track_-1_MOTOR.png,0.8525580167770386,1592.5,643.0,24.664649963378906,24.861846923828125,5.577192306518555,1.000197410583496,13.92893524801876,0.07694462981132291,24.664649963378906,da3_bbox_median,1920.0,1280.0,image_root
right_rear,74,1772699917610660000,data\camera\right_rear_camera\1772699917610660000.jpg,2000066,2,motorcycle,0.834273,460.0,571.0,667.0,741.0,433.1908874511719,571.6884765625,648.2789306640625,742.6000366210938,matched,0,MOTOR,preprocessed/masks/right_rear_camera/masks/frame_000074_gt2d_000_track_-1_MOTOR.png,0.803877592086792,563.5,656.0,9.901559829711914,11.87282657623291,4.508172988891602,1.234799861907959,-3.4855224219464205,0.1455466391438537,9.901559829711914,da3_bbox_median,1920.0,1280.0,image_root
right_rear,74,1772699917610660000,data\camera\right_rear_camera\1772699917610660000.jpg,2000068,2,motorcycle,0.769519,590.0,557.0,753.0,730.0,573.9156494140625,557.5569458007812,738.7156982421875,731.35693359375,matched,3,MOTOR,preprocessed/masks/right_rear_camera/masks/frame_000074_gt2d_003_track_-1_MOTOR.png,0.8765473365783691,671.5,643.5,9.911372184753418,12.619189262390137,7.202644348144531,1.2073841094970703,-2.535317349284034,0.035334104054430694,9.911372184753418,da3_bbox_median,1920.0,1280.0,image_root
right_rear,74,1772699917610660000,data\camera\right_rear_camera\1772699917610660000.jpg,2000069,2,motorcycle,0.781018,343.0,580.0,537.0,738.0,343.0,580.0,537.0,738.0,tentative,2,MOTOR,preprocessed/masks/right_rear_camera/masks/frame_000074_gt2d_002_track_-1_MOTOR.png,0.8795056939125061,440.0,659.0,8.950246810913086,10.226839065551758,3.0360403060913086,1.3193743228912354,-4.135419975136871,0.15548020358136008,8.950246810913086,da3_bbox_median,1920.0,1280.0,image_root
right_rear,75,1772699917710637000,data\camera\right_rear_camera\1772699917710637000.jpg,-1,2,motorcycle,0.478366,1618.0,615.0,1701.0,667.0,1618.0,615.0,1701.0,667.0,unassigned,8,MOTOR,preprocessed/masks/right_rear_camera/masks/frame_000075_gt2d_008_track_-1_MOTOR.png,0.7912269830703735,1659.5,641.0,27.235750198364258,27.688199996948242,2.0744190216064453,1.0000009536743164,17.00665490033344,0.036445099437885584,27.235750198364258,da3_bbox_median,1920.0,1280.0,image_root
right_rear,75,1772699917710637000,data\camera\right_rear_camera\1772699917710637000.jpg,-1,0,bicycle,0.341846,0.0,592.0,64.0,724.0,0.0,592.0,64.0,724.0,unassigned,10,BICYCLE,preprocessed/masks/right_rear_camera/masks/frame_000075_gt2d_010_track_-1_BICYCLE.png,0.880193829536438,32.0,658.0,7.7082061767578125,8.3067626953125,0.8234834671020508,1.2660186290740967,-6.363418377374752,0.12703788273153105,7.7082061767578125,da3_bbox_median,1920.0,1280.0,image_root
right_rear,75,1772699917710637000,data\camera\right_rear_camera\1772699917710637000.jpg,-1,2,motorcycle,0.339566,1481.0,610.0,1544.0,669.0,1481.0,610.0,1544.0,669.0,unassigned,11,MOTOR,preprocessed/masks/right_rear_camera/masks/frame_000075_gt2d_011_track_-1_MOTOR.png,0.8848092555999756,1512.5,639.5,23.368732452392578,23.48771858215332,1.0725078582763672,1.000003457069397,11.531526210144786,4.70080380900816e-05,23.368732452392578,da3_bbox_median,1920.0,1280.0,image_root
right_rear,75,1772699917710637000,data\camera\right_rear_camera\1772699917710637000.jpg,2000014,2,motorcycle,0.604151,79.0,545.0,415.0,739.0,46.169471740722656,540.5787963867188,357.97906494140625,741.93359375,matched,4,MOTOR,preprocessed/masks/right_rear_camera/masks/frame_000075_gt2d_004_track_-1_MOTOR.png,0.8393723964691162,247.0,642.0,7.2275190353393555,8.303753852844238,2.9818763732910156,1.5197168588638306,-4.582187145196307,0.016109296226551117,7.2275190353393555,da3_bbox_median,1920.0,1280.0,image_root
right_rear,75,1772699917710637000,data\camera\right_rear_camera\1772699917710637000.jpg,2000044,2,motorcycle,0.792761,1101.0,598.0,1239.0,695.0,1095.0631103515625,598.1939086914062,1236.0118408203125,694.7803344726562,matched,2,MOTOR,preprocessed/masks/right_rear_camera/masks/frame_000075_gt2d_002_track_-1_MOTOR.png,0.900446891784668,1170.0,646.5,16.86968994140625,17.707265853881836,2.3736515045166016,1.000800371170044,3.1769283197094245,0.10522051240925509,16.86968994140625,da3_bbox_median,1920.0,1280.0,image_root
right_rear,75,1772699917710637000,data\camera\right_rear_camera\1772699917710637000.jpg,2000045,2,motorcycle,0.507886,1438.0,607.0,1514.0,674.0,1443.1602783203125,608.1976928710938,1518.0098876953125,673.2493896484375,matched,7,MOTOR,preprocessed/masks/right_rear_camera/masks/frame_000075_gt2d_007_track_-1_MOTOR.png,0.9024819135665894,1476.0,640.5,22.64478302001953,22.72403907775879,1.1717567443847656,1.0000149011611938,10.437915368021805,0.020216362220890273,22.64478302001953,da3_bbox_median,1920.0,1280.0,image_root
right_rear,75,1772699917710637000,data\camera\right_rear_camera\1772699917710637000.jpg,2000049,2,motorcycle,0.304032,1375.0,606.0,1476.0,678.0,1381.66015625,606.90869140625,1479.9559326171875,677.4531860351562,matched,12,MOTOR,preprocessed/masks/right_rear_camera/masks/frame_000075_gt2d_012_track_-1_MOTOR.png,0.7458036541938782,1425.5,642.0,21.546092987060547,21.047941207885742,3.6310958862304688,1.0032318830490112,8.962100397683656,0.048023726088613036,21.546092987060547,da3_bbox_median,1920.0,1280.0,image_root
right_rear,75,1772699917710637000,data\camera\right_rear_camera\1772699917710637000.jpg,2000054,2,motorcycle,0.423206,1190.0,588.0,1322.0,692.0,1196.584228515625,592.32958984375,1322.2574462890625,691.2736206054688,matched,9,MOTOR,preprocessed/masks/right_rear_camera/masks/frame_000075_gt2d_009_track_-1_MOTOR.png,0.8859644532203674,1256.0,640.0,18.013412475585938,18.775007247924805,1.3641014099121094,1.0000436305999756,4.772478189717421,0.00805894703664034,18.013412475585938,da3_bbox_median,1920.0,1280.0,image_root
right_rear,75,1772699917710637000,data\camera\right_rear_camera\1772699917710637000.jpg,2000064,2,motorcycle,0.562891,913.0,600.0,1033.0,700.0,904.081298828125,599.2601928710938,1024.43505859375,701.1444702148438,matched,5,MOTOR,preprocessed/masks/right_rear_camera/masks/frame_000075_gt2d_005_track_-1_MOTOR.png,0.9232003092765808,973.0,650.0,14.585540771484375,14.178285598754883,3.4083385467529297,1.0744051933288574,0.18686513913283656,0.13644587663438273,14.585540771484375,da3_bbox_median,1920.0,1280.0,image_root
right_rear,75,1772699917710637000,data\camera\right_rear_camera\1772699917710637000.jpg,2000065,2,motorcycle,0.552466,1569.0,615.0,1643.0,670.0,1569.869873046875,615.70947265625,1644.0963134765625,671.1987915039062,matched,6,MOTOR,preprocessed/masks/right_rear_camera/masks/frame_000075_gt2d_006_track_-1_MOTOR.png,0.8443442583084106,1606.0,642.5,25.186676025390625,24.550371170043945,5.165712356567383,1.0001307725906372,14.526669058441106,0.06735565984300877,25.186676025390625,da3_bbox_median,1920.0,1280.0,image_root
right_rear,75,1772699917710637000,data\camera\right_rear_camera\1772699917710637000.jpg,2000066,2,motorcycle,0.79508,460.0,583.0,650.0,737.0,467.4058532714844,581.5162963867188,659.2053833007812,738.713623046875,matched,1,MOTOR,preprocessed/masks/right_rear_camera/masks/frame_000075_gt2d_001_track_-1_MOTOR.png,0.9013409614562988,555.0,660.0,9.932342529296875,11.43043327331543,3.898143768310547,1.141524314880371,-3.571573785284862,0.18138800905023184,9.932342529296875,da3_bbox_median,1920.0,1280.0,image_root
right_rear,75,1772699917710637000,data\camera\right_rear_camera\1772699917710637000.jpg,2000068,2,motorcycle,0.816651,575.0,577.0,759.0,731.0,580.1805419921875,573.8400268554688,759.9823608398438,732.2891845703125,matched,0,MOTOR,preprocessed/masks/right_rear_camera/masks/frame_000075_gt2d_000_track_-1_MOTOR.png,0.7865389585494995,667.0,654.0,10.967180252075195,12.55057144165039,5.217384338378906,1.0986121892929077,-2.849360463661718,0.1416725798261913,10.967180252075195,da3_bbox_median,1920.0,1280.0,image_root
right_rear,75,1772699917710637000,data\camera\right_rear_camera\1772699917710637000.jpg,2000070,2,motorcycle,0.752352,674.0,563.0,839.0,726.0,674.0,563.0,839.0,726.0,tentative,3,MOTOR,preprocessed/masks/right_rear_camera/masks/frame_000075_gt2d_003_track_-1_MOTOR.png,0.884107768535614,756.5,644.5,12.36509895324707,13.882787704467773,7.322015762329102,1.094829797744751,-2.2265976581784277,0.05509585089176371,12.36509895324707,da3_bbox_median,1920.0,1280.0,image_root
right_rear,76,1772699917810644000,data\camera\right_rear_camera\1772699917810644000.jpg,-1,2,motorcycle,0.451522,1629.0,615.0,1713.0,667.0,1629.0,615.0,1713.0,667.0,unassigned,8,MOTOR,preprocessed/masks/right_rear_camera/masks/frame_000076_gt2d_008_track_-1_MOTOR.png,0.786726713180542,1671.0,641.0,26.577075958251953,27.592422485351562,2.849102020263672,1.000001311302185,16.867658571519634,0.035563704653338454,26.577075958251953,da3_bbox_median,1920.0,1280.0,image_root
right_rear,76,1772699917810644000,data\camera\right_rear_camera\1772699917810644000.jpg,-1,2,motorcycle,0.439395,1496.0,612.0,1562.0,669.0,1496.0,612.0,1562.0,669.0,unassigned,9,MOTOR,preprocessed/masks/right_rear_camera/masks/frame_000076_gt2d_009_track_-1_MOTOR.png,0.8972946405410767,1529.0,640.5,24.346256256103516,24.42486572265625,1.1594829559326172,1.0000056028366089,12.37178658733206,0.021735369897820288,24.346256256103516,da3_bbox_median,1920.0,1280.0,image_root
right_rear,76,1772699917810644000,data\camera\right_rear_camera\1772699917810644000.jpg,5,0,bicycle,0.476285,1579.0,615.0,1654.0,669.0,1580.88916015625,614.386962890625,1656.3853759765625,668.9913330078125,matched,6,BICYCLE,preprocessed/masks/right_rear_camera/masks/frame_000076_gt2d_006_track_-1_BICYCLE.png,0.8479369282722473,1616.5,642.0,25.398223876953125,24.99842643737793,2.171863555908203,1.0000286102294922,14.886271493413805,0.05660967616433135,25.398223876953125,da3_bbox_median,1920.0,1280.0,image_root
right_rear,76,1772699917810644000,data\camera\right_rear_camera\1772699917810644000.jpg,7,0,bicycle,0.788533,0.0,576.0,269.0,747.0,0.0,576.0,269.0,747.0,tentative,3,BICYCLE,preprocessed/masks/right_rear_camera/masks/frame_000076_gt2d_003_track_-1_BICYCLE.png,0.8515985012054443,134.5,661.5,7.877884864807129,9.277331352233887,2.4393272399902344,1.3113594055175781,-5.784096729031446,0.15439458804341694,7.877884864807129,da3_bbox_median,1920.0,1280.0,image_root
right_rear,76,1772699917810644000,data\camera\right_rear_camera\1772699917810644000.jpg,2000044,2,motorcycle,0.789912,1145.0,600.0,1275.0,691.0,1139.5438232421875,599.6174926757812,1272.74462890625,691.3839721679688,matched,2,MOTOR,preprocessed/masks/right_rear_camera/masks/frame_000076_gt2d_002_track_-1_MOTOR.png,0.9091842174530029,1210.0,645.5,17.246021270751953,17.84987449645996,2.0126075744628906,1.003121018409729,3.862388363464713,0.09220591526856625,17.246021270751953,da3_bbox_median,1920.0,1280.0,image_root
right_rear,76,1772699917810644000,data\camera\right_rear_camera\1772699917810644000.jpg,2000045,2,motorcycle,0.415231,1457.0,610.0,1530.0,673.0,1460.190673828125,609.3443603515625,1533.279541015625,672.5703735351562,matched,10,MOTOR,preprocessed/masks/right_rear_camera/masks/frame_000076_gt2d_010_track_-1_MOTOR.png,0.8949805498123169,1493.5,641.5,23.512073516845703,23.340368270874023,1.1429367065429688,1.0000104904174805,11.204261879452094,0.04193399302885448,23.512073516845703,da3_bbox_median,1920.0,1280.0,image_root
right_rear,76,1772699917810644000,data\camera\right_rear_camera\1772699917810644000.jpg,2000049,2,motorcycle,0.350615,1391.0,607.0,1495.0,678.0,1396.6407470703125,607.0010986328125,1498.2515869140625,677.1742553710938,matched,12,MOTOR,preprocessed/masks/right_rear_camera/masks/frame_000076_gt2d_012_track_-1_MOTOR.png,0.7234858870506287,1443.0,642.5,20.618850708007812,20.960783004760742,4.105741500854492,1.0006300210952759,8.89788214825124,0.05514011826103265,20.618850708007812,da3_bbox_median,1920.0,1280.0,image_root
right_rear,76,1772699917810644000,data\camera\right_rear_camera\1772699917810644000.jpg,2000054,2,motorcycle,0.352746,1230.0,597.0,1345.0,689.0,1235.7890625,595.4713134765625,1352.89208984375,688.8375244140625,matched,11,MOTOR,preprocessed/masks/right_rear_camera/masks/frame_000076_gt2d_011_track_-1_MOTOR.png,0.8849054574966431,1287.5,643.0,18.274559020996094,18.55779457092285,1.3612098693847656,1.0000581741333008,5.354519681957216,0.057009898008829676,18.274559020996094,da3_bbox_median,1920.0,1280.0,image_root
right_rear,76,1772699917810644000,data\camera\right_rear_camera\1772699917810644000.jpg,2000064,2,motorcycle,0.45764,987.0,607.0,1099.0,697.0,981.4566040039062,605.8800659179688,1094.5537109375,697.5182495117188,matched,7,MOTOR,preprocessed/masks/right_rear_camera/masks/frame_000076_gt2d_007_track_-1_MOTOR.png,0.9108833074569702,1043.0,652.0,14.675084114074707,14.066730499267578,2.1858224868774414,1.0804635286331177,1.1032087297529147,0.16342716665344031,14.675084114074707,da3_bbox_median,1920.0,1280.0,image_root
right_rear,76,1772699917810644000,data\camera\right_rear_camera\1772699917810644000.jpg,2000066,2,motorcycle,0.8023,567.0,592.0,741.0,732.0,558.6508178710938,590.9519653320312,732.5906982421875,733.1929931640625,matched,1,MOTOR,preprocessed/masks/right_rear_camera/masks/frame_000076_gt2d_001_track_-1_MOTOR.png,0.9178916811943054,654.0,662.0,11.502874374389648,12.243095397949219,2.208407402038574,1.0392673015594482,-3.1217629434611696,0.23056196627805434,11.502874374389648,da3_bbox_median,1920.0,1280.0,image_root
right_rear,76,1772699917810644000,data\camera\right_rear_camera\1772699917810644000.jpg,2000068,2,motorcycle,0.821235,668.0,585.0,838.0,725.0,649.4542846679688,584.6966552734375,823.7412719726562,726.7533569335938,matched,0,MOTOR,preprocessed/masks/right_rear_camera/masks/frame_000076_gt2d_000_track_-1_MOTOR.png,0.8155152797698975,753.0,655.0,11.4630765914917,12.629594802856445,2.5833969116210938,1.0459020137786865,-2.0999135928365305,0.1582892232456473,11.4630765914917,da3_bbox_median,1920.0,1280.0,image_root
right_rear,76,1772699917810644000,data\camera\right_rear_camera\1772699917810644000.jpg,2000070,2,motorcycle,0.776434,764.0,580.0,905.0,721.0,750.66455078125,577.4762573242188,896.4645385742188,722.8762817382812,matched,4,MOTOR,preprocessed/masks/right_rear_camera/masks/frame_000076_gt2d_004_track_-1_MOTOR.png,0.8894126415252686,834.5,650.5,11.541383743286133,13.885879516601562,6.45820426940918,1.0574842691421509,-1.2762448696406155,0.11310841140696001,11.541383743286133,da3_bbox_median,1920.0,1280.0,image_root
right_rear,76,1772699917810644000,data\camera\right_rear_camera\1772699917810644000.jpg,2000071,2,motorcycle,0.574472,245.0,574.0,541.0,731.0,245.0,574.0,541.0,731.0,tentative,5,MOTOR,preprocessed/masks/right_rear_camera/masks/frame_000076_gt2d_005_track_-1_MOTOR.png,0.8408067226409912,393.0,652.5,8.071207046508789,9.3325777053833,2.6579885482788086,1.4040194749832153,-4.06722895130285,0.09347865660435563,8.071207046508789,da3_bbox_median,1920.0,1280.0,image_root
right_rear,77,1772699917910651000,data\camera\right_rear_camera\1772699917910651000.jpg,-1,2,motorcycle,0.382049,1511.0,611.0,1575.0,668.0,1511.0,611.0,1575.0,668.0,unassigned,10,MOTOR,preprocessed/masks/right_rear_camera/masks/frame_000077_gt2d_010_track_-1_MOTOR.png,0.8547327518463135,1543.0,639.5,21.834400177001953,21.98971939086914,0.9860801696777344,1.0006299018859863,11.367698464952085,4.392160838357779e-05,21.834400177001953,da3_bbox_median,1920.0,1280.0,image_root
right_rear,77,1772699917910651000,data\camera\right_rear_camera\1772699917910651000.jpg,-1,2,motorcycle,0.345284,1349.0,604.0,1436.0,680.0,1349.0,604.0,1436.0,680.0,unassigned,12,MOTOR,preprocessed/masks/right_rear_camera/masks/frame_000077_gt2d_012_track_-1_MOTOR.png,0.8497912883758545,1392.5,642.0,18.383075714111328,18.390567779541016,0.7581462860107422,1.0115480422973633,7.105977669984338,0.040973729821499175,18.383075714111328,da3_bbox_median,1920.0,1280.0,image_root
right_rear,77,1772699917910651000,data\camera\right_rear_camera\1772699917910651000.jpg,-1,2,motorcycle,0.305138,1642.0,617.0,1718.0,667.0,1642.0,617.0,1718.0,667.0,unassigned,14,MOTOR,preprocessed/masks/right_rear_camera/masks/frame_000077_gt2d_014_track_-1_MOTOR.png,0.8379456400871277,1680.0,642.0,23.511293411254883,24.01167106628418,1.5019283294677734,1.000299096107483,15.110418813842145,0.05240392842680086,23.511293411254883,da3_bbox_median,1920.0,1280.0,image_root
right_rear,77,1772699917910651000,data\camera\right_rear_camera\1772699917910651000.jpg,5,0,bicycle,0.406356,1593.0,615.0,1665.0,668.0,1593.6094970703125,614.9017333984375,1666.3927001953125,668.0940551757812,matched,9,BICYCLE,preprocessed/masks/right_rear_camera/masks/frame_000077_gt2d_009_track_-1_BICYCLE.png,0.8468204736709595,1629.0,641.5,22.506900787353516,21.99843406677246,2.2106857299804688,1.0020911693572998,13.442270968757052,0.040141258491803965,22.506900787353516,da3_bbox_median,1920.0,1280.0,image_root
right_rear,77,1772699917910651000,data\camera\right_rear_camera\1772699917910651000.jpg,7,0,bicycle,0.787116,132.0,576.0,438.0,743.0,110.50218963623047,577.0,409.1022033691406,744.7999877929688,matched,1,BICYCLE,preprocessed/masks/right_rear_camera/masks/frame_000077_gt2d_001_track_-1_BICYCLE.png,0.8323714733123779,285.0,659.5,8.366748809814453,10.475595474243164,4.7618279457092285,1.52843177318573,-5.0211954191034245,0.1490702386485522,8.366748809814453,da3_bbox_median,1920.0,1280.0,image_root
right_rear,77,1772699917910651000,data\camera\right_rear_camera\1772699917910651000.jpg,2000036,2,motorcycle,0.611032,0.0,574.0,53.0,762.0,-2.929964780807495,565.9814453125,52.89040756225586,761.1807250976562,matched,5,MOTOR,preprocessed/masks/right_rear_camera/masks/frame_000077_gt2d_005_track_-1_MOTOR.png,0.9395413398742676,26.5,668.0,7.001920223236084,8.024659156799316,1.6681194305419922,1.6605724096298218,-5.8146619561661925,0.17776719294815682,7.001920223236084,da3_bbox_median,1920.0,1280.0,image_root
right_rear,77,1772699917910651000,data\camera\right_rear_camera\1772699917910651000.jpg,2000044,2,motorcycle,0.78241,1191.0,602.0,1310.0,689.0,1186.0032958984375,601.6755981445312,1308.8985595703125,689.10205078125,matched,2,MOTOR,preprocessed/masks/right_rear_camera/masks/frame_000077_gt2d_002_track_-1_MOTOR.png,0.8783489465713501,1250.5,645.5,16.197486877441406,16.102031707763672,1.7082862854003906,1.086564540863037,4.211998288738718,0.08659992233211232,16.197486877441406,da3_bbox_median,1920.0,1280.0,image_root
right_rear,77,1772699917910651000,data\camera\right_rear_camera\1772699917910651000.jpg,2000045,2,motorcycle,0.354151,1475.0,611.0,1546.0,672.0,1477.928955078125,610.6659545898438,1549.0849609375,671.9215087890625,matched,11,MOTOR,preprocessed/masks/right_rear_camera/masks/frame_000077_gt2d_011_track_-1_MOTOR.png,0.8808678388595581,1510.5,641.5,21.27621841430664,21.151126861572266,0.7054233551025391,1.0007678270339966,10.461044443670911,0.03794632549216416,21.27621841430664,da3_bbox_median,1920.0,1280.0,image_root
right_rear,77,1772699917910651000,data\camera\right_rear_camera\1772699917910651000.jpg,2000054,2,motorcycle,0.316692,1265.0,600.0,1381.0,685.0,1271.377197265625,598.9492797851562,1386.2508544921875,685.535888671875,matched,13,MOTOR,preprocessed/masks/right_rear_camera/masks/frame_000077_gt2d_013_track_-1_MOTOR.png,0.9222425222396851,1323.0,642.5,17.661821365356445,17.781267166137695,1.4639148712158203,1.0080723762512207,5.73358323103643,0.04723226006058429,17.661821365356445,da3_bbox_median,1920.0,1280.0,image_root
right_rear,77,1772699917910651000,data\camera\right_rear_camera\1772699917910651000.jpg,2000064,2,motorcycle,0.556358,1058.0,607.0,1149.0,693.0,1055.3902587890625,607.8154907226562,1150.88330078125,693.6448974609375,matched,6,MOTOR,preprocessed/masks/right_rear_camera/masks/frame_000077_gt2d_006_track_-1_MOTOR.png,0.9236582517623901,1103.5,650.0,14.286041259765625,13.846731185913086,3.4991455078125,1.1839338541030884,1.8439838340879162,0.13364409683970216,14.286041259765625,da3_bbox_median,1920.0,1280.0,image_root
right_rear,77,1772699917910651000,data\camera\right_rear_camera\1772699917910651000.jpg,2000066,2,motorcycle,0.752358,656.0,594.0,824.0,724.0,650.1240234375,594.9698486328125,815.6300659179688,725.6071166992188,matched,3,MOTOR,preprocessed/masks/right_rear_camera/masks/frame_000077_gt2d_003_track_-1_MOTOR.png,0.8910325765609741,740.0,659.0,10.78905200958252,11.516983985900879,1.959329605102539,1.1915361881256104,-2.1013969568450213,0.1874232117101404,10.78905200958252,da3_bbox_median,1920.0,1280.0,image_root
right_rear,77,1772699917910651000,data\camera\right_rear_camera\1772699917910651000.jpg,2000068,2,motorcycle,0.807151,754.0,589.0,911.0,720.0,737.2467041015625,590.2296142578125,899.0805053710938,721.2327880859375,matched,0,MOTOR,preprocessed/masks/right_rear_camera/masks/frame_000077_gt2d_000_track_-1_MOTOR.png,0.7610135674476624,832.5,654.5,11.198049545288086,12.308683395385742,2.0594005584716797,1.1892483234405518,-1.258232006555305,0.1496422426295862,11.198049545288086,da3_bbox_median,1920.0,1280.0,image_root
right_rear,77,1772699917910651000,data\camera\right_rear_camera\1772699917910651000.jpg,2000070,2,motorcycle,0.727986,828.0,582.0,972.0,716.0,817.4891357421875,582.0958251953125,961.8472900390625,718.3900146484375,matched,4,MOTOR,preprocessed/masks/right_rear_camera/masks/frame_000077_gt2d_004_track_-1_MOTOR.png,0.8597922325134277,900.0,649.0,11.219188690185547,13.152464866638184,4.348814010620117,1.1879788637161255,-0.5859225013024808,0.09496060411894805,11.219188690185547,da3_bbox_median,1920.0,1280.0,image_root
right_rear,77,1772699917910651000,data\camera\right_rear_camera\1772699917910651000.jpg,2000071,2,motorcycle,0.508594,356.0,583.0,645.0,726.0,338.7021789550781,582.2000122070312,629.1021728515625,728.0,matched,8,MOTOR,preprocessed/masks/right_rear_camera/masks/frame_000077_gt2d_008_track_-1_MOTOR.png,0.898888349533081,500.5,654.5,8.227954864501953,9.41103744506836,2.0646591186523438,1.7304306030273438,-3.3581992512786996,0.10995214954171821,8.227954864501953,da3_bbox_median,1920.0,1280.0,image_root
right_rear,77,1772699917910651000,data\camera\right_rear_camera\1772699917910651000.jpg,3000034,3,person,0.513574,1398.0,587.0,1430.0,659.0,1398.0,587.0,1430.0,659.0,tentative,7,PEDESTRIAN_NORMAL,preprocessed/masks/right_rear_camera/masks/frame_000077_gt2d_007_track_-1_PEDESTRIAN_NORMAL.png,0.854143500328064,1414.0,623.0,19.098705291748047,19.8441162109375,1.6875686645507812,1.0030689239501953,7.748433203539542,-0.2806619975025006,19.098705291748047,da3_bbox_median,1920.0,1280.0,image_root
right_rear,78,1772699918010645000,data\camera\right_rear_camera\1772699918010645000.jpg,-1,2,motorcycle,0.413469,1525.0,612.0,1592.0,667.0,1525.0,612.0,1592.0,667.0,unassigned,7,MOTOR,preprocessed/masks/right_rear_camera/masks/frame_000078_gt2d_007_track_-1_MOTOR.png,0.8540146350860596,1558.5,639.5,20.418758392333984,20.753793716430664,1.6841926574707031,1.0026344060897827,10.912635300105418,4.107393390781607e-05,20.418758392333984,da3_bbox_median,1920.0,1280.0,image_root
right_rear,78,1772699918010645000,data\camera\right_rear_camera\1772699918010645000.jpg,-1,3,person,0.359916,1397.0,586.0,1433.0,667.0,1397.0,586.0,1433.0,667.0,unassigned,9,PEDESTRIAN_NORMAL,preprocessed/masks/right_rear_camera/masks/frame_000078_gt2d_009_track_-1_PEDESTRIAN_NORMAL.png,0.8978367447853088,1415.0,626.5,16.633045196533203,17.19810676574707,2.004138946533203,1.007407546043396,6.762922090379502,-0.19257275986971326,16.633045196533203,da3_bbox_median,1920.0,1280.0,image_root
right_rear,78,1772699918010645000,data\camera\right_rear_camera\1772699918010645000.jpg,-1,2,motorcycle,0.350624,1367.0,601.0,1458.0,677.0,1367.0,601.0,1458.0,677.0,unassigned,10,MOTOR,preprocessed/masks/right_rear_camera/masks/frame_000078_gt2d_010_track_-1_MOTOR.png,0.8882867097854614,1412.5,639.0,16.187301635742188,16.621604919433594,1.49786376953125,1.0126097202301025,6.545631020154637,-0.007176846712693622,16.187301635742188,da3_bbox_median,1920.0,1280.0,image_root
right_rear,78,1772699918010645000,data\camera\right_rear_camera\1772699918010645000.jpg,5,0,bicycle,0.345133,1602.0,615.0,1678.0,667.0,1604.82861328125,615.12353515625,1679.525390625,667.2041015625,matched,11,BICYCLE,preprocessed/masks/right_rear_camera/masks/frame_000078_gt2d_011_track_-1_BICYCLE.png,0.866276204586029,1640.0,641.0,21.131683349609375,20.68678855895996,2.4151992797851562,1.0037997961044312,12.828012437481867,0.028277036445013316,21.131683349609375,da3_bbox_median,1920.0,1280.0,image_root
right_rear,78,1772699918010645000,data\camera\right_rear_camera\1772699918010645000.jpg,7,0,bicycle,0.79899,279.0,579.0,556.0,736.0,243.07691955566406,579.7243041992188,525.5908813476562,739.1494140625,matched,0,BICYCLE,preprocessed/masks/right_rear_camera/masks/frame_000078_gt2d_000_track_-1_BICYCLE.png,0.8426244854927063,417.5,657.5,8.390714645385742,10.557096481323242,5.266609191894531,1.5843790769577026,-4.045087304242855,0.13454920168291257,8.390714645385742,da3_bbox_median,1920.0,1280.0,image_root
right_rear,78,1772699918010645000,data\camera\right_rear_camera\1772699918010645000.jpg,2000014,2,motorcycle,0.755765,32.0,549.0,242.0,755.0,28.349369049072266,546.91845703125,258.19891357421875,752.2861938476562,matched,2,MOTOR,preprocessed/masks/right_rear_camera/masks/frame_000078_gt2d_002_track_-1_MOTOR.png,0.942931056022644,137.0,652.0,6.784428119659424,8.942599296569824,3.875889778137207,1.8393417596817017,-4.9661486077642,0.07555390186121443,6.784428119659424,da3_bbox_median,1920.0,1280.0,image_root
right_rear,78,1772699918010645000,data\camera\right_rear_camera\1772699918010645000.jpg,2000044,2,motorcycle,0.699847,1231.0,600.0,1340.0,687.0,1229.56787109375,601.0045776367188,1341.890380859375,687.0743408203125,matched,4,MOTOR,preprocessed/masks/right_rear_camera/masks/frame_000078_gt2d_004_track_-1_MOTOR.png,0.8879201412200928,1285.5,643.5,14.545093536376953,15.180537223815918,1.7621650695800781,1.1574629545211792,4.235854368238006,0.05185334975982003,14.545093536376953,da3_bbox_median,1920.0,1280.0,image_root
right_rear,78,1772699918010645000,data\camera\right_rear_camera\1772699918010645000.jpg,2000045,2,motorcycle,0.409643,1494.0,609.0,1561.0,670.0,1497.291259765625,609.8248291015625,1565.0899658203125,670.4300537109375,matched,8,MOTOR,preprocessed/masks/right_rear_camera/masks/frame_000078_gt2d_008_track_-1_MOTOR.png,0.8688257336616516,1527.5,639.5,19.8508243560791,19.686172485351562,1.5142879486083984,1.007204532623291,10.060861145595887,3.9931490051979554e-05,19.8508243560791,da3_bbox_median,1920.0,1280.0,image_root
right_rear,78,1772699918010645000,data\camera\right_rear_camera\1772699918010645000.jpg,2000064,2,motorcycle,0.328386,1106.0,610.0,1196.0,690.0,1110.812255859375,610.4940795898438,1200.27685546875,690.3946533203125,matched,12,MOTOR,preprocessed/masks/right_rear_camera/masks/frame_000078_gt2d_012_track_-1_MOTOR.png,0.9137381315231323,1151.0,650.0,12.408377647399902,12.358539581298828,4.9328155517578125,1.3495497703552246,2.126725411808272,0.11607879284256765,12.408377647399902,da3_bbox_median,1920.0,1280.0,image_root
right_rear,78,1772699918010645000,data\camera\right_rear_camera\1772699918010645000.jpg,2000066,2,motorcycle,0.721161,737.0,595.0,895.0,719.0,735.191162109375,596.5664672851562,891.4077758789062,719.7705078125,matched,3,MOTOR,preprocessed/masks/right_rear_camera/masks/frame_000078_gt2d_003_track_-1_MOTOR.png,0.8818691372871399,816.0,657.0,10.761112213134766,11.327710151672363,2.298995018005371,1.3111635446548462,-1.367326156332945,0.167766959558025,10.761112213134766,da3_bbox_median,1920.0,1280.0,image_root
right_rear,78,1772699918010645000,data\camera\right_rear_camera\1772699918010645000.jpg,2000068,2,motorcycle,0.773902,827.0,592.0,973.0,714.0,818.387939453125,593.60400390625,967.8126831054688,715.1572875976562,matched,1,MOTOR,preprocessed/masks/right_rear_camera/masks/frame_000078_gt2d_001_track_-1_MOTOR.png,0.8382300138473511,900.0,653.0,11.208038330078125,11.993815422058105,2.552605628967285,1.235300898551941,-0.5853401733761951,0.13480040724232456,11.208038330078125,da3_bbox_median,1920.0,1280.0,image_root
right_rear,78,1772699918010645000,data\camera\right_rear_camera\1772699918010645000.jpg,2000070,2,motorcycle,0.638895,897.0,584.0,1032.0,710.0,890.7503662109375,584.572998046875,1027.5093994140625,711.631591796875,matched,5,MOTOR,preprocessed/masks/right_rear_camera/masks/frame_000078_gt2d_005_track_-1_MOTOR.png,0.858447253704071,964.5,647.0,11.25053596496582,11.921279907226562,2.1225662231445312,1.2307631969451904,0.058940471530056646,0.07518313133854908,11.25053596496582,da3_bbox_median,1920.0,1280.0,image_root
right_rear,78,1772699918010645000,data\camera\right_rear_camera\1772699918010645000.jpg,2000071,2,motorcycle,0.547573,474.0,587.0,656.0,718.0,449.86199951171875,587.08984375,656.1969604492188,721.2125854492188,matched,6,MOTOR,preprocessed/masks/right_rear_camera/masks/frame_000078_gt2d_006_track_-1_MOTOR.png,0.9033732414245605,565.0,652.5,8.23875617980957,9.701889038085938,2.8424124717712402,1.7272820472717285,-2.889176392220613,0.09541916783222158,8.23875617980957,da3_bbox_median,1920.0,1280.0,image_root
right_rear,79,1772699918110561000,data\camera\right_rear_camera\1772699918110561000.jpg,-1,2,motorcycle,0.471522,865.0,596.0,966.0,716.0,865.0,596.0,966.0,716.0,unassigned,8,MOTOR,preprocessed/masks/right_rear_camera/masks/frame_000079_gt2d_008_track_-1_MOTOR.png,0.8311795592308044,915.5,656.0,12.088796615600586,12.790162086486816,3.0458860397338867,1.2727959156036377,-0.4644016404154112,0.1776976303687548,12.088796615600586,da3_bbox_median,1920.0,1280.0,image_root
right_rear,79,1772699918110561000,data\camera\right_rear_camera\1772699918110561000.jpg,-1,2,motorcycle,0.368655,1386.0,603.0,1472.0,677.0,1386.0,603.0,1472.0,677.0,unassigned,10,MOTOR,preprocessed/masks/right_rear_camera/masks/frame_000079_gt2d_010_track_-1_MOTOR.png,0.8851466178894043,1429.0,640.0,18.862548828125,19.435989379882812,2.79290771484375,1.0014184713363647,7.9046969927689865,0.008438838681339697,18.862548828125,da3_bbox_median,1920.0,1280.0,image_root
right_rear,79,1772699918110561000,data\camera\right_rear_camera\1772699918110561000.jpg,-1,2,motorcycle,0.350514,1539.0,613.0,1605.0,667.0,1539.0,613.0,1605.0,667.0,unassigned,11,MOTOR,preprocessed/masks/right_rear_camera/masks/frame_000079_gt2d_011_track_-1_MOTOR.png,0.8984628915786743,1572.0,640.0,22.535844802856445,22.7581787109375,1.5071601867675781,1.0003125667572021,12.315140661004351,0.010082219564911118,22.535844802856445,da3_bbox_median,1920.0,1280.0,image_root
right_rear,79,1772699918110561000,data\camera\right_rear_camera\1772699918110561000.jpg,-1,2,motorcycle,0.330612,1663.0,616.0,1743.0,666.0,1663.0,616.0,1743.0,666.0,unassigned,12,MOTOR,preprocessed/masks/right_rear_camera/masks/frame_000079_gt2d_012_track_-1_MOTOR.png,0.8116306066513062,1703.0,641.0,26.332603454589844,26.715547561645508,2.495067596435547,1.0000710487365723,17.463221846480128,0.0352365675397689,26.332603454589844,da3_bbox_median,1920.0,1280.0,image_root
right_rear,79,1772699918110561000,data\camera\right_rear_camera\1772699918110561000.jpg,7,0,bicycle,0.807907,408.0,582.0,657.0,731.0,388.4625549316406,582.35693359375,643.0909423828125,732.6491088867188,matched,0,BICYCLE,preprocessed/masks/right_rear_camera/masks/frame_000079_gt2d_000_track_-1_BICYCLE.png,0.8713796138763428,532.5,656.5,9.565189361572266,11.689416885375977,6.99177360534668,1.4834506511688232,-3.6312886469263086,0.1448622968282072,9.565189361572266,da3_bbox_median,1920.0,1280.0,image_root
right_rear,79,1772699918110561000,data\camera\right_rear_camera\1772699918110561000.jpg,2000036,2,motorcycle,0.575563,0.0,551.0,59.0,751.0,-1.0126897096633911,554.3125610351562,57.22370147705078,752.81787109375,matched,6,MOTOR,preprocessed/masks/right_rear_camera/masks/frame_000079_gt2d_006_track_-1_MOTOR.png,0.9454172849655151,29.5,651.0,6.742795467376709,7.971902847290039,1.5425100326538086,1.7025837898254395,-5.581453115449543,0.06908412911449573,6.742795467376709,da3_bbox_median,1920.0,1280.0,image_root
right_rear,79,1772699918110561000,data\camera\right_rear_camera\1772699918110561000.jpg,2000044,2,motorcycle,0.631909,1254.0,601.0,1368.0,686.0,1258.6395263671875,601.4132080078125,1370.9747314453125,685.7548217773438,matched,3,MOTOR,preprocessed/masks/right_rear_camera/masks/frame_000079_gt2d_003_track_-1_MOTOR.png,0.899145245552063,1311.0,643.5,16.37240219116211,16.24378204345703,4.397363662719727,1.1329609155654907,5.139960396668433,0.05836771658453299,16.37240219116211,da3_bbox_median,1920.0,1280.0,image_root
right_rear,79,1772699918110561000,data\camera\right_rear_camera\1772699918110561000.jpg,2000045,2,motorcycle,0.388725,1513.0,612.0,1574.0,669.0,1515.89892578125,611.5303955078125,1578.4326171875,669.2454223632812,matched,9,MOTOR,preprocessed/masks/right_rear_camera/masks/frame_000079_gt2d_009_track_-1_MOTOR.png,0.8782070279121399,1543.5,640.5,22.059051513671875,21.704378128051758,2.0950145721435547,1.0071971416473389,11.494485609276095,0.019693444413020646,22.059051513671875,da3_bbox_median,1920.0,1280.0,image_root
right_rear,79,1772699918110561000,data\camera\right_rear_camera\1772699918110561000.jpg,2000066,2,motorcycle,0.54586,815.0,592.0,964.0,715.0,815.1439819335938,594.5150756835938,962.5834350585938,715.2015380859375,matched,7,MOTOR,preprocessed/masks/right_rear_camera/masks/frame_000079_gt2d_007_track_-1_MOTOR.png,0.8789280652999878,889.5,653.5,11.91695785522461,12.539791107177734,3.3650455474853516,1.379704236984253,-0.7338418254474764,0.1486341737186432,11.91695785522461,da3_bbox_median,1920.0,1280.0,image_root
right_rear,79,1772699918110561000,data\camera\right_rear_camera\1772699918110561000.jpg,2000068,2,motorcycle,0.594142,950.0,584.0,1084.0,707.0,931.99169921875,587.9990844726562,1068.7239990234375,708.173095703125,matched,5,MOTOR,preprocessed/masks/right_rear_camera/masks/frame_000079_gt2d_005_track_-1_MOTOR.png,0.863364577293396,1017.0,645.5,11.947122573852539,12.991973876953125,2.845271110534668,1.2672131061553955,0.621392246874257,0.06387533416858596,11.947122573852539,da3_bbox_median,1920.0,1280.0,image_root
right_rear,79,1772699918110561000,data\camera\right_rear_camera\1772699918110561000.jpg,2000070,2,motorcycle,0.695123,880.0,587.0,1030.0,711.0,895.1218872070312,587.309814453125,1041.4473876953125,710.592041015625,matched,2,MOTOR,preprocessed/masks/right_rear_camera/masks/frame_000079_gt2d_002_track_-1_MOTOR.png,0.7982110977172852,955.0,649.0,12.223770141601562,13.132740020751953,3.339315414428711,1.2447822093963623,-0.039418934596661376,0.10346350607981851,12.223770141601562,da3_bbox_median,1920.0,1280.0,image_root
right_rear,79,1772699918110561000,data\camera\right_rear_camera\1772699918110561000.jpg,2000071,2,motorcycle,0.630482,590.0,588.0,759.0,713.0,582.8228759765625,588.7510986328125,751.6115112304688,714.3750610351562,matched,4,MOTOR,preprocessed/masks/right_rear_camera/masks/frame_000079_gt2d_004_track_-1_MOTOR.png,0.9149911403656006,674.5,650.5,9.25869369506836,10.498978614807129,1.8519773483276367,1.6329500675201416,-2.3436168667221713,0.09073748510979182,9.25869369506836,da3_bbox_median,1920.0,1280.0,image_root
right_rear,79,1772699918110561000,data\camera\right_rear_camera\1772699918110561000.jpg,2000072,2,motorcycle,0.783874,199.0,570.0,400.0,744.0,199.0,570.0,400.0,744.0,tentative,1,MOTOR,preprocessed/masks/right_rear_camera/masks/frame_000079_gt2d_001_track_-1_MOTOR.png,0.9406216144561768,299.5,657.0,7.340112209320068,9.04686450958252,3.345240592956543,1.7985756397247314,-4.310251423767754,0.11443318160638755,7.340112209320068,da3_bbox_median,1920.0,1280.0,image_root
right_rear,80,1772699918210538000,data\camera\right_rear_camera\1772699918210538000.jpg,-1,2,motorcycle,0.377694,1555.0,615.0,1615.0,667.0,1555.0,615.0,1615.0,667.0,unassigned,8,MOTOR,preprocessed/masks/right_rear_camera/masks/frame_000080_gt2d_008_track_-1_MOTOR.png,0.8942012190818787,1585.0,641.0,23.313249588012695,23.404348373413086,1.1418170928955078,1.0002745389938354,13.009979508218901,0.031196265690026665,23.313249588012695,da3_bbox_median,1920.0,1280.0,image_root
right_rear,80,1772699918210538000,data\camera\right_rear_camera\1772699918210538000.jpg,-1,2,motorcycle,0.375899,1351.0,598.0,1451.0,680.0,1351.0,598.0,1451.0,680.0,unassigned,9,MOTOR,preprocessed/masks/right_rear_camera/masks/frame_000080_gt2d_009_track_-1_MOTOR.png,0.9253123998641968,1401.0,639.0,18.114643096923828,19.14590072631836,1.8113365173339844,1.0100712776184082,7.1393930139388,-0.008031358140304106,18.114643096923828,da3_bbox_median,1920.0,1280.0,image_root
right_rear,80,1772699918210538000,data\camera\right_rear_camera\1772699918210538000.jpg,-1,2,motorcycle,0.354055,1404.0,606.0,1491.0,677.0,1404.0,606.0,1491.0,677.0,unassigned,10,MOTOR,preprocessed/masks/right_rear_camera/masks/frame_000080_gt2d_010_track_-1_MOTOR.png,0.903783917427063,1447.5,641.5,19.072219848632812,19.708641052246094,2.1758499145507812,1.0032613277435303,8.306909981121192,0.03401547437338242,19.072219848632812,da3_bbox_median,1920.0,1280.0,image_root
right_rear,80,1772699918210538000,data\camera\right_rear_camera\1772699918210538000.jpg,-1,2,motorcycle,0.326234,1668.0,617.0,1750.0,668.0,1668.0,617.0,1750.0,668.0,unassigned,12,MOTOR,preprocessed/masks/right_rear_camera/masks/frame_000080_gt2d_012_track_-1_MOTOR.png,0.8420140743255615,1709.0,642.5,26.880855560302734,27.066692352294922,3.1457061767578125,1.000119924545288,17.970502109984988,0.07188633234427454,26.880855560302734,da3_bbox_median,1920.0,1280.0,image_root
right_rear,80,1772699918210538000,data\camera\right_rear_camera\1772699918210538000.jpg,-1,2,motorcycle,0.303941,1104.0,596.0,1204.0,700.0,1104.0,596.0,1204.0,700.0,unassigned,13,MOTOR,preprocessed/masks/right_rear_camera/masks/frame_000080_gt2d_013_track_-1_MOTOR.png,0.8086725473403931,1154.0,648.0,12.462799072265625,12.245558738708496,2.8390121459960938,1.4341444969177246,2.1693627717585104,0.09438545482906444,12.462799072265625,da3_bbox_median,1920.0,1280.0,image_root
right_rear,80,1772699918210538000,data\camera\right_rear_camera\1772699918210538000.jpg,7,0,bicycle,0.781039,514.0,586.0,745.0,726.0,508.4791259765625,586.295654296875,741.3043823242188,727.2182006835938,matched,1,BICYCLE,preprocessed/masks/right_rear_camera/masks/frame_000080_gt2d_001_track_-1_BICYCLE.png,0.8671325445175171,629.5,656.0,10.534968376159668,13.372710227966309,8.95301628112793,1.3021515607833862,-3.089033943405459,0.15485734237909804,10.534968376159668,da3_bbox_median,1920.0,1280.0,image_root
right_rear,80,1772699918210538000,data\camera\right_rear_camera\1772699918210538000.jpg,2000014,2,motorcycle,0.757464,131.0,557.0,235.0,747.0,110.02111053466797,555.14892578125,234.819580078125,748.5444946289062,matched,2,MOTOR,preprocessed/masks/right_rear_camera/masks/frame_000080_gt2d_002_track_-1_MOTOR.png,0.9366055727005005,183.0,652.0,6.9947919845581055,8.597204208374023,2.4414968490600586,1.952417016029358,-4.833472529435511,0.0778965916979075,6.9947919845581055,da3_bbox_median,1920.0,1280.0,image_root
right_rear,80,1772699918210538000,data\camera\right_rear_camera\1772699918210538000.jpg,2000044,2,motorcycle,0.530849,1285.0,603.0,1397.0,687.0,1288.4581298828125,603.35107421875,1399.498779296875,686.5278930664062,matched,5,MOTOR,preprocessed/masks/right_rear_camera/masks/frame_000080_gt2d_005_track_-1_MOTOR.png,0.8749784231185913,1341.0,645.0,16.592761993408203,16.679244995117188,3.670577049255371,1.1487523317337036,5.652621858867981,0.08132327179554774,16.592761993408203,da3_bbox_median,1920.0,1280.0,image_root
right_rear,80,1772699918210538000,data\camera\right_rear_camera\1772699918210538000.jpg,2000045,2,motorcycle,0.351599,1531.0,613.0,1586.0,669.0,1533.35205078125,613.27978515625,1589.905517578125,669.3218383789062,matched,11,MOTOR,preprocessed/masks/right_rear_camera/masks/frame_000080_gt2d_011_track_-1_MOTOR.png,0.842015266418457,1558.5,641.0,22.72357177734375,22.447656631469727,1.7667274475097656,1.0008708238601685,12.144423610743146,0.030407197414336756,22.72357177734375,da3_bbox_median,1920.0,1280.0,image_root
right_rear,80,1772699918210538000,data\camera\right_rear_camera\1772699918210538000.jpg,2000066,2,motorcycle,0.648741,901.0,596.0,1025.0,713.0,899.2463989257812,597.0038452148438,1026.133056640625,712.8910522460938,matched,4,MOTOR,preprocessed/masks/right_rear_camera/masks/frame_000080_gt2d_004_track_-1_MOTOR.png,0.8848019242286682,963.0,654.5,12.268875122070312,12.73840618133545,2.1274280548095703,1.3498294353485107,0.047879687806115234,0.16395194362945706,12.268875122070312,da3_bbox_median,1920.0,1280.0,image_root
right_rear,80,1772699918210538000,data\camera\right_rear_camera\1772699918210538000.jpg,2000068,2,motorcycle,0.509778,993.0,590.0,1132.0,706.0,995.9698486328125,590.9290771484375,1132.6707763671875,705.8676147460938,matched,6,MOTOR,preprocessed/masks/right_rear_camera/masks/frame_000080_gt2d_006_track_-1_MOTOR.png,0.8330954909324646,1062.5,648.0,12.77396011352539,13.177164077758789,1.3935012817382812,1.2037906646728516,1.1822102153058314,0.0967419941774156,12.77396011352539,da3_bbox_median,1920.0,1280.0,image_root
right_rear,80,1772699918210538000,data\camera\right_rear_camera\1772699918210538000.jpg,2000070,2,motorcycle,0.652379,954.0,595.0,1081.0,710.0,948.3426513671875,594.3558349609375,1081.12451171875,710.0108032226562,matched,3,MOTOR,preprocessed/masks/right_rear_camera/masks/frame_000080_gt2d_003_track_-1_MOTOR.png,0.812816858291626,1017.5,652.5,12.61131477355957,13.060385704040527,1.4678888320922852,1.2238987684249878,0.6615559254352299,0.14606102361813922,12.61131477355957,da3_bbox_median,1920.0,1280.0,image_root
right_rear,80,1772699918210538000,data\camera\right_rear_camera\1772699918210538000.jpg,2000071,2,motorcycle,0.496061,673.0,591.0,837.0,705.0,673.7435302734375,591.596923828125,833.438720703125,706.580078125,matched,7,MOTOR,preprocessed/masks/right_rear_camera/masks/frame_000080_gt2d_007_track_-1_MOTOR.png,0.9004032015800476,755.0,648.0,10.83645248413086,13.146193504333496,5.799346923828125,1.2619229555130005,-1.9658140386189626,0.08206852172754317,10.83645248413086,da3_bbox_median,1920.0,1280.0,image_root
right_rear,80,1772699918210538000,data\camera\right_rear_camera\1772699918210538000.jpg,2000073,2,motorcycle,0.817714,338.0,584.0,539.0,740.0,338.0,584.0,539.0,740.0,tentative,0,MOTOR,preprocessed/masks/right_rear_camera/masks/frame_000080_gt2d_000_track_-1_MOTOR.png,0.9373080730438232,438.5,662.0,8.839010238647461,11.239304542541504,5.312456130981445,1.5002902746200562,-4.095835827068973,0.17716785511556518,8.839010238647461,da3_bbox_median,1920.0,1280.0,image_root
right_rear,81,1772699918310546000,data\camera\right_rear_camera\1772699918310546000.jpg,-1,2,motorcycle,0.369617,1143.0,599.0,1239.0,695.0,1143.0,599.0,1239.0,695.0,unassigned,9,MOTOR,preprocessed/masks/right_rear_camera/masks/frame_000081_gt2d_009_track_-1_MOTOR.png,0.857253909111023,1191.0,647.0,13.011838912963867,13.053254127502441,2.709141731262207,1.2152061462402344,2.6938522889645666,0.08695326133757024,13.011838912963867,da3_bbox_median,1920.0,1280.0,image_root
right_rear,81,1772699918310546000,data\camera\right_rear_camera\1772699918310546000.jpg,-1,2,motorcycle,0.351809,1426.0,608.0,1509.0,676.0,1426.0,608.0,1509.0,676.0,unassigned,10,MOTOR,preprocessed/masks/right_rear_camera/masks/frame_000081_gt2d_010_track_-1_MOTOR.png,0.8645421862602234,1467.5,642.0,20.336009979248047,20.75928497314453,1.7868194580078125,1.0021369457244873,9.21970669546588,0.04532659232303559,20.336009979248047,da3_bbox_median,1920.0,1280.0,image_root
right_rear,81,1772699918310546000,data\camera\right_rear_camera\1772699918310546000.jpg,-1,2,motorcycle,0.326543,1368.0,595.0,1470.0,680.0,1368.0,595.0,1470.0,680.0,unassigned,11,MOTOR,preprocessed/masks/right_rear_camera/masks/frame_000081_gt2d_011_track_-1_MOTOR.png,0.914026141166687,1419.0,637.5,19.22836685180664,20.20752716064453,2.5934715270996094,1.0058338642120361,7.886691580724837,-0.03421660521166715,19.22836685180664,da3_bbox_median,1920.0,1280.0,image_root
right_rear,81,1772699918310546000,data\camera\right_rear_camera\1772699918310546000.jpg,7,0,bicycle,0.777428,623.0,590.0,819.0,722.0,620.705810546875,590.20654296875,821.1570434570312,722.6240234375,matched,1,BICYCLE,preprocessed/masks/right_rear_camera/masks/frame_000081_gt2d_001_track_-1_BICYCLE.png,0.8514970541000366,721.0,656.0,11.811383247375488,14.424811363220215,9.666681289672852,1.2120609283447266,-2.500453222099204,0.1736198300935315,11.811383247375488,da3_bbox_median,1920.0,1280.0,image_root
right_rear,81,1772699918310546000,data\camera\right_rear_camera\1772699918310546000.jpg,2000044,2,motorcycle,0.425937,1306.0,604.0,1421.0,686.0,1311.4337158203125,604.5942993164062,1424.2125244140625,686.1063842773438,matched,8,MOTOR,preprocessed/masks/right_rear_camera/masks/frame_000081_gt2d_008_track_-1_MOTOR.png,0.891145646572113,1363.5,645.0,17.490427017211914,17.629610061645508,3.238311767578125,1.102561116218567,6.309032934678593,0.08572284413565284,17.490427017211914,da3_bbox_median,1920.0,1280.0,image_root
right_rear,81,1772699918310546000,data\camera\right_rear_camera\1772699918310546000.jpg,2000045,2,motorcycle,0.453333,1566.0,617.0,1631.0,668.0,1562.5885009765625,616.525146484375,1624.364501953125,668.6116943359375,matched,7,MOTOR,preprocessed/masks/right_rear_camera/masks/frame_000081_gt2d_007_track_-1_MOTOR.png,0.9180220365524292,1598.5,642.5,24.459774017333984,24.686574935913086,2.239297866821289,1.0002331733703613,13.943984387852755,0.06541173662167914,24.459774017333984,da3_bbox_median,1920.0,1280.0,image_root
right_rear,81,1772699918310546000,data\camera\right_rear_camera\1772699918310546000.jpg,2000066,2,motorcycle,0.47765,974.0,595.0,1080.0,708.0,974.9210205078125,596.8203735351562,1082.501953125,708.638671875,matched,6,MOTOR,preprocessed/masks/right_rear_camera/masks/frame_000081_gt2d_006_track_-1_MOTOR.png,0.9008445143699646,1027.0,651.5,13.228461265563965,13.46809196472168,1.7034282684326172,1.2524017095565796,0.8058912545868134,0.14142542217414147,13.228461265563965,da3_bbox_median,1920.0,1280.0,image_root
right_rear,81,1772699918310546000,data\camera\right_rear_camera\1772699918310546000.jpg,2000068,2,motorcycle,0.498097,1055.0,592.0,1185.0,704.0,1057.92333984375,593.0194091796875,1188.3648681640625,703.7857666015625,matched,4,MOTOR,preprocessed/masks/right_rear_camera/masks/frame_000081_gt2d_004_track_-1_MOTOR.png,0.873953104019165,1120.0,648.0,13.525236129760742,13.82125473022461,1.1642093658447266,1.062646746635437,1.9446042263759773,0.10243168941227991,13.525236129760742,da3_bbox_median,1920.0,1280.0,image_root
right_rear,81,1772699918310546000,data\camera\right_rear_camera\1772699918310546000.jpg,2000070,2,motorcycle,0.590063,1001.0,593.0,1129.0,707.0,998.0385131835938,594.72998046875,1126.535888671875,707.59765625,matched,3,MOTOR,preprocessed/masks/right_rear_camera/masks/frame_000081_gt2d_003_track_-1_MOTOR.png,0.8570034503936768,1065.0,650.0,13.45329761505127,13.901718139648438,1.3212785720825195,1.1006542444229126,1.2750461678630163,0.12585388608269657,13.45329761505127,da3_bbox_median,1920.0,1280.0,image_root
right_rear,81,1772699918310546000,data\camera\right_rear_camera\1772699918310546000.jpg,2000071,2,motorcycle,0.48959,780.0,602.0,913.0,702.0,777.2570190429688,600.6453247070312,910.4608764648438,702.1434326171875,matched,5,MOTOR,preprocessed/masks/right_rear_camera/masks/frame_000081_gt2d_005_track_-1_MOTOR.png,0.925789475440979,846.5,652.0,11.274871826171875,12.812699317932129,1.046630859375,1.230979323387146,-1.126234753421747,0.12556114449556943,11.274871826171875,da3_bbox_median,1920.0,1280.0,image_root
right_rear,81,1772699918310546000,data\camera\right_rear_camera\1772699918310546000.jpg,2000073,2,motorcycle,0.811258,459.0,591.0,647.0,731.0,439.72625732421875,590.9382934570312,630.3262939453125,734.1383056640625,matched,0,MOTOR,preprocessed/masks/right_rear_camera/masks/frame_000081_gt2d_000_track_-1_MOTOR.png,0.9267651438713074,553.0,661.0,9.03551197052002,11.935454368591309,6.418566703796387,1.482661247253418,-3.2651819613103807,0.17305813736919085,9.03551197052002,da3_bbox_median,1920.0,1280.0,image_root
right_rear,81,1772699918310546000,data\camera\right_rear_camera\1772699918310546000.jpg,2000074,2,motorcycle,0.650644,287.0,563.0,389.0,737.0,287.0,563.0,389.0,737.0,tentative,2,MOTOR,preprocessed/masks/right_rear_camera/masks/frame_000081_gt2d_002_track_-1_MOTOR.png,0.9043489694595337,338.0,650.0,7.530488967895508,9.373196601867676,2.2508063316345215,1.8475879430770874,-4.163747102464112,0.07044676538280185,7.530488967895508,da3_bbox_median,1920.0,1280.0,image_root
right_rear,82,1772699918410553000,data\camera\right_rear_camera\1772699918410553000.jpg,-1,2,motorcycle,0.420473,1448.0,612.0,1526.0,676.0,1448.0,612.0,1526.0,676.0,unassigned,7,MOTOR,preprocessed/masks/right_rear_camera/masks/frame_000082_gt2d_007_track_-1_MOTOR.png,0.9018814563751221,1487.0,644.0,19.79742431640625,20.610702514648438,2.149049758911133,1.0010050535202026,9.319465962262964,0.07939520669673525,19.79742431640625,da3_bbox_median,1920.0,1280.0,image_root
right_rear,82,1772699918410553000,data\camera\right_rear_camera\1772699918410553000.jpg,-1,3,person,0.386619,1408.0,591.0,1448.0,675.0,1408.0,591.0,1448.0,675.0,unassigned,9,PEDESTRIAN_NORMAL,preprocessed/masks/right_rear_camera/masks/frame_000082_gt2d_009_track_-1_PEDESTRIAN_NORMAL.png,0.8554441928863525,1428.0,633.0,19.17376708984375,20.54044532775879,2.1790084838867188,1.0010563135147095,8.01803653988894,-0.11097498002109417,19.17376708984375,da3_bbox_median,1920.0,1280.0,image_root
right_rear,82,1772699918410553000,data\camera\right_rear_camera\1772699918410553000.jpg,-1,2,motorcycle,0.32609,1174.0,600.0,1267.0,693.0,1174.0,600.0,1267.0,693.0,unassigned,10,MOTOR,preprocessed/masks/right_rear_camera/masks/frame_000082_gt2d_010_track_-1_MOTOR.png,0.8712578415870667,1220.5,646.5,13.253406524658203,13.68593978881836,1.2542362213134766,1.1558741331100464,3.0921896814424183,0.08266484034598999,13.253406524658203,da3_bbox_median,1920.0,1280.0,image_root
right_rear,82,1772699918410553000,data\camera\right_rear_camera\1772699918410553000.jpg,7,0,bicycle,0.74782,709.0,592.0,886.0,716.0,713.6377563476562,592.51708984375,891.0670166015625,716.738525390625,matched,2,BICYCLE,preprocessed/masks/right_rear_camera/masks/frame_000082_gt2d_002_track_-1_BICYCLE.png,0.7703561186790466,797.5,654.0,12.023014068603516,14.811859130859375,10.272561073303223,1.2463865280151367,-1.7258278292914029,0.1553117010239118,12.023014068603516,da3_bbox_median,1920.0,1280.0,image_root
right_rear,82,1772699918410553000,data\camera\right_rear_camera\1772699918410553000.jpg,2000044,2,motorcycle,0.45575,1317.0,604.0,1446.0,686.0,1327.0758056640625,604.7614135742188,1450.013916015625,685.7933959960938,matched,4,MOTOR,preprocessed/masks/right_rear_camera/masks/frame_000082_gt2d_004_track_-1_MOTOR.png,0.8581116795539856,1381.5,645.0,16.94156837463379,17.39056968688965,2.930591583251953,1.0333269834518433,6.382734789797631,0.08303281696685187,16.94156837463379,da3_bbox_median,1920.0,1280.0,image_root
right_rear,82,1772699918410553000,data\camera\right_rear_camera\1772699918410553000.jpg,2000045,2,motorcycle,0.445485,1576.0,618.0,1645.0,669.0,1580.0264892578125,618.1016845703125,1646.07177734375,668.8541870117188,matched,5,MOTOR,preprocessed/masks/right_rear_camera/masks/frame_000082_gt2d_005_track_-1_MOTOR.png,0.9225784540176392,1610.5,643.5,25.579790115356445,25.77396011352539,2.3989734649658203,1.0003325939178467,14.855953808774471,0.09119211233101208,25.579790115356445,da3_bbox_median,1920.0,1280.0,image_root
right_rear,82,1772699918410553000,data\camera\right_rear_camera\1772699918410553000.jpg,2000068,2,motorcycle,0.427805,1098.0,594.0,1228.0,701.0,1106.8975830078125,594.7689208984375,1235.4791259765625,700.9187622070312,matched,6,MOTOR,preprocessed/masks/right_rear_camera/masks/frame_000082_gt2d_006_track_-1_MOTOR.png,0.8405624032020569,1163.0,647.5,13.237539291381836,13.694345474243164,0.8054647445678711,1.1100575923919678,2.4103610740004293,0.09435719298875654,13.237539291381836,da3_bbox_median,1920.0,1280.0,image_root
right_rear,82,1772699918410553000,data\camera\right_rear_camera\1772699918410553000.jpg,2000070,2,motorcycle,0.723989,1061.0,599.0,1173.0,703.0,1056.398193359375,598.848388671875,1172.14404296875,703.8184204101562,matched,3,MOTOR,preprocessed/masks/right_rear_camera/masks/frame_000082_gt2d_003_track_-1_MOTOR.png,0.8125767707824707,1117.0,651.0,13.212099075317383,13.411088943481445,0.7717952728271484,1.112938642501831,1.8642701140709657,0.1353661641983396,13.212099075317383,da3_bbox_median,1920.0,1280.0,image_root
right_rear,82,1772699918410553000,data\camera\right_rear_camera\1772699918410553000.jpg,2000071,2,motorcycle,0.396565,863.0,596.0,1003.0,697.0,865.4098510742188,598.1461181640625,999.79150390625,697.114990234375,matched,8,MOTOR,preprocessed/masks/right_rear_camera/masks/frame_000082_gt2d_008_track_-1_MOTOR.png,0.900274395942688,933.0,646.5,10.767943382263184,12.776135444641113,2.2193946838378906,1.3570753335952759,-0.24577701069464822,0.0671623796412901,10.767943382263184,da3_bbox_median,1920.0,1280.0,image_root
right_rear,82,1772699918410553000,data\camera\right_rear_camera\1772699918410553000.jpg,2000073,2,motorcycle,0.842999,565.0,589.0,746.0,725.0,543.9900512695312,590.6843872070312,727.064697265625,728.1832275390625,matched,0,MOTOR,preprocessed/masks/right_rear_camera/masks/frame_000082_gt2d_000_track_-1_MOTOR.png,0.9219052791595459,655.5,657.0,11.240934371948242,13.184379577636719,8.188767433166504,1.3084279298782349,-3.035653040352945,0.17524744141885445,11.240934371948242,da3_bbox_median,1920.0,1280.0,image_root
right_rear,82,1772699918410553000,data\camera\right_rear_camera\1772699918410553000.jpg,2000075,2,motorcycle,0.768842,411.0,572.0,522.0,729.0,411.0,572.0,522.0,729.0,tentative,1,MOTOR,preprocessed/masks/right_rear_camera/masks/frame_000082_gt2d_001_track_-1_MOTOR.png,0.9299943447113037,466.5,650.5,8.284379005432129,11.204530715942383,7.2927937507629395,1.574210524559021,-3.632171168888766,0.08118896049554641,8.284379005432129,da3_bbox_median,1920.0,1280.0,image_root
right_rear,83,1772699918510561000,data\camera\right_rear_camera\1772699918510561000.jpg,-1,2,motorcycle,0.414787,1124.0,596.0,1259.0,699.0,1124.0,596.0,1259.0,699.0,unassigned,6,MOTOR,preprocessed/masks/right_rear_camera/masks/frame_000083_gt2d_006_track_-1_MOTOR.png,0.8771125078201294,1191.5,647.5,13.397290229797363,13.698213577270508,1.7869997024536133,1.0284397602081299,2.779620524211962,0.0954958978336987,13.397290229797363,da3_bbox_median,1920.0,1280.0,image_root
right_rear,83,1772699918510561000,data\camera\right_rear_camera\1772699918510561000.jpg,-1,3,person,0.37452,1414.0,589.0,1447.0,669.0,1414.0,589.0,1447.0,669.0,unassigned,7,PEDESTRIAN_NORMAL,preprocessed/masks/right_rear_camera/masks/frame_000083_gt2d_007_track_-1_PEDESTRIAN_NORMAL.png,0.8761864900588989,1430.5,629.0,19.232349395751953,20.547744750976562,2.855926513671875,1.0003349781036377,8.085370248787246,-0.179838804844183,19.232349395751953,da3_bbox_median,1920.0,1280.0,image_root
right_rear,83,1772699918510561000,data\camera\right_rear_camera\1772699918510561000.jpg,-1,2,motorcycle,0.326532,1464.0,613.0,1541.0,677.0,1464.0,613.0,1541.0,677.0,unassigned,10,MOTOR,preprocessed/masks/right_rear_camera/masks/frame_000083_gt2d_010_track_-1_MOTOR.png,0.8828971982002258,1502.5,645.0,20.17368507385254,20.311311721801758,1.416250228881836,1.000052571296692,9.775169160358127,0.09887383878768652,20.17368507385254,da3_bbox_median,1920.0,1280.0,image_root
right_rear,83,1772699918510561000,data\camera\right_rear_camera\1772699918510561000.jpg,-1,2,motorcycle,0.304891,926.0,609.0,1034.0,694.0,926.0,609.0,1034.0,694.0,unassigned,11,MOTOR,preprocessed/masks/right_rear_camera/masks/frame_000083_gt2d_011_track_-1_MOTOR.png,0.9169480204582214,980.0,651.5,11.147882461547852,12.004301071166992,2.122678756713867,1.1096748113632202,0.21234560638525704,0.11918196317936589,11.147882461547852,da3_bbox_median,1920.0,1280.0,image_root
right_rear,83,1772699918510561000,data\camera\right_rear_camera\1772699918510561000.jpg,7,0,bicycle,0.636245,778.0,590.0,947.0,712.0,787.910888671875,591.4959106445312,953.9496459960938,712.0721435546875,matched,3,BICYCLE,preprocessed/masks/right_rear_camera/masks/frame_000083_gt2d_003_track_-1_BICYCLE.png,0.8190157413482666,862.5,651.0,13.344388008117676,14.254449844360352,9.748435020446777,1.1397048234939575,-1.14273730749683,0.13672154651094443,13.344388008117676,da3_bbox_median,1920.0,1280.0,image_root
right_rear,83,1772699918510561000,data\camera\right_rear_camera\1772699918510561000.jpg,2000044,2,motorcycle,0.34185,1363.0,608.0,1466.0,684.0,1363.5869140625,607.3975830078125,1473.32763671875,684.2755737304688,matched,9,MOTOR,preprocessed/masks/right_rear_camera/masks/frame_000083_gt2d_009_track_-1_MOTOR.png,0.8664503693580627,1414.5,646.0,17.858783721923828,17.63346290588379,3.7587852478027344,1.0175479650497437,7.253346597198072,0.10343589590199673,17.858783721923828,da3_bbox_median,1920.0,1280.0,image_root
right_rear,83,1772699918510561000,data\camera\right_rear_camera\1772699918510561000.jpg,2000045,2,motorcycle,0.429789,1589.0,620.0,1656.0,670.0,1595.6405029296875,619.8905029296875,1662.039794921875,669.5576782226562,matched,5,MOTOR,preprocessed/masks/right_rear_camera/masks/frame_000083_gt2d_005_track_-1_MOTOR.png,0.9255039691925049,1622.5,645.0,25.894315719604492,26.502933502197266,3.220531463623047,1.0000039339065552,15.315455808698326,0.12691138919859724,25.894315719604492,da3_bbox_median,1920.0,1280.0,image_root
right_rear,83,1772699918510561000,data\camera\right_rear_camera\1772699918510561000.jpg,2000068,2,motorcycle,0.350348,1212.0,607.0,1300.0,690.0,1201.766357421875,604.3983154296875,1300.5,692.1815795898438,matched,8,MOTOR,preprocessed/masks/right_rear_camera/masks/frame_000083_gt2d_008_track_-1_MOTOR.png,0.8963218927383423,1256.0,648.5,13.69664192199707,13.839402198791504,2.2183961868286133,1.0189076662063599,3.6287918757033886,0.10982994262766911,13.69664192199707,da3_bbox_median,1920.0,1280.0,image_root
right_rear,83,1772699918510561000,data\camera\right_rear_camera\1772699918510561000.jpg,2000070,2,motorcycle,0.666745,1108.0,600.0,1212.0,701.0,1108.3515625,600.6508178710938,1214.10498046875,701.1347045898438,matched,2,MOTOR,preprocessed/masks/right_rear_camera/masks/frame_000083_gt2d_002_track_-1_MOTOR.png,0.8697377443313599,1160.0,650.5,13.213949203491211,13.271016120910645,1.5716171264648438,1.0619745254516602,2.370748199259415,0.1294999660407792,13.213949203491211,da3_bbox_median,1920.0,1280.0,image_root
right_rear,83,1772699918510561000,data\camera\right_rear_camera\1772699918510561000.jpg,2000071,2,motorcycle,0.509956,937.0,595.0,1066.0,695.0,943.9761352539062,596.544677734375,1070.0848388671875,694.2642211914062,matched,4,MOTOR,preprocessed/masks/right_rear_camera/masks/frame_000083_gt2d_004_track_-1_MOTOR.png,0.913658618927002,1001.5,645.0,11.464996337890625,12.467537879943848,3.531466484069824,1.1092580556869507,0.43799395344376085,0.05619142935284923,11.464996337890625,da3_bbox_median,1920.0,1280.0,image_root
right_rear,83,1772699918510561000,data\camera\right_rear_camera\1772699918510561000.jpg,2000073,2,motorcycle,0.833896,656.0,585.0,832.0,721.0,647.3125,586.6586303710938,824.0045776367188,722.408203125,matched,0,MOTOR,preprocessed/masks/right_rear_camera/masks/frame_000083_gt2d_000_track_-1_MOTOR.png,0.910904049873352,744.0,653.0,12.38027572631836,13.283832550048828,8.138786315917969,1.1580268144607544,-2.3672025299782677,0.14889904553603964,12.38027572631836,da3_bbox_median,1920.0,1280.0,image_root
right_rear,83,1772699918510561000,data\camera\right_rear_camera\1772699918510561000.jpg,2000076,2,motorcycle,0.744874,519.0,581.0,635.0,725.0,519.0,581.0,635.0,725.0,tentative,1,MOTOR,preprocessed/masks/right_rear_camera/masks/frame_000083_gt2d_001_track_-1_MOTOR.png,0.9361886382102966,577.0,653.0,9.243955612182617,11.208650588989258,5.6571044921875,1.2978442907333374,-3.14285406758486,0.11117815128345504,9.243955612182617,da3_bbox_median,1920.0,1280.0,image_root
right_rear,84,1772699918610537000,data\camera\right_rear_camera\1772699918610537000.jpg,-1,2,motorcycle,0.414235,1242.0,609.0,1331.0,693.0,1242.0,609.0,1331.0,693.0,unassigned,5,MOTOR,preprocessed/masks/right_rear_camera/masks/frame_000084_gt2d_005_track_-1_MOTOR.png,0.879479706287384,1286.5,651.0,13.64671802520752,14.108770370483398,1.9366378784179688,1.002261757850647,3.9863855099529917,0.13981910538498635,13.64671802520752,da3_bbox_median,1920.0,1280.0,image_root
right_rear,84,1772699918610537000,data\camera\right_rear_camera\1772699918610537000.jpg,-1,2,motorcycle,0.396179,1163.0,600.0,1288.0,699.0,1163.0,600.0,1288.0,699.0,unassigned,6,MOTOR,preprocessed/masks/right_rear_camera/masks/frame_000084_gt2d_006_track_-1_MOTOR.png,0.8898205757141113,1225.5,649.5,14.023544311523438,14.771648406982422,2.4120445251464844,1.0054841041564941,3.3343415440055826,0.12494274455952446,14.023544311523438,da3_bbox_median,1920.0,1280.0,image_root
right_rear,84,1772699918610537000,data\camera\right_rear_camera\1772699918610537000.jpg,-1,2,motorcycle,0.331136,984.0,612.0,1085.0,695.0,984.0,612.0,1085.0,695.0,unassigned,8,MOTOR,preprocessed/masks/right_rear_camera/masks/frame_000084_gt2d_008_track_-1_MOTOR.png,0.9038124084472656,1034.5,653.5,12.39443302154541,13.616750717163086,1.9235000610351562,1.0105353593826294,0.8378991900851137,0.15458947939979487,12.39443302154541,da3_bbox_median,1920.0,1280.0,image_root
right_rear,84,1772699918610537000,data\camera\right_rear_camera\1772699918610537000.jpg,-1,2,motorcycle,0.310517,1473.0,614.0,1551.0,678.0,1473.0,614.0,1551.0,678.0,unassigned,10,MOTOR,preprocessed/masks/right_rear_camera/masks/frame_000084_gt2d_010_track_-1_MOTOR.png,0.8598305583000183,1512.0,646.0,19.262451171875,19.204639434814453,1.174295425415039,1.0000427961349487,9.496661552814325,0.11156576647408573,19.262451171875,da3_bbox_median,1920.0,1280.0,image_root
right_rear,84,1772699918610537000,data\camera\right_rear_camera\1772699918610537000.jpg,7,0,bicycle,0.567003,845.0,596.0,1004.0,708.0,854.5932006835938,595.4351196289062,1010.6631469726562,707.9310913085938,matched,3,BICYCLE,preprocessed/masks/right_rear_camera/masks/frame_000084_gt2d_003_track_-1_BICYCLE.png,0.845612108707428,924.5,652.0,14.103204727172852,15.392097473144531,10.61392593383789,1.0383721590042114,-0.428704230217966,0.15705850619859224,14.103204727172852,da3_bbox_median,1920.0,1280.0,image_root
right_rear,84,1772699918610537000,data\camera\right_rear_camera\1772699918610537000.jpg,2000044,2,motorcycle,0.336791,1381.0,608.0,1485.0,686.0,1386.0780029296875,608.3444213867188,1491.17236328125,685.2109375,matched,7,MOTOR,preprocessed/masks/right_rear_camera/masks/frame_000084_gt2d_007_track_-1_MOTOR.png,0.7955427169799805,1433.0,647.0,15.919058799743652,16.257699966430664,2.7199764251708984,1.0159929990768433,6.727903551093338,0.10638112639737234,15.919058799743652,da3_bbox_median,1920.0,1280.0,image_root
right_rear,84,1772699918610537000,data\camera\right_rear_camera\1772699918610537000.jpg,2000045,2,motorcycle,0.326496,1601.0,623.0,1663.0,671.0,1607.005615234375,622.5803833007812,1670.2689208984375,670.563232421875,matched,9,MOTOR,preprocessed/masks/right_rear_camera/masks/frame_000084_gt2d_009_track_-1_MOTOR.png,0.9243930578231812,1632.0,647.0,24.57756233215332,24.8931884765625,2.6546478271484375,1.0000008344650269,14.744665292324765,0.16424267275388185,24.57756233215332,da3_bbox_median,1920.0,1280.0,image_root
right_rear,84,1772699918610537000,data\camera\right_rear_camera\1772699918610537000.jpg,2000070,2,motorcycle,0.679196,1147.0,601.0,1248.0,700.0,1149.8134765625,601.853759765625,1250.449462890625,699.7001342773438,matched,2,MOTOR,preprocessed/masks/right_rear_camera/masks/frame_000084_gt2d_002_track_-1_MOTOR.png,0.8645461797714233,1197.5,650.5,13.716865539550781,13.649972915649414,2.1646556854248047,1.0527135133743286,2.9192480989531155,0.13442867035454034,13.716865539550781,da3_bbox_median,1920.0,1280.0,image_root
right_rear,84,1772699918610537000,data\camera\right_rear_camera\1772699918610537000.jpg,2000071,2,motorcycle,0.517993,994.0,602.0,1119.0,695.0,1003.9804077148438,601.0280151367188,1125.6337890625,693.6083374023438,matched,4,MOTOR,preprocessed/masks/right_rear_camera/masks/frame_000084_gt2d_004_track_-1_MOTOR.png,0.8998762369155884,1056.5,648.5,12.526073455810547,13.487667083740234,1.7056503295898438,1.0117552280426025,1.0923107831137595,0.1004434471483247,12.526073455810547,da3_bbox_median,1920.0,1280.0,image_root
right_rear,84,1772699918610537000,data\camera\right_rear_camera\1772699918610537000.jpg,2000073,2,motorcycle,0.836202,739.0,588.0,906.0,716.0,736.2245483398438,587.7098999023438,904.3410034179688,716.9693603515625,matched,0,MOTOR,preprocessed/masks/right_rear_camera/masks/frame_000084_gt2d_000_track_-1_MOTOR.png,0.909862756729126,822.5,652.0,12.967586517333984,14.628499031066895,9.441518783569336,1.0711723566055298,-1.5725902191316101,0.14441184162131598,12.967586517333984,da3_bbox_median,1920.0,1280.0,image_root
right_rear,84,1772699918610537000,data\camera\right_rear_camera\1772699918610537000.jpg,2000076,2,motorcycle,0.801836,603.0,587.0,730.0,719.0,591.8892822265625,587.0211791992188,716.6892700195312,721.4212036132812,matched,1,MOTOR,preprocessed/masks/right_rear_camera/masks/frame_000084_gt2d_001_track_-1_MOTOR.png,0.9233895540237427,666.5,653.0,8.926651000976562,11.353025436401367,4.881762504577637,1.2237955331802368,-2.323191208880443,0.10736189106460321,8.926651000976562,da3_bbox_median,1920.0,1280.0,image_root
right_rear,85,1772699918710545000,data\camera\right_rear_camera\1772699918710545000.jpg,-1,2,motorcycle,0.427366,1197.0,599.0,1319.0,697.0,1197.0,599.0,1319.0,697.0,unassigned,5,MOTOR,preprocessed/masks/right_rear_camera/masks/frame_000085_gt2d_005_track_-1_MOTOR.png,0.881649374961853,1258.0,648.0,15.990812301635742,16.297996520996094,2.2597522735595703,1.0761438608169556,4.265102842164592,0.12110442312552752,15.990812301635742,da3_bbox_median,1920.0,1280.0,image_root
right_rear,85,1772699918710545000,data\camera\right_rear_camera\1772699918710545000.jpg,-1,2,motorcycle,0.387985,1266.0,608.0,1362.0,695.0,1266.0,608.0,1362.0,695.0,unassigned,6,MOTOR,preprocessed/masks/right_rear_camera/masks/frame_000085_gt2d_006_track_-1_MOTOR.png,0.8169428110122681,1314.0,651.5,15.533519744873047,15.793791770935059,1.8155412673950195,1.055872917175293,4.918118287154705,0.16606879240655023,15.533519744873047,da3_bbox_median,1920.0,1280.0,image_root
right_rear,85,1772699918710545000,data\camera\right_rear_camera\1772699918710545000.jpg,-1,2,motorcycle,0.31844,1467.0,613.0,1565.0,678.0,1467.0,613.0,1565.0,678.0,unassigned,8,MOTOR,preprocessed/masks/right_rear_camera/masks/frame_000085_gt2d_008_track_-1_MOTOR.png,0.9070014357566833,1516.0,645.5,21.15262222290039,21.319242477416992,1.8602142333984375,1.0029933452606201,10.503923329552666,0.11309257142692279,21.15262222290039,da3_bbox_median,1920.0,1280.0,image_root
right_rear,85,1772699918710545000,data\camera\right_rear_camera\1772699918710545000.jpg,2000044,2,motorcycle,0.302084,1410.0,613.0,1503.0,685.0,1413.1884765625,611.92578125,1509.197509765625,684.7820434570312,matched,9,MOTOR,preprocessed/masks/right_rear_camera/masks/frame_000085_gt2d_009_track_-1_MOTOR.png,0.8447036147117615,1456.5,649.0,18.073949813842773,18.209545135498047,2.6825942993164062,1.0587315559387207,8.017034198269247,0.1529801521779801,18.073949813842773,da3_bbox_median,1920.0,1280.0,image_root
right_rear,85,1772699918710545000,data\camera\right_rear_camera\1772699918710545000.jpg,2000045,2,motorcycle,0.361759,1613.0,624.0,1673.0,671.0,1618.6175537109375,624.0541381835938,1679.369140625,670.8267822265625,matched,7,MOTOR,preprocessed/masks/right_rear_camera/masks/frame_000085_gt2d_007_track_-1_MOTOR.png,0.9151138663291931,1643.0,647.5,27.511262893676758,27.905473709106445,1.9849395751953125,1.0000638961791992,16.77427395017764,0.1961003087570134,27.511262893676758,da3_bbox_median,1920.0,1280.0,image_root
right_rear,85,1772699918710545000,data\camera\right_rear_camera\1772699918710545000.jpg,2000070,2,motorcycle,0.62908,1168.0,601.0,1282.0,698.0,1176.627197265625,602.0261840820312,1285.272216796875,697.8084716796875,matched,2,MOTOR,preprocessed/masks/right_rear_camera/masks/frame_000085_gt2d_002_track_-1_MOTOR.png,0.8858777284622192,1225.0,649.5,15.245266914367676,14.813971519470215,4.494668960571289,1.2068599462509155,3.6180362309269927,0.13582768004365406,15.245266914367676,da3_bbox_median,1920.0,1280.0,image_root
right_rear,85,1772699918710545000,data\camera\right_rear_camera\1772699918710545000.jpg,2000071,2,motorcycle,0.547556,1039.0,602.0,1164.0,693.0,1052.1549072265625,602.3348999023438,1173.0345458984375,692.1154174804688,matched,4,MOTOR,preprocessed/masks/right_rear_camera/masks/frame_000085_gt2d_004_track_-1_MOTOR.png,0.8811538815498352,1101.5,647.5,13.557271957397461,14.935750961303711,1.1177129745483398,1.1154112815856934,1.7257605503574802,0.09663624774417374,13.557271957397461,da3_bbox_median,1920.0,1280.0,image_root
right_rear,85,1772699918710545000,data\camera\right_rear_camera\1772699918710545000.jpg,2000073,2,motorcycle,0.839704,810.0,590.0,972.0,710.0,812.5384521484375,589.461181640625,974.5624389648438,710.8321533203125,matched,0,MOTOR,preprocessed/masks/right_rear_camera/masks/frame_000085_gt2d_000_track_-1_MOTOR.png,0.8943374156951904,891.0,650.0,14.037086486816406,16.54229164123535,9.640839576721191,1.1639971733093262,-0.8456398068469287,0.13131515663998183,14.037086486816406,da3_bbox_median,1920.0,1280.0,image_root
right_rear,85,1772699918710545000,data\camera\right_rear_camera\1772699918710545000.jpg,2000076,2,motorcycle,0.789533,686.0,593.0,821.0,715.0,670.1402587890625,592.9630737304688,802.6162109375,717.5946655273438,matched,1,MOTOR,preprocessed/masks/right_rear_camera/masks/frame_000085_gt2d_001_track_-1_MOTOR.png,0.9137833714485168,753.5,654.0,10.03425121307373,14.237180709838867,10.75998306274414,1.4516021013259888,-1.833698168969569,0.12962112624265984,10.03425121307373,da3_bbox_median,1920.0,1280.0,image_root
right_rear,85,1772699918710545000,data\camera\right_rear_camera\1772699918710545000.jpg,2000077,2,motorcycle,0.565739,910.0,599.0,1056.0,703.0,910.0,599.0,1056.0,703.0,tentative,3,MOTOR,preprocessed/masks/right_rear_camera/masks/frame_000085_gt2d_003_track_-1_MOTOR.png,0.7790248990058899,983.0,651.0,13.338871002197266,15.4313383102417,6.6890974044799805,1.110808253288269,0.28973105237259583,0.13666502135736752,13.338871002197266,da3_bbox_median,1920.0,1280.0,image_root
right_rear,86,1772699918810552000,data\camera\right_rear_camera\1772699918810552000.jpg,-1,2,motorcycle,0.445412,1233.0,603.0,1347.0,693.0,1233.0,603.0,1347.0,693.0,unassigned,4,MOTOR,preprocessed/masks/right_rear_camera/masks/frame_000086_gt2d_004_track_-1_MOTOR.png,0.8874548673629761,1290.0,648.0,16.46356201171875,16.440706253051758,1.7737083435058594,1.2189571857452393,4.860559270149857,0.12468473410926077,16.46356201171875,da3_bbox_median,1920.0,1280.0,image_root
right_rear,86,1772699918810552000,data\camera\right_rear_camera\1772699918810552000.jpg,-1,2,motorcycle,0.370712,1300.0,608.0,1387.0,690.0,1300.0,608.0,1387.0,690.0,unassigned,6,MOTOR,preprocessed/masks/right_rear_camera/masks/frame_000086_gt2d_006_track_-1_MOTOR.png,0.8750010132789612,1343.5,649.0,16.667667388916016,16.944345474243164,1.5452499389648438,1.0691956281661987,5.715263359759373,0.1410772033711983,16.667667388916016,da3_bbox_median,1920.0,1280.0,image_root
right_rear,86,1772699918810552000,data\camera\right_rear_camera\1772699918810552000.jpg,-1,2,motorcycle,0.350367,1486.0,612.0,1575.0,678.0,1486.0,612.0,1575.0,678.0,unassigned,7,MOTOR,preprocessed/masks/right_rear_camera/masks/frame_000086_gt2d_007_track_-1_MOTOR.png,0.8665881156921387,1530.5,645.0,22.202651977539062,22.155378341674805,1.1404571533203125,1.0154709815979004,11.312164224490907,0.10881806790627571,22.202651977539062,da3_bbox_median,1920.0,1280.0,image_root
right_rear,86,1772699918810552000,data\camera\right_rear_camera\1772699918810552000.jpg,2000045,2,motorcycle,0.326083,1624.0,624.0,1680.0,669.0,1628.9029541015625,624.2338256835938,1686.06494140625,669.2732543945312,matched,8,MOTOR,preprocessed/masks/right_rear_camera/masks/frame_000086_gt2d_008_track_-1_MOTOR.png,0.9148200750350952,1652.0,646.5,27.236305236816406,27.590045928955078,1.9815902709960938,1.0005666017532349,16.825012489281512,0.1698797075172448,27.236305236816406,da3_bbox_median,1920.0,1280.0,image_root
right_rear,86,1772699918810552000,data\camera\right_rear_camera\1772699918810552000.jpg,2000070,2,motorcycle,0.429656,1205.0,603.0,1310.0,694.0,1209.92431640625,603.1122436523438,1315.051513671875,694.1937255859375,matched,5,MOTOR,preprocessed/masks/right_rear_camera/masks/frame_000086_gt2d_005_track_-1_MOTOR.png,0.8768372535705566,1257.5,648.5,15.724564552307129,15.400710105895996,3.368541717529297,1.4168704748153687,4.1870840712492,0.12609134651109855,15.724564552307129,da3_bbox_median,1920.0,1280.0,image_root
right_rear,86,1772699918810552000,data\camera\right_rear_camera\1772699918810552000.jpg,2000071,2,motorcycle,0.627009,1081.0,598.0,1206.0,691.0,1094.3382568359375,599.568115234375,1215.3731689453125,690.1016845703125,matched,2,MOTOR,preprocessed/masks/right_rear_camera/masks/frame_000086_gt2d_002_track_-1_MOTOR.png,0.9054820537567139,1143.5,644.5,14.09715747833252,14.613558769226074,0.5779495239257812,1.2579721212387085,2.321977542191023,0.06281347924190776,14.09715747833252,da3_bbox_median,1920.0,1280.0,image_root
right_rear,86,1772699918810552000,data\camera\right_rear_camera\1772699918810552000.jpg,2000073,2,motorcycle,0.826682,872.0,592.0,1033.0,706.0,877.622314453125,591.26416015625,1037.2930908203125,705.9111328125,matched,1,MOTOR,preprocessed/masks/right_rear_camera/masks/frame_000086_gt2d_001_track_-1_MOTOR.png,0.8543815612792969,952.5,649.0,15.062846183776855,16.935951232910156,9.221990585327148,1.195021390914917,-0.08212356391654702,0.12749379771226446,15.062846183776855,da3_bbox_median,1920.0,1280.0,image_root
right_rear,86,1772699918810552000,data\camera\right_rear_camera\1772699918810552000.jpg,2000076,2,motorcycle,0.828539,758.0,591.0,895.0,710.0,748.3729858398438,592.2776489257812,885.088134765625,711.4451293945312,matched,0,MOTOR,preprocessed/masks/right_rear_camera/masks/frame_000086_gt2d_000_track_-1_MOTOR.png,0.8855366110801697,826.5,650.5,11.739472389221191,14.545014381408691,7.320751190185547,1.4368709325790405,-1.3818203475685338,0.1150497290650358,11.739472389221191,da3_bbox_median,1920.0,1280.0,image_root
right_rear,86,1772699918810552000,data\camera\right_rear_camera\1772699918810552000.jpg,2000077,2,motorcycle,0.591877,969.0,599.0,1106.0,700.0,962.94189453125,599.984619140625,1101.741943359375,701.5846557617188,matched,3,MOTOR,preprocessed/masks/right_rear_camera/masks/frame_000086_gt2d_003_track_-1_MOTOR.png,0.8454511761665344,1037.5,649.5,13.895246505737305,15.116592407226562,3.1447134017944336,1.1452242136001587,0.9764968807197192,0.12379967547372195,13.895246505737305,da3_bbox_median,1920.0,1280.0,image_root
right_rear,87,1772699918910560000,data\camera\right_rear_camera\1772699918910560000.jpg,-1,2,motorcycle,0.382275,1500.0,612.0,1591.0,676.0,1500.0,612.0,1591.0,676.0,unassigned,5,MOTOR,preprocessed/masks/right_rear_camera/masks/frame_000087_gt2d_005_track_-1_MOTOR.png,0.9241417646408081,1545.5,644.0,21.664026260375977,21.491727828979492,1.4224605560302734,1.0014580488204956,11.327248212858766,0.08688099094793153,21.664026260375977,da3_bbox_median,1920.0,1280.0,image_root
right_rear,87,1772699918910560000,data\camera\right_rear_camera\1772699918910560000.jpg,-1,2,motorcycle,0.35337,1318.0,607.0,1410.0,688.0,1318.0,607.0,1410.0,688.0,unassigned,6,MOTOR,preprocessed/masks/right_rear_camera/masks/frame_000087_gt2d_006_track_-1_MOTOR.png,0.9150977730751038,1364.0,647.5,16.23236846923828,17.813331604003906,2.390997886657715,1.008344292640686,5.862465067921314,0.1157043382914589,16.23236846923828,da3_bbox_median,1920.0,1280.0,image_root
right_rear,87,1772699918910560000,data\camera\right_rear_camera\1772699918910560000.jpg,-1,2,motorcycle,0.352522,1222.0,599.0,1361.0,691.0,1222.0,599.0,1361.0,691.0,unassigned,7,MOTOR,preprocessed/masks/right_rear_camera/masks/frame_000087_gt2d_007_track_-1_MOTOR.png,0.8272350430488586,1291.5,645.0,15.023645401000977,15.561127662658691,2.6594467163085938,1.1525917053222656,4.455527935793745,0.07363282850624302,15.023645401000977,da3_bbox_median,1920.0,1280.0,image_root
right_rear,87,1772699918910560000,data\camera\right_rear_camera\1772699918910560000.jpg,2000070,2,motorcycle,0.460926,1264.0,600.0,1373.0,691.0,1259.9403076171875,601.007568359375,1366.7373046875,690.6993408203125,matched,4,MOTOR,preprocessed/masks/right_rear_camera/masks/frame_000087_gt2d_004_track_-1_MOTOR.png,0.8665826320648193,1318.5,645.5,15.825980186462402,16.60580062866211,1.8813152313232422,1.109388828277588,5.074163265046325,0.0846136604614854,15.825980186462402,da3_bbox_median,1920.0,1280.0,image_root
right_rear,87,1772699918910560000,data\camera\right_rear_camera\1772699918910560000.jpg,2000071,2,motorcycle,0.550858,1127.0,597.0,1246.0,689.0,1137.639892578125,597.6150512695312,1254.873291015625,687.8626098632812,matched,2,MOTOR,preprocessed/masks/right_rear_camera/masks/frame_000087_gt2d_002_track_-1_MOTOR.png,0.8989855051040649,1186.5,643.0,14.100799560546875,14.832584381103516,0.8422536849975586,1.0864357948303223,2.8627690730724,0.04398930468670265,14.100799560546875,da3_bbox_median,1920.0,1280.0,image_root
right_rear,87,1772699918910560000,data\camera\right_rear_camera\1772699918910560000.jpg,2000073,2,motorcycle,0.850212,934.0,591.0,1089.0,702.0,939.5609130859375,590.857177734375,1094.419189453125,701.4146118164062,matched,0,MOTOR,preprocessed/masks/right_rear_camera/masks/frame_000087_gt2d_000_track_-1_MOTOR.png,0.8730838894844055,1011.5,646.5,13.211830139160156,15.194079399108887,4.255131721496582,1.1204869747161865,0.6224337528592679,0.08240551793986256,13.211830139160156,da3_bbox_median,1920.0,1280.0,image_root
right_rear,87,1772699918910560000,data\camera\right_rear_camera\1772699918910560000.jpg,2000076,2,motorcycle,0.82073,833.0,585.0,964.0,704.0,825.96875,586.92138671875,959.5716552734375,704.86572265625,matched,1,MOTOR,preprocessed/masks/right_rear_camera/masks/frame_000087_gt2d_001_track_-1_MOTOR.png,0.8171231150627136,898.5,644.5,12.502504348754883,14.563530921936035,6.109043121337891,1.1839781999588013,-0.6696516835857386,0.05570809566321653,12.502504348754883,da3_bbox_median,1920.0,1280.0,image_root
right_rear,87,1772699918910560000,data\camera\right_rear_camera\1772699918910560000.jpg,2000077,2,motorcycle,0.515457,1022.0,595.0,1150.0,697.0,1015.1874389648438,596.9938354492188,1145.5281982421875,698.9044799804688,matched,3,MOTOR,preprocessed/masks/right_rear_camera/masks/frame_000087_gt2d_003_track_-1_MOTOR.png,0.8159515857696533,1086.0,646.0,13.41264533996582,14.53356647491455,2.3256683349609375,1.091811180114746,1.5221330306765282,0.07768440498285259,13.41264533996582,da3_bbox_median,1920.0,1280.0,image_root
right_rear,88,1772699919010523000,data\camera\right_rear_camera\1772699919010523000.jpg,2000044,2,motorcycle,0.530166,1517.0,612.0,1602.0,674.0,1514.9285888671875,611.4403686523438,1600.9244384765625,674.5908813476562,matched,2,MOTOR,preprocessed/masks/right_rear_camera/masks/frame_000088_gt2d_002_track_-1_MOTOR.png,0.787038266658783,1559.5,643.0,21.859926223754883,21.820423126220703,0.9640903472900391,1.000910758972168,11.702330749001117,0.06819492405069694,21.859926223754883,da3_bbox_median,1920.0,1280.0,image_root
right_rear,88,1772699919010523000,data\camera\right_rear_camera\1772699919010523000.jpg,2000070,2,motorcycle,0.494522,1287.0,602.0,1397.0,689.0,1291.174560546875,601.1306762695312,1399.3267822265625,687.7234497070312,matched,4,MOTOR,preprocessed/masks/right_rear_camera/masks/frame_000088_gt2d_004_track_-1_MOTOR.png,0.8697795867919922,1342.0,645.5,17.341463088989258,17.449434280395508,4.494606971740723,1.0965571403503418,5.923130058111707,0.0927161952959017,17.341463088989258,da3_bbox_median,1920.0,1280.0,image_root
right_rear,88,1772699919010523000,data\camera\right_rear_camera\1772699919010523000.jpg,2000071,2,motorcycle,0.496896,1161.0,604.0,1281.0,687.0,1172.422607421875,601.2191162109375,1289.45361328125,685.34228515625,matched,3,MOTOR,preprocessed/masks/right_rear_camera/masks/frame_000088_gt2d_003_track_-1_MOTOR.png,0.8809551000595093,1221.0,645.5,17.12036895751953,17.333410263061523,1.3347320556640625,1.0020216703414917,4.002027986423096,0.09153411472017793,17.12036895751953,da3_bbox_median,1920.0,1280.0,image_root
right_rear,88,1772699919010523000,data\camera\right_rear_camera\1772699919010523000.jpg,2000073,2,motorcycle,0.826335,987.0,595.0,1135.0,699.0,993.7827758789062,593.134765625,1142.2947998046875,697.5607299804688,matched,0,MOTOR,preprocessed/masks/right_rear_camera/masks/frame_000088_gt2d_000_track_-1_MOTOR.png,0.8551148176193237,1061.0,647.0,15.254913330078125,16.760404586791992,4.695791244506836,1.0324627161026,1.391432373310317,0.10194289018984803,15.254913330078125,da3_bbox_median,1920.0,1280.0,image_root
right_rear,88,1772699919010523000,data\camera\right_rear_camera\1772699919010523000.jpg,2000076,2,motorcycle,0.812234,895.0,595.0,1026.0,703.0,893.0254516601562,592.2803955078125,1025.2735595703125,701.8646850585938,matched,1,MOTOR,preprocessed/masks/right_rear_camera/masks/frame_000088_gt2d_001_track_-1_MOTOR.png,0.8514038324356079,960.5,649.0,14.343559265136719,15.696691513061523,3.553830146789551,1.13631010055542,0.024029025486980937,0.121405664049919,14.343559265136719,da3_bbox_median,1920.0,1280.0,image_root
right_rear,88,1772699919010523000,data\camera\right_rear_camera\1772699919010523000.jpg,2000077,2,motorcycle,0.455136,1073.0,600.0,1189.0,694.0,1069.0614013671875,599.0901489257812,1187.025634765625,694.8662719726562,matched,5,MOTOR,preprocessed/masks/right_rear_camera/masks/frame_000088_gt2d_005_track_-1_MOTOR.png,0.8054567575454712,1131.0,647.0,16.113632202148438,17.03144073486328,3.493593215942383,1.0110450983047485,2.4746678570829377,0.10768138779945495,16.113632202148438,da3_bbox_median,1920.0,1280.0,image_root
right_rear,89,1772699919110653000,data\camera\right_rear_camera\1772699919110653000.jpg,-1,2,motorcycle,0.355236,1577.0,615.0,1640.0,669.0,1577.0,615.0,1640.0,669.0,unassigned,5,MOTOR,preprocessed/masks/right_rear_camera/masks/frame_000089_gt2d_005_track_-1_MOTOR.png,0.9062025547027588,1608.5,642.0,25.06478500366211,25.187929153442383,1.2806529998779297,1.0003266334533691,14.512193587791481,0.05586647983969653,25.06478500366211,da3_bbox_median,1920.0,1280.0,image_root
right_rear,89,1772699919110653000,data\camera\right_rear_camera\1772699919110653000.jpg,2000044,2,motorcycle,0.351656,1529.0,608.0,1612.0,672.0,1532.5469970703125,608.7291870117188,1616.1611328125,672.25537109375,matched,6,MOTOR,preprocessed/masks/right_rear_camera/masks/frame_000089_gt2d_006_track_-1_MOTOR.png,0.9111223816871643,1570.5,640.0,24.188941955566406,23.81278419494629,1.5199737548828125,1.000849962234497,13.18618162404305,0.010821791948442917,24.188941955566406,da3_bbox_median,1920.0,1280.0,image_root
right_rear,89,1772699919110653000,data\camera\right_rear_camera\1772699919110653000.jpg,2000070,2,motorcycle,0.398568,1320.0,605.0,1419.0,687.0,1322.5931396484375,603.9768676757812,1423.9388427734375,686.1904907226562,matched,4,MOTOR,preprocessed/masks/right_rear_camera/masks/frame_000089_gt2d_004_track_-1_MOTOR.png,0.8639758825302124,1369.5,646.0,17.962017059326172,17.552072525024414,2.8571395874023438,1.1557153463363647,6.575157471019948,0.10403381079404259,17.962017059326172,da3_bbox_median,1920.0,1280.0,image_root
right_rear,89,1772699919110653000,data\camera\right_rear_camera\1772699919110653000.jpg,2000071,2,motorcycle,0.494758,1197.0,600.0,1310.0,685.0,1206.552490234375,600.4779663085938,1318.8992919921875,684.0382690429688,matched,2,MOTOR,preprocessed/masks/right_rear_camera/masks/frame_000089_gt2d_002_track_-1_MOTOR.png,0.8907586932182312,1253.5,642.5,17.022489547729492,17.670045852661133,1.0578861236572266,1.1061177253723145,4.472028886493567,0.04552252208676503,17.022489547729492,da3_bbox_median,1920.0,1280.0,image_root
right_rear,89,1772699919110653000,data\camera\right_rear_camera\1772699919110653000.jpg,2000073,2,motorcycle,0.827907,1041.0,598.0,1180.0,696.0,1046.3876953125,596.7738037109375,1186.6104736328125,695.1015625,matched,0,MOTOR,preprocessed/masks/right_rear_camera/masks/frame_000089_gt2d_000_track_-1_MOTOR.png,0.8541383743286133,1110.5,647.0,16.31417465209961,18.1400203704834,5.741936683654785,1.0452051162719727,2.207508662683323,0.10902153811767841,16.31417465209961,da3_bbox_median,1920.0,1280.0,image_root
right_rear,89,1772699919110653000,data\camera\right_rear_camera\1772699919110653000.jpg,2000076,2,motorcycle,0.794969,961.0,591.0,1077.0,698.0,958.960693359375,591.7433471679688,1080.1251220703125,698.1285400390625,matched,1,MOTOR,preprocessed/masks/right_rear_camera/masks/frame_000089_gt2d_001_track_-1_MOTOR.png,0.8209113478660583,1019.0,644.5,17.025732040405273,19.17613983154297,8.798338890075684,1.1294535398483276,0.9158771654345806,0.07586248984889539,17.025732040405273,da3_bbox_median,1920.0,1280.0,image_root
right_rear,89,1772699919110653000,data\camera\right_rear_camera\1772699919110653000.jpg,2000077,2,motorcycle,0.399285,1118.0,601.0,1225.0,692.0,1116.6505126953125,601.0660400390625,1224.3287353515625,692.608642578125,matched,3,MOTOR,preprocessed/masks/right_rear_camera/masks/frame_000089_gt2d_003_track_-1_MOTOR.png,0.8001200556755066,1171.5,646.5,16.283767700195312,17.131250381469727,2.477254867553711,1.0620640516281128,3.08834760868765,0.10156596756187926,16.283767700195312,da3_bbox_median,1920.0,1280.0,image_root
right_rear,90,1772699919210660000,data\camera\right_rear_camera\1772699919210660000.jpg,-1,3,person,0.361899,1743.0,613.0,1768.0,662.0,1743.0,613.0,1768.0,662.0,unassigned,5,PEDESTRIAN_NORMAL,preprocessed/masks/right_rear_camera/masks/frame_000090_gt2d_005_track_-1_PEDESTRIAN_NORMAL.png,0.8108096718788147,1755.5,637.5,34.14305877685547,34.114898681640625,0.9168434143066406,1.0000042915344238,24.239921809039803,-0.06075708727060429,34.14305877685547,da3_bbox_median,1920.0,1280.0,image_root
right_rear,90,1772699919210660000,data\camera\right_rear_camera\1772699919210660000.jpg,-1,2,motorcycle,0.301731,1408.0,613.0,1482.0,682.0,1408.0,613.0,1482.0,682.0,unassigned,7,MOTOR,preprocessed/masks/right_rear_camera/masks/frame_000090_gt2d_007_track_-1_MOTOR.png,0.9247245788574219,1445.0,647.5,19.25375747680664,19.511245727539062,1.5387306213378906,1.0266095399856567,8.3430951461294,0.13724080208627007,19.25375747680664,da3_bbox_median,1920.0,1280.0,image_root
right_rear,90,1772699919210660000,data\camera\right_rear_camera\1772699919210660000.jpg,2000044,2,motorcycle,0.35353,1547.0,613.0,1627.0,669.0,1550.440673828125,611.1719360351562,1631.2423095703125,669.3604736328125,matched,6,MOTOR,preprocessed/masks/right_rear_camera/masks/frame_000090_gt2d_006_track_-1_MOTOR.png,0.8780595660209656,1587.0,641.0,27.57722282409668,27.098243713378906,1.8496646881103516,1.0002162456512451,15.438631389638374,0.03690203577007743,27.57722282409668,da3_bbox_median,1920.0,1280.0,image_root
right_rear,90,1772699919210660000,data\camera\right_rear_camera\1772699919210660000.jpg,2000070,2,motorcycle,0.386894,1346.0,604.0,1441.0,684.0,1349.9539794921875,604.1332397460938,1446.106201171875,683.6124877929688,matched,4,MOTOR,preprocessed/masks/right_rear_camera/masks/frame_000090_gt2d_004_track_-1_MOTOR.png,0.9017878770828247,1393.5,644.0,18.674041748046875,18.395553588867188,4.108114242553711,1.0896127223968506,7.235087546966763,0.07489001502185214,18.674041748046875,da3_bbox_median,1920.0,1280.0,image_root
right_rear,90,1772699919210660000,data\camera\right_rear_camera\1772699919210660000.jpg,2000071,2,motorcycle,0.523422,1228.0,595.0,1342.0,682.0,1237.3912353515625,596.6536865234375,1349.101806640625,681.5068969726562,matched,2,MOTOR,preprocessed/masks/right_rear_camera/masks/frame_000090_gt2d_002_track_-1_MOTOR.png,0.885638952255249,1285.0,638.5,15.738319396972656,17.23178482055664,1.0800142288208008,1.0767320394515991,4.57633750473254,-0.013987228281004675,15.738319396972656,da3_bbox_median,1920.0,1280.0,image_root
right_rear,90,1772699919210660000,data\camera\right_rear_camera\1772699919210660000.jpg,2000073,2,motorcycle,0.808463,1085.0,596.0,1221.0,691.0,1092.2135009765625,596.4166259765625,1227.74267578125,690.8303833007812,matched,0,MOTOR,preprocessed/masks/right_rear_camera/masks/frame_000090_gt2d_000_track_-1_MOTOR.png,0.8752778768539429,1153.0,643.5,16.014036178588867,17.76129722595215,4.629755020141602,1.0200189352035522,2.7732490429618446,0.05709013950016994,16.014036178588867,da3_bbox_median,1920.0,1280.0,image_root
right_rear,90,1772699919210660000,data\camera\right_rear_camera\1772699919210660000.jpg,2000076,2,motorcycle,0.647768,1019.0,586.0,1126.0,693.0,1019.6144409179688,587.7877807617188,1130.247314453125,693.3598022460938,matched,1,MOTOR,preprocessed/masks/right_rear_camera/masks/frame_000090_gt2d_001_track_-1_MOTOR.png,0.8288031816482544,1072.5,639.5,14.944300651550293,17.07944679260254,9.551374435424805,1.3218766450881958,1.5162126978521802,3.006163281165824e-05,14.944300651550293,da3_bbox_median,1920.0,1280.0,image_root
right_rear,90,1772699919210660000,data\camera\right_rear_camera\1772699919210660000.jpg,2000077,2,motorcycle,0.394952,1158.0,593.0,1258.0,688.0,1158.612060546875,595.4421997070312,1258.434814453125,688.8475952148438,matched,3,MOTOR,preprocessed/masks/right_rear_camera/masks/frame_000090_gt2d_003_track_-1_MOTOR.png,0.7875460386276245,1208.0,640.5,15.93394660949707,17.84330177307129,4.0085344314575195,1.0298980474472046,3.540146903243874,0.014225194208358608,15.93394660949707,da3_bbox_median,1920.0,1280.0,image_root
right_rear,91,1772699919310637000,data\camera\right_rear_camera\1772699919310637000.jpg,2000044,2,motorcycle,0.321138,1562.0,612.0,1641.0,667.0,1565.7703857421875,610.1482543945312,1644.9283447265625,665.7036743164062,matched,4,MOTOR,preprocessed/masks/right_rear_camera/masks/frame_000091_gt2d_004_track_-1_MOTOR.png,0.899376630783081,1601.5,639.5,29.69906234741211,29.27796173095703,3.0407867431640625,1.000193476676941,17.0101664520023,5.974199314879483e-05,29.69906234741211,da3_bbox_median,1920.0,1280.0,image_root
right_rear,91,1772699919310637000,data\camera\right_rear_camera\1772699919310637000.jpg,2000071,2,motorcycle,0.565915,1250.0,596.0,1368.0,681.0,1261.234375,594.56201171875,1375.662109375,678.6183471679688,matched,2,MOTOR,preprocessed/masks/right_rear_camera/masks/frame_000091_gt2d_002_track_-1_MOTOR.png,0.8926063776016235,1309.0,638.5,17.27181053161621,19.420291900634766,1.942697525024414,1.0220427513122559,5.391545728591318,-0.015350098739160593,17.27181053161621,da3_bbox_median,1920.0,1280.0,image_root
right_rear,91,1772699919310637000,data\camera\right_rear_camera\1772699919310637000.jpg,2000073,2,motorcycle,0.797427,1131.0,597.0,1260.0,688.0,1137.2115478515625,595.6991577148438,1266.4722900390625,686.2012939453125,matched,0,MOTOR,preprocessed/masks/right_rear_camera/masks/frame_000091_gt2d_000_track_-1_MOTOR.png,0.9042409658432007,1195.5,642.5,17.221511840820312,19.69620132446289,6.13459587097168,1.037357211112976,3.6344274914966235,0.046054758967133326,17.221511840820312,da3_bbox_median,1920.0,1280.0,image_root
right_rear,91,1772699919310637000,data\camera\right_rear_camera\1772699919310637000.jpg,2000076,2,motorcycle,0.791935,1046.0,590.0,1167.0,691.0,1055.648681640625,587.973876953125,1172.9267578125,689.2095336914062,matched,1,MOTOR,preprocessed/masks/right_rear_camera/masks/frame_000091_gt2d_001_track_-1_MOTOR.png,0.6940439343452454,1106.5,640.5,15.672282218933105,17.109107971191406,6.742076873779297,1.3939454555511475,2.0648021079784247,0.013991590640805192,15.672282218933105,da3_bbox_median,1920.0,1280.0,image_root
right_rear,91,1772699919310637000,data\camera\right_rear_camera\1772699919310637000.jpg,2000077,2,motorcycle,0.331243,1195.0,595.0,1288.0,684.0,1196.491943359375,593.7821044921875,1289.1434326171875,683.5720825195312,matched,3,MOTOR,preprocessed/masks/right_rear_camera/masks/frame_000091_gt2d_003_track_-1_MOTOR.png,0.8582048416137695,1241.5,639.5,17.16298484802246,19.939407348632812,4.6045379638671875,1.0117067098617554,4.325449955538482,3.4524690079745005e-05,17.16298484802246,da3_bbox_median,1920.0,1280.0,image_root
right_rear,92,1772699919410645000,data\camera\right_rear_camera\1772699919410645000.jpg,2000071,2,motorcycle,0.575593,1285.0,601.0,1393.0,680.0,1290.96240234375,598.0569458007812,1399.731689453125,677.8703002929688,matched,2,MOTOR,preprocessed/masks/right_rear_camera/masks/frame_000092_gt2d_002_track_-1_MOTOR.png,0.8810009360313416,1339.0,640.5,15.988975524902344,16.240177154541016,0.8984832763671875,1.2028917074203491,5.418441577149585,0.014274321836804958,15.988975524902344,da3_bbox_median,1920.0,1280.0,image_root
right_rear,92,1772699919410645000,data\camera\right_rear_camera\1772699919410645000.jpg,2000073,2,motorcycle,0.798617,1170.0,600.0,1291.0,688.0,1176.3388671875,598.3394165039062,1298.0797119140625,685.634521484375,matched,0,MOTOR,preprocessed/masks/right_rear_camera/masks/frame_000092_gt2d_000_track_-1_MOTOR.png,0.8979853391647339,1230.5,644.0,15.075202941894531,15.96386432647705,2.081235885620117,1.2527726888656616,3.6515452003997955,0.060457301638732364,15.075202941894531,da3_bbox_median,1920.0,1280.0,image_root
right_rear,92,1772699919410645000,data\camera\right_rear_camera\1772699919410645000.jpg,2000076,2,motorcycle,0.790458,1087.0,595.0,1207.0,691.0,1094.0977783203125,592.4216918945312,1212.82666015625,688.8182983398438,matched,1,MOTOR,preprocessed/masks/right_rear_camera/masks/frame_000092_gt2d_001_track_-1_MOTOR.png,0.7878057956695557,1147.0,643.0,14.424442291259766,14.874516487121582,5.596822738647461,1.6107969284057617,2.4208636988080294,0.0449989508865394,14.424442291259766,da3_bbox_median,1920.0,1280.0,image_root
right_rear,93,1772699919510652000,data\camera\right_rear_camera\1772699919510652000.jpg,-1,2,motorcycle,0.377556,1616.0,616.0,1677.0,666.0,1616.0,616.0,1677.0,666.0,unassigned,3,MOTOR,preprocessed/masks/right_rear_camera/masks/frame_000093_gt2d_003_track_-1_MOTOR.png,0.8967622518539429,1646.5,641.0,25.292903900146484,25.448457717895508,1.7347698211669922,1.0024505853652954,15.50055578294351,0.03384530960226992,25.292903900146484,da3_bbox_median,1920.0,1280.0,image_root
right_rear,93,1772699919510652000,data\camera\right_rear_camera\1772699919510652000.jpg,-1,2,motorcycle,0.335977,1297.0,605.0,1390.0,680.0,1297.0,605.0,1390.0,680.0,unassigned,4,MOTOR,preprocessed/masks/right_rear_camera/masks/frame_000093_gt2d_004_track_-1_MOTOR.png,0.8850035071372986,1343.5,642.5,16.1236572265625,16.341291427612305,0.8520698547363281,1.1939525604248047,5.528724879257693,0.04311881291849708,16.1236572265625,da3_bbox_median,1920.0,1280.0,image_root
right_rear,93,1772699919510652000,data\camera\right_rear_camera\1772699919510652000.jpg,2000071,2,motorcycle,0.53071,1318.0,603.0,1418.0,679.0,1322.14990234375,601.9666748046875,1423.5438232421875,678.2978515625,matched,2,MOTOR,preprocessed/masks/right_rear_camera/masks/frame_000093_gt2d_002_track_-1_MOTOR.png,0.8828645348548889,1368.0,641.0,16.40349578857422,16.5208797454834,0.7460384368896484,1.1803948879241943,5.982725629493551,0.02195008511935278,16.40349578857422,da3_bbox_median,1920.0,1280.0,image_root
right_rear,93,1772699919510652000,data\camera\right_rear_camera\1772699919510652000.jpg,2000073,2,motorcycle,0.808236,1206.0,602.0,1319.0,687.0,1212.4371337890625,601.7486572265625,1326.2249755859375,686.0587158203125,matched,1,MOTOR,preprocessed/masks/right_rear_camera/masks/frame_000093_gt2d_001_track_-1_MOTOR.png,0.8633214831352234,1262.5,644.5,15.634689331054688,15.732285499572754,1.405930519104004,1.2852423191070557,4.232798198298299,0.06966434440839092,15.634689331054688,da3_bbox_median,1920.0,1280.0,image_root
right_rear,93,1772699919510652000,data\camera\right_rear_camera\1772699919510652000.jpg,2000076,2,motorcycle,0.829935,1123.0,597.0,1243.0,688.0,1130.1097412109375,596.488525390625,1249.444580078125,687.882568359375,matched,0,MOTOR,preprocessed/masks/right_rear_camera/masks/frame_000093_gt2d_000_track_-1_MOTOR.png,0.8304669857025146,1183.0,642.5,14.545915603637695,14.88039493560791,5.288952827453613,1.5583540201187134,2.907780266763081,0.03889952538858446,14.545915603637695,da3_bbox_median,1920.0,1280.0,image_root
right_rear,94,1772699919610660000,data\camera\right_rear_camera\1772699919610660000.jpg,-1,2,motorcycle,0.393918,1320.0,609.0,1406.0,675.0,1320.0,609.0,1406.0,675.0,unassigned,3,MOTOR,preprocessed/masks/right_rear_camera/masks/frame_000094_gt2d_003_track_-1_MOTOR.png,0.8668537139892578,1363.0,642.0,17.652666091918945,17.79470443725586,0.5632171630859375,1.0312256813049316,6.359691255760153,0.039345732037876884,17.652666091918945,da3_bbox_median,1920.0,1280.0,image_root
right_rear,94,1772699919610660000,data\camera\right_rear_camera\1772699919610660000.jpg,-1,2,motorcycle,0.355022,1626.0,613.0,1685.0,661.0,1626.0,613.0,1685.0,661.0,unassigned,4,MOTOR,preprocessed/masks/right_rear_camera/masks/frame_000094_gt2d_004_track_-1_MOTOR.png,0.8890233039855957,1655.5,637.0,25.307531356811523,27.26860237121582,2.6203460693359375,1.0001213550567627,15.712441551854434,-0.05630571695562708,25.307531356811523,da3_bbox_median,1920.0,1280.0,image_root
right_rear,94,1772699919610660000,data\camera\right_rear_camera\1772699919610660000.jpg,-1,3,person,0.318547,1234.0,598.0,1266.0,676.0,1234.0,598.0,1266.0,676.0,unassigned,5,PEDESTRIAN_NORMAL,preprocessed/masks/right_rear_camera/masks/frame_000094_gt2d_005_track_-1_PEDESTRIAN_NORMAL.png,0.837400496006012,1250.0,637.0,16.875221252441406,17.450483322143555,6.798070907592773,1.2108484506607056,4.38071931137355,-0.037545006583497124,16.875221252441406,da3_bbox_median,1920.0,1280.0,image_root
right_rear,94,1772699919610660000,data\camera\right_rear_camera\1772699919610660000.jpg,2000071,2,motorcycle,0.460216,1353.0,606.0,1440.0,673.0,1355.0133056640625,605.2645874023438,1444.927978515625,674.2631225585938,matched,2,MOTOR,preprocessed/masks/right_rear_camera/masks/frame_000094_gt2d_002_track_-1_MOTOR.png,0.8921719789505005,1396.5,639.5,17.74787139892578,17.873029708862305,0.41241455078125,1.0418692827224731,6.923686740831435,3.570123524834805e-05,17.74787139892578,da3_bbox_median,1920.0,1280.0,image_root
right_rear,94,1772699919610660000,data\camera\right_rear_camera\1772699919610660000.jpg,2000073,2,motorcycle,0.786884,1243.0,603.0,1354.0,682.0,1247.886474609375,603.4127197265625,1357.8641357421875,682.6929321289062,matched,0,MOTOR,preprocessed/masks/right_rear_camera/masks/frame_000094_gt2d_000_track_-1_MOTOR.png,0.9039903879165649,1298.5,642.5,17.420021057128906,18.004592895507812,1.5824413299560547,1.0381639003753662,5.274853701714424,0.04658562374801608,17.420021057128906,da3_bbox_median,1920.0,1280.0,image_root
right_rear,94,1772699919610660000,data\camera\right_rear_camera\1772699919610660000.jpg,2000076,2,motorcycle,0.748643,1161.0,609.0,1274.0,684.0,1166.2647705078125,606.1621704101562,1281.146484375,684.7117919921875,matched,1,MOTOR,preprocessed/masks/right_rear_camera/masks/frame_000094_gt2d_001_track_-1_MOTOR.png,0.8529491424560547,1217.5,646.5,16.005922317504883,16.76519012451172,5.405384063720703,1.2897140979766846,3.691607220904178,0.09983297580928778,16.005922317504883,da3_bbox_median,1920.0,1280.0,image_root
right_rear,95,1772699919710637000,data\camera\right_rear_camera\1772699919710637000.jpg,-1,3,person,0.42089,1437.0,590.0,1462.0,654.0,1437.0,590.0,1462.0,654.0,unassigned,4,PEDESTRIAN_NORMAL,preprocessed/masks/right_rear_camera/masks/frame_000095_gt2d_004_track_-1_PEDESTRIAN_NORMAL.png,0.7752189636230469,1449.5,622.0,17.10483741760254,17.10428237915039,0.07969093322753906,1.0587116479873657,7.480493955631554,-0.2665975393388925,17.10483741760254,da3_bbox_median,1920.0,1280.0,image_root
right_rear,95,1772699919710637000,data\camera\right_rear_camera\1772699919710637000.jpg,2000044,2,motorcycle,0.496432,1634.0,614.0,1693.0,661.0,1634.5003662109375,612.8187866210938,1695.3668212890625,660.47802734375,matched,3,MOTOR,preprocessed/masks/right_rear_camera/masks/frame_000095_gt2d_003_track_-1_MOTOR.png,0.8846415281295776,1663.5,637.5,27.352149963378906,27.47779083251953,1.8199443817138672,1.0000375509262085,17.176811327648092,-0.048672761665108234,27.352149963378906,da3_bbox_median,1920.0,1280.0,image_root
right_rear,95,1772699919710637000,data\camera\right_rear_camera\1772699919710637000.jpg,2000071,2,motorcycle,0.562504,1373.0,607.0,1460.0,673.0,1378.6387939453125,605.4465942382812,1464.8837890625,671.3143920898438,matched,2,MOTOR,preprocessed/masks/right_rear_camera/masks/frame_000095_gt2d_002_track_-1_MOTOR.png,0.9009279608726501,1416.5,640.0,17.034149169921875,17.089691162109375,0.2597846984863281,1.0452384948730469,6.94877311583091,0.007620838425850018,17.034149169921875,da3_bbox_median,1920.0,1280.0,image_root
right_rear,95,1772699919710637000,data\camera\right_rear_camera\1772699919710637000.jpg,2000073,2,motorcycle,0.788597,1276.0,604.0,1382.0,682.0,1281.53759765625,602.9493408203125,1386.9598388671875,680.0208740234375,matched,0,MOTOR,preprocessed/masks/right_rear_camera/masks/frame_000095_gt2d_000_track_-1_MOTOR.png,0.8967835307121277,1329.0,643.0,16.796876907348633,17.285903930664062,1.5824966430664062,1.0679943561553955,5.542582441570576,0.05240007369012928,16.796876907348633,da3_bbox_median,1920.0,1280.0,image_root
right_rear,95,1772699919710637000,data\camera\right_rear_camera\1772699919710637000.jpg,2000076,2,motorcycle,0.755671,1193.0,612.0,1302.0,683.0,1199.3701171875,610.0718994140625,1309.88720703125,681.5662841796875,matched,1,MOTOR,preprocessed/masks/right_rear_camera/masks/frame_000095_gt2d_001_track_-1_MOTOR.png,0.8022199273109436,1247.5,647.5,14.287154197692871,17.320789337158203,7.171502113342285,1.189554214477539,3.6770490642114506,0.10183884906536166,14.287154197692871,da3_bbox_median,1920.0,1280.0,image_root
right_rear,96,1772699919810644000,data\camera\right_rear_camera\1772699919810644000.jpg,-1,3,person,0.393488,1438.0,592.0,1476.0,667.0,1438.0,592.0,1476.0,667.0,unassigned,4,PEDESTRIAN_NORMAL,preprocessed/masks/right_rear_camera/masks/frame_000096_gt2d_004_track_-1_PEDESTRIAN_NORMAL.png,0.8039526343345642,1457.0,629.5,18.246652603149414,18.335498809814453,0.9486293792724609,1.1433595418930054,8.101767806449143,-0.1624951116661808,18.246652603149414,da3_bbox_median,1920.0,1280.0,image_root
right_rear,96,1772699919810644000,data\camera\right_rear_camera\1772699919810644000.jpg,-1,1,car,0.334907,1720.0,605.0,1824.0,654.0,1720.0,605.0,1824.0,654.0,unassigned,5,VEHICLE_SUV,preprocessed/masks/right_rear_camera/masks/frame_000096_gt2d_005_track_-1_VEHICLE_SUV.png,0.8296061754226685,1772.0,629.5,34.92613983154297,35.42677307128906,4.704475402832031,1.0000035762786865,25.30928845433807,-0.31103387100248986,34.92613983154297,da3_bbox_median,1920.0,1280.0,image_root
right_rear,96,1772699919810644000,data\camera\right_rear_camera\1772699919810644000.jpg,-1,3,person,0.307233,1812.0,615.0,1832.0,657.0,1812.0,615.0,1832.0,657.0,unassigned,6,PEDESTRIAN_NORMAL,preprocessed/masks/right_rear_camera/masks/frame_000096_gt2d_006_track_-1_PEDESTRIAN_NORMAL.png,0.8269490003585815,1822.0,636.0,37.34370422363281,38.21261215209961,4.220603942871094,1.000000238418579,28.724681699244055,-0.11634837286920703,37.34370422363281,da3_bbox_median,1920.0,1280.0,image_root
right_rear,96,1772699919810644000,data\camera\right_rear_camera\1772699919810644000.jpg,2000044,2,motorcycle,0.419819,1642.0,617.0,1699.0,663.0,1645.12353515625,615.8623046875,1702.583984375,662.1056518554688,matched,3,MOTOR,preprocessed/masks/right_rear_camera/masks/frame_000096_gt2d_003_track_-1_MOTOR.png,0.8777643442153931,1670.5,640.0,29.20604705810547,29.349637985229492,2.3639774322509766,1.0001064538955688,18.52317621776697,0.013066374109286658,29.20604705810547,da3_bbox_median,1920.0,1280.0,image_root
right_rear,96,1772699919810644000,data\camera\right_rear_camera\1772699919810644000.jpg,2000071,2,motorcycle,0.560642,1393.0,610.0,1480.0,675.0,1400.2264404296875,609.0236206054688,1485.4486083984375,673.2700805664062,matched,2,MOTOR,preprocessed/masks/right_rear_camera/masks/frame_000096_gt2d_002_track_-1_MOTOR.png,0.8826920390129089,1436.5,642.5,18.03795051574707,18.637941360473633,0.8614826202392578,1.1457523107528687,7.679660883692969,0.04823812630054431,18.03795051574707,da3_bbox_median,1920.0,1280.0,image_root
right_rear,96,1772699919810644000,data\camera\right_rear_camera\1772699919810644000.jpg,2000073,2,motorcycle,0.787659,1304.0,608.0,1404.0,681.0,1311.495849609375,607.0028686523438,1411.410400390625,679.9901123046875,matched,0,MOTOR,preprocessed/masks/right_rear_camera/masks/frame_000096_gt2d_000_track_-1_MOTOR.png,0.8711740374565125,1354.0,644.5,18.229713439941406,18.67418098449707,3.7486095428466797,1.2034937143325806,6.421413047120644,0.0812271359318837,18.229713439941406,da3_bbox_median,1920.0,1280.0,image_root
right_rear,96,1772699919810644000,data\camera\right_rear_camera\1772699919810644000.jpg,2000076,2,motorcycle,0.734981,1223.0,612.0,1328.0,683.0,1230.6981201171875,612.4752197265625,1336.94970703125,682.05029296875,matched,1,MOTOR,preprocessed/masks/right_rear_camera/masks/frame_000096_gt2d_001_track_-1_MOTOR.png,0.8172690272331238,1275.5,647.5,15.392609596252441,18.210325241088867,8.02508544921875,1.3515197038650513,4.345534998397853,0.10971853622521444,15.392609596252441,da3_bbox_median,1920.0,1280.0,image_root
right_rear,97,1772699919910651000,data\camera\right_rear_camera\1772699919910651000.jpg,-1,2,motorcycle,0.38462,1786.0,622.0,1835.0,661.0,1786.0,622.0,1835.0,661.0,unassigned,4,MOTOR,preprocessed/masks/right_rear_camera/masks/frame_000097_gt2d_004_track_-1_MOTOR.png,0.8065820932388306,1810.5,641.5,37.177146911621094,38.00119400024414,2.4146347045898438,1.0000008344650269,28.215667482325458,0.06630577342775193,37.177146911621094,da3_bbox_median,1920.0,1280.0,image_root
right_rear,97,1772699919910651000,data\camera\right_rear_camera\1772699919910651000.jpg,2000044,2,motorcycle,0.408556,1651.0,620.0,1707.0,666.0,1653.5384521484375,618.8411865234375,1709.3511962890625,664.6585693359375,matched,3,MOTOR,preprocessed/masks/right_rear_camera/masks/frame_000097_gt2d_003_track_-1_MOTOR.png,0.9104131460189819,1679.0,643.0,30.74419403076172,31.474939346313477,3.919404983520508,1.0001181364059448,19.731524568382074,0.09591056966374119,30.74419403076172,da3_bbox_median,1920.0,1280.0,image_root
right_rear,97,1772699919910651000,data\camera\right_rear_camera\1772699919910651000.jpg,2000071,2,motorcycle,0.557605,1415.0,610.0,1497.0,678.0,1420.1129150390625,610.2006225585938,1501.681396484375,676.1113891601562,matched,2,MOTOR,preprocessed/masks/right_rear_camera/masks/frame_000097_gt2d_002_track_-1_MOTOR.png,0.8954744935035706,1456.0,644.0,19.14872932434082,20.030414581298828,2.3231582641601562,1.0942832231521606,8.485242564230688,0.07679369287579386,19.14872932434082,da3_bbox_median,1920.0,1280.0,image_root
right_rear,97,1772699919910651000,data\camera\right_rear_camera\1772699919910651000.jpg,2000073,2,motorcycle,0.735141,1332.0,611.0,1428.0,682.0,1337.797119140625,610.4436645507812,1433.281005859375,680.8200073242188,matched,1,MOTOR,preprocessed/masks/right_rear_camera/masks/frame_000097_gt2d_001_track_-1_MOTOR.png,0.8581899404525757,1380.0,646.5,18.543365478515625,19.156879425048828,4.998769760131836,1.264178991317749,6.961430936330668,0.1156596490047202,18.543365478515625,da3_bbox_median,1920.0,1280.0,image_root
right_rear,97,1772699919910651000,data\camera\right_rear_camera\1772699919910651000.jpg,2000076,2,motorcycle,0.815582,1251.0,612.0,1350.0,685.0,1257.5133056640625,613.1256713867188,1358.185791015625,683.7005004882812,matched,0,MOTOR,preprocessed/masks/right_rear_camera/masks/frame_000097_gt2d_000_track_-1_MOTOR.png,0.8732143640518188,1300.5,648.5,16.255443572998047,18.88788604736328,7.525382995605469,1.3248637914657593,4.951179267440785,0.13034833247282362,16.255443572998047,da3_bbox_median,1920.0,1280.0,image_root
right_rear,98,1772699920010645000,data\camera\right_rear_camera\1772699920010645000.jpg,-1,2,motorcycle,0.364162,1788.0,622.0,1838.0,661.0,1788.0,622.0,1838.0,661.0,unassigned,3,MOTOR,preprocessed/masks/right_rear_camera/masks/frame_000098_gt2d_003_track_-1_MOTOR.png,0.7528464794158936,1813.0,641.5,34.22306823730469,35.016502380371094,1.7181587219238281,1.0000032186508179,26.049888269348656,0.06103714773862596,34.22306823730469,da3_bbox_median,1920.0,1280.0,image_root
right_rear,98,1772699920010645000,data\camera\right_rear_camera\1772699920010645000.jpg,2000044,2,motorcycle,0.333545,1659.0,620.0,1713.0,665.0,1660.13037109375,620.42724609375,1714.06396484375,665.4398803710938,matched,4,MOTOR,preprocessed/masks/right_rear_camera/masks/frame_000098_gt2d_004_track_-1_MOTOR.png,0.899725615978241,1686.0,642.5,28.72509765625,28.88787841796875,4.301568984985352,1.0002391338348389,18.614816117914792,0.07681831079024158,28.72509765625,da3_bbox_median,1920.0,1280.0,image_root
right_rear,98,1772699920010645000,data\camera\right_rear_camera\1772699920010645000.jpg,2000071,2,motorcycle,0.599938,1435.0,608.0,1514.0,677.0,1438.1383056640625,609.7740478515625,1516.564453125,677.00830078125,matched,2,MOTOR,preprocessed/masks/right_rear_camera/masks/frame_000098_gt2d_002_track_-1_MOTOR.png,0.8889687061309814,1474.5,642.5,19.10759735107422,19.39885902404785,0.9843807220458984,1.1013392210006714,8.781945631270458,0.051098637481925134,19.10759735107422,da3_bbox_median,1920.0,1280.0,image_root
right_rear,98,1772699920010645000,data\camera\right_rear_camera\1772699920010645000.jpg,2000073,2,motorcycle,0.687537,1353.0,609.0,1450.0,681.0,1358.4395751953125,610.6430053710938,1453.381103515625,681.0037841796875,matched,1,MOTOR,preprocessed/masks/right_rear_camera/masks/frame_000098_gt2d_001_track_-1_MOTOR.png,0.8663356304168701,1401.5,645.0,18.336963653564453,17.968557357788086,4.44970703125,1.273319125175476,7.235182930341628,0.08987182963850858,18.336963653564453,da3_bbox_median,1920.0,1280.0,image_root
right_rear,98,1772699920010645000,data\camera\right_rear_camera\1772699920010645000.jpg,2000076,2,motorcycle,0.817931,1278.0,610.0,1380.0,685.0,1282.3681640625,612.3838500976562,1383.212890625,684.8231201171875,matched,0,MOTOR,preprocessed/masks/right_rear_camera/masks/frame_000098_gt2d_000_track_-1_MOTOR.png,0.84809809923172,1329.0,647.5,15.956289291381836,19.153505325317383,8.538453102111816,1.3099771738052368,5.265207892327978,0.11373644564224596,15.956289291381836,da3_bbox_median,1920.0,1280.0,image_root
right_rear,99,1772699920110561000,data\camera\right_rear_camera\1772699920110561000.jpg,2000044,2,motorcycle,0.33925,1666.0,621.0,1719.0,665.0,1668.1502685546875,620.79052734375,1720.8287353515625,664.8638305664062,matched,3,MOTOR,preprocessed/masks/right_rear_camera/masks/frame_000099_gt2d_003_track_-1_MOTOR.png,0.897984504699707,1692.5,643.0,31.14164924621582,30.904726028442383,2.9199695587158203,1.0001314878463745,20.361161109275564,0.09715048364853734,31.14164924621582,da3_bbox_median,1920.0,1280.0,image_root
right_rear,99,1772699920110561000,data\camera\right_rear_camera\1772699920110561000.jpg,2000071,2,motorcycle,0.498067,1452.0,610.0,1529.0,676.0,1456.3939208984375,610.037841796875,1532.53759765625,675.8233032226562,matched,2,MOTOR,preprocessed/masks/right_rear_camera/masks/frame_000099_gt2d_002_track_-1_MOTOR.png,0.901672899723053,1490.5,643.0,20.010581970214844,20.074840545654297,0.7213268280029297,1.1027511358261108,9.482205039760418,0.062425650649549434,20.010581970214844,da3_bbox_median,1920.0,1280.0,image_root
right_rear,99,1772699920110561000,data\camera\right_rear_camera\1772699920110561000.jpg,2000073,2,motorcycle,0.658015,1378.0,610.0,1469.0,679.0,1383.0167236328125,610.5153198242188,1473.7816162109375,678.9175415039062,matched,1,MOTOR,preprocessed/masks/right_rear_camera/masks/frame_000099_gt2d_001_track_-1_MOTOR.png,0.868052065372467,1423.5,644.5,19.6415958404541,19.211585998535156,3.8406524658203125,1.2244720458984375,8.13492660719571,0.08751813792947997,19.6415958404541,da3_bbox_median,1920.0,1280.0,image_root
right_rear,99,1772699920110561000,data\camera\right_rear_camera\1772699920110561000.jpg,2000076,2,motorcycle,0.804973,1304.0,610.0,1399.0,683.0,1309.1083984375,611.18994140625,1405.323974609375,683.046142578125,matched,0,MOTOR,preprocessed/masks/right_rear_camera/masks/frame_000099_gt2d_000_track_-1_MOTOR.png,0.8526492118835449,1351.5,646.5,18.023672103881836,20.317964553833008,7.315818786621094,1.230907917022705,6.308691183130974,0.11241819030781519,18.023672103881836,da3_bbox_median,1920.0,1280.0,image_root
right_rear,100,1772699920210538000,data\camera\right_rear_camera\1772699920210538000.jpg,-1,2,motorcycle,0.340094,1797.0,625.0,1845.0,661.0,1797.0,625.0,1845.0,661.0,unassigned,3,MOTOR,preprocessed/masks/right_rear_camera/masks/frame_000100_gt2d_003_track_-1_MOTOR.png,0.7745651602745056,1821.0,643.0,38.59890365600586,39.170860290527344,2.5464859008789062,1.000000238418579,29.65578959582968,0.1204143726890102,38.59890365600586,da3_bbox_median,1920.0,1280.0,image_root
right_rear,100,1772699920210538000,data\camera\right_rear_camera\1772699920210538000.jpg,2000071,2,motorcycle,0.494246,1468.0,609.0,1543.0,675.0,1471.216552734375,609.1583251953125,1545.3558349609375,674.5023193359375,matched,2,MOTOR,preprocessed/masks/right_rear_camera/masks/frame_000100_gt2d_002_track_-1_MOTOR.png,0.8576185703277588,1505.5,642.0,20.57594871520996,20.6258487701416,0.3037376403808594,1.042761206626892,10.025080394947555,0.04586138775628666,20.57594871520996,da3_bbox_median,1920.0,1280.0,image_root
right_rear,100,1772699920210538000,data\camera\right_rear_camera\1772699920210538000.jpg,2000073,2,motorcycle,0.67334,1396.0,605.0,1489.0,678.0,1400.9390869140625,606.6886596679688,1491.87841796875,677.3231811523438,matched,1,MOTOR,preprocessed/masks/right_rear_camera/masks/frame_000100_gt2d_001_track_-1_MOTOR.png,0.8110067248344421,1442.5,641.5,20.503023147583008,20.684879302978516,2.7032947540283203,1.094241976737976,8.838764579285273,0.036567324831014394,20.503023147583008,da3_bbox_median,1920.0,1280.0,image_root
right_rear,100,1772699920210538000,data\camera\right_rear_camera\1772699920210538000.jpg,2000076,2,motorcycle,0.803997,1328.0,609.0,1419.0,682.0,1331.8526611328125,609.7276611328125,1423.7242431640625,681.5201416015625,matched,0,MOTOR,preprocessed/masks/right_rear_camera/masks/frame_000100_gt2d_000_track_-1_MOTOR.png,0.8696042895317078,1373.5,645.5,19.908836364746094,21.617006301879883,6.52440071105957,1.1158549785614014,7.358756365418033,0.106442665825582,19.908836364746094,da3_bbox_median,1920.0,1280.0,image_root
right_rear,101,1772699920310546000,data\camera\right_rear_camera\1772699920310546000.jpg,-1,2,motorcycle,0.337434,1438.0,599.0,1498.0,675.0,1438.0,599.0,1498.0,675.0,unassigned,4,MOTOR,preprocessed/masks/right_rear_camera/masks/frame_000101_gt2d_004_track_-1_MOTOR.png,0.8678776025772095,1468.0,637.0,21.43510627746582,22.1096248626709,3.0135498046875,1.0381925106048584,9.727550770151604,-0.04769011287416358,21.43510627746582,da3_bbox_median,1920.0,1280.0,image_root
right_rear,101,1772699920310546000,data\camera\right_rear_camera\1772699920310546000.jpg,2000044,2,motorcycle,0.470136,1682.0,621.0,1732.0,664.0,1682.4390869140625,620.5515747070312,1732.589599609375,663.6058349609375,matched,3,MOTOR,preprocessed/masks/right_rear_camera/masks/frame_000101_gt2d_003_track_-1_MOTOR.png,0.8824134469032288,1707.0,642.5,34.244361877441406,33.44126510620117,3.4559288024902344,1.0000331401824951,22.832166638891962,0.09157824509405735,34.244361877441406,da3_bbox_median,1920.0,1280.0,image_root
right_rear,101,1772699920310546000,data\camera\right_rear_camera\1772699920310546000.jpg,2000071,2,motorcycle,0.598643,1485.0,610.0,1561.0,674.0,1487.913818359375,609.5966796875,1562.218505859375,673.4954833984375,matched,1,MOTOR,preprocessed/masks/right_rear_camera/masks/frame_000101_gt2d_001_track_-1_MOTOR.png,0.8824399709701538,1523.0,642.0,21.844633102416992,22.024667739868164,1.13287353515625,1.0095477104187012,10.98379238058277,0.048689137155712346,21.844633102416992,da3_bbox_median,1920.0,1280.0,image_root
right_rear,101,1772699920310546000,data\camera\right_rear_camera\1772699920310546000.jpg,2000073,2,motorcycle,0.561138,1411.0,605.0,1504.0,678.0,1417.2261962890625,605.4259033203125,1508.3521728515625,676.892822265625,matched,2,MOTOR,preprocessed/masks/right_rear_camera/masks/frame_000101_gt2d_002_track_-1_MOTOR.png,0.8297766447067261,1457.5,641.5,21.339811325073242,22.04323959350586,2.5690975189208984,1.0270925760269165,9.484679311075979,0.038059744016262456,21.339811325073242,da3_bbox_median,1920.0,1280.0,image_root
right_rear,101,1772699920310546000,data\camera\right_rear_camera\1772699920310546000.jpg,2000076,2,motorcycle,0.804084,1350.0,610.0,1441.0,680.0,1354.3577880859375,609.9387817382812,1444.8004150390625,679.769775390625,matched,0,MOTOR,preprocessed/masks/right_rear_camera/masks/frame_000101_gt2d_000_track_-1_MOTOR.png,0.8856441974639893,1395.5,645.0,20.683406829833984,22.575729370117188,4.359037399291992,1.0098423957824707,8.050452026171545,0.1013720510152982,20.683406829833984,da3_bbox_median,1920.0,1280.0,image_root
right_rear,102,1772699920410553000,data\camera\right_rear_camera\1772699920410553000.jpg,2000044,2,motorcycle,0.349613,1691.0,621.0,1737.0,664.0,1694.88330078125,621.4337768554688,1742.1173095703125,664.4420166015625,matched,2,MOTOR,preprocessed/masks/right_rear_camera/masks/frame_000102_gt2d_002_track_-1_MOTOR.png,0.8917481899261475,1714.0,642.5,37.611331939697266,35.84025573730469,4.234344482421875,1.00007164478302,25.311627370983803,0.1005823903804889,37.611331939697266,da3_bbox_median,1920.0,1280.0,image_root
right_rear,102,1772699920410553000,data\camera\right_rear_camera\1772699920410553000.jpg,2000071,2,motorcycle,0.579932,1497.0,612.0,1574.0,674.0,1505.2576904296875,612.0067138671875,1580.418212890625,674.0931396484375,matched,1,MOTOR,preprocessed/masks/right_rear_camera/masks/frame_000102_gt2d_001_track_-1_MOTOR.png,0.8941083550453186,1535.5,643.0,22.046829223632812,22.394763946533203,0.996337890625,1.0123977661132812,11.330982257674705,0.06877799261877253,22.046829223632812,da3_bbox_median,1920.0,1280.0,image_root
right_rear,102,1772699920410553000,data\camera\right_rear_camera\1772699920410553000.jpg,2000073,2,motorcycle,0.329876,1430.0,608.0,1520.0,678.0,1438.9652099609375,607.8846435546875,1528.2606201171875,677.7372436523438,matched,3,MOTOR,preprocessed/masks/right_rear_camera/masks/frame_000102_gt2d_003_track_-1_MOTOR.png,0.6518393754959106,1475.0,643.0,21.37952995300293,22.213899612426758,3.2050933837890625,1.0224846601486206,9.835660677232951,0.06669626450066758,21.37952995300293,da3_bbox_median,1920.0,1280.0,image_root
right_rear,102,1772699920410553000,data\camera\right_rear_camera\1772699920410553000.jpg,2000076,2,motorcycle,0.825736,1370.0,610.0,1463.0,679.0,1378.876953125,610.8717651367188,1470.281494140625,679.416259765625,matched,0,MOTOR,preprocessed/masks/right_rear_camera/masks/frame_000102_gt2d_000_track_-1_MOTOR.png,0.875420868396759,1416.5,644.5,21.352684020996094,23.040796279907227,5.162496566772461,1.0079087018966675,8.710441313847577,0.09514232756308129,21.352684020996094,da3_bbox_median,1920.0,1280.0,image_root
right_rear,103,1772699920510561000,data\camera\right_rear_camera\1772699920510561000.jpg,2000071,2,motorcycle,0.616757,1513.0,613.0,1587.0,673.0,1517.6937255859375,612.8619995117188,1591.234375,673.0003662109375,matched,1,MOTOR,preprocessed/masks/right_rear_camera/masks/frame_000103_gt2d_001_track_-1_MOTOR.png,0.8793888688087463,1550.0,643.0,21.962677001953125,23.061857223510742,1.2809219360351562,1.0070017576217651,11.571451505509165,0.06851546866021005,21.962677001953125,da3_bbox_median,1920.0,1280.0,image_root
right_rear,103,1772699920510561000,data\camera\right_rear_camera\1772699920510561000.jpg,2000076,2,motorcycle,0.810504,1390.0,611.0,1481.0,679.0,1396.3333740234375,611.1856079101562,1486.80810546875,678.6769409179688,matched,0,MOTOR,preprocessed/masks/right_rear_camera/masks/frame_000103_gt2d_000_track_-1_MOTOR.png,0.8776065707206726,1435.5,645.0,21.880718231201172,23.73580551147461,8.487890243530273,1.0093001127243042,9.296226141236737,0.10724022899289914,21.880718231201172,da3_bbox_median,1920.0,1280.0,image_root
right_rear,104,1772699920610537000,data\camera\right_rear_camera\1772699920610537000.jpg,-1,3,person,0.305431,1461.0,597.0,1497.0,673.0,1461.0,597.0,1497.0,673.0,unassigned,2,PEDESTRIAN_NORMAL,preprocessed/masks/right_rear_camera/masks/frame_000104_gt2d_002_track_-1_PEDESTRIAN_NORMAL.png,0.8598379492759705,1479.0,635.0,24.403766632080078,25.983108520507812,10.903026580810547,1.005328893661499,11.313928486643531,-0.0977702124425049,24.403766632080078,da3_bbox_median,1920.0,1280.0,image_root
right_rear,104,1772699920610537000,data\camera\right_rear_camera\1772699920610537000.jpg,2000071,2,motorcycle,0.549148,1527.0,615.0,1599.0,674.0,1532.6629638671875,614.5579833984375,1604.37158203125,673.3831787109375,matched,1,MOTOR,preprocessed/masks/right_rear_camera/masks/frame_000104_gt2d_001_track_-1_MOTOR.png,0.8751806020736694,1563.0,644.5,21.588232040405273,22.77544403076172,0.8464469909667969,1.0175684690475464,11.624200384634815,0.09619187181697587,21.588232040405273,da3_bbox_median,1920.0,1280.0,image_root
right_rear,104,1772699920610537000,data\camera\right_rear_camera\1772699920610537000.jpg,2000076,2,motorcycle,0.749032,1407.0,612.0,1498.0,679.0,1414.867431640625,611.9972534179688,1505.0904541015625,678.5140991210938,matched,0,MOTOR,preprocessed/masks/right_rear_camera/masks/frame_000104_gt2d_000_track_-1_MOTOR.png,0.8640045523643494,1452.5,645.5,22.236064910888672,24.704273223876953,10.039993286132812,1.0156304836273193,9.783975544775194,0.1188852016874698,22.236064910888672,da3_bbox_median,1920.0,1280.0,image_root
right_rear,105,1772699920710545000,data\camera\right_rear_camera\1772699920710545000.jpg,2000071,2,motorcycle,0.467108,1543.0,620.0,1609.0,674.0,1545.5111083984375,618.4324340820312,1612.5670166015625,673.4461669921875,matched,1,MOTOR,preprocessed/masks/right_rear_camera/masks/frame_000105_gt2d_001_track_-1_MOTOR.png,0.8682980537414551,1576.0,647.0,21.6939697265625,22.199981689453125,0.8826961517333984,1.0218428373336792,11.932391849973689,0.14497269999275195,21.6939697265625,da3_bbox_median,1920.0,1280.0,image_root
right_rear,105,1772699920710545000,data\camera\right_rear_camera\1772699920710545000.jpg,2000076,2,motorcycle,0.683326,1426.0,613.0,1513.0,679.0,1430.716796875,612.8258666992188,1518.225341796875,678.3915405273438,matched,0,MOTOR,preprocessed/masks/right_rear_camera/masks/frame_000105_gt2d_000_track_-1_MOTOR.png,0.9108323454856873,1469.5,646.0,20.701337814331055,24.282739639282227,11.439506530761719,1.047758936882019,9.422221047268124,0.11989962231115195,20.701337814331055,da3_bbox_median,1920.0,1280.0,image_root
right_rear,106,1772699920810552000,data\camera\right_rear_camera\1772699920810552000.jpg,-1,1,car,0.332308,1765.0,615.0,1851.0,659.0,1765.0,615.0,1851.0,659.0,unassigned,2,VEHICLE_SUV,preprocessed/masks/right_rear_camera/masks/frame_000106_gt2d_002_track_-1_VEHICLE_SUV.png,0.8367284536361694,1808.0,637.0,35.09001922607422,36.72574234008789,5.839015960693359,1.0000003576278687,26.553482441474344,-0.07807038397599651,35.09001922607422,da3_bbox_median,1920.0,1280.0,image_root
right_rear,106,1772699920810552000,data\camera\right_rear_camera\1772699920810552000.jpg,-1,3,person,0.315456,1465.0,597.0,1498.0,667.0,1465.0,597.0,1498.0,667.0,unassigned,3,PEDESTRIAN_NORMAL,preprocessed/masks/right_rear_camera/masks/frame_000106_gt2d_003_track_-1_PEDESTRIAN_NORMAL.png,0.8404795527458191,1481.5,632.0,20.749351501464844,22.127399444580078,8.092836380004883,1.0573232173919678,9.665905083105391,-0.1385766911826127,20.749351501464844,da3_bbox_median,1920.0,1280.0,image_root
right_rear,106,1772699920810552000,data\camera\right_rear_camera\1772699920810552000.jpg,2000071,2,motorcycle,0.425581,1554.0,620.0,1620.0,673.0,1555.9112548828125,619.7134399414062,1621.4202880859375,672.7413940429688,matched,1,MOTOR,preprocessed/masks/right_rear_camera/masks/frame_000106_gt2d_001_track_-1_MOTOR.png,0.8841347098350525,1587.0,646.5,19.28363800048828,19.354686737060547,1.4731178283691406,1.0834829807281494,10.795611321696374,0.12027691549598338,19.28363800048828,da3_bbox_median,1920.0,1280.0,image_root
right_rear,106,1772699920810552000,data\camera\right_rear_camera\1772699920810552000.jpg,2000076,2,motorcycle,0.60839,1444.0,613.0,1530.0,678.0,1446.652099609375,613.0028686523438,1532.5592041015625,677.6207885742188,matched,0,MOTOR,preprocessed/masks/right_rear_camera/masks/frame_000106_gt2d_000_track_-1_MOTOR.png,0.9155198335647583,1487.0,645.5,18.513893127441406,20.82527732849121,6.590963363647461,1.0514285564422607,8.715254776207416,0.09898459674842566,18.513893127441406,da3_bbox_median,1920.0,1280.0,image_root
right_rear,107,1772699920910560000,data\camera\right_rear_camera\1772699920910560000.jpg,-1,1,car,0.365137,1771.0,616.0,1846.0,660.0,1771.0,616.0,1846.0,660.0,unassigned,2,VEHICLE_SUV,preprocessed/masks/right_rear_camera/masks/frame_000107_gt2d_002_track_-1_VEHICLE_SUV.png,0.8372320532798767,1808.5,638.0,33.980796813964844,34.60295486450195,3.4591140747070312,1.0000016689300537,25.72924348178078,-0.0453341695528948,33.980796813964844,da3_bbox_median,1920.0,1280.0,image_root
right_rear,107,1772699920910560000,data\camera\right_rear_camera\1772699920910560000.jpg,-1,1,car,0.351351,1699.0,0.0,1919.0,81.0,1699.0,0.0,1919.0,81.0,unassigned,3,VEHICLE_CAR,preprocessed/masks/right_rear_camera/masks/frame_000107_gt2d_003_track_-1_VEHICLE_CAR.png,0.9003360271453857,1809.0,40.5,14.45470905303955,16.826282501220703,2.410247802734375,1.1067583560943604,10.951112516743706,-7.712403169553881,14.45470905303955,da3_bbox_median,1920.0,1280.0,image_root
right_rear,107,1772699920910560000,data\camera\right_rear_camera\1772699920910560000.jpg,2000071,2,motorcycle,0.434549,1569.0,622.0,1630.0,672.0,1568.8671875,621.3550415039062,1630.48828125,671.6937866210938,matched,1,MOTOR,preprocessed/masks/right_rear_camera/masks/frame_000107_gt2d_001_track_-1_MOTOR.png,0.8690762519836426,1599.5,647.0,20.987340927124023,20.914024353027344,1.5697898864746094,1.0238441228866577,11.983123829698707,0.14025056355398846,20.987340927124023,da3_bbox_median,1920.0,1280.0,image_root
right_rear,107,1772699920910560000,data\camera\right_rear_camera\1772699920910560000.jpg,2000076,2,motorcycle,0.688757,1459.0,615.0,1545.0,678.0,1461.249755859375,614.247314453125,1546.6483154296875,677.236572265625,matched,0,MOTOR,preprocessed/masks/right_rear_camera/masks/frame_000107_gt2d_000_track_-1_MOTOR.png,0.9104474782943726,1502.0,646.5,20.236242294311523,21.457134246826172,5.579824447631836,1.0152838230133057,9.79646691951065,0.12621854881986072,20.236242294311523,da3_bbox_median,1920.0,1280.0,image_root
right_rear,108,1772699921010523000,data\camera\right_rear_camera\1772699921010523000.jpg,-1,2,motorcycle,0.429038,1468.0,598.0,1502.0,668.0,1468.0,598.0,1502.0,668.0,unassigned,1,CYCLIST_MOTOR,preprocessed/masks/right_rear_camera/masks/frame_000108_gt2d_001_track_-1_CYCLIST_MOTOR.png,0.9106392860412598,1485.0,633.0,20.435733795166016,22.75327491760254,7.739152908325195,1.0464688539505005,9.58353166648132,-0.11827906008288894,20.435733795166016,da3_bbox_median,1920.0,1280.0,image_root
right_rear,108,1772699921010523000,data\camera\right_rear_camera\1772699921010523000.jpg,2000071,2,motorcycle,0.412678,1582.0,619.0,1639.0,672.0,1582.1427001953125,619.9885864257812,1639.7213134765625,671.5623168945312,matched,2,MOTOR,preprocessed/masks/right_rear_camera/masks/frame_000108_gt2d_002_track_-1_MOTOR.png,0.8612638711929321,1610.5,645.5,21.29674530029297,21.14043426513672,1.5816535949707031,1.0370618104934692,12.368493370414757,0.11386312598287955,21.29674530029297,da3_bbox_median,1920.0,1280.0,image_root
right_rear,108,1772699921010523000,data\camera\right_rear_camera\1772699921010523000.jpg,2000076,2,motorcycle,0.730191,1467.0,616.0,1559.0,677.0,1471.52685546875,615.555908203125,1560.8480224609375,676.6648559570312,matched,0,MOTOR,preprocessed/masks/right_rear_camera/masks/frame_000108_gt2d_000_track_-1_MOTOR.png,0.8837123513221741,1513.0,646.5,19.65886688232422,20.97955894470215,4.216228485107422,1.0506426095962524,9.709614473629554,0.12261731270272883,19.65886688232422,da3_bbox_median,1920.0,1280.0,image_root
right_rear,109,1772699921110653000,data\camera\right_rear_camera\1772699921110653000.jpg,-1,1,car,0.305066,0.0,558.0,23.0,653.0,0.0,558.0,23.0,653.0,unassigned,3,VEHICLE_SUV,preprocessed/masks/right_rear_camera/masks/frame_000109_gt2d_003_track_-1_VEHICLE_SUV.png,0.537003219127655,11.5,605.5,12.960328102111816,13.979517936706543,5.083393096923828,1.2441495656967163,-10.93594942672197,-0.3924833620233468,12.960328102111816,da3_bbox_median,1920.0,1280.0,image_root
right_rear,109,1772699921110653000,data\camera\right_rear_camera\1772699921110653000.jpg,2000071,2,motorcycle,0.343872,1595.0,620.0,1648.0,670.0,1594.9083251953125,620.0599365234375,1648.4066162109375,670.0610961914062,matched,2,MOTOR,preprocessed/masks/right_rear_camera/masks/frame_000109_gt2d_002_track_-1_MOTOR.png,0.8807557225227356,1621.5,645.0,22.68199348449707,22.470949172973633,1.101226806640625,1.0075204372406006,13.39528752422337,0.11116738260558374,22.68199348449707,da3_bbox_median,1920.0,1280.0,image_root
right_rear,109,1772699921110653000,data\camera\right_rear_camera\1772699921110653000.jpg,2000076,2,motorcycle,0.726528,1487.0,618.0,1570.0,675.0,1487.676025390625,617.2561645507812,1572.5206298828125,675.0283203125,matched,0,MOTOR,preprocessed/masks/right_rear_camera/masks/frame_000109_gt2d_000_track_-1_MOTOR.png,0.8795581459999084,1528.5,646.5,19.69791030883789,21.16093635559082,3.9002952575683594,1.023339867591858,10.000909876157044,0.12286083640460187,19.69791030883789,da3_bbox_median,1920.0,1280.0,image_root
right_rear,109,1772699921110653000,data\camera\right_rear_camera\1772699921110653000.jpg,2000078,2,motorcycle,0.697817,1464.0,599.0,1510.0,674.0,1464.0,599.0,1510.0,674.0,tentative,1,CYCLIST_MOTOR,preprocessed/masks/right_rear_camera/masks/frame_000109_gt2d_001_track_-1_CYCLIST_MOTOR.png,0.8949013352394104,1487.0,636.5,19.8394832611084,23.225805282592773,7.927375793457031,1.024205207824707,9.339264846061981,-0.05297607158790842,19.8394832611084,da3_bbox_median,1920.0,1280.0,image_root
right_rear,110,1772699921210660000,data\camera\right_rear_camera\1772699921210660000.jpg,-1,1,car,0.352534,1701.0,0.0,1919.0,86.0,1701.0,0.0,1919.0,86.0,unassigned,2,VEHICLE_CAR,preprocessed/masks/right_rear_camera/masks/frame_000110_gt2d_002_track_-1_VEHICLE_CAR.png,0.8791983127593994,1810.0,43.0,20.533397674560547,22.017345428466797,3.2434005737304688,1.0058072805404663,15.57471509666,-10.910001416153174,20.533397674560547,da3_bbox_median,1920.0,1280.0,image_root
right_rear,110,1772699921210660000,data\camera\right_rear_camera\1772699921210660000.jpg,-1,2,motorcycle,0.320073,1465.0,619.0,1524.0,674.0,1465.0,619.0,1524.0,674.0,unassigned,4,MOTOR,preprocessed/masks/right_rear_camera/masks/frame_000110_gt2d_004_track_-1_MOTOR.png,0.8924880027770996,1494.5,646.5,20.412395477294922,21.34855079650879,1.3752079010009766,1.0058974027633667,9.745350935669574,0.12731726066580526,20.412395477294922,da3_bbox_median,1920.0,1280.0,image_root
right_rear,110,1772699921210660000,data\camera\right_rear_camera\1772699921210660000.jpg,2000071,2,motorcycle,0.337567,1606.0,619.0,1657.0,669.0,1605.8524169921875,619.1691284179688,1656.687744140625,668.6748046875,matched,3,MOTOR,preprocessed/masks/right_rear_camera/masks/frame_000110_gt2d_003_track_-1_MOTOR.png,0.8842535018920898,1631.5,644.0,23.11564826965332,23.05980682373047,0.49340057373046875,1.0052932500839233,13.857331186453147,0.09270254771360609,23.11564826965332,da3_bbox_median,1920.0,1280.0,image_root
right_rear,110,1772699921210660000,data\camera\right_rear_camera\1772699921210660000.jpg,2000076,2,motorcycle,0.726411,1500.0,619.0,1582.0,674.0,1500.9583740234375,618.3391723632812,1583.4434814453125,673.6115112304688,matched,0,MOTOR,preprocessed/masks/right_rear_camera/masks/frame_000110_gt2d_000_track_-1_MOTOR.png,0.8779336810112,1541.0,646.5,22.097766876220703,24.289798736572266,7.115489959716797,1.0027011632919312,11.465441320854268,0.13782934730230045,22.097766876220703,da3_bbox_median,1920.0,1280.0,image_root
right_rear,110,1772699921210660000,data\camera\right_rear_camera\1772699921210660000.jpg,2000078,2,motorcycle,0.666926,1465.0,598.0,1512.0,673.0,1466.735107421875,598.4581298828125,1513.53515625,673.4581298828125,matched,1,CYCLIST_MOTOR,preprocessed/masks/right_rear_camera/masks/frame_000110_gt2d_001_track_-1_CYCLIST_MOTOR.png,0.8873963356018066,1488.5,635.5,20.664304733276367,23.057580947875977,3.269804000854492,1.0052728652954102,9.75515757711824,-0.07358524034909197,20.664304733276367,da3_bbox_median,1920.0,1280.0,image_root
right_rear,111,1772699921310637000,data\camera\right_rear_camera\1772699921310637000.jpg,2000076,2,motorcycle,0.776931,1512.0,620.0,1594.0,675.0,1513.4591064453125,619.4356689453125,1595.1448974609375,673.9119873046875,matched,1,MOTOR,preprocessed/masks/right_rear_camera/masks/frame_000111_gt2d_001_track_-1_MOTOR.png,0.8356473445892334,1553.0,647.5,25.27338409423828,27.798887252807617,9.586738586425781,1.000814437866211,13.383309330193997,0.18014870649045495,25.27338409423828,da3_bbox_median,1920.0,1280.0,image_root
right_rear,111,1772699921310637000,data\camera\right_rear_camera\1772699921310637000.jpg,2000078,2,motorcycle,0.779888,1467.0,598.0,1507.0,673.0,1469.315185546875,598.407470703125,1510.903076171875,673.407470703125,matched,0,CYCLIST_MOTOR,preprocessed/masks/right_rear_camera/masks/frame_000111_gt2d_000_track_-1_CYCLIST_MOTOR.png,0.8996826410293579,1487.0,635.5,24.157352447509766,24.719743728637695,8.286836624145508,1.03661048412323,11.37186435340417,-0.0860239242980756,24.157352447509766,da3_bbox_median,1920.0,1280.0,image_root
right_rear,112,1772699921410645000,data\camera\right_rear_camera\1772699921410645000.jpg,-1,3,person,0.353593,1483.0,601.0,1508.0,673.0,1483.0,601.0,1508.0,673.0,unassigned,1,PEDESTRIAN_NORMAL,preprocessed/masks/right_rear_camera/masks/frame_000112_gt2d_001_track_-1_PEDESTRIAN_NORMAL.png,0.8966995477676392,1495.5,637.0,22.522064208984375,22.580097198486328,9.703685760498047,1.0659453868865967,10.772620925018515,-0.05010844221541263,22.522064208984375,da3_bbox_median,1920.0,1280.0,image_root
right_rear,112,1772699921410645000,data\camera\right_rear_camera\1772699921410645000.jpg,-1,1,car,0.326564,1592.0,605.0,1712.0,658.0,1592.0,605.0,1712.0,658.0,unassigned,2,VEHICLE_SUV,preprocessed/masks/right_rear_camera/masks/frame_000112_gt2d_002_track_-1_VEHICLE_SUV.png,0.8655512928962708,1652.0,631.5,26.066356658935547,27.26955795288086,3.391063690185547,1.0023252964019775,16.102285993763523,-0.18569614666405376,26.066356658935547,da3_bbox_median,1920.0,1280.0,image_root
right_rear,112,1772699921410645000,data\camera\right_rear_camera\1772699921410645000.jpg,2000076,2,motorcycle,0.765317,1524.0,621.0,1606.0,674.0,1525.8231201171875,620.6889038085938,1607.2706298828125,673.583740234375,matched,0,MOTOR,preprocessed/masks/right_rear_camera/masks/frame_000112_gt2d_000_track_-1_MOTOR.png,0.8409645557403564,1565.0,647.5,23.773710250854492,25.040861129760742,4.347005844116211,1.0047730207443237,12.84333348258658,0.16945902987113948,23.773710250854492,da3_bbox_median,1920.0,1280.0,image_root
right_rear,113,1772699921510652000,data\camera\right_rear_camera\1772699921510652000.jpg,2000076,2,motorcycle,0.759599,1535.0,624.0,1616.0,676.0,1537.0760498046875,623.0198974609375,1617.81591796875,674.7433471679688,matched,0,MOTOR,preprocessed/masks/right_rear_camera/masks/frame_000113_gt2d_000_track_-1_MOTOR.png,0.8759968876838684,1575.5,650.0,21.65626335144043,22.565555572509766,6.087926864624023,1.0092766284942627,11.90200518086034,0.20259158600340485,21.65626335144043,da3_bbox_median,1920.0,1280.0,image_root
right_rear,114,1772699921610660000,data\camera\right_rear_camera\1772699921610660000.jpg,-1,1,car,0.375508,1704.0,0.0,1919.0,79.0,1704.0,0.0,1919.0,79.0,unassigned,2,VEHICLE_CAR,preprocessed/masks/right_rear_camera/masks/frame_000114_gt2d_002_track_-1_VEHICLE_CAR.png,0.9150203466415405,1811.5,39.5,24.872520446777344,38.18556594848633,7.02522087097168,1.0000630617141724,18.899206722164127,-13.293048741564336,24.872520446777344,da3_bbox_median,1920.0,1280.0,image_root
right_rear,114,1772699921610660000,data\camera\right_rear_camera\1772699921610660000.jpg,2000076,2,motorcycle,0.782777,1546.0,624.0,1622.0,677.0,1550.4208984375,624.2387084960938,1627.59375,676.3035888671875,matched,0,MOTOR,preprocessed/masks/right_rear_camera/masks/frame_000114_gt2d_000_track_-1_MOTOR.png,0.8424850702285767,1584.0,650.5,24.009469985961914,25.065658569335938,5.0291595458984375,1.000689148902893,13.377115548924591,0.23529873620353392,24.009469985961914,da3_bbox_median,1920.0,1280.0,image_root
right_rear,114,1772699921610660000,data\camera\right_rear_camera\1772699921610660000.jpg,2000079,2,motorcycle,0.719114,1467.0,603.0,1506.0,677.0,1467.0,603.0,1506.0,677.0,tentative,1,CYCLIST_MOTOR,preprocessed/masks/right_rear_camera/masks/frame_000114_gt2d_001_track_-1_CYCLIST_MOTOR.png,0.8919391632080078,1486.5,640.0,25.180143356323242,24.180709838867188,6.909339904785156,1.0166425704956055,11.842117643845354,0.011265241494838941,25.180143356323242,da3_bbox_median,1920.0,1280.0,image_root
right_rear,115,1772699921710637000,data\camera\right_rear_camera\1772699921710637000.jpg,-1,2,motorcycle,0.324587,1658.0,623.0,1702.0,672.0,1658.0,623.0,1702.0,672.0,unassigned,2,MOTOR,preprocessed/masks/right_rear_camera/masks/frame_000115_gt2d_002_track_-1_MOTOR.png,0.8935253620147705,1680.0,647.5,24.35198974609375,24.64350128173828,1.152994155883789,1.0001790523529053,15.65072399792854,0.17358100667760343,24.35198974609375,da3_bbox_median,1920.0,1280.0,image_root
right_rear,115,1772699921710637000,data\camera\right_rear_camera\1772699921710637000.jpg,2000076,2,motorcycle,0.809137,1555.0,624.0,1630.0,678.0,1560.05859375,624.5925903320312,1635.2852783203125,677.506103515625,matched,1,MOTOR,preprocessed/masks/right_rear_camera/masks/frame_000115_gt2d_001_track_-1_MOTOR.png,0.837722897529602,1592.5,651.0,23.801959991455078,23.76327896118164,3.4322452545166016,1.0001335144042969,13.441745980144148,0.24386586916115896,23.801959991455078,da3_bbox_median,1920.0,1280.0,image_root
right_rear,115,1772699921710637000,data\camera\right_rear_camera\1772699921710637000.jpg,2000079,2,motorcycle,0.814797,1467.0,603.0,1509.0,678.0,1470.499267578125,603.518310546875,1511.8992919921875,678.318359375,matched,0,CYCLIST_MOTOR,preprocessed/masks/right_rear_camera/masks/frame_000115_gt2d_000_track_-1_CYCLIST_MOTOR.png,0.8950487971305847,1488.0,640.5,22.548419952392578,23.50037384033203,3.51580810546875,1.0003536939620972,10.634562019192238,0.02013033310424383,22.548419952392578,da3_bbox_median,1920.0,1280.0,image_root
right_rear,116,1772699921810644000,data\camera\right_rear_camera\1772699921810644000.jpg,-1,2,motorcycle,0.404467,1668.0,624.0,1707.0,672.0,1668.0,624.0,1707.0,672.0,unassigned,2,MOTOR,preprocessed/masks/right_rear_camera/masks/frame_000116_gt2d_002_track_-1_MOTOR.png,0.890262246131897,1687.5,648.0,22.130956649780273,22.411930084228516,0.7012348175048828,1.0005195140838623,14.371169172509287,0.16760604075213473,22.130956649780273,da3_bbox_median,1920.0,1280.0,image_root
right_rear,116,1772699921810644000,data\camera\right_rear_camera\1772699921810644000.jpg,2000076,2,motorcycle,0.768733,1565.0,627.0,1639.0,677.0,1567.97705078125,626.4267578125,1641.8822021484375,677.0180053710938,matched,1,MOTOR,preprocessed/masks/right_rear_camera/masks/frame_000116_gt2d_001_track_-1_MOTOR.png,0.8856334686279297,1602.0,652.0,21.0089111328125,22.015472412109375,4.936922073364258,1.0067425966262817,12.042232570585211,0.23396300792691915,21.0089111328125,da3_bbox_median,1920.0,1280.0,image_root
right_rear,116,1772699921810644000,data\camera\right_rear_camera\1772699921810644000.jpg,2000079,2,motorcycle,0.828876,1468.0,603.0,1508.0,678.0,1471.692138671875,603.5455932617188,1512.0338134765625,678.4992065429688,matched,0,CYCLIST_MOTOR,preprocessed/masks/right_rear_camera/masks/frame_000116_gt2d_000_track_-1_CYCLIST_MOTOR.png,0.8950538039207458,1488.0,640.5,20.204172134399414,21.80031394958496,4.323978424072266,1.0001091957092285,9.528939147991496,0.01803748182886691,20.204172134399414,da3_bbox_median,1920.0,1280.0,image_root
right_rear,117,1772699921910651000,data\camera\right_rear_camera\1772699921910651000.jpg,2000076,2,motorcycle,0.756727,1574.0,626.0,1648.0,676.0,1576.1951904296875,626.4573974609375,1649.6822509765625,676.2411499023438,matched,1,MOTOR,preprocessed/masks/right_rear_camera/masks/frame_000117_gt2d_001_track_-1_MOTOR.png,0.8827347755432129,1611.0,651.0,20.890504837036133,22.493656158447266,3.010042190551758,1.002710223197937,12.14186724738889,0.21403620210806734,20.890504837036133,da3_bbox_median,1920.0,1280.0,image_root
right_rear,117,1772699921910651000,data\camera\right_rear_camera\1772699921910651000.jpg,2000079,2,motorcycle,0.849984,1468.0,602.0,1508.0,676.0,1470.3184814453125,602.6148071289062,1510.2896728515625,676.8443603515625,matched,0,CYCLIST_MOTOR,preprocessed/masks/right_rear_camera/masks/frame_000117_gt2d_000_track_-1_CYCLIST_MOTOR.png,0.8959782719612122,1488.0,639.0,19.094440460205078,21.866628646850586,8.759075164794922,1.0009230375289917,9.005553902426675,-0.008465763802471066,19.094440460205078,da3_bbox_median,1920.0,1280.0,image_root
right_rear,118,1772699922010645000,data\camera\right_rear_camera\1772699922010645000.jpg,2000076,2,motorcycle,0.730163,1582.0,624.0,1657.0,674.0,1584.104248046875,624.9598999023438,1658.16796875,674.4996948242188,matched,1,MOTOR,preprocessed/masks/right_rear_camera/masks/frame_000118_gt2d_001_track_-1_MOTOR.png,0.8361364603042603,1619.5,649.0,21.410560607910156,22.335033416748047,2.106616973876953,1.0143373012542725,12.606268458358619,0.18122163963879948,21.410560607910156,da3_bbox_median,1920.0,1280.0,image_root
right_rear,118,1772699922010645000,data\camera\right_rear_camera\1772699922010645000.jpg,2000079,2,motorcycle,0.864091,1468.0,600.0,1508.0,674.0,1469.4996337890625,600.6471557617188,1509.3851318359375,674.6448974609375,matched,0,CYCLIST_MOTOR,preprocessed/masks/right_rear_camera/masks/frame_000118_gt2d_000_track_-1_CYCLIST_MOTOR.png,0.8976690769195557,1488.0,637.0,20.506078720092773,23.067852020263672,9.040508270263672,1.0015438795089722,9.671328030065599,-0.04562315652224168,20.506078720092773,da3_bbox_median,1920.0,1280.0,image_root
right_rear,119,1772699922110561000,data\camera\right_rear_camera\1772699922110561000.jpg,-1,1,car,0.423387,1701.0,0.0,1919.0,77.0,1701.0,0.0,1919.0,77.0,unassigned,2,VEHICLE_CAR,preprocessed/masks/right_rear_camera/masks/frame_000119_gt2d_002_track_-1_VEHICLE_CAR.png,0.930423378944397,1810.0,38.5,21.628093719482422,45.59746551513672,65.47886657714844,1.000024437904358,16.40504913525031,-11.578339179308207,21.628093719482422,da3_bbox_median,1920.0,1280.0,image_root
right_rear,119,1772699922110561000,data\camera\right_rear_camera\1772699922110561000.jpg,2000076,2,motorcycle,0.681738,1592.0,624.0,1665.0,673.0,1592.7310791015625,624.0035400390625,1665.7137451171875,672.8236694335938,matched,1,MOTOR,preprocessed/masks/right_rear_camera/masks/frame_000119_gt2d_001_track_-1_MOTOR.png,0.8143911361694336,1628.5,648.5,21.321083068847656,22.17525863647461,1.5429420471191406,1.0317304134368896,12.724542423958852,0.1709684274106999,21.321083068847656,da3_bbox_median,1920.0,1280.0,image_root
right_rear,119,1772699922110561000,data\camera\right_rear_camera\1772699922110561000.jpg,2000079,2,motorcycle,0.872427,1469.0,600.0,1509.0,674.0,1469.3427734375,599.6790161132812,1509.221435546875,673.6135864257812,matched,0,CYCLIST_MOTOR,preprocessed/masks/right_rear_camera/masks/frame_000119_gt2d_000_track_-1_CYCLIST_MOTOR.png,0.9007182121276855,1489.0,637.0,20.23535919189453,22.122825622558594,3.575366973876953,1.0178825855255127,9.561675929716339,-0.04502084344341234,20.23535919189453,da3_bbox_median,1920.0,1280.0,image_root
right_rear,120,1772699922210538000,data\camera\right_rear_camera\1772699922210538000.jpg,2000076,2,motorcycle,0.620558,1603.0,625.0,1673.0,673.0,1602.5372314453125,624.7606811523438,1673.150146484375,672.6875,matched,1,MOTOR,preprocessed/masks/right_rear_camera/masks/frame_000120_gt2d_001_track_-1_MOTOR.png,0.8753371834754944,1638.0,649.0,19.414043426513672,19.881153106689453,1.8871726989746094,1.0413926839828491,11.750724690204866,0.16432287067120724,19.414043426513672,da3_bbox_median,1920.0,1280.0,image_root
right_rear,120,1772699922210538000,data\camera\right_rear_camera\1772699922210538000.jpg,2000079,2,motorcycle,0.855828,1470.0,601.0,1508.0,674.0,1469.64990234375,600.4960327148438,1508.126953125,673.7130126953125,matched,0,CYCLIST_MOTOR,preprocessed/masks/right_rear_camera/masks/frame_000120_gt2d_000_track_-1_CYCLIST_MOTOR.png,0.9075688123703003,1489.0,637.5,17.37208366394043,18.152381896972656,1.287240982055664,1.0289850234985352,8.20871192071812,-0.0309133756919794,17.37208366394043,da3_bbox_median,1920.0,1280.0,image_root
right_rear,121,1772699922310546000,data\camera\right_rear_camera\1772699922310546000.jpg,2000076,2,motorcycle,0.554573,1614.0,624.0,1680.0,673.0,1613.8238525390625,624.2186889648438,1680.902099609375,672.539306640625,matched,1,MOTOR,preprocessed/masks/right_rear_camera/masks/frame_000121_gt2d_001_track_-1_MOTOR.png,0.8559064865112305,1647.0,648.5,18.972991943359375,19.2158203125,1.7242012023925781,1.0207915306091309,11.635899456696558,0.15213967251839747,18.972991943359375,da3_bbox_median,1920.0,1280.0,image_root
right_rear,121,1772699922310546000,data\camera\right_rear_camera\1772699922310546000.jpg,2000079,2,motorcycle,0.585055,1480.0,601.0,1509.0,674.0,1477.42333984375,600.6803588867188,1509.0645751953125,673.6544189453125,matched,0,CYCLIST_MOTOR,preprocessed/masks/right_rear_camera/masks/frame_000121_gt2d_000_track_-1_CYCLIST_MOTOR.png,0.9076221585273743,1494.5,637.5,18.461233139038086,18.948692321777344,5.000242233276367,1.0653640031814575,8.813820790668956,-0.03285150168536867,18.461233139038086,da3_bbox_median,1920.0,1280.0,image_root
right_rear,122,1772699922410553000,data\camera\right_rear_camera\1772699922410553000.jpg,-1,1,car,0.300029,1654.0,618.0,1752.0,665.0,1654.0,618.0,1752.0,665.0,unassigned,1,VEHICLE_SUV,preprocessed/masks/right_rear_camera/masks/frame_000122_gt2d_001_track_-1_VEHICLE_SUV.png,0.8892772197723389,1703.0,641.5,22.895954132080078,24.096284866333008,5.261819839477539,1.0098004341125488,15.18410920078072,0.04083513860552202,22.895954132080078,da3_bbox_median,1920.0,1280.0,image_root
right_rear,122,1772699922410553000,data\camera\right_rear_camera\1772699922410553000.jpg,2000076,2,motorcycle,0.460059,1626.0,628.0,1685.0,673.0,1625.6204833984375,626.4817504882812,1686.6749267578125,672.2987060546875,matched,0,MOTOR,preprocessed/masks/right_rear_camera/masks/frame_000122_gt2d_000_track_-1_MOTOR.png,0.8623483180999756,1655.5,650.5,19.098346710205078,19.82652473449707,1.9162006378173828,1.0474858283996582,11.857405299248269,0.1871685150532545,19.098346710205078,da3_bbox_median,1920.0,1280.0,image_root
right_rear,123,1772699922510561000,data\camera\right_rear_camera\1772699922510561000.jpg,-1,1,car,0.344953,1662.0,617.0,1750.0,664.0,1662.0,617.0,1750.0,664.0,unassigned,2,VEHICLE_SUV,preprocessed/masks/right_rear_camera/masks/frame_000123_gt2d_002_track_-1_VEHICLE_SUV.png,0.8570877909660339,1706.0,640.5,23.048614501953125,22.956829071044922,3.3357276916503906,1.0248451232910156,15.346953289538929,0.02057688691692074,23.048614501953125,da3_bbox_median,1920.0,1280.0,image_root
right_rear,123,1772699922510561000,data\camera\right_rear_camera\1772699922510561000.jpg,2000076,2,motorcycle,0.434848,1636.0,627.0,1694.0,672.0,1637.0086669921875,626.8513793945312,1695.287109375,671.7774047851562,matched,1,MOTOR,preprocessed/masks/right_rear_camera/masks/frame_000123_gt2d_001_track_-1_MOTOR.png,0.8598055839538574,1665.0,649.5,19.169811248779297,19.50745964050293,2.100353240966797,1.0838696956634521,12.064021953470986,0.1707934012190059,19.169811248779297,da3_bbox_median,1920.0,1280.0,image_root
right_rear,123,1772699922510561000,data\camera\right_rear_camera\1772699922510561000.jpg,2000079,2,motorcycle,0.635991,1472.0,605.0,1505.0,673.0,1473.908203125,603.811767578125,1506.455322265625,672.716552734375,matched,0,CYCLIST_MOTOR,preprocessed/masks/right_rear_camera/masks/frame_000123_gt2d_000_track_-1_CYCLIST_MOTOR.png,0.8756965398788452,1488.5,639.0,16.879592895507812,18.713926315307617,3.810516357421875,1.0708353519439697,7.9684794944067106,-0.007483782875599543,16.879592895507812,da3_bbox_median,1920.0,1280.0,image_root
right_rear,124,1772699922610537000,data\camera\right_rear_camera\1772699922610537000.jpg,-1,3,person,0.3533,1772.0,620.0,1788.0,665.0,1772.0,620.0,1788.0,665.0,unassigned,2,PEDESTRIAN_NORMAL,preprocessed/masks/right_rear_camera/masks/frame_000124_gt2d_002_track_-1_PEDESTRIAN_NORMAL.png,0.9020099639892578,1780.0,642.5,25.99164390563965,26.286354064941406,1.3894615173339844,1.0009971857070923,19.020140822096856,0.06950835131654592,25.99164390563965,da3_bbox_median,1920.0,1280.0,image_root
right_rear,124,1772699922610537000,data\camera\right_rear_camera\1772699922610537000.jpg,-1,1,car,0.316101,1649.0,617.0,1756.0,666.0,1649.0,617.0,1756.0,666.0,unassigned,3,VEHICLE_CAR,preprocessed/masks/right_rear_camera/masks/frame_000124_gt2d_003_track_-1_VEHICLE_CAR.png,0.8579570055007935,1702.5,641.5,23.702892303466797,23.495241165161133,3.684917449951172,1.0294357538223267,15.70869479565238,0.04227432003838898,23.702892303466797,da3_bbox_median,1920.0,1280.0,image_root
right_rear,124,1772699922610537000,data\camera\right_rear_camera\1772699922610537000.jpg,2000076,2,motorcycle,0.49929,1645.0,627.0,1699.0,670.0,1645.9259033203125,627.176025390625,1700.552490234375,670.4633178710938,matched,1,MOTOR,preprocessed/masks/right_rear_camera/masks/frame_000124_gt2d_001_track_-1_MOTOR.png,0.8734914064407349,1672.0,648.5,20.53741455078125,20.86421012878418,1.5292549133300781,1.0909069776535034,13.052766964037431,0.16468438575519648,20.53741455078125,da3_bbox_median,1920.0,1280.0,image_root
right_rear,124,1772699922610537000,data\camera\right_rear_camera\1772699922610537000.jpg,2000079,2,motorcycle,0.846213,1472.0,602.0,1512.0,673.0,1472.6912841796875,602.7036743164062,1510.4708251953125,672.9277954101562,matched,0,CYCLIST_MOTOR,preprocessed/masks/right_rear_camera/masks/frame_000124_gt2d_000_track_-1_CYCLIST_MOTOR.png,0.9014966487884521,1492.0,637.5,17.7192440032959,19.176115036010742,3.8280506134033203,1.1361922025680542,8.420112176468923,-0.031531142576105516,17.7192440032959,da3_bbox_median,1920.0,1280.0,image_root
right_rear,125,1772699922710545000,data\camera\right_rear_camera\1772699922710545000.jpg,2000076,2,motorcycle,0.50715,1654.0,625.0,1706.0,669.0,1654.66796875,625.7761840820312,1706.7288818359375,669.200439453125,matched,1,MOTOR,preprocessed/masks/right_rear_camera/masks/frame_000125_gt2d_001_track_-1_MOTOR.png,0.8993172645568848,1680.0,647.0,22.736995697021484,22.339153289794922,3.061574935913086,1.063569188117981,14.61278720574582,0.15194285312774294,22.736995697021484,da3_bbox_median,1920.0,1280.0,image_root
right_rear,125,1772699922710545000,data\camera\right_rear_camera\1772699922710545000.jpg,2000079,2,motorcycle,0.820732,1472.0,601.0,1512.0,672.0,1472.1134033203125,601.5458374023438,1511.7535400390625,672.2015991210938,matched,0,CYCLIST_MOTOR,preprocessed/masks/right_rear_camera/masks/frame_000125_gt2d_000_track_-1_CYCLIST_MOTOR.png,0.8885168433189392,1492.0,636.5,19.982025146484375,20.842639923095703,5.748575210571289,1.0436558723449707,9.49537650788744,-0.05335669184018869,19.982025146484375,da3_bbox_median,1920.0,1280.0,image_root
right_rear,126,1772699922810552000,data\camera\right_rear_camera\1772699922810552000.jpg,-1,1,car,0.370524,1663.0,615.0,1784.0,664.0,1663.0,615.0,1784.0,664.0,unassigned,2,VEHICLE_SUV,preprocessed/masks/right_rear_camera/masks/frame_000126_gt2d_002_track_-1_VEHICLE_SUV.png,0.9057580232620239,1723.5,639.5,24.68946647644043,24.554357528686523,3.316835403442383,1.001137137413025,16.82445018753866,4.966479816193358e-05,24.68946647644043,da3_bbox_median,1920.0,1280.0,image_root
right_rear,126,1772699922810552000,data\camera\right_rear_camera\1772699922810552000.jpg,2000076,2,motorcycle,0.386067,1662.0,624.0,1722.0,668.0,1663.0509033203125,624.4844360351562,1719.9603271484375,667.9885864257812,matched,1,MOTOR,preprocessed/masks/right_rear_camera/masks/frame_000126_gt2d_001_track_-1_MOTOR.png,0.8807185888290405,1692.0,646.0,22.087568283081055,22.036285400390625,2.4135284423828125,1.009922981262207,14.431545620574395,0.12792850001606404,22.087568283081055,da3_bbox_median,1920.0,1280.0,image_root
right_rear,126,1772699922810552000,data\camera\right_rear_camera\1772699922810552000.jpg,2000079,2,motorcycle,0.780551,1472.0,599.0,1512.0,672.0,1472.1722412109375,599.6639404296875,1512.5162353515625,671.8298950195312,matched,0,CYCLIST_MOTOR,preprocessed/masks/right_rear_camera/masks/frame_000126_gt2d_000_track_-1_CYCLIST_MOTOR.png,0.9001345038414001,1492.0,635.5,19.96556282043457,20.481252670288086,5.646097183227539,1.0098490715026855,9.487553677974427,-0.071097032191977,19.96556282043457,da3_bbox_median,1920.0,1280.0,image_root
right_rear,127,1772699922910560000,data\camera\right_rear_camera\1772699922910560000.jpg,-1,1,car,0.405605,1672.0,614.0,1784.0,661.0,1672.0,614.0,1784.0,661.0,unassigned,1,VEHICLE_CAR,preprocessed/masks/right_rear_camera/masks/frame_000127_gt2d_001_track_-1_VEHICLE_CAR.png,0.8725166320800781,1728.0,637.5,24.74475860595703,24.888212203979492,5.297496795654297,1.0011523962020874,16.96133309606623,-0.04403294584524131,24.74475860595703,da3_bbox_median,1920.0,1280.0,image_root
right_rear,127,1772699922910560000,data\camera\right_rear_camera\1772699922910560000.jpg,2000076,2,motorcycle,0.331002,1671.0,623.0,1727.0,667.0,1671.3419189453125,623.6666259765625,1727.201416015625,667.2357177734375,matched,2,MOTOR,preprocessed/masks/right_rear_camera/masks/frame_000127_gt2d_002_track_-1_MOTOR.png,0.8952717781066895,1699.0,645.0,21.20468521118164,21.652019500732422,2.5954341888427734,1.0044312477111816,13.98692948666947,0.1039269037579772,21.20468521118164,da3_bbox_median,1920.0,1280.0,image_root
right_rear,127,1772699922910560000,data\camera\right_rear_camera\1772699922910560000.jpg,2000079,2,motorcycle,0.83993,1473.0,599.0,1512.0,671.0,1472.2860107421875,599.3079833984375,1512.20361328125,671.3778686523438,matched,0,CYCLIST_MOTOR,preprocessed/masks/right_rear_camera/masks/frame_000127_gt2d_000_track_-1_CYCLIST_MOTOR.png,0.8979494571685791,1492.5,635.0,19.36901092529297,19.73121452331543,4.39349365234375,1.0251284837722778,9.212702719776656,-0.07759918136890001,19.36901092529297,da3_bbox_median,1920.0,1280.0,image_root
right_rear,128,1772699923010523000,data\camera\right_rear_camera\1772699923010523000.jpg,-1,1,car,0.435835,1678.0,616.0,1775.0,662.0,1678.0,616.0,1775.0,662.0,unassigned,1,VEHICLE_CAR,preprocessed/masks/right_rear_camera/masks/frame_000128_gt2d_001_track_-1_VEHICLE_CAR.png,0.9003084897994995,1726.5,639.0,23.041362762451172,23.998796463012695,3.5168590545654297,1.0034127235412598,15.762945977749864,-0.010215682163637952,23.041362762451172,da3_bbox_median,1920.0,1280.0,image_root
right_rear,128,1772699923010523000,data\camera\right_rear_camera\1772699923010523000.jpg,-1,1,car,0.304853,1702.0,0.0,1919.0,77.0,1702.0,0.0,1919.0,77.0,unassigned,2,VEHICLE_CAR,preprocessed/masks/right_rear_camera/masks/frame_000128_gt2d_002_track_-1_VEHICLE_CAR.png,0.9524033665657043,1810.5,38.5,91.72528076171875,74.34986114501953,0.0,1.0341613292694092,69.61507906586014,-49.10402302445121,91.72528076171875,da3_bbox_median,1920.0,1280.0,image_root
right_rear,128,1772699923010523000,data\camera\right_rear_camera\1772699923010523000.jpg,2000079,2,motorcycle,0.832202,1471.0,598.0,1512.0,671.0,1471.408935546875,598.4420776367188,1512.4052734375,671.1384887695312,matched,0,CYCLIST_MOTOR,preprocessed/masks/right_rear_camera/masks/frame_000128_gt2d_000_track_-1_CYCLIST_MOTOR.png,0.8866515159606934,1491.5,634.5,17.53091049194336,18.03827667236328,1.8120841979980469,1.03811514377594,8.322807598679452,-0.07804291163319717,17.53091049194336,da3_bbox_median,1920.0,1280.0,image_root
right_rear,129,1772699923110653000,data\camera\right_rear_camera\1772699923110653000.jpg,-1,1,car,0.472089,1680.0,616.0,1788.0,661.0,1680.0,616.0,1788.0,661.0,unassigned,1,VEHICLE_CAR,preprocessed/masks/right_rear_camera/masks/frame_000129_gt2d_001_track_-1_VEHICLE_CAR.png,0.8849948644638062,1734.0,638.5,24.795333862304688,25.641996383666992,2.732358932495117,1.0084465742111206,17.128543006415725,-0.02203653301778163,24.795333862304688,da3_bbox_median,1920.0,1280.0,image_root
right_rear,129,1772699923110653000,data\camera\right_rear_camera\1772699923110653000.jpg,2000079,2,motorcycle,0.626858,1481.0,597.0,1513.0,671.0,1477.55908203125,597.6071166992188,1513.1246337890625,671.1985473632812,matched,0,CYCLIST_MOTOR,preprocessed/masks/right_rear_camera/masks/frame_000129_gt2d_000_track_-1_CYCLIST_MOTOR.png,0.8992342352867126,1497.0,634.0,20.500246047973633,19.91851806640625,6.315330505371094,1.1796166896820068,9.83295271272311,-0.10039188063724332,20.500246047973633,da3_bbox_median,1920.0,1280.0,image_root
right_rear,130,1772699923210660000,data\camera\right_rear_camera\1772699923210660000.jpg,-1,1,car,0.333097,1694.0,618.0,1781.0,663.0,1694.0,618.0,1781.0,663.0,unassigned,0,VEHICLE_CAR,preprocessed/masks/right_rear_camera/masks/frame_000130_gt2d_000_track_-1_VEHICLE_CAR.png,0.8565830588340759,1737.5,640.5,27.832683563232422,28.032732009887695,3.0247421264648438,1.0039408206939697,19.31352298217694,0.024847913623031053,27.832683563232422,da3_bbox_median,1920.0,1280.0,image_root
right_rear,131,1772699923310637000,data\camera\right_rear_camera\1772699923310637000.jpg,2000079,2,motorcycle,0.637109,1478.0,596.0,1513.0,672.0,1478.1829833984375,596.70068359375,1513.37890625,672.2105102539062,matched,0,CYCLIST_MOTOR,preprocessed/masks/right_rear_camera/masks/frame_000131_gt2d_000_track_-1_CYCLIST_MOTOR.png,0.7780004739761353,1495.5,634.0,19.814281463623047,22.859947204589844,10.941186904907227,1.0755864381790161,9.47745025183274,-0.09703263926461075,19.814281463623047,da3_bbox_median,1920.0,1280.0,image_root
right_rear,132,1772699923410645000,data\camera\right_rear_camera\1772699923410645000.jpg,-1,1,car,0.37058,1701.0,0.0,1919.0,73.0,1701.0,0.0,1919.0,73.0,unassigned,1,VEHICLE_CAR,preprocessed/masks/right_rear_camera/masks/frame_000132_gt2d_001_track_-1_VEHICLE_CAR.png,0.9579019546508789,1810.0,36.5,20.248950958251953,38.1566162109375,6.414125442504883,1.0071814060211182,15.358960420453856,-10.876105184365759,20.248950958251953,da3_bbox_median,1920.0,1280.0,image_root
right_rear,132,1772699923410645000,data\camera\right_rear_camera\1772699923410645000.jpg,2000079,2,motorcycle,0.792582,1482.0,599.0,1521.0,673.0,1480.9998779296875,598.4090576171875,1518.784423828125,672.9683837890625,matched,0,CYCLIST_MOTOR,preprocessed/masks/right_rear_camera/masks/frame_000132_gt2d_000_track_-1_CYCLIST_MOTOR.png,0.9078494906425476,1501.5,636.0,18.710857391357422,20.90376091003418,6.093996047973633,1.0246224403381348,9.049685517453891,-0.05829571162612519,18.710857391357422,da3_bbox_median,1920.0,1280.0,image_root
right_rear,133,1772699923510652000,data\camera\right_rear_camera\1772699923510652000.jpg,-1,3,person,0.374905,1812.0,625.0,1828.0,665.0,1812.0,625.0,1828.0,665.0,unassigned,1,PEDESTRIAN_NORMAL,preprocessed/masks/right_rear_camera/masks/frame_000133_gt2d_001_track_-1_PEDESTRIAN_NORMAL.png,0.9230272769927979,1820.0,645.0,33.2572135925293,33.60626220703125,1.0584068298339844,1.0000015497207642,25.522104948628286,0.16299790361739014,33.2572135925293,da3_bbox_median,1920.0,1280.0,image_root
right_rear,133,1772699923510652000,data\camera\right_rear_camera\1772699923510652000.jpg,2000079,2,motorcycle,0.836005,1485.0,600.0,1523.0,674.0,1484.779541015625,599.7926635742188,1522.7861328125,674.00244140625,matched,0,CYCLIST_MOTOR,preprocessed/masks/right_rear_camera/masks/frame_000133_gt2d_000_track_-1_CYCLIST_MOTOR.png,0.9265936613082886,1504.0,637.0,20.404842376708984,21.194002151489258,5.403974533081055,1.070148229598999,9.91444497852822,-0.045397919820335704,20.404842376708984,da3_bbox_median,1920.0,1280.0,image_root
right_rear,134,1772699923610660000,data\camera\right_rear_camera\1772699923610660000.jpg,2000079,2,motorcycle,0.836404,1488.0,601.0,1526.0,674.0,1487.1998291015625,600.7827758789062,1525.281982421875,674.1986083984375,matched,0,CYCLIST_MOTOR,preprocessed/masks/right_rear_camera/masks/frame_000134_gt2d_000_track_-1_CYCLIST_MOTOR.png,0.9153174161911011,1507.0,637.5,19.196533203125,20.78699493408203,3.4412574768066406,1.049318552017212,9.378650783068911,-0.0341599576868003,19.196533203125,da3_bbox_median,1920.0,1280.0,image_root
right_rear,135,1772699923710637000,data\camera\right_rear_camera\1772699923710637000.jpg,-1,1,car,0.327023,1704.0,626.0,1784.0,666.0,1704.0,626.0,1784.0,666.0,unassigned,1,VEHICLE_CAR,preprocessed/masks/right_rear_camera/masks/frame_000135_gt2d_001_track_-1_VEHICLE_CAR.png,0.7808756232261658,1744.0,646.0,31.789289474487305,32.27797317504883,4.754100799560547,1.0000537633895874,22.243161925463134,0.1841196851969768,31.789289474487305,da3_bbox_median,1920.0,1280.0,image_root
right_rear,135,1772699923710637000,data\camera\right_rear_camera\1772699923710637000.jpg,-1,3,person,0.301556,1826.0,625.0,1840.0,665.0,1826.0,625.0,1840.0,665.0,unassigned,2,PEDESTRIAN_NORMAL,preprocessed/masks/right_rear_camera/masks/frame_000135_gt2d_002_track_-1_PEDESTRIAN_NORMAL.png,0.8864370584487915,1833.0,645.0,42.221717834472656,41.65033721923828,2.3034286499023438,1.0,32.89061227892432,0.20693409792123896,42.221717834472656,da3_bbox_median,1920.0,1280.0,image_root
right_rear,135,1772699923710637000,data\camera\right_rear_camera\1772699923710637000.jpg,2000079,2,motorcycle,0.84349,1492.0,601.0,1529.0,673.0,1490.4058837890625,600.95263671875,1527.8494873046875,673.4053955078125,matched,0,CYCLIST_MOTOR,preprocessed/masks/right_rear_camera/masks/frame_000135_gt2d_000_track_-1_CYCLIST_MOTOR.png,0.91460120677948,1510.5,637.0,27.372726440429688,27.412403106689453,8.687515258789062,1.0019309520721436,13.458562149617434,-0.06090048711305137,27.372726440429688,da3_bbox_median,1920.0,1280.0,image_root
right_rear,136,1772699923810644000,data\camera\right_rear_camera\1772699923810644000.jpg,-1,2,motorcycle,0.336317,1710.0,627.0,1791.0,668.0,1710.0,627.0,1791.0,668.0,unassigned,1,MOTOR,preprocessed/masks/right_rear_camera/masks/frame_000136_gt2d_001_track_-1_MOTOR.png,0.767042338848114,1750.5,647.5,31.765012741088867,31.110065460205078,6.3730316162109375,1.0000386238098145,22.410124607480686,0.22642104182101022,31.765012741088867,da3_bbox_median,1920.0,1280.0,image_root
right_rear,136,1772699923810644000,data\camera\right_rear_camera\1772699923810644000.jpg,2000079,2,motorcycle,0.861401,1494.0,602.0,1531.0,674.0,1493.489501953125,601.6829833984375,1530.68017578125,673.7779541015625,matched,0,CYCLIST_MOTOR,preprocessed/masks/right_rear_camera/masks/frame_000136_gt2d_000_track_-1_CYCLIST_MOTOR.png,0.9161354899406433,1512.5,638.0,29.992788314819336,30.0496768951416,13.61566162109375,1.0035531520843506,14.800230404976576,-0.04001372181682674,29.992788314819336,da3_bbox_median,1920.0,1280.0,image_root
right_rear,137,1772699923910651000,data\camera\right_rear_camera\1772699923910651000.jpg,-1,2,motorcycle,0.38321,1714.0,628.0,1793.0,669.0,1714.0,628.0,1793.0,669.0,unassigned,1,MOTOR,preprocessed/masks/right_rear_camera/masks/frame_000137_gt2d_001_track_-1_MOTOR.png,0.8094326853752136,1753.5,648.5,31.37120819091797,31.830516815185547,5.062145233154297,1.0000121593475342,22.216143758206627,0.25155786472271335,31.37120819091797,da3_bbox_median,1920.0,1280.0,image_root
right_rear,137,1772699923910651000,data\camera\right_rear_camera\1772699923910651000.jpg,2000079,2,motorcycle,0.85068,1497.0,602.0,1534.0,675.0,1496.4453125,602.1748046875,1533.5369873046875,674.8071899414062,matched,0,CYCLIST_MOTOR,preprocessed/masks/right_rear_camera/masks/frame_000137_gt2d_000_track_-1_CYCLIST_MOTOR.png,0.9252821207046509,1515.5,638.5,24.960506439208984,26.28755760192871,17.372238159179688,1.1014965772628784,12.38371539715151,-0.022183328014162666,24.960506439208984,da3_bbox_median,1920.0,1280.0,image_root
right_rear,138,1772699924010645000,data\camera\right_rear_camera\1772699924010645000.jpg,-1,4,truck,0.361913,0.0,442.0,181.0,665.0,0.0,442.0,181.0,665.0,unassigned,0,VEHICLE_TRUCK,preprocessed/masks/right_rear_camera/masks/frame_000138_gt2d_000_track_-1_VEHICLE_TRUCK.png,0.9086946249008179,90.5,553.5,27.555370330810547,26.319019317626953,13.802078247070312,1.0651912689208984,-21.311866535848967,-2.11080679606323,27.555370330810547,da3_bbox_median,1920.0,1280.0,image_root
right_rear,138,1772699924010645000,data\camera\right_rear_camera\1772699924010645000.jpg,2000079,2,motorcycle,0.35458,1513.0,614.0,1538.0,675.0,1508.569580078125,610.2742919921875,1537.677978515625,675.1804809570312,matched,1,CYCLIST_MOTOR,preprocessed/masks/right_rear_camera/masks/frame_000138_gt2d_001_track_-1_CYCLIST_MOTOR.png,0.7316880226135254,1525.5,644.5,19.652935028076172,24.39165687561035,11.247627258300781,1.0803039073944092,9.925548075076284,0.08756866257087763,19.652935028076172,da3_bbox_median,1920.0,1280.0,image_root
right_rear,139,1772699924110561000,data\camera\right_rear_camera\1772699924110561000.jpg,-1,4,truck,0.381314,0.0,444.0,192.0,662.0,0.0,444.0,192.0,662.0,unassigned,0,VEHICLE_TRUCK,preprocessed/masks/right_rear_camera/masks/frame_000139_gt2d_000_track_-1_VEHICLE_TRUCK.png,0.8242632150650024,96.0,553.0,26.352027893066406,25.359134674072266,13.126948356628418,1.0701572895050049,-20.252052165064523,-2.030364425021728,26.352027893066406,da3_bbox_median,1920.0,1280.0,image_root
right_rear,140,1772699924210538000,data\camera\right_rear_camera\1772699924210538000.jpg,-1,4,truck,0.395653,0.0,443.0,205.0,660.0,0.0,443.0,205.0,660.0,unassigned,1,VEHICLE_TRUCK,preprocessed/masks/right_rear_camera/masks/frame_000140_gt2d_001_track_-1_VEHICLE_TRUCK.png,0.8456765413284302,102.5,551.5,25.955429077148438,25.17038345336914,14.056395530700684,1.180222511291504,-19.796951852647695,-2.034487025162788,25.955429077148438,da3_bbox_median,1920.0,1280.0,image_root
right_rear,140,1772699924210538000,data\camera\right_rear_camera\1772699924210538000.jpg,-1,2,motorcycle,0.375521,1735.0,626.0,1810.0,669.0,1735.0,626.0,1810.0,669.0,unassigned,2,MOTOR,preprocessed/masks/right_rear_camera/masks/frame_000140_gt2d_002_track_-1_MOTOR.png,0.8998140096664429,1772.5,647.5,30.54543685913086,32.11975860595703,5.51519775390625,1.0001380443572998,22.14841104080281,0.21772790374411222,30.54543685913086,da3_bbox_median,1920.0,1280.0,image_root
right_rear,140,1772699924210538000,data\camera\right_rear_camera\1772699924210538000.jpg,2000080,2,motorcycle,0.762621,1503.0,601.0,1537.0,672.0,1503.0,601.0,1537.0,672.0,tentative,0,CYCLIST_MOTOR,preprocessed/masks/right_rear_camera/masks/frame_000140_gt2d_000_track_-1_CYCLIST_MOTOR.png,0.9051475524902344,1520.0,636.5,23.532733917236328,26.80192756652832,10.763969421386719,1.0124247074127197,11.76969658417842,-0.06283791670635795,23.532733917236328,da3_bbox_median,1920.0,1280.0,image_root
right_rear,141,1772699924310546000,data\camera\right_rear_camera\1772699924310546000.jpg,-1,2,motorcycle,0.30872,1742.0,624.0,1817.0,667.0,1742.0,624.0,1817.0,667.0,unassigned,1,MOTOR,preprocessed/masks/right_rear_camera/masks/frame_000141_gt2d_001_track_-1_MOTOR.png,0.8906278610229492,1779.5,645.5,32.70103073120117,33.999942779541016,4.546306610107422,1.0001403093338013,23.915362727465595,0.17483617939805823,32.70103073120117,da3_bbox_median,1920.0,1280.0,image_root
right_rear,141,1772699924310546000,data\camera\right_rear_camera\1772699924310546000.jpg,-1,1,car,0.30515,1786.0,624.0,1843.0,663.0,1786.0,624.0,1843.0,663.0,unassigned,2,VEHICLE_SUV,preprocessed/masks/right_rear_camera/masks/frame_000141_gt2d_002_track_-1_VEHICLE_SUV.png,0.8590068221092224,1814.5,643.5,37.24761199951172,37.35145950317383,3.1348609924316406,1.0000078678131104,28.4018847350152,0.1327879705894176,37.24761199951172,da3_bbox_median,1920.0,1280.0,image_root
right_rear,141,1772699924310546000,data\camera\right_rear_camera\1772699924310546000.jpg,-1,4,truck,0.303833,0.0,447.0,214.0,657.0,0.0,447.0,214.0,657.0,unassigned,3,VEHICLE_TRUCK,preprocessed/masks/right_rear_camera/masks/frame_000141_gt2d_003_track_-1_VEHICLE_TRUCK.png,0.8670194149017334,107.0,552.0,25.004669189453125,22.26222801208496,12.862248420715332,1.1653993129730225,-18.97153344078302,-1.9488263460471607,25.004669189453125,da3_bbox_median,1920.0,1280.0,image_root
right_rear,141,1772699924310546000,data\camera\right_rear_camera\1772699924310546000.jpg,2000080,2,motorcycle,0.812849,1504.0,600.0,1542.0,673.0,1506.3699951171875,600.4273681640625,1543.570068359375,673.0274047851562,matched,0,CYCLIST_MOTOR,preprocessed/masks/right_rear_camera/masks/frame_000141_gt2d_000_track_-1_CYCLIST_MOTOR.png,0.9207512736320496,1523.0,636.5,26.86439323425293,29.109085083007812,16.48629379272461,1.0174278020858765,13.507799207793443,-0.07173422817586005,26.86439323425293,da3_bbox_median,1920.0,1280.0,image_root
right_rear,142,1772699924410553000,data\camera\right_rear_camera\1772699924410553000.jpg,-1,3,person,0.31361,1862.0,624.0,1877.0,662.0,1862.0,624.0,1877.0,662.0,unassigned,1,PEDESTRIAN_NORMAL,preprocessed/masks/right_rear_camera/masks/frame_000142_gt2d_001_track_-1_PEDESTRIAN_NORMAL.png,0.8721212148666382,1869.5,643.0,37.076576232910156,37.113372802734375,3.3196945190429688,1.0000007152557373,30.08822902429847,0.11566527143698994,37.076576232910156,da3_bbox_median,1920.0,1280.0,image_root
right_rear,142,1772699924410553000,data\camera\right_rear_camera\1772699924410553000.jpg,2000081,2,motorcycle,0.85647,1505.0,598.0,1545.0,671.0,1505.0,598.0,1545.0,671.0,tentative,0,CYCLIST_MOTOR,preprocessed/masks/right_rear_camera/masks/frame_000142_gt2d_000_track_-1_CYCLIST_MOTOR.png,0.9297991991043091,1525.0,634.5,19.272872924804688,22.82330894470215,10.845884323120117,1.0618501901626587,9.725015701053382,-0.08579766118135229,19.272872924804688,da3_bbox_median,1920.0,1280.0,image_root
right_rear,143,1772699924510561000,data\camera\right_rear_camera\1772699924510561000.jpg,-1,2,motorcycle,0.341738,1752.0,620.0,1830.0,663.0,1752.0,620.0,1830.0,663.0,unassigned,1,MOTOR,preprocessed/masks/right_rear_camera/masks/frame_000143_gt2d_001_track_-1_MOTOR.png,0.8625079393386841,1791.0,641.5,30.938491821289062,31.19831657409668,4.369140625,1.0000430345535278,22.943339358367567,0.05517907637655507,30.938491821289062,da3_bbox_median,1920.0,1280.0,image_root
right_rear,143,1772699924510561000,data\camera\right_rear_camera\1772699924510561000.jpg,2000082,2,motorcycle,0.850672,1506.0,596.0,1546.0,670.0,1506.0,596.0,1546.0,670.0,tentative,0,CYCLIST_MOTOR,preprocessed/masks/right_rear_camera/masks/frame_000143_gt2d_000_track_-1_CYCLIST_MOTOR.png,0.9259718060493469,1526.0,633.0,19.041030883789062,22.436880111694336,8.565301895141602,1.0075321197509766,9.624993037260454,-0.11020672213280484,19.041030883789062,da3_bbox_median,1920.0,1280.0,image_root
right_rear,144,1772699924610537000,data\camera\right_rear_camera\1772699924610537000.jpg,-1,3,person,0.340454,1872.0,621.0,1886.0,658.0,1872.0,621.0,1886.0,658.0,unassigned,1,PEDESTRIAN_NORMAL,preprocessed/masks/right_rear_camera/masks/frame_000144_gt2d_001_track_-1_PEDESTRIAN_NORMAL.png,0.8799183368682861,1879.0,639.5,31.710552215576172,32.36076354980469,1.8866310119628906,1.000001311302185,26.002003504351766,6.378826277566064e-05,31.710552215576172,da3_bbox_median,1920.0,1280.0,image_root
right_rear,144,1772699924610537000,data\camera\right_rear_camera\1772699924610537000.jpg,-1,2,motorcycle,0.338435,1757.0,619.0,1837.0,661.0,1757.0,619.0,1837.0,661.0,unassigned,2,MOTOR,preprocessed/masks/right_rear_camera/masks/frame_000144_gt2d_002_track_-1_MOTOR.png,0.8479897975921631,1797.0,640.0,27.377933502197266,28.476152420043945,5.162111282348633,1.000020980834961,20.449251937867125,0.012248501851934199,27.377933502197266,da3_bbox_median,1920.0,1280.0,image_root
right_rear,144,1772699924610537000,data\camera\right_rear_camera\1772699924610537000.jpg,2000083,2,motorcycle,0.853848,1507.0,596.0,1547.0,669.0,1507.0,596.0,1547.0,669.0,tentative,0,CYCLIST_MOTOR,preprocessed/masks/right_rear_camera/masks/frame_000144_gt2d_000_track_-1_CYCLIST_MOTOR.png,0.9185755252838135,1527.0,632.5,18.956872940063477,21.30402946472168,10.039634704589844,1.004783034324646,9.599341231827593,-0.11816253289752854,18.956872940063477,da3_bbox_median,1920.0,1280.0,image_root
right_rear,145,1772699924710545000,data\camera\right_rear_camera\1772699924710545000.jpg,2000084,2,motorcycle,0.871852,1508.0,595.0,1548.0,669.0,1508.0,595.0,1548.0,669.0,tentative,0,CYCLIST_MOTOR,preprocessed/masks/right_rear_camera/masks/frame_000145_gt2d_000_track_-1_CYCLIST_MOTOR.png,0.9261793494224548,1528.0,632.0,19.515880584716797,22.32841682434082,11.125778198242188,1.0187855958938599,9.899797307079652,-0.13033882802332983,19.515880584716797,da3_bbox_median,1920.0,1280.0,image_root
right_rear,146,1772699924810552000,data\camera\right_rear_camera\1772699924810552000.jpg,-1,2,motorcycle,0.311668,1773.0,621.0,1851.0,660.0,1773.0,621.0,1851.0,660.0,unassigned,1,MOTOR,preprocessed/masks/right_rear_camera/masks/frame_000146_gt2d_001_track_-1_MOTOR.png,0.8872523307800293,1812.0,640.5,35.73095703125,36.38124465942383,6.053489685058594,1.0000067949295044,27.165828679430202,0.03189917824358085,35.73095703125,da3_bbox_median,1920.0,1280.0,image_root
right_rear,146,1772699924810552000,data\camera\right_rear_camera\1772699924810552000.jpg,-1,1,car,0.308323,1739.0,616.0,1813.0,657.0,1739.0,616.0,1813.0,657.0,unassigned,2,VEHICLE_CAR,preprocessed/masks/right_rear_camera/masks/frame_000146_gt2d_002_track_-1_VEHICLE_CAR.png,0.8206924200057983,1776.0,636.5,34.93023681640625,35.66316223144531,5.203357696533203,1.000008463859558,25.436736654066408,-0.09327192154223221,34.93023681640625,da3_bbox_median,1920.0,1280.0,image_root
right_rear,146,1772699924810552000,data\camera\right_rear_camera\1772699924810552000.jpg,2000085,2,motorcycle,0.850678,1509.0,595.0,1550.0,668.0,1509.0,595.0,1550.0,668.0,tentative,0,CYCLIST_MOTOR,preprocessed/masks/right_rear_camera/masks/frame_000146_gt2d_000_track_-1_CYCLIST_MOTOR.png,0.9399723410606384,1529.5,631.5,26.867807388305664,26.708358764648438,10.794111251831055,1.0050463676452637,13.66510573598964,-0.1914056638832202,26.867807388305664,da3_bbox_median,1920.0,1280.0,image_root
right_rear,147,1772699924910560000,data\camera\right_rear_camera\1772699924910560000.jpg,-1,3,person,0.338851,1886.0,622.0,1902.0,659.0,1886.0,622.0,1902.0,659.0,unassigned,1,PEDESTRIAN_NORMAL,preprocessed/masks/right_rear_camera/masks/frame_000147_gt2d_001_track_-1_PEDESTRIAN_NORMAL.png,0.7123157978057861,1894.0,640.5,39.98094940185547,40.922630310058594,2.8983840942382812,1.0000035762786865,33.31785351133731,0.03569340250813758,39.98094940185547,da3_bbox_median,1920.0,1280.0,image_root
right_rear,147,1772699924910560000,data\camera\right_rear_camera\1772699924910560000.jpg,2000086,2,motorcycle,0.81491,1515.0,596.0,1551.0,667.0,1515.0,596.0,1551.0,667.0,tentative,0,CYCLIST_MOTOR,preprocessed/masks/right_rear_camera/masks/frame_000147_gt2d_000_track_-1_CYCLIST_MOTOR.png,0.947550892829895,1533.0,631.5,27.88671875,28.416532516479492,11.260845184326172,1.0203747749328613,14.270285635693384,-0.19866436582360056,27.88671875,da3_bbox_median,1920.0,1280.0,image_root
right_rear,148,1772699925010523000,data\camera\right_rear_camera\1772699925010523000.jpg,-1,1,car,0.381091,1741.0,620.0,1823.0,662.0,1741.0,620.0,1823.0,662.0,unassigned,1,VEHICLE_CAR,preprocessed/masks/right_rear_camera/masks/frame_000148_gt2d_001_track_-1_VEHICLE_CAR.png,0.841407060623169,1782.0,641.0,34.500118255615234,35.28146743774414,4.978427886962891,1.0000739097595215,25.30793746831008,0.046165801613212924,34.500118255615234,da3_bbox_median,1920.0,1280.0,image_root
right_rear,148,1772699925010523000,data\camera\right_rear_camera\1772699925010523000.jpg,-1,1,car,0.370665,1593.0,588.0,1642.0,620.0,1593.0,588.0,1642.0,620.0,unassigned,2,VEHICLE_CAR,preprocessed/masks/right_rear_camera/masks/frame_000148_gt2d_002_track_-1_VEHICLE_CAR.png,0.8453506827354431,1617.5,604.0,40.611690521240234,39.98640441894531,6.275173187255859,1.0000001192092896,23.839288920928492,-1.284124043967489,40.611690521240234,da3_bbox_median,1920.0,1280.0,image_root
right_rear,148,1772699925010523000,data\camera\right_rear_camera\1772699925010523000.jpg,2000086,2,motorcycle,0.450052,1529.0,599.0,1553.0,665.0,1530.88720703125,598.8518676757812,1557.2872314453125,665.8518676757812,matched,0,CYCLIST_MOTOR,preprocessed/masks/right_rear_camera/masks/frame_000148_gt2d_000_track_-1_CYCLIST_MOTOR.png,0.775658369064331,1541.0,632.0,25.35540199279785,29.532791137695312,21.715063095092773,1.0111514329910278,13.155667509006426,-0.16933867603133987,25.35540199279785,da3_bbox_median,1920.0,1280.0,image_root
right_rear,149,1772699925110653000,data\camera\right_rear_camera\1772699925110653000.jpg,-1,1,car,0.427035,1596.0,589.0,1647.0,622.0,1596.0,589.0,1647.0,622.0,unassigned,0,VEHICLE_CAR,preprocessed/masks/right_rear_camera/masks/frame_000149_gt2d_000_track_-1_VEHICLE_CAR.png,0.8502875566482544,1621.5,605.5,39.24031448364258,38.61343765258789,6.431827545166016,1.0,23.17412247775337,-1.188331841142504,39.24031448364258,da3_bbox_median,1920.0,1280.0,image_root
right_rear,149,1772699925110653000,data\camera\right_rear_camera\1772699925110653000.jpg,-1,1,car,0.365741,1764.0,624.0,1829.0,662.0,1764.0,624.0,1829.0,662.0,unassigned,1,VEHICLE_CAR,preprocessed/masks/right_rear_camera/masks/frame_000149_gt2d_001_track_-1_VEHICLE_CAR.png,0.8614298105239868,1796.5,643.0,35.38249588012695,36.233253479003906,4.094257354736328,1.000003695487976,26.412295087286868,0.11038036425975135,35.38249588012695,da3_bbox_median,1920.0,1280.0,image_root
right_rear,149,1772699925110653000,data\camera\right_rear_camera\1772699925110653000.jpg,-1,3,person,0.312683,1895.0,622.0,1911.0,663.0,1895.0,622.0,1911.0,663.0,unassigned,2,PEDESTRIAN_NORMAL,preprocessed/masks/right_rear_camera/masks/frame_000149_gt2d_002_track_-1_PEDESTRIAN_NORMAL.png,0.8073311448097229,1903.0,642.5,42.96250534057617,43.055660247802734,2.262622833251953,1.000000238418579,36.1469959465862,0.11489280653017081,42.96250534057617,da3_bbox_median,1920.0,1280.0,image_root
right_rear,150,1772699925210660000,data\camera\right_rear_camera\1772699925210660000.jpg,-1,2,motorcycle,0.395241,1799.0,626.0,1869.0,664.0,1799.0,626.0,1869.0,664.0,unassigned,1,MOTOR,preprocessed/masks/right_rear_camera/masks/frame_000150_gt2d_001_track_-1_MOTOR.png,0.8269059658050537,1834.0,645.0,37.42974090576172,38.129730224609375,3.7962379455566406,1.0000004768371582,29.19102094290717,0.18344799944249446,37.42974090576172,da3_bbox_median,1920.0,1280.0,image_root
right_rear,150,1772699925210660000,data\camera\right_rear_camera\1772699925210660000.jpg,-1,1,car,0.391025,1753.0,621.0,1833.0,662.0,1753.0,621.0,1833.0,662.0,unassigned,2,VEHICLE_CAR,preprocessed/masks/right_rear_camera/masks/frame_000150_gt2d_002_track_-1_VEHICLE_CAR.png,0.8747194409370422,1793.0,641.5,35.612361907958984,36.017417907714844,3.5805320739746094,1.0000176429748535,26.472838882425837,0.06351496540360171,35.612361907958984,da3_bbox_median,1920.0,1280.0,image_root
right_rear,150,1772699925210660000,data\camera\right_rear_camera\1772699925210660000.jpg,-1,1,car,0.304724,1600.0,590.0,1652.0,623.0,1600.0,590.0,1652.0,623.0,unassigned,3,VEHICLE_CAR,preprocessed/masks/right_rear_camera/masks/frame_000150_gt2d_003_track_-1_VEHICLE_CAR.png,0.8382241129875183,1626.0,606.5,40.31786346435547,39.23720169067383,4.493755340576172,1.0,23.972128578587462,-1.1850506512214314,40.31786346435547,da3_bbox_median,1920.0,1280.0,image_root
right_rear,150,1772699925210660000,data\camera\right_rear_camera\1772699925210660000.jpg,2000087,2,motorcycle,0.530985,1517.0,601.0,1551.0,670.0,1517.0,601.0,1551.0,670.0,tentative,0,CYCLIST_MOTOR,preprocessed/masks/right_rear_camera/masks/frame_000150_gt2d_000_track_-1_CYCLIST_MOTOR.png,0.9035845994949341,1534.0,635.5,21.74445343017578,22.337942123413086,4.536569595336914,1.0243818759918213,11.146517372751529,-0.07743163162622543,21.74445343017578,da3_bbox_median,1920.0,1280.0,image_root
right_rear,151,1772699925310637000,data\camera\right_rear_camera\1772699925310637000.jpg,-1,3,person,0.457821,1533.0,594.0,1559.0,665.0,1533.0,594.0,1559.0,665.0,unassigned,0,PEDESTRIAN_NORMAL,preprocessed/masks/right_rear_camera/masks/frame_000151_gt2d_000_track_-1_PEDESTRIAN_NORMAL.png,0.8420284986495972,1546.0,629.5,24.131389617919922,24.11170196533203,8.450693130493164,1.0179228782653809,12.628082792259777,-0.21490149102456196,24.131389617919922,da3_bbox_median,1920.0,1280.0,image_root
right_rear,151,1772699925310637000,data\camera\right_rear_camera\1772699925310637000.jpg,-1,2,motorcycle,0.372383,1806.0,624.0,1874.0,661.0,1806.0,624.0,1874.0,661.0,unassigned,1,MOTOR,preprocessed/masks/right_rear_camera/masks/frame_000151_gt2d_001_track_-1_MOTOR.png,0.8088603019714355,1840.0,642.5,41.37718200683594,41.27297592163086,4.137474060058594,1.0000008344650269,32.490765489156814,0.11065324355246994,41.37718200683594,da3_bbox_median,1920.0,1280.0,image_root
right_rear,152,1772699925410645000,data\camera\right_rear_camera\1772699925410645000.jpg,-1,2,motorcycle,0.309999,1813.0,625.0,1879.0,661.0,1813.0,625.0,1879.0,661.0,unassigned,0,MOTOR,preprocessed/masks/right_rear_camera/masks/frame_000152_gt2d_000_track_-1_MOTOR.png,0.8450093865394592,1846.0,643.0,40.835086822509766,41.32346725463867,4.078369140625,1.0000020265579224,32.28337722098086,0.12739044111862205,40.835086822509766,da3_bbox_median,1920.0,1280.0,image_root
right_rear,152,1772699925410645000,data\camera\right_rear_camera\1772699925410645000.jpg,-1,1,car,0.300976,1764.0,618.0,1843.0,660.0,1764.0,618.0,1843.0,660.0,unassigned,1,VEHICLE_CAR,preprocessed/masks/right_rear_camera/masks/frame_000152_gt2d_001_track_-1_VEHICLE_CAR.png,0.8764451742172241,1803.5,639.0,37.27970886230469,38.08738708496094,5.0977630615234375,1.0000256299972534,28.061016037569214,-0.016528434572927478,37.27970886230469,da3_bbox_median,1920.0,1280.0,image_root
right_rear,153,1772699925510652000,data\camera\right_rear_camera\1772699925510652000.jpg,-1,1,car,0.349079,1764.0,619.0,1847.0,661.0,1764.0,619.0,1847.0,661.0,unassigned,0,VEHICLE_CAR,preprocessed/masks/right_rear_camera/masks/frame_000153_gt2d_000_track_-1_VEHICLE_CAR.png,0.8256974220275879,1805.5,640.0,36.89976501464844,37.67070770263672,5.440845489501953,1.0000221729278564,27.840775416358145,0.016508435162996677,36.89976501464844,da3_bbox_median,1920.0,1280.0,image_root
right_rear,154,1772699925610660000,data\camera\right_rear_camera\1772699925610660000.jpg,2000088,2,motorcycle,0.587959,1526.0,606.0,1555.0,673.0,1526.0,606.0,1555.0,673.0,tentative,0,CYCLIST_MOTOR,preprocessed/masks/right_rear_camera/masks/frame_000154_gt2d_000_track_-1_CYCLIST_MOTOR.png,0.8442840576171875,1540.5,639.5,19.575382232666016,24.781774520874023,11.650199890136719,1.1405200958251953,10.1479803504049,3.937741661836935e-05,19.575382232666016,da3_bbox_median,1920.0,1280.0,image_root
right_rear,155,1772699925710637000,data\camera\right_rear_camera\1772699925710637000.jpg,2000088,2,motorcycle,0.842121,1527.0,598.0,1567.0,672.0,1531.239990234375,600.52978515625,1569.0400390625,673.1297607421875,matched,0,CYCLIST_MOTOR,preprocessed/masks/right_rear_camera/masks/frame_000155_gt2d_000_track_-1_CYCLIST_MOTOR.png,0.8852813243865967,1547.0,635.0,23.965213775634766,24.94183349609375,9.57029914855957,1.0323214530944824,12.562473040519922,-0.09601321293548779,23.965213775634766,da3_bbox_median,1920.0,1280.0,image_root
right_rear,156,1772699925810644000,data\camera\right_rear_camera\1772699925810644000.jpg,-1,1,car,0.359318,1771.0,620.0,1860.0,661.0,1771.0,620.0,1860.0,661.0,unassigned,1,VEHICLE_CAR,preprocessed/masks/right_rear_camera/masks/frame_000156_gt2d_001_track_-1_VEHICLE_CAR.png,0.7086637616157532,1815.5,640.5,32.34819793701172,32.170963287353516,3.6438121795654297,1.0000609159469604,24.694824598476718,0.028879185378351234,32.34819793701172,da3_bbox_median,1920.0,1280.0,image_root
right_rear,156,1772699925810644000,data\camera\right_rear_camera\1772699925810644000.jpg,2000088,2,motorcycle,0.86393,1525.0,597.0,1569.0,671.0,1532.3751220703125,598.8690185546875,1574.5465087890625,672.5200805664062,matched,0,CYCLIST_MOTOR,preprocessed/masks/right_rear_camera/masks/frame_000156_gt2d_000_track_-1_CYCLIST_MOTOR.png,0.8985974788665771,1547.0,634.0,23.188945770263672,23.307716369628906,5.096620559692383,1.0037915706634521,12.155556332787185,-0.1135587285354524,23.188945770263672,da3_bbox_median,1920.0,1280.0,image_root
right_rear,157,1772699925910651000,data\camera\right_rear_camera\1772699925910651000.jpg,-1,1,car,0.34589,1774.0,622.0,1862.0,662.0,1774.0,622.0,1862.0,662.0,unassigned,1,VEHICLE_CAR,preprocessed/masks/right_rear_camera/masks/frame_000157_gt2d_001_track_-1_VEHICLE_CAR.png,0.8020258545875549,1818.0,642.0,29.78549575805664,30.35832405090332,3.013568878173828,1.0000613927841187,22.804781864090423,0.06638839303986514,29.78549575805664,da3_bbox_median,1920.0,1280.0,image_root
right_rear,157,1772699925910651000,data\camera\right_rear_camera\1772699925910651000.jpg,-1,1,car,0.327113,1688.0,0.0,1919.0,78.0,1688.0,0.0,1919.0,78.0,unassigned,2,VEHICLE_CAR,preprocessed/masks/right_rear_camera/masks/frame_000157_gt2d_002_track_-1_VEHICLE_CAR.png,0.876916229724884,1803.5,39.0,16.223060607910156,22.724517822265625,1.5814189910888672,1.003943920135498,12.21134976076315,-8.677594542514738,16.223060607910156,da3_bbox_median,1920.0,1280.0,image_root
right_rear,157,1772699925910651000,data\camera\right_rear_camera\1772699925910651000.jpg,2000088,2,motorcycle,0.774138,1534.0,598.0,1567.0,669.0,1535.748291015625,598.1494140625,1571.9771728515625,669.888916015625,matched,0,CYCLIST_MOTOR,preprocessed/masks/right_rear_camera/masks/frame_000157_gt2d_000_track_-1_CYCLIST_MOTOR.png,0.8943191170692444,1550.5,633.5,22.75132179260254,23.633317947387695,6.18974494934082,1.0004335641860962,11.997098652671669,-0.1215484923379344,22.75132179260254,da3_bbox_median,1920.0,1280.0,image_root
right_rear,158,1772699926010645000,data\camera\right_rear_camera\1772699926010645000.jpg,-1,1,car,0.401752,1689.0,0.0,1919.0,81.0,1689.0,0.0,1919.0,81.0,unassigned,0,VEHICLE_CAR,preprocessed/masks/right_rear_camera/masks/frame_000158_gt2d_000_track_-1_VEHICLE_CAR.png,0.8838601112365723,1804.0,40.5,14.471261024475098,20.316871643066406,0.505375862121582,1.0288161039352417,10.899189321064863,-7.721234580583564,14.471261024475098,da3_bbox_median,1920.0,1280.0,image_root
right_rear,159,1772699926110561000,data\camera\right_rear_camera\1772699926110561000.jpg,-1,2,motorcycle,0.450887,1526.0,613.0,1551.0,671.0,1526.0,613.0,1551.0,671.0,unassigned,0,CYCLIST_MOTOR,preprocessed/masks/right_rear_camera/masks/frame_000159_gt2d_000_track_-1_CYCLIST_MOTOR.png,0.8378483057022095,1538.5,642.0,19.098106384277344,24.733112335205078,8.908445358276367,1.0933775901794434,9.866528527808907,0.04256744971631407,19.098106384277344,da3_bbox_median,1920.0,1280.0,image_root
right_rear,159,1772699926110561000,data\camera\right_rear_camera\1772699926110561000.jpg,-1,1,car,0.345284,1695.0,0.0,1919.0,77.0,1695.0,0.0,1919.0,77.0,unassigned,1,VEHICLE_CAR,preprocessed/masks/right_rear_camera/masks/frame_000159_gt2d_001_track_-1_VEHICLE_CAR.png,0.9107091426849365,1807.0,38.5,15.098528861999512,27.98493194580078,1.0233802795410156,1.0260653495788574,11.411977449064898,-8.082815366910117,15.098528861999512,da3_bbox_median,1920.0,1280.0,image_root
right_rear,159,1772699926110561000,data\camera\right_rear_camera\1772699926110561000.jpg,-1,2,motorcycle,0.342401,1526.0,610.0,1573.0,671.0,1526.0,610.0,1573.0,671.0,unassigned,2,CYCLIST_MOTOR,preprocessed/masks/right_rear_camera/masks/frame_000159_gt2d_002_track_-1_CYCLIST_MOTOR.png,0.7903134226799011,1549.5,640.5,18.424354553222656,22.386152267456055,5.754899978637695,1.1516644954681396,9.699012188513287,0.016448531434581037,18.424354553222656,da3_bbox_median,1920.0,1280.0,image_root
right_rear,160,1772699926210538000,data\camera\right_rear_camera\1772699926210538000.jpg,-1,1,car,0.368675,1782.0,624.0,1870.0,663.0,1782.0,624.0,1870.0,663.0,unassigned,1,VEHICLE_CAR,preprocessed/masks/right_rear_camera/masks/frame_000160_gt2d_001_track_-1_VEHICLE_CAR.png,0.8298068046569824,1826.0,643.5,34.71345901489258,34.770145416259766,8.697031021118164,1.0000805854797363,26.82521060855547,0.12375369929183475,34.71345901489258,da3_bbox_median,1920.0,1280.0,image_root
right_rear,160,1772699926210538000,data\camera\right_rear_camera\1772699926210538000.jpg,2000089,2,motorcycle,0.809425,1527.0,598.0,1565.0,671.0,1527.0,598.0,1565.0,671.0,tentative,0,CYCLIST_MOTOR,preprocessed/masks/right_rear_camera/masks/frame_000160_gt2d_000_track_-1_CYCLIST_MOTOR.png,0.9279714822769165,1546.0,634.5,22.45315170288086,27.451444625854492,10.685932159423828,1.0030343532562256,11.749852086453888,-0.09995540933484351,22.45315170288086,da3_bbox_median,1920.0,1280.0,image_root
right_rear,161,1772699926310546000,data\camera\right_rear_camera\1772699926310546000.jpg,-1,1,car,0.363004,1704.0,0.0,1919.0,71.0,1704.0,0.0,1919.0,71.0,unassigned,1,VEHICLE_CAR,preprocessed/masks/right_rear_camera/masks/frame_000161_gt2d_001_track_-1_VEHICLE_CAR.png,0.9665079116821289,1811.5,35.5,19.572052001953125,30.785110473632812,1.8082008361816406,1.0033321380615234,14.871683694194518,-10.529963375902462,19.572052001953125,da3_bbox_median,1920.0,1280.0,image_root
right_rear,161,1772699926310546000,data\camera\right_rear_camera\1772699926310546000.jpg,-1,1,car,0.344945,1783.0,625.0,1872.0,664.0,1783.0,625.0,1872.0,664.0,unassigned,2,VEHICLE_CAR,preprocessed/masks/right_rear_camera/masks/frame_000161_gt2d_002_track_-1_VEHICLE_CAR.png,0.8175134658813477,1827.5,644.5,36.31629180908203,35.97177505493164,6.598541259765625,1.0000182390213013,28.112349459451472,0.1618164970632551,36.31629180908203,da3_bbox_median,1920.0,1280.0,image_root
right_rear,161,1772699926310546000,data\camera\right_rear_camera\1772699926310546000.jpg,2000090,2,motorcycle,0.833802,1527.0,600.0,1566.0,673.0,1527.0,600.0,1566.0,673.0,tentative,0,CYCLIST_MOTOR,preprocessed/masks/right_rear_camera/masks/frame_000161_gt2d_000_track_-1_CYCLIST_MOTOR.png,0.8961557149887085,1546.5,636.5,25.180614471435547,28.553489685058594,14.434680938720703,1.0370196104049683,13.188364540634344,-0.06723814412451413,25.180614471435547,da3_bbox_median,1920.0,1280.0,image_root
right_rear,162,1772699926410553000,data\camera\right_rear_camera\1772699926410553000.jpg,-1,1,car,0.326411,1784.0,623.0,1872.0,663.0,1784.0,623.0,1872.0,663.0,unassigned,1,VEHICLE_CAR,preprocessed/masks/right_rear_camera/masks/frame_000162_gt2d_001_track_-1_VEHICLE_CAR.png,0.8429624438285828,1828.0,643.0,33.1651725769043,33.19600296020508,5.279691696166992,1.0000439882278442,25.687849701208894,0.10346313166201315,33.1651725769043,da3_bbox_median,1920.0,1280.0,image_root
right_rear,162,1772699926410553000,data\camera\right_rear_camera\1772699926410553000.jpg,2000090,2,motorcycle,0.85123,1527.0,599.0,1566.0,672.0,1529.22705078125,599.7235107421875,1568.22705078125,672.7235107421875,matched,0,CYCLIST_MOTOR,preprocessed/masks/right_rear_camera/masks/frame_000162_gt2d_000_track_-1_CYCLIST_MOTOR.png,0.8968044519424438,1546.5,635.5,29.493915557861328,29.317964553833008,12.736274719238281,1.0011646747589111,15.447459018484643,-0.1050273354547526,29.493915557861328,da3_bbox_median,1920.0,1280.0,image_root
right_rear,163,1772699926510561000,data\camera\right_rear_camera\1772699926510561000.jpg,-1,1,car,0.373694,1705.0,0.0,1919.0,81.0,1705.0,0.0,1919.0,81.0,unassigned,1,VEHICLE_CAR,preprocessed/masks/right_rear_camera/masks/frame_000163_gt2d_001_track_-1_VEHICLE_CAR.png,0.9334550499916077,1812.0,40.5,16.679641723632812,21.012474060058594,1.444244384765625,1.0000361204147339,12.681336497709621,-8.89953033467099,16.679641723632812,da3_bbox_median,1920.0,1280.0,image_root
right_rear,163,1772699926510561000,data\camera\right_rear_camera\1772699926510561000.jpg,-1,1,car,0.301247,1787.0,624.0,1871.0,663.0,1787.0,624.0,1871.0,663.0,unassigned,2,VEHICLE_CAR,preprocessed/masks/right_rear_camera/masks/frame_000163_gt2d_002_track_-1_VEHICLE_CAR.png,0.847441554069519,1829.0,643.5,32.839683532714844,33.1855583190918,3.518169403076172,1.0,25.465001791059404,0.11707367793578512,32.839683532714844,da3_bbox_median,1920.0,1280.0,image_root
right_rear,163,1772699926510561000,data\camera\right_rear_camera\1772699926510561000.jpg,2000090,2,motorcycle,0.860263,1528.0,599.0,1567.0,673.0,1530.5789794921875,599.6057739257812,1569.5789794921875,673.3765869140625,matched,0,CYCLIST_MOTOR,preprocessed/masks/right_rear_camera/masks/frame_000163_gt2d_000_track_-1_CYCLIST_MOTOR.png,0.8953390121459961,1547.5,636.0,24.76226806640625,25.203147888183594,7.89820671081543,1.0000029802322388,12.991316361741314,-0.0771495398748963,24.76226806640625,da3_bbox_median,1920.0,1280.0,image_root
right_rear,164,1772699926610537000,data\camera\right_rear_camera\1772699926610537000.jpg,-1,1,car,0.365425,1709.0,0.0,1919.0,73.0,1709.0,0.0,1919.0,73.0,unassigned,1,VEHICLE_CAR,preprocessed/masks/right_rear_camera/masks/frame_000164_gt2d_001_track_-1_VEHICLE_CAR.png,0.9632056355476379,1814.0,36.5,16.612146377563477,21.052005767822266,1.2665081024169922,1.0002219676971436,12.659620554701199,-8.92270674727627,16.612146377563477,da3_bbox_median,1920.0,1280.0,image_root
right_rear,164,1772699926610537000,data\camera\right_rear_camera\1772699926610537000.jpg,-1,1,car,0.348785,1774.0,624.0,1864.0,662.0,1774.0,624.0,1864.0,662.0,unassigned,2,VEHICLE_CAR,preprocessed/masks/right_rear_camera/masks/frame_000164_gt2d_002_track_-1_VEHICLE_CAR.png,0.8111449480056763,1819.0,643.0,32.69955825805664,32.920143127441406,4.157787322998047,1.0000029802322388,25.065019052474526,0.10201058636127797,32.69955825805664,da3_bbox_median,1920.0,1280.0,image_root
right_rear,164,1772699926610537000,data\camera\right_rear_camera\1772699926610537000.jpg,2000090,2,motorcycle,0.836653,1528.0,599.0,1567.0,673.0,1529.2525634765625,599.2393188476562,1568.2525634765625,673.2684936523438,matched,0,CYCLIST_MOTOR,preprocessed/masks/right_rear_camera/masks/frame_000164_gt2d_000_track_-1_CYCLIST_MOTOR.png,0.8825640678405762,1547.5,636.0,23.324777603149414,24.46316146850586,7.753917694091797,1.0002442598342896,12.237149040513945,-0.0726708819620829,23.324777603149414,da3_bbox_median,1920.0,1280.0,image_root
right_rear,165,1772699926710545000,data\camera\right_rear_camera\1772699926710545000.jpg,-1,1,car,0.419655,1778.0,624.0,1860.0,661.0,1778.0,624.0,1860.0,661.0,unassigned,1,VEHICLE_CAR,preprocessed/masks/right_rear_camera/masks/frame_000165_gt2d_001_track_-1_VEHICLE_CAR.png,0.7270205616950989,1819.0,642.5,30.38944435119629,30.306081771850586,4.515316009521484,1.0000253915786743,23.29425968527192,0.0812692025924241,30.38944435119629,da3_bbox_median,1920.0,1280.0,image_root
right_rear,165,1772699926710545000,data\camera\right_rear_camera\1772699926710545000.jpg,2000090,2,motorcycle,0.814251,1528.0,599.0,1567.0,672.0,1530.020263671875,599.1533203125,1569.020263671875,672.4940185546875,matched,0,CYCLIST_MOTOR,preprocessed/masks/right_rear_camera/masks/frame_000165_gt2d_000_track_-1_CYCLIST_MOTOR.png,0.864953875541687,1547.5,635.5,29.119152069091797,28.54209327697754,15.806741714477539,1.0000771284103394,15.277119030483377,-0.10369280899711852,29.119152069091797,da3_bbox_median,1920.0,1280.0,image_root
right_rear,166,1772699926810552000,data\camera\right_rear_camera\1772699926810552000.jpg,-1,1,car,0.414155,1781.0,625.0,1864.0,662.0,1781.0,625.0,1864.0,662.0,unassigned,1,VEHICLE_CAR,preprocessed/masks/right_rear_camera/masks/frame_000166_gt2d_001_track_-1_VEHICLE_CAR.png,0.5975756645202637,1822.5,643.5,30.204605102539062,30.649301528930664,5.609869003295898,1.000025987625122,23.2467597783547,0.10767960679126241,30.204605102539062,da3_bbox_median,1920.0,1280.0,image_root
right_rear,166,1772699926810552000,data\camera\right_rear_camera\1772699926810552000.jpg,2000091,2,motorcycle,0.838337,1531.0,601.0,1568.0,672.0,1531.0,601.0,1568.0,672.0,tentative,0,CYCLIST_MOTOR,preprocessed/masks/right_rear_camera/masks/frame_000166_gt2d_000_track_-1_CYCLIST_MOTOR.png,0.8861974477767944,1549.5,636.5,20.856639862060547,23.429521560668945,15.018390655517578,1.0006791353225708,10.979424199051488,-0.05569211818040138,20.856639862060547,da3_bbox_median,1920.0,1280.0,image_root
right_rear,167,1772699926910560000,data\camera\right_rear_camera\1772699926910560000.jpg,-1,3,person,0.492873,1544.0,601.0,1571.0,669.0,1544.0,601.0,1571.0,669.0,unassigned,0,PEDESTRIAN_NORMAL,preprocessed/masks/right_rear_camera/masks/frame_000167_gt2d_000_track_-1_PEDESTRIAN_NORMAL.png,0.8936078548431396,1557.5,635.0,23.03306770324707,24.183143615722656,17.253589630126953,1.0070475339889526,12.28931065309957,-0.09227870256670774,23.03306770324707,da3_bbox_median,1920.0,1280.0,image_root
right_rear,167,1772699926910560000,data\camera\right_rear_camera\1772699926910560000.jpg,-1,1,car,0.488685,1701.0,0.0,1919.0,75.0,1701.0,0.0,1919.0,75.0,unassigned,1,VEHICLE_CAR,preprocessed/masks/right_rear_camera/masks/frame_000167_gt2d_001_track_-1_VEHICLE_CAR.png,0.9642969965934753,1810.0,37.5,15.910987854003906,24.057086944580078,2.5182437896728516,1.00166916847229,12.06858731614334,-8.531928182923233,15.910987854003906,da3_bbox_median,1920.0,1280.0,image_root
right_rear,167,1772699926910560000,data\camera\right_rear_camera\1772699926910560000.jpg,-1,1,car,0.344952,1792.0,627.0,1864.0,662.0,1792.0,627.0,1864.0,662.0,unassigned,2,VEHICLE_CAR,preprocessed/masks/right_rear_camera/masks/frame_000167_gt2d_002_track_-1_VEHICLE_CAR.png,0.6136220693588257,1828.0,644.5,31.525531768798828,31.882492065429688,5.921051025390625,1.000001072883606,24.41787751743944,0.14047004429036,31.525531768798828,da3_bbox_median,1920.0,1280.0,image_root
right_rear,168,1772699927010523000,data\camera\right_rear_camera\1772699927010523000.jpg,-1,1,car,0.340584,1796.0,628.0,1859.0,662.0,1796.0,628.0,1859.0,662.0,unassigned,0,VEHICLE_SUV,preprocessed/masks/right_rear_camera/masks/frame_000168_gt2d_000_track_-1_VEHICLE_SUV.png,0.650163471698761,1827.5,645.0,31.04936981201172,31.524879455566406,4.884126663208008,1.0000004768371582,24.03523848854876,0.1521769757985936,31.04936981201172,da3_bbox_median,1920.0,1280.0,image_root
right_rear,168,1772699927010523000,data\camera\right_rear_camera\1772699927010523000.jpg,-1,1,car,0.30871,1867.0,633.0,1917.0,664.0,1867.0,633.0,1917.0,664.0,unassigned,1,VEHICLE_SUV,preprocessed/masks/right_rear_camera/masks/frame_000168_gt2d_001_track_-1_VEHICLE_SUV.png,0.799736499786377,1892.0,648.5,35.942481994628906,36.04564666748047,1.9261398315429688,1.000000238418579,29.8883807355993,0.2882137649394385,35.942481994628906,da3_bbox_median,1920.0,1280.0,image_root
right_rear,169,1772699927110653000,data\camera\right_rear_camera\1772699927110653000.jpg,2000092,2,motorcycle,0.730475,1535.0,605.0,1564.0,673.0,1535.0,605.0,1564.0,673.0,tentative,0,CYCLIST_MOTOR,preprocessed/masks/right_rear_camera/masks/frame_000169_gt2d_000_track_-1_CYCLIST_MOTOR.png,0.79938143491745,1549.5,639.0,21.212646484375,23.54589080810547,13.408388137817383,1.0280104875564575,11.166834431472106,-0.009404897469308103,21.212646484375,da3_bbox_median,1920.0,1280.0,image_root
right_rear,170,1772699927210660000,data\camera\right_rear_camera\1772699927210660000.jpg,2000093,2,motorcycle,0.867273,1537.0,603.0,1573.0,676.0,1537.0,603.0,1573.0,676.0,tentative,0,CYCLIST_MOTOR,preprocessed/masks/right_rear_camera/masks/frame_000170_gt2d_000_track_-1_CYCLIST_MOTOR.png,0.9122527837753296,1555.0,639.5,20.88479232788086,24.861572265625,12.426685333251953,1.0019886493682861,11.096580334155044,4.201139771926106e-05,20.88479232788086,da3_bbox_median,1920.0,1280.0,image_root
right_rear,171,1772699927310637000,data\camera\right_rear_camera\1772699927310637000.jpg,2000094,2,motorcycle,0.880893,1539.0,603.0,1576.0,676.0,1539.0,603.0,1576.0,676.0,tentative,0,CYCLIST_MOTOR,preprocessed/masks/right_rear_camera/masks/frame_000171_gt2d_000_track_-1_CYCLIST_MOTOR.png,0.902320146560669,1557.5,639.5,20.936767578125,23.99611473083496,12.362800598144531,1.0004018545150757,11.170828139538216,4.2115950011440174e-05,20.936767578125,da3_bbox_median,1920.0,1280.0,image_root
right_rear,172,1772699927410645000,data\camera\right_rear_camera\1772699927410645000.jpg,2000095,2,motorcycle,0.885311,1541.0,602.0,1578.0,675.0,1541.0,602.0,1578.0,675.0,tentative,0,CYCLIST_MOTOR,preprocessed/masks/right_rear_camera/masks/frame_000172_gt2d_000_track_-1_CYCLIST_MOTOR.png,0.8973947763442993,1559.5,638.5,17.55127716064453,21.35155487060547,9.099039077758789,1.0057729482650757,9.395770520856383,-0.015598471099547043,17.55127716064453,da3_bbox_median,1920.0,1280.0,image_root
right_rear,173,1772699927510652000,data\camera\right_rear_camera\1772699927510652000.jpg,2000096,2,motorcycle,0.88097,1544.0,601.0,1581.0,674.0,1544.0,601.0,1581.0,674.0,tentative,0,CYCLIST_MOTOR,preprocessed/masks/right_rear_camera/masks/frame_000173_gt2d_000_track_-1_CYCLIST_MOTOR.png,0.8791307210922241,1562.5,637.5,17.381946563720703,20.44094467163086,8.432629585266113,1.0075466632843018,9.351579780539359,-0.030930926581798843,17.381946563720703,da3_bbox_median,1920.0,1280.0,image_root
right_rear,174,1772699927610660000,data\camera\right_rear_camera\1772699927610660000.jpg,-1,3,person,0.281117,0.0,491.0,38.0,716.0,0.0,491.0,38.0,716.0,unassigned,1,PEDESTRIAN_NORMAL,preprocessed/masks/right_rear_camera/masks/frame_000174_gt2d_001_track_30_PEDESTRIAN_NORMAL.png,0.8970359563827515,19.0,603.5,7.694851398468018,8.482685089111328,0.4980950355529785,1.5365276336669922,-6.4415143336751886,-0.24673495386897518,7.694851398468018,da3_bbox_median,1920.0,1280.0,image_root
right_rear,174,1772699927610660000,data\camera\right_rear_camera\1772699927610660000.jpg,2000097,2,motorcycle,0.877369,1547.0,601.0,1584.0,675.0,1547.0,601.0,1584.0,675.0,tentative,2,CYCLIST_MOTOR,preprocessed/masks/right_rear_camera/masks/frame_000174_gt2d_002_track_-1_CYCLIST_MOTOR.png,0.8899483680725098,1565.5,638.0,18.171127319335938,20.393014907836914,4.92860221862793,1.0017753839492798,9.82472994940835,-0.024242308718419283,18.171127319335938,da3_bbox_median,1920.0,1280.0,image_root
right_rear,174,1772699927610660000,data\camera\right_rear_camera\1772699927610660000.jpg,3000035,3,person,0.815202,0.0,474.0,91.0,737.0,0.0,474.0,91.0,737.0,tentative,0,PEDESTRIAN_NORMAL,preprocessed/masks/right_rear_camera/masks/frame_000174_gt2d_000_track_19_PEDESTRIAN_NORMAL.png,0.8005510568618774,45.5,605.5,8.762039184570312,10.26407527923584,4.4469828605651855,1.392192006111145,-7.128013758635988,-0.2653447173748712,8.762039184570312,da3_bbox_median,1920.0,1280.0,image_root
right_rear,175,1772699927710637000,data\camera\right_rear_camera\1772699927710637000.jpg,2000097,2,motorcycle,0.860255,1549.0,601.0,1587.0,675.0,1551.43115234375,601.4804077148438,1589.231201171875,675.4804077148438,matched,1,CYCLIST_MOTOR,preprocessed/masks/right_rear_camera/masks/frame_000175_gt2d_001_track_-1_CYCLIST_MOTOR.png,0.8879846930503845,1568.0,638.0,21.18151092529297,22.958465576171875,8.302566528320312,1.0017449855804443,11.499555579069272,-0.028258495906696914,21.18151092529297,da3_bbox_median,1920.0,1280.0,image_root
right_rear,175,1772699927710637000,data\camera\right_rear_camera\1772699927710637000.jpg,3000036,3,person,0.880048,57.0,480.0,191.0,729.0,57.0,480.0,191.0,729.0,tentative,0,PEDESTRIAN_NORMAL,preprocessed/masks/right_rear_camera/masks/frame_000175_gt2d_000_track_19_PEDESTRIAN_NORMAL.png,0.9173177480697632,124.0,604.5,8.16104793548584,10.878737449645996,4.393630027770996,1.406572699546814,-6.06834387146563,-0.2544140755552874,8.16104793548584,da3_bbox_median,1920.0,1280.0,image_root
right_rear,176,1772699927810644000,data\camera\right_rear_camera\1772699927810644000.jpg,2000097,2,motorcycle,0.851328,1552.0,601.0,1589.0,675.0,1554.77685546875,601.4437866210938,1591.9644775390625,675.4437866210938,matched,1,CYCLIST_MOTOR,preprocessed/masks/right_rear_camera/masks/frame_000176_gt2d_001_track_-1_CYCLIST_MOTOR.png,0.8854667544364929,1570.5,638.0,22.567230224609375,23.217485427856445,8.91104507446289,1.0004140138626099,12.302133637755675,-0.03010719986769737,22.567230224609375,da3_bbox_median,1920.0,1280.0,image_root
right_rear,176,1772699927810644000,data\camera\right_rear_camera\1772699927810644000.jpg,3000037,3,person,0.89762,220.0,491.0,306.0,727.0,220.0,491.0,306.0,727.0,tentative,0,PEDESTRIAN_NORMAL,preprocessed/masks/right_rear_camera/masks/frame_000176_gt2d_000_track_19_PEDESTRIAN_NORMAL.png,0.9282764196395874,263.0,609.0,8.424636840820312,10.363333702087402,1.1996326446533203,1.4264492988586426,-5.221059912383767,-0.22886219325532375,8.424636840820312,da3_bbox_median,1920.0,1280.0,image_root
right_rear,177,1772699927910651000,data\camera\right_rear_camera\1772699927910651000.jpg,2000098,2,motorcycle,0.853726,1555.0,601.0,1592.0,674.0,1555.0,601.0,1592.0,674.0,tentative,1,CYCLIST_MOTOR,preprocessed/masks/right_rear_camera/masks/frame_000177_gt2d_001_track_-1_CYCLIST_MOTOR.png,0.9146019220352173,1573.5,637.5,25.655616760253906,24.8064022064209,5.402460098266602,1.0000436305999756,14.054284747329918,-0.04565380497017919,25.655616760253906,da3_bbox_median,1920.0,1280.0,image_root
right_rear,177,1772699927910651000,data\camera\right_rear_camera\1772699927910651000.jpg,3000038,3,person,0.918307,331.0,499.0,416.0,722.0,331.0,499.0,416.0,722.0,tentative,0,PEDESTRIAN_NORMAL,preprocessed/masks/right_rear_camera/masks/frame_000177_gt2d_000_track_-1_PEDESTRIAN_NORMAL.png,0.9417586922645569,373.5,610.5,7.801241874694824,9.822916984558105,1.773087501525879,1.4149724245071411,-4.066718115845181,-0.20150373715529082,7.801241874694824,da3_bbox_median,1920.0,1280.0,image_root
right_rear,178,1772699928010645000,data\camera\right_rear_camera\1772699928010645000.jpg,-1,1,car,0.390622,1706.0,0.0,1919.0,77.0,1706.0,0.0,1919.0,77.0,unassigned,2,VEHICLE_CAR,preprocessed/masks/right_rear_camera/masks/frame_000178_gt2d_002_track_-1_VEHICLE_CAR.png,0.9264964461326599,1812.5,38.5,17.14733123779297,37.51306915283203,64.82980346679688,1.0000141859054565,13.044553761227172,-9.179617014155651,17.14733123779297,da3_bbox_median,1920.0,1280.0,image_root
right_rear,178,1772699928010645000,data\camera\right_rear_camera\1772699928010645000.jpg,2000099,2,motorcycle,0.848504,1561.0,600.0,1596.0,672.0,1561.0,600.0,1596.0,672.0,tentative,1,CYCLIST_MOTOR,preprocessed/masks/right_rear_camera/masks/frame_000178_gt2d_001_track_-1_CYCLIST_MOTOR.png,0.9140118360519409,1578.5,636.0,26.70561981201172,25.153682708740234,6.774436950683594,1.000138282775879,14.748444081196721,-0.0832042636419788,26.70561981201172,da3_bbox_median,1920.0,1280.0,image_root
right_rear,178,1772699928010645000,data\camera\right_rear_camera\1772699928010645000.jpg,3000039,3,person,0.91629,430.0,510.0,523.0,715.0,430.0,510.0,523.0,715.0,tentative,0,PEDESTRIAN_NORMAL,preprocessed/masks/right_rear_camera/masks/frame_000178_gt2d_000_track_-1_PEDESTRIAN_NORMAL.png,0.9385502934455872,476.5,612.5,8.47175407409668,10.907110214233398,3.4263973236083984,1.311404824256897,-3.638847149537416,-0.20373045867626713,8.47175407409668,da3_bbox_median,1920.0,1280.0,image_root
right_rear,179,1772699928110561000,data\camera\right_rear_camera\1772699928110561000.jpg,-1,2,motorcycle,0.463996,1570.0,599.0,1598.0,669.0,1570.0,599.0,1598.0,669.0,unassigned,1,CYCLIST_MOTOR,preprocessed/masks/right_rear_camera/masks/frame_000179_gt2d_001_track_-1_CYCLIST_MOTOR.png,0.8939063549041748,1584.0,634.0,20.525508880615234,20.006797790527344,10.716882705688477,1.0130842924118042,11.435991888076133,-0.1005155954098943,20.525508880615234,da3_bbox_median,1920.0,1280.0,image_root
right_rear,179,1772699928110561000,data\camera\right_rear_camera\1772699928110561000.jpg,3000039,3,person,0.907418,502.0,519.0,606.0,715.0,494.0238342285156,518.0643310546875,595.8238525390625,715.8643188476562,matched,0,PEDESTRIAN_NORMAL,preprocessed/masks/right_rear_camera/masks/frame_000179_gt2d_000_track_-1_PEDESTRIAN_NORMAL.png,0.9354039430618286,554.0,617.0,8.163034439086914,9.945703506469727,4.594424724578857,1.3559038639068604,-2.9426203614805093,-0.16358585184859456,8.163034439086914,da3_bbox_median,1920.0,1280.0,image_root
right_rear,180,1772699928210538000,data\camera\right_rear_camera\1772699928210538000.jpg,3000039,3,person,0.883257,574.0,527.0,676.0,712.0,560.9091796875,526.115234375,662.8588256835938,713.9360961914062,matched,0,PEDESTRIAN_NORMAL,preprocessed/masks/right_rear_camera/masks/frame_000180_gt2d_000_track_-1_PEDESTRIAN_NORMAL.png,0.9360536336898804,625.0,619.5,9.106664657592773,11.960039138793945,10.139086723327637,1.3729315996170044,-2.70674036163104,-0.16221667072286067,9.106664657592773,da3_bbox_median,1920.0,1280.0,image_root
right_rear,181,1772699928310546000,data\camera\right_rear_camera\1772699928310546000.jpg,3000039,3,person,0.812413,659.0,530.0,738.0,708.0,646.8331298828125,530.7190551757812,731.2037353515625,709.720703125,matched,0,PEDESTRIAN_NORMAL,preprocessed/masks/right_rear_camera/masks/frame_000181_gt2d_000_track_-1_PEDESTRIAN_NORMAL.png,0.9244992136955261,698.5,619.0,9.942150115966797,13.069570541381836,7.531423568725586,1.2468558549880981,-2.3040351565215005,-0.18152711989353798,9.942150115966797,da3_bbox_median,1920.0,1280.0,image_root
right_rear,182,1772699928410553000,data\camera\right_rear_camera\1772699928410553000.jpg,-1,2,motorcycle,0.468019,1569.0,606.0,1594.0,671.0,1569.0,606.0,1594.0,671.0,unassigned,1,CYCLIST_MOTOR,preprocessed/masks/right_rear_camera/masks/frame_000182_gt2d_001_track_-1_CYCLIST_MOTOR.png,0.5400436520576477,1581.5,638.5,20.010629653930664,22.470394134521484,5.346744537353516,1.0001307725906372,11.10455243164577,-0.01778418889312976,20.010629653930664,da3_bbox_median,1920.0,1280.0,image_root
right_rear,182,1772699928410553000,data\camera\right_rear_camera\1772699928410553000.jpg,3000039,3,person,0.859479,732.0,534.0,798.0,705.0,728.208740234375,534.482177734375,796.40771484375,705.831298828125,matched,0,PEDESTRIAN_NORMAL,preprocessed/masks/right_rear_camera/masks/frame_000182_gt2d_000_track_-1_PEDESTRIAN_NORMAL.png,0.9130626916885376,765.0,619.5,10.614990234375,14.230233192443848,4.087264060974121,1.1007596254348755,-1.8310687126393914,-0.18908441677824558,10.614990234375,da3_bbox_median,1920.0,1280.0,image_root
right_rear,183,1772699928510561000,data\camera\right_rear_camera\1772699928510561000.jpg,2000100,2,motorcycle,0.768854,1572.0,602.0,1603.0,673.0,1572.0,602.0,1603.0,673.0,tentative,1,CYCLIST_MOTOR,preprocessed/masks/right_rear_camera/masks/frame_000183_gt2d_001_track_-1_CYCLIST_MOTOR.png,0.9280034303665161,1587.5,637.5,22.256755828857422,22.734575271606445,4.181488037109375,1.0059864521026611,12.469974357740336,-0.03960558030527346,22.256755828857422,da3_bbox_median,1920.0,1280.0,image_root
right_rear,183,1772699928510561000,data\camera\right_rear_camera\1772699928510561000.jpg,3000039,3,person,0.639935,781.0,555.0,829.0,696.0,783.1740112304688,551.2200927734375,832.9986572265625,697.9896850585938,matched,2,PEDESTRIAN_NORMAL,preprocessed/masks/right_rear_camera/masks/frame_000183_gt2d_002_track_-1_PEDESTRIAN_NORMAL.png,0.8594322204589844,805.0,625.5,11.989895820617676,16.28667449951172,1.5997848510742188,1.111820936203003,-1.6409591912399812,-0.14949565475163298,11.989895820617676,da3_bbox_median,1920.0,1280.0,image_root
right_rear,183,1772699928510561000,data\camera\right_rear_camera\1772699928510561000.jpg,3000040,3,person,0.869892,794.0,540.0,858.0,700.0,794.0,540.0,858.0,700.0,tentative,0,PEDESTRIAN_NORMAL,preprocessed/masks/right_rear_camera/masks/frame_000183_gt2d_000_track_-1_PEDESTRIAN_NORMAL.png,0.868130087852478,826.0,620.0,12.246706008911133,16.584646224975586,7.343008995056152,1.0893083810806274,-1.446980772728603,-0.21269573915355122,12.246706008911133,da3_bbox_median,1920.0,1280.0,image_root
right_rear,184,1772699928610537000,data\camera\right_rear_camera\1772699928610537000.jpg,-1,3,person,0.303545,1664.0,594.0,1684.0,652.0,1664.0,594.0,1684.0,652.0,unassigned,2,PEDESTRIAN_NORMAL,preprocessed/masks/right_rear_camera/masks/frame_000184_gt2d_002_track_-1_PEDESTRIAN_NORMAL.png,0.6299948692321777,1674.0,623.0,28.40566062927246,27.975412368774414,1.1709308624267578,1.0000165700912476,18.104126406342562,-0.4174308850157695,28.40566062927246,da3_bbox_median,1920.0,1280.0,image_root
right_rear,184,1772699928610537000,data\camera\right_rear_camera\1772699928610537000.jpg,2000101,2,motorcycle,0.829398,1574.0,602.0,1607.0,673.0,1574.0,602.0,1607.0,673.0,tentative,1,CYCLIST_MOTOR,preprocessed/masks/right_rear_camera/masks/frame_000184_gt2d_001_track_-1_CYCLIST_MOTOR.png,0.9469970464706421,1590.5,637.5,22.02178192138672,22.70321273803711,6.782163619995117,1.0168641805648804,12.397182132232942,-0.039187447580381514,22.02178192138672,da3_bbox_median,1920.0,1280.0,image_root
right_rear,184,1772699928610537000,data\camera\right_rear_camera\1772699928610537000.jpg,3000039,3,person,0.890874,846.0,544.0,920.0,697.0,848.3895874023438,548.32666015625,917.654541015625,697.3526000976562,matched,0,PEDESTRIAN_NORMAL,preprocessed/masks/right_rear_camera/masks/frame_000184_gt2d_000_track_-1_PEDESTRIAN_NORMAL.png,0.913942813873291,883.0,620.5,11.673837661743164,16.18971061706543,4.540081024169922,1.213938593864441,-0.7864730603372213,-0.1975471702504576,11.673837661743164,da3_bbox_median,1920.0,1280.0,image_root
right_rear,185,1772699928710545000,data\camera\right_rear_camera\1772699928710545000.jpg,2000102,2,motorcycle,0.852197,1574.0,603.0,1610.0,675.0,1574.0,603.0,1610.0,675.0,tentative,1,CYCLIST_MOTOR,preprocessed/masks/right_rear_camera/masks/frame_000185_gt2d_001_track_-1_CYCLIST_MOTOR.png,0.945236086845398,1592.0,639.0,19.571285247802734,20.319217681884766,3.5090503692626953,1.00530207157135,11.043827294932923,-0.008677179023077007,19.571285247802734,da3_bbox_median,1920.0,1280.0,image_root
right_rear,185,1772699928710545000,data\camera\right_rear_camera\1772699928710545000.jpg,3000039,3,person,0.884586,905.0,551.0,965.0,698.0,909.1809692382812,551.9431762695312,971.92236328125,697.2523193359375,matched,0,PEDESTRIAN_NORMAL,preprocessed/masks/right_rear_camera/masks/frame_000185_gt2d_000_track_-1_PEDESTRIAN_NORMAL.png,0.9343357086181641,935.0,624.5,11.37193489074707,12.90117073059082,2.8827686309814453,1.4188543558120728,-0.2393002179085008,-0.15192016345102494,11.37193489074707,da3_bbox_median,1920.0,1280.0,image_root
right_rear,186,1772699928810552000,data\camera\right_rear_camera\1772699928810552000.jpg,2000103,2,motorcycle,0.853389,1574.0,603.0,1611.0,676.0,1574.0,603.0,1611.0,676.0,tentative,0,CYCLIST_MOTOR,preprocessed/masks/right_rear_camera/masks/frame_000186_gt2d_000_track_-1_CYCLIST_MOTOR.png,0.9416255354881287,1592.5,639.5,18.86981201171875,19.70785903930664,2.8928890228271484,1.013688087463379,10.656400558847018,3.795810678249845e-05,18.86981201171875,da3_bbox_median,1920.0,1280.0,image_root
right_rear,186,1772699928810552000,data\camera\right_rear_camera\1772699928810552000.jpg,3000039,3,person,0.78039,957.0,555.0,1000.0,696.0,962.322509765625,555.7263793945312,1010.063232421875,695.9273071289062,matched,1,PEDESTRIAN_NORMAL,preprocessed/masks/right_rear_camera/masks/frame_000186_gt2d_001_track_-1_PEDESTRIAN_NORMAL.png,0.9062671661376953,978.5,625.5,13.032174110412598,12.668671607971191,4.278349876403809,1.402756690979004,0.23082190443055534,-0.16249127020129892,13.032174110412598,da3_bbox_median,1920.0,1280.0,image_root
right_rear,187,1772699928910560000,data\camera\right_rear_camera\1772699928910560000.jpg,2000104,2,motorcycle,0.864396,1575.0,604.0,1612.0,674.0,1575.0,604.0,1612.0,674.0,tentative,0,CYCLIST_MOTOR,preprocessed/masks/right_rear_camera/masks/frame_000187_gt2d_000_track_-1_CYCLIST_MOTOR.png,0.936042070388794,1593.5,639.0,22.193159103393555,23.19561195373535,6.717313766479492,1.0083414316177368,12.552975643993355,-0.00983962024923209,22.193159103393555,da3_bbox_median,1920.0,1280.0,image_root
right_rear,187,1772699928910560000,data\camera\right_rear_camera\1772699928910560000.jpg,3000041,3,person,0.591379,998.0,555.0,1035.0,683.0,998.0,555.0,1035.0,683.0,tentative,1,PEDESTRIAN_NORMAL,preprocessed/masks/right_rear_camera/masks/frame_000187_gt2d_001_track_-1_PEDESTRIAN_NORMAL.png,0.8834471702575684,1016.5,619.0,10.41559886932373,15.664619445800781,9.52117919921875,1.686164140701294,0.5370951271719625,-0.19017150643081696,10.41559886932373,da3_bbox_median,1920.0,1280.0,image_root
right_rear,188,1772699929010523000,data\camera\right_rear_camera\1772699929010523000.jpg,2000105,2,motorcycle,0.85263,1574.0,603.0,1613.0,675.0,1574.0,603.0,1613.0,675.0,tentative,0,CYCLIST_MOTOR,preprocessed/masks/right_rear_camera/masks/frame_000188_gt2d_000_track_-1_CYCLIST_MOTOR.png,0.93616783618927,1593.5,639.0,24.67044448852539,24.76725196838379,5.592718124389648,1.0008652210235596,13.954186844161137,-0.010937956332216447,24.67044448852539,da3_bbox_median,1920.0,1280.0,image_root
right_rear,188,1772699929010523000,data\camera\right_rear_camera\1772699929010523000.jpg,3000041,3,person,0.493148,1040.0,569.0,1078.0,682.0,1038.61767578125,567.2446899414062,1076.4176025390625,683.2446899414062,matched,2,PEDESTRIAN_NORMAL,preprocessed/masks/right_rear_camera/masks/frame_000188_gt2d_002_track_-1_PEDESTRIAN_NORMAL.png,0.8824357986450195,1059.0,625.5,11.50718879699707,16.031400680541992,5.608031272888184,1.2879072427749634,1.0290907984652882,-0.14347703677287754,11.50718879699707,da3_bbox_median,1920.0,1280.0,image_root
right_rear,188,1772699929010523000,data\camera\right_rear_camera\1772699929010523000.jpg,3000042,3,person,0.765732,1003.0,571.0,1043.0,689.0,1003.0,571.0,1043.0,689.0,tentative,1,PEDESTRIAN_NORMAL,preprocessed/masks/right_rear_camera/masks/frame_000188_gt2d_001_track_-1_PEDESTRIAN_NORMAL.png,0.8959591388702393,1023.0,630.0,11.866779327392578,15.387907028198242,6.685919761657715,1.2638682126998901,0.6806471048874922,-0.10039414965115351,11.866779327392578,da3_bbox_median,1920.0,1280.0,image_root
right_rear,189,1772699929110653000,data\camera\right_rear_camera\1772699929110653000.jpg,2000106,2,motorcycle,0.849224,1575.0,602.0,1614.0,676.0,1575.0,602.0,1614.0,676.0,tentative,1,CYCLIST_MOTOR,preprocessed/masks/right_rear_camera/masks/frame_000189_gt2d_001_track_-1_CYCLIST_MOTOR.png,0.9373656511306763,1594.5,639.0,22.242469787597656,22.65692138671875,7.704841613769531,1.012973666191101,12.600683055217312,-0.009861482770225055,22.242469787597656,da3_bbox_median,1920.0,1280.0,image_root
right_rear,189,1772699929110653000,data\camera\right_rear_camera\1772699929110653000.jpg,3000042,3,person,0.904454,1039.0,574.0,1074.0,684.0,1038.5313720703125,574.4317016601562,1074.5313720703125,686.03173828125,matched,0,PEDESTRIAN_NORMAL,preprocessed/masks/right_rear_camera/masks/frame_000189_gt2d_000_track_-1_PEDESTRIAN_NORMAL.png,0.9037978053092957,1056.5,629.0,17.598758697509766,20.457677841186523,13.283288955688477,1.057941198348999,1.5346639920740477,-0.1645633440707145,17.598758697509766,da3_bbox_median,1920.0,1280.0,image_root
right_rear,190,1772699929210660000,data\camera\right_rear_camera\1772699929210660000.jpg,-1,3,person,0.359125,1093.0,576.0,1124.0,677.0,1093.0,576.0,1124.0,677.0,unassigned,2,PEDESTRIAN_NORMAL,preprocessed/masks/right_rear_camera/masks/frame_000190_gt2d_002_track_-1_PEDESTRIAN_NORMAL.png,0.8405657410621643,1108.5,626.5,14.002753257751465,16.630592346191406,8.740288734436035,1.2194823026657104,1.8697944030489004,-0.16211997314730164,14.002753257751465,da3_bbox_median,1920.0,1280.0,image_root
right_rear,190,1772699929210660000,data\camera\right_rear_camera\1772699929210660000.jpg,2000107,2,motorcycle,0.710458,1581.0,602.0,1614.0,675.0,1581.0,602.0,1614.0,675.0,tentative,1,CYCLIST_MOTOR,preprocessed/masks/right_rear_camera/masks/frame_000190_gt2d_001_track_-1_CYCLIST_MOTOR.png,0.9216004610061646,1597.5,638.5,22.998756408691406,23.053897857666016,13.074995040893555,1.0538476705551147,13.090600164634104,-0.020439847988436708,22.998756408691406,da3_bbox_median,1920.0,1280.0,image_root
right_rear,190,1772699929210660000,data\camera\right_rear_camera\1772699929210660000.jpg,3000042,3,person,0.901924,1070.0,578.0,1105.0,684.0,1068.893798828125,578.0001831054688,1104.09716796875,685.2067260742188,matched,0,PEDESTRIAN_NORMAL,preprocessed/masks/right_rear_camera/masks/frame_000190_gt2d_000_track_-1_PEDESTRIAN_NORMAL.png,0.917788028717041,1087.5,631.0,20.453319549560547,22.516185760498047,11.298629760742188,1.006952166557312,2.3484766202125003,-0.15481837843980814,20.453319549560547,da3_bbox_median,1920.0,1280.0,image_root
right_rear,191,1772699929310637000,data\camera\right_rear_camera\1772699929310637000.jpg,-1,3,person,0.325569,1906.0,621.0,1919.0,667.0,1906.0,621.0,1919.0,667.0,unassigned,2,PEDESTRIAN_NORMAL,preprocessed/masks/right_rear_camera/masks/frame_000191_gt2d_002_track_-1_PEDESTRIAN_NORMAL.png,0.7565512657165527,1912.5,644.0,37.70408630371094,36.858951568603516,1.7408218383789062,1.0000104904174805,32.04188020488214,0.1512077368021012,37.70408630371094,da3_bbox_median,1920.0,1280.0,image_root
right_rear,191,1772699929310637000,data\camera\right_rear_camera\1772699929310637000.jpg,3000041,3,person,0.640241,1124.0,575.0,1157.0,678.0,1123.92333984375,575.2527465820312,1157.185302734375,678.8389892578125,matched,1,PEDESTRIAN_NORMAL,preprocessed/masks/right_rear_camera/masks/frame_000191_gt2d_001_track_-1_PEDESTRIAN_NORMAL.png,0.8283987045288086,1140.5,626.5,15.494669914245605,16.195463180541992,7.439327239990234,1.2485796213150024,2.510752015606329,-0.17939296823881704,15.494669914245605,da3_bbox_median,1920.0,1280.0,image_root
right_rear,191,1772699929310637000,data\camera\right_rear_camera\1772699929310637000.jpg,3000042,3,person,0.896526,1096.0,581.0,1136.0,686.0,1095.86328125,581.3250732421875,1134.8221435546875,686.3447875976562,matched,0,PEDESTRIAN_NORMAL,preprocessed/masks/right_rear_camera/masks/frame_000191_gt2d_000_track_-1_PEDESTRIAN_NORMAL.png,0.9265417456626892,1116.0,633.5,18.956951141357422,21.70929527282715,8.183719635009766,1.0680203437805176,2.65799840093451,-0.10127714123867182,18.956951141357422,da3_bbox_median,1920.0,1280.0,image_root
right_rear,192,1772699929410645000,data\camera\right_rear_camera\1772699929410645000.jpg,-1,1,car,0.35909,1792.0,627.0,1866.0,663.0,1792.0,627.0,1866.0,663.0,unassigned,2,VEHICLE_CAR,preprocessed/masks/right_rear_camera/masks/frame_000192_gt2d_002_track_-1_VEHICLE_CAR.png,0.7331544756889343,1829.0,645.0,29.01398468017578,30.84198570251465,6.098560333251953,1.000198483467102,22.498425452559978,0.14220129011403618,29.01398468017578,da3_bbox_median,1920.0,1280.0,image_root
right_rear,192,1772699929410645000,data\camera\right_rear_camera\1772699929410645000.jpg,-1,3,person,0.335789,1907.0,622.0,1919.0,667.0,1907.0,622.0,1919.0,667.0,unassigned,3,PEDESTRIAN_NORMAL,preprocessed/masks/right_rear_camera/masks/frame_000192_gt2d_003_track_-1_PEDESTRIAN_NORMAL.png,0.8072840571403503,1913.0,644.5,36.92893981933594,36.28432846069336,1.2631454467773438,1.0000410079956055,31.399591489781034,0.16454630646872057,36.92893981933594,da3_bbox_median,1920.0,1280.0,image_root
right_rear,192,1772699929410645000,data\camera\right_rear_camera\1772699929410645000.jpg,3000041,3,person,0.857327,1153.0,570.0,1190.0,679.0,1151.6953125,572.2044677734375,1187.637939453125,679.3165283203125,matched,1,PEDESTRIAN_NORMAL,preprocessed/masks/right_rear_camera/masks/frame_000192_gt2d_001_track_-1_PEDESTRIAN_NORMAL.png,0.9081062078475952,1171.5,624.5,15.33814811706543,15.299996376037598,2.726093292236328,1.0606249570846558,2.9090032436699422,-0.2049056727256316,15.33814811706543,da3_bbox_median,1920.0,1280.0,image_root
right_rear,192,1772699929410645000,data\camera\right_rear_camera\1772699929410645000.jpg,3000042,3,person,0.880552,1123.0,581.0,1161.0,684.0,1122.4046630859375,582.4488525390625,1161.056884765625,685.4208374023438,matched,0,PEDESTRIAN_NORMAL,preprocessed/masks/right_rear_camera/masks/frame_000192_gt2d_000_track_-1_PEDESTRIAN_NORMAL.png,0.9081447124481201,1142.0,632.5,16.855323791503906,18.872331619262695,2.4772262573242188,1.0101732015609741,2.753756951991182,-0.1050630954962452,16.855323791503906,da3_bbox_median,1920.0,1280.0,image_root
right_rear,193,1772699929510652000,data\camera\right_rear_camera\1772699929510652000.jpg,-1,3,person,0.487143,1906.0,616.0,1919.0,667.0,1906.0,616.0,1919.0,667.0,unassigned,3,PEDESTRIAN_NORMAL,preprocessed/masks/right_rear_camera/masks/frame_000193_gt2d_003_track_-1_PEDESTRIAN_NORMAL.png,0.787168025970459,1912.5,641.5,36.73969268798828,35.81932830810547,0.8299789428710938,1.0000367164611816,31.222314270929324,0.06552556991439025,36.73969268798828,da3_bbox_median,1920.0,1280.0,image_root
right_rear,193,1772699929510652000,data\camera\right_rear_camera\1772699929510652000.jpg,-1,1,car,0.35082,1795.0,627.0,1869.0,663.0,1795.0,627.0,1869.0,663.0,unassigned,4,VEHICLE_CAR,preprocessed/masks/right_rear_camera/masks/frame_000193_gt2d_004_track_-1_VEHICLE_CAR.png,0.7674242854118347,1832.0,645.0,29.785009384155273,31.520097732543945,5.705419540405273,1.0000441074371338,23.175911719617527,0.14598018187345005,29.785009384155273,da3_bbox_median,1920.0,1280.0,image_root
right_rear,193,1772699929510652000,data\camera\right_rear_camera\1772699929510652000.jpg,2000108,2,motorcycle,0.587778,1573.0,607.0,1602.0,671.0,1573.0,607.0,1602.0,671.0,tentative,2,CYCLIST_MOTOR,preprocessed/masks/right_rear_camera/masks/frame_000193_gt2d_002_track_-1_CYCLIST_MOTOR.png,0.8875753879547119,1587.5,639.0,27.410280227661133,28.80299186706543,11.160604476928711,1.000347375869751,15.357381561163413,-0.012152697464507412,27.410280227661133,da3_bbox_median,1920.0,1280.0,image_root
right_rear,193,1772699929510652000,data\camera\right_rear_camera\1772699929510652000.jpg,3000041,3,person,0.902226,1179.0,570.0,1215.0,679.0,1178.7568359375,570.5202026367188,1214.6761474609375,678.5332641601562,matched,0,PEDESTRIAN_NORMAL,preprocessed/masks/right_rear_camera/masks/frame_000193_gt2d_000_track_-1_PEDESTRIAN_NORMAL.png,0.9323998689651489,1197.0,624.5,20.013084411621094,19.760997772216797,3.4810562133789062,1.023330807685852,4.250305805276033,-0.2673591683545859,20.013084411621094,da3_bbox_median,1920.0,1280.0,image_root
right_rear,193,1772699929510652000,data\camera\right_rear_camera\1772699929510652000.jpg,3000042,3,person,0.886141,1150.0,581.0,1185.0,682.0,1150.051025390625,581.6512451171875,1186.3192138671875,682.615478515625,matched,1,PEDESTRIAN_NORMAL,preprocessed/masks/right_rear_camera/masks/frame_000193_gt2d_001_track_-1_PEDESTRIAN_NORMAL.png,0.9417877197265625,1167.5,631.5,20.818513870239258,22.712085723876953,8.082744598388672,1.019167423248291,3.8742087182992253,-0.14831063103904665,20.818513870239258,da3_bbox_median,1920.0,1280.0,image_root
right_rear,194,1772699929610660000,data\camera\right_rear_camera\1772699929610660000.jpg,-1,1,car,0.349728,1793.0,628.0,1869.0,664.0,1793.0,628.0,1869.0,664.0,unassigned,4,VEHICLE_CAR,preprocessed/masks/right_rear_camera/masks/frame_000194_gt2d_004_track_-1_VEHICLE_CAR.png,0.7536815404891968,1831.0,646.0,32.03009796142578,33.8603515625,6.520786285400391,1.0000128746032715,24.894293854636175,0.18551441856600842,32.03009796142578,da3_bbox_median,1920.0,1280.0,image_root
right_rear,194,1772699929610660000,data\camera\right_rear_camera\1772699929610660000.jpg,2000109,2,motorcycle,0.79861,1570.0,599.0,1607.0,671.0,1570.0,599.0,1607.0,671.0,tentative,2,CYCLIST_MOTOR,preprocessed/masks/right_rear_camera/masks/frame_000194_gt2d_002_track_-1_CYCLIST_MOTOR.png,0.9332965016365051,1588.5,635.0,29.29813003540039,29.86493492126465,15.854244232177734,1.0009146928787231,16.44120469766304,-0.11737878176411135,29.29813003540039,da3_bbox_median,1920.0,1280.0,image_root
right_rear,194,1772699929610660000,data\camera\right_rear_camera\1772699929610660000.jpg,3000041,3,person,0.934032,1203.0,570.0,1241.0,679.0,1205.2711181640625,569.9564208984375,1242.58544921875,678.361328125,matched,0,PEDESTRIAN_NORMAL,preprocessed/masks/right_rear_camera/masks/frame_000194_gt2d_000_track_-1_PEDESTRIAN_NORMAL.png,0.9281493425369263,1222.0,624.5,20.733020782470703,21.931344985961914,6.835580825805664,1.0553921461105347,4.86498659349996,-0.27697695566910907,20.733020782470703,da3_bbox_median,1920.0,1280.0,image_root
right_rear,194,1772699929610660000,data\camera\right_rear_camera\1772699929610660000.jpg,3000042,3,person,0.901331,1173.0,582.0,1208.0,679.0,1175.735595703125,582.0670166015625,1211.10693359375,679.5888671875,matched,1,PEDESTRIAN_NORMAL,preprocessed/masks/right_rear_camera/masks/frame_000194_gt2d_001_track_-1_PEDESTRIAN_NORMAL.png,0.9500631093978882,1190.5,630.5,21.284156799316406,23.28679847717285,8.720760345458984,1.0036441087722778,4.396996257589859,-0.17058669539844504,21.284156799316406,da3_bbox_median,1920.0,1280.0,image_root
right_rear,194,1772699929610660000,data\camera\right_rear_camera\1772699929610660000.jpg,3000043,3,person,0.58172,1906.0,615.0,1919.0,666.0,1906.0,615.0,1919.0,666.0,tentative,3,PEDESTRIAN_NORMAL,preprocessed/masks/right_rear_camera/masks/frame_000194_gt2d_003_track_-1_PEDESTRIAN_NORMAL.png,0.7873451709747314,1912.5,640.5,40.776466369628906,40.042545318603516,1.219970703125,1.0000070333480835,34.652866006872586,0.03640360843765141,40.776466369628906,da3_bbox_median,1920.0,1280.0,image_root
right_rear,195,1772699929710637000,data\camera\right_rear_camera\1772699929710637000.jpg,-1,1,car,0.376868,1793.0,625.0,1871.0,661.0,1793.0,625.0,1871.0,661.0,unassigned,4,VEHICLE_CAR,preprocessed/masks/right_rear_camera/masks/frame_000195_gt2d_004_track_-1_VEHICLE_CAR.png,0.733252763748169,1832.0,643.0,31.840866088867188,33.0292854309082,4.150867462158203,1.0000066757202148,24.775587344428093,0.09933178284376343,31.840866088867188,da3_bbox_median,1920.0,1280.0,image_root
right_rear,195,1772699929710637000,data\camera\right_rear_camera\1772699929710637000.jpg,2000110,2,motorcycle,0.816275,1569.0,596.0,1608.0,670.0,1569.0,596.0,1608.0,670.0,tentative,2,CYCLIST_MOTOR,preprocessed/masks/right_rear_camera/masks/frame_000195_gt2d_002_track_-1_CYCLIST_MOTOR.png,0.9136460423469543,1588.5,633.0,27.128814697265625,27.829452514648438,8.499298095703125,1.000048041343689,15.223852003652908,-0.15701764055638961,27.128814697265625,da3_bbox_median,1920.0,1280.0,image_root
right_rear,195,1772699929710637000,data\camera\right_rear_camera\1772699929710637000.jpg,3000041,3,person,0.917749,1224.0,570.0,1266.0,676.0,1228.105224609375,569.6353149414062,1268.6236572265625,676.1563110351562,matched,0,PEDESTRIAN_NORMAL,preprocessed/masks/right_rear_camera/masks/frame_000195_gt2d_000_track_-1_PEDESTRIAN_NORMAL.png,0.9330332279205322,1245.0,623.0,18.848018646240234,19.192407608032227,3.3643264770507812,1.0063287019729614,4.808887418018609,-0.2769780716237227,18.848018646240234,da3_bbox_median,1920.0,1280.0,image_root
right_rear,195,1772699929710637000,data\camera\right_rear_camera\1772699929710637000.jpg,3000042,3,person,0.906721,1193.0,582.0,1230.0,676.0,1197.3126220703125,582.0369262695312,1233.794189453125,676.3598022460938,matched,1,PEDESTRIAN_NORMAL,preprocessed/masks/right_rear_camera/masks/frame_000195_gt2d_001_track_-1_PEDESTRIAN_NORMAL.png,0.9098924994468689,1211.5,629.0,20.725433349609375,23.00439453125,6.628765106201172,1.000409722328186,4.669328187231677,-0.19380040819634836,20.725433349609375,da3_bbox_median,1920.0,1280.0,image_root
right_rear,195,1772699929710637000,data\camera\right_rear_camera\1772699929710637000.jpg,3000044,3,person,0.563481,1904.0,608.0,1919.0,665.0,1904.0,608.0,1919.0,665.0,tentative,3,PEDESTRIAN_NORMAL,preprocessed/masks/right_rear_camera/masks/frame_000195_gt2d_003_track_-1_PEDESTRIAN_NORMAL.png,0.7750869393348694,1911.5,636.5,38.45022201538086,37.503170013427734,1.5810546875,1.0000112056732178,32.641709254907575,-0.1026711072687479,38.45022201538086,da3_bbox_median,1920.0,1280.0,image_root
right_rear,196,1772699929810644000,data\camera\right_rear_camera\1772699929810644000.jpg,-1,1,car,0.332261,1800.0,629.0,1870.0,664.0,1800.0,629.0,1870.0,664.0,unassigned,4,VEHICLE_CAR,preprocessed/masks/right_rear_camera/masks/frame_000196_gt2d_004_track_-1_VEHICLE_CAR.png,0.7374368906021118,1835.0,646.5,34.04539489746094,34.530094146728516,5.30897331237793,1.000000238418579,26.581940242058447,0.21234971767285854,34.04539489746094,da3_bbox_median,1920.0,1280.0,image_root
right_rear,196,1772699929810644000,data\camera\right_rear_camera\1772699929810644000.jpg,2000111,2,motorcycle,0.844836,1565.0,601.0,1605.0,675.0,1565.0,601.0,1605.0,675.0,tentative,2,CYCLIST_MOTOR,preprocessed/masks/right_rear_camera/masks/frame_000196_gt2d_002_track_-1_CYCLIST_MOTOR.png,0.9193447232246399,1585.0,638.0,25.112903594970703,27.075292587280273,8.524688720703125,1.000109076499939,14.014278015126603,-0.03350341181734836,25.112903594970703,da3_bbox_median,1920.0,1280.0,image_root
right_rear,196,1772699929810644000,data\camera\right_rear_camera\1772699929810644000.jpg,3000041,3,person,0.902384,1243.0,581.0,1286.0,681.0,1247.6348876953125,577.6871948242188,1289.9857177734375,679.4287719726562,matched,0,PEDESTRIAN_NORMAL,preprocessed/masks/right_rear_camera/masks/frame_000196_gt2d_000_track_-1_PEDESTRIAN_NORMAL.png,0.9135959148406982,1264.5,631.0,16.60648536682129,18.240482330322266,3.0591039657592773,1.0017290115356445,4.525483597006664,-0.12570033582303827,16.60648536682129,da3_bbox_median,1920.0,1280.0,image_root
right_rear,196,1772699929810644000,data\camera\right_rear_camera\1772699929810644000.jpg,3000042,3,person,0.894246,1212.0,590.0,1252.0,683.0,1216.29345703125,588.1867065429688,1255.2042236328125,680.8280029296875,matched,1,PEDESTRIAN_NORMAL,preprocessed/masks/right_rear_camera/masks/frame_000196_gt2d_001_track_-1_PEDESTRIAN_NORMAL.png,0.9207442998886108,1232.0,636.5,19.202342987060547,21.667753219604492,11.650293350219727,1.0026466846466064,4.676890597325223,-0.051274757681428536,19.202342987060547,da3_bbox_median,1920.0,1280.0,image_root
right_rear,196,1772699929810644000,data\camera\right_rear_camera\1772699929810644000.jpg,3000045,3,person,0.586879,1904.0,615.0,1919.0,666.0,1904.0,615.0,1919.0,666.0,tentative,3,PEDESTRIAN_NORMAL,preprocessed/masks/right_rear_camera/masks/frame_000196_gt2d_003_track_-1_PEDESTRIAN_NORMAL.png,0.7777605652809143,1911.5,640.5,40.46326446533203,39.77775573730469,1.0412864685058594,1.0000009536743164,34.35064987800224,0.03612399422629242,40.46326446533203,da3_bbox_median,1920.0,1280.0,image_root
right_rear,197,1772699929910651000,data\camera\right_rear_camera\1772699929910651000.jpg,-1,1,car,0.314751,1807.0,628.0,1869.0,661.0,1807.0,628.0,1869.0,661.0,unassigned,4,VEHICLE_CAR,preprocessed/masks/right_rear_camera/masks/frame_000197_gt2d_004_track_-1_VEHICLE_CAR.png,0.7009384632110596,1838.0,644.5,34.51643753051758,35.49351501464844,5.27630615234375,1.0000029802322388,27.041974094235346,0.15379678744882866,34.51643753051758,da3_bbox_median,1920.0,1280.0,image_root
right_rear,197,1772699929910651000,data\camera\right_rear_camera\1772699929910651000.jpg,2000112,2,motorcycle,0.844401,1562.0,597.0,1603.0,674.0,1562.0,597.0,1603.0,674.0,tentative,2,CYCLIST_MOTOR,preprocessed/masks/right_rear_camera/masks/frame_000197_gt2d_002_track_-1_CYCLIST_MOTOR.png,0.9205057621002197,1582.5,635.5,24.721973419189453,26.277790069580078,6.591085433959961,1.0026895999908447,13.741056220664849,-0.08803453004762603,24.721973419189453,da3_bbox_median,1920.0,1280.0,image_root
right_rear,197,1772699929910651000,data\camera\right_rear_camera\1772699929910651000.jpg,3000041,3,person,0.906921,1264.0,581.0,1304.0,679.0,1265.7808837890625,582.8507080078125,1306.8770751953125,681.5242919921875,matched,0,PEDESTRIAN_NORMAL,preprocessed/masks/right_rear_camera/masks/frame_000197_gt2d_000_track_-1_PEDESTRIAN_NORMAL.png,0.9084591269493103,1284.0,630.0,18.689449310302734,20.486080169677734,3.300640106201172,1.0193943977355957,5.417806808725746,-0.15811462564446727,18.689449310302734,da3_bbox_median,1920.0,1280.0,image_root
right_rear,197,1772699929910651000,data\camera\right_rear_camera\1772699929910651000.jpg,3000042,3,person,0.901653,1231.0,591.0,1270.0,682.0,1233.14892578125,593.1799926757812,1272.287109375,683.95361328125,matched,1,PEDESTRIAN_NORMAL,preprocessed/masks/right_rear_camera/masks/frame_000197_gt2d_001_track_-1_PEDESTRIAN_NORMAL.png,0.9401713609695435,1250.5,636.5,18.75585174560547,22.116655349731445,10.45090103149414,1.0371949672698975,4.87727608943779,-0.05008252138880965,18.75585174560547,da3_bbox_median,1920.0,1280.0,image_root
right_rear,197,1772699929910651000,data\camera\right_rear_camera\1772699929910651000.jpg,3000046,3,person,0.567446,1903.0,613.0,1919.0,665.0,1903.0,613.0,1919.0,665.0,tentative,3,PEDESTRIAN_NORMAL,preprocessed/masks/right_rear_camera/masks/frame_000197_gt2d_003_track_-1_PEDESTRIAN_NORMAL.png,0.7774293422698975,1911.0,639.0,41.35920715332031,40.86256790161133,1.03216552734375,1.0000070333480835,35.092822542367855,-0.018337132190241776,41.35920715332031,da3_bbox_median,1920.0,1280.0,image_root
right_rear,198,1772699930010645000,data\camera\right_rear_camera\1772699930010645000.jpg,-1,1,car,0.352387,1807.0,626.0,1869.0,659.0,1807.0,626.0,1869.0,659.0,unassigned,4,VEHICLE_CAR,preprocessed/masks/right_rear_camera/masks/frame_000198_gt2d_004_track_-1_VEHICLE_CAR.png,0.7368040084838867,1838.0,642.5,31.94520378112793,32.833194732666016,4.694232940673828,1.0000079870224,25.027535716006344,0.08542970407560477,31.94520378112793,da3_bbox_median,1920.0,1280.0,image_root
right_rear,198,1772699930010645000,data\camera\right_rear_camera\1772699930010645000.jpg,2000113,2,motorcycle,0.845634,1560.0,596.0,1600.0,672.0,1560.0,596.0,1600.0,672.0,tentative,2,CYCLIST_MOTOR,preprocessed/masks/right_rear_camera/masks/frame_000198_gt2d_002_track_-1_CYCLIST_MOTOR.png,0.9223125576972961,1580.0,634.0,21.631290435791016,24.093080520629883,5.633831024169922,1.0012956857681274,11.97500264895105,-0.10593072504484058,21.631290435791016,da3_bbox_median,1920.0,1280.0,image_root
right_rear,198,1772699930010645000,data\camera\right_rear_camera\1772699930010645000.jpg,3000041,3,person,0.919748,1285.0,580.0,1322.0,678.0,1287.30029296875,581.3383178710938,1325.8526611328125,678.9970092773438,matched,0,PEDESTRIAN_NORMAL,preprocessed/masks/right_rear_camera/masks/frame_000198_gt2d_000_track_-1_PEDESTRIAN_NORMAL.png,0.8969497680664062,1303.5,629.0,18.498472213745117,20.58427619934082,1.6927871704101562,1.011422038078308,5.683815843452962,-0.17297642975943758,18.498472213745117,da3_bbox_median,1920.0,1280.0,image_root
right_rear,198,1772699930010645000,data\camera\right_rear_camera\1772699930010645000.jpg,3000042,3,person,0.888553,1251.0,591.0,1286.0,677.0,1253.54736328125,592.26171875,1290.08740234375,679.0189819335938,matched,1,PEDESTRIAN_NORMAL,preprocessed/masks/right_rear_camera/masks/frame_000198_gt2d_001_track_-1_PEDESTRIAN_NORMAL.png,0.9352046847343445,1268.5,634.0,23.89553451538086,25.443342208862305,16.227752685546875,1.0064982175827026,6.5969998858815755,-0.1170189686122507,23.89553451538086,da3_bbox_median,1920.0,1280.0,image_root
right_rear,198,1772699930010645000,data\camera\right_rear_camera\1772699930010645000.jpg,3000047,3,person,0.536313,1904.0,613.0,1919.0,663.0,1904.0,613.0,1919.0,663.0,tentative,3,PEDESTRIAN_NORMAL,preprocessed/masks/right_rear_camera/masks/frame_000198_gt2d_003_track_-1_PEDESTRIAN_NORMAL.png,0.7610414028167725,1911.5,638.0,37.329376220703125,36.6121826171875,1.1301422119140625,1.00002121925354,31.690184903895478,-0.04980154762579563,37.329376220703125,da3_bbox_median,1920.0,1280.0,image_root
right_rear,199,1772699930110561000,data\camera\right_rear_camera\1772699930110561000.jpg,-1,1,car,0.372064,1807.0,622.0,1870.0,656.0,1807.0,622.0,1870.0,656.0,unassigned,3,VEHICLE_CAR,preprocessed/masks/right_rear_camera/masks/frame_000199_gt2d_003_track_-1_VEHICLE_CAR.png,0.7537357211112976,1838.5,639.0,32.90474319458008,33.370906829833984,3.274913787841797,1.0000022649765015,25.793946490327222,-0.014588737724304615,32.90474319458008,da3_bbox_median,1920.0,1280.0,image_root
right_rear,199,1772699930110561000,data\camera\right_rear_camera\1772699930110561000.jpg,2000114,2,motorcycle,0.837199,1557.0,593.0,1598.0,668.0,1557.0,593.0,1598.0,668.0,tentative,2,CYCLIST_MOTOR,preprocessed/masks/right_rear_camera/masks/frame_000199_gt2d_002_track_-1_CYCLIST_MOTOR.png,0.9078778028488159,1577.5,630.5,20.910594940185547,23.35084342956543,7.269153594970703,1.0009509325027466,11.529454438028162,-0.16759269926898224,20.910594940185547,da3_bbox_median,1920.0,1280.0,image_root
right_rear,199,1772699930110561000,data\camera\right_rear_camera\1772699930110561000.jpg,3000041,3,person,0.933689,1303.0,576.0,1342.0,675.0,1305.3160400390625,578.2808837890625,1344.2298583984375,676.3296508789062,matched,0,PEDESTRIAN_NORMAL,preprocessed/masks/right_rear_camera/masks/frame_000199_gt2d_000_track_-1_PEDESTRIAN_NORMAL.png,0.926356315612793,1322.5,625.5,17.279739379882812,18.837810516357422,2.1708545684814453,1.001878023147583,5.601850011474398,-0.2154519097731475,17.279739379882812,da3_bbox_median,1920.0,1280.0,image_root
right_rear,199,1772699930110561000,data\camera\right_rear_camera\1772699930110561000.jpg,3000042,3,person,0.900907,1270.0,586.0,1303.0,673.0,1271.7943115234375,588.5941162109375,1305.9307861328125,674.7423095703125,matched,1,PEDESTRIAN_NORMAL,preprocessed/masks/right_rear_camera/masks/frame_000199_gt2d_001_track_-1_PEDESTRIAN_NORMAL.png,0.9166440963745117,1286.5,629.5,18.596826553344727,21.545385360717773,9.153982162475586,1.0036466121673584,5.432377203546354,-0.165613577084312,18.596826553344727,da3_bbox_median,1920.0,1280.0,image_root
right_rear,200,1772699930210538000,data\camera\right_rear_camera\1772699930210538000.jpg,-1,1,car,0.321937,1813.0,624.0,1869.0,657.0,1813.0,624.0,1869.0,657.0,unassigned,3,VEHICLE_CAR,preprocessed/masks/right_rear_camera/masks/frame_000200_gt2d_003_track_-1_VEHICLE_CAR.png,0.7699101567268372,1841.0,640.5,35.77867126464844,35.931358337402344,3.8853797912597656,1.0,28.126500843786307,0.03194177561466725,35.77867126464844,da3_bbox_median,1920.0,1280.0,image_root
right_rear,200,1772699930210538000,data\camera\right_rear_camera\1772699930210538000.jpg,2000115,2,motorcycle,0.795299,1555.0,594.0,1594.0,668.0,1555.0,594.0,1594.0,668.0,tentative,2,CYCLIST_MOTOR,preprocessed/masks/right_rear_camera/masks/frame_000200_gt2d_002_track_-1_CYCLIST_MOTOR.png,0.8980013132095337,1574.5,631.0,21.18694496154785,22.334741592407227,5.305561065673828,1.0002657175064087,11.625198059623976,-0.1603714475340888,21.18694496154785,da3_bbox_median,1920.0,1280.0,image_root
right_rear,200,1772699930210538000,data\camera\right_rear_camera\1772699930210538000.jpg,3000041,3,person,0.936298,1319.0,578.0,1361.0,672.0,1320.9580078125,576.2583618164062,1361.9893798828125,671.1282958984375,matched,0,PEDESTRIAN_NORMAL,preprocessed/masks/right_rear_camera/masks/frame_000200_gt2d_000_track_-1_PEDESTRIAN_NORMAL.png,0.9411065578460693,1340.0,625.0,18.94191551208496,21.124977111816406,5.124799728393555,1.0001682043075562,6.436027509257766,-0.24461294586097912,18.94191551208496,da3_bbox_median,1920.0,1280.0,image_root
right_rear,200,1772699930210538000,data\camera\right_rear_camera\1772699930210538000.jpg,3000042,3,person,0.90431,1288.0,588.0,1320.0,673.0,1288.812255859375,586.4901123046875,1321.3896484375,671.1386108398438,matched,1,PEDESTRIAN_NORMAL,preprocessed/masks/right_rear_camera/masks/frame_000200_gt2d_001_track_-1_PEDESTRIAN_NORMAL.png,0.9010692834854126,1304.0,630.5,19.71239471435547,21.816728591918945,7.648162841796875,1.001015305519104,6.06558506991149,-0.1579894521741014,19.71239471435547,da3_bbox_median,1920.0,1280.0,image_root
right_rear,201,1772699930310546000,data\camera\right_rear_camera\1772699930310546000.jpg,3000041,3,person,0.934639,1332.0,582.0,1377.0,674.0,1336.2459716796875,580.663330078125,1380.007568359375,673.0618896484375,matched,0,PEDESTRIAN_NORMAL,preprocessed/masks/right_rear_camera/masks/frame_000201_gt2d_000_track_-1_PEDESTRIAN_NORMAL.png,0.920526385307312,1354.5,628.0,20.220081329345703,22.678009033203125,5.07269287109375,1.0010247230529785,7.131526926899749,-0.2070859481537306,20.220081329345703,da3_bbox_median,1920.0,1280.0,image_root
right_rear,201,1772699930310546000,data\camera\right_rear_camera\1772699930310546000.jpg,3000042,3,person,0.906738,1301.0,591.0,1333.0,673.0,1304.2606201171875,590.135498046875,1336.3001708984375,672.2903442382812,matched,1,PEDESTRIAN_NORMAL,preprocessed/masks/right_rear_camera/masks/frame_000201_gt2d_001_track_-1_PEDESTRIAN_NORMAL.png,0.9213207960128784,1317.0,632.0,22.935977935791016,24.177589416503906,13.880887985229492,1.0001966953277588,7.323136622661262,-0.15318030210028227,22.935977935791016,da3_bbox_median,1920.0,1280.0,image_root
right_rear,201,1772699930310546000,data\camera\right_rear_camera\1772699930310546000.jpg,3000048,3,person,0.590136,1562.0,596.0,1589.0,667.0,1562.0,596.0,1589.0,667.0,tentative,2,PEDESTRIAN_NORMAL,preprocessed/masks/right_rear_camera/masks/frame_000201_gt2d_002_track_-1_PEDESTRIAN_NORMAL.png,0.9124670028686523,1575.5,631.5,23.75792694091797,24.293842315673828,12.151668548583984,1.000396966934204,13.05705259252397,-0.16925094455585252,23.75792694091797,da3_bbox_median,1920.0,1280.0,image_root
right_rear,202,1772699930410553000,data\camera\right_rear_camera\1772699930410553000.jpg,-1,1,car,0.3621,1790.0,626.0,1865.0,660.0,1790.0,626.0,1865.0,660.0,unassigned,2,VEHICLE_CAR,preprocessed/masks/right_rear_camera/masks/frame_000202_gt2d_002_track_-1_VEHICLE_CAR.png,0.6788246631622314,1827.5,643.0,37.47487258911133,37.80547332763672,5.006095886230469,1.0,29.009203905285677,0.11690780947132658,37.47487258911133,da3_bbox_median,1920.0,1280.0,image_root
right_rear,202,1772699930410553000,data\camera\right_rear_camera\1772699930410553000.jpg,3000041,3,person,0.949347,1347.0,586.0,1388.0,674.0,1349.5794677734375,584.8211059570312,1391.822265625,673.6688842773438,matched,0,PEDESTRIAN_NORMAL,preprocessed/masks/right_rear_camera/masks/frame_000202_gt2d_000_track_-1_PEDESTRIAN_NORMAL.png,0.9092978239059448,1367.5,630.0,21.994205474853516,24.4664306640625,4.6414794921875,1.0001846551895142,8.011986330899704,-0.18607319601904446,21.994205474853516,da3_bbox_median,1920.0,1280.0,image_root
right_rear,202,1772699930410553000,data\camera\right_rear_camera\1772699930410553000.jpg,3000042,3,person,0.903902,1317.0,595.0,1348.0,675.0,1318.4542236328125,594.0226440429688,1349.6373291015625,674.0072021484375,matched,1,PEDESTRIAN_NORMAL,preprocessed/masks/right_rear_camera/masks/frame_000202_gt2d_001_track_-1_PEDESTRIAN_NORMAL.png,0.8598411083221436,1332.5,635.0,23.339401245117188,25.06892967224121,11.515199661254883,1.0000563859939575,7.774241634337307,-0.093505984236724,23.339401245117188,da3_bbox_median,1920.0,1280.0,image_root
right_rear,203,1772699930510561000,data\camera\right_rear_camera\1772699930510561000.jpg,2000116,2,motorcycle,0.663954,1541.0,597.0,1574.0,672.0,1541.0,597.0,1574.0,672.0,tentative,2,CYCLIST_MOTOR,preprocessed/masks/right_rear_camera/masks/frame_000203_gt2d_002_track_-1_CYCLIST_MOTOR.png,0.8794214129447937,1557.5,634.5,22.97189712524414,29.273887634277344,11.011922836303711,1.0001970529556274,12.256673045048704,-0.10226472482511588,22.97189712524414,da3_bbox_median,1920.0,1280.0,image_root
right_rear,203,1772699930510561000,data\camera\right_rear_camera\1772699930510561000.jpg,3000041,3,person,0.931253,1359.0,587.0,1398.0,677.0,1360.3431396484375,587.3533325195312,1400.6009521484375,676.3720092773438,matched,0,PEDESTRIAN_NORMAL,preprocessed/masks/right_rear_camera/masks/frame_000203_gt2d_000_track_-1_PEDESTRIAN_NORMAL.png,0.9081060886383057,1378.5,632.0,23.997283935546875,27.505212783813477,5.052150726318359,1.0000544786453247,8.976836640844432,-0.16026834404549867,23.997283935546875,da3_bbox_median,1920.0,1280.0,image_root
right_rear,203,1772699930510561000,data\camera\right_rear_camera\1772699930510561000.jpg,3000042,3,person,0.90313,1331.0,596.0,1359.0,677.0,1331.08154296875,596.4393310546875,1359.9234619140625,676.4312133789062,matched,1,PEDESTRIAN_NORMAL,preprocessed/masks/right_rear_camera/masks/frame_000203_gt2d_001_track_-1_PEDESTRIAN_NORMAL.png,0.9308373332023621,1345.0,636.5,27.59136962890625,31.19817352294922,16.329511642456055,1.000042200088501,9.497820861928997,-0.07367542558604513,27.59136962890625,da3_bbox_median,1920.0,1280.0,image_root
right_rear,204,1772699930610537000,data\camera\right_rear_camera\1772699930610537000.jpg,2000117,2,motorcycle,0.801932,1539.0,597.0,1577.0,673.0,1539.0,597.0,1577.0,673.0,tentative,2,CYCLIST_MOTOR,preprocessed/masks/right_rear_camera/masks/frame_000204_gt2d_002_track_-1_CYCLIST_MOTOR.png,0.9040937423706055,1558.0,635.0,21.901376724243164,27.451692581176758,13.705989837646484,1.0025734901428223,11.695252196098876,-0.08774474397315897,21.901376724243164,da3_bbox_median,1920.0,1280.0,image_root
right_rear,204,1772699930610537000,data\camera\right_rear_camera\1772699930610537000.jpg,3000041,3,person,0.930771,1372.0,587.0,1409.0,675.0,1374.79736328125,588.084228515625,1412.94140625,675.8690185546875,matched,0,PEDESTRIAN_NORMAL,preprocessed/masks/right_rear_camera/masks/frame_000204_gt2d_000_track_-1_PEDESTRIAN_NORMAL.png,0.8955510258674622,1390.5,631.0,23.782394409179688,25.894826889038086,2.988239288330078,1.002349615097046,9.150708114762459,-0.1800173184075769,23.782394409179688,da3_bbox_median,1920.0,1280.0,image_root
right_rear,204,1772699930610537000,data\camera\right_rear_camera\1772699930610537000.jpg,3000042,3,person,0.906141,1342.0,595.0,1370.0,675.0,1344.67236328125,596.4412231445312,1372.692626953125,675.8292236328125,matched,1,PEDESTRIAN_NORMAL,preprocessed/masks/right_rear_camera/masks/frame_000204_gt2d_001_track_-1_PEDESTRIAN_NORMAL.png,0.8933950662612915,1356.0,635.0,27.009592056274414,28.857479095458984,13.344743728637695,1.0035654306411743,9.56225003186195,-0.10821008056420088,27.009592056274414,da3_bbox_median,1920.0,1280.0,image_root
right_rear,205,1772699930710545000,data\camera\right_rear_camera\1772699930710545000.jpg,2000117,2,motorcycle,0.813889,1533.0,597.0,1578.0,677.0,1536.746337890625,597.601806640625,1580.3463134765625,676.8018188476562,matched,2,CYCLIST_MOTOR,preprocessed/masks/right_rear_camera/masks/frame_000205_gt2d_002_track_-1_CYCLIST_MOTOR.png,0.8890263438224792,1555.5,637.0,19.364112854003906,23.294673919677734,9.288969039916992,1.0159963369369507,10.29723351618197,-0.0430824422217265,19.364112854003906,da3_bbox_median,1920.0,1280.0,image_root
right_rear,205,1772699930710545000,data\camera\right_rear_camera\1772699930710545000.jpg,3000041,3,person,0.924419,1383.0,588.0,1420.0,675.0,1382.4918212890625,587.8619995117188,1419.844970703125,674.591064453125,matched,0,PEDESTRIAN_NORMAL,preprocessed/masks/right_rear_camera/masks/frame_000205_gt2d_000_track_-1_PEDESTRIAN_NORMAL.png,0.9111028909683228,1401.5,631.5,22.068477630615234,23.15032386779785,3.2586441040039062,1.0036702156066895,8.707519721816968,-0.15721534514269414,22.068477630615234,da3_bbox_median,1920.0,1280.0,image_root
right_rear,205,1772699930710545000,data\camera\right_rear_camera\1772699930710545000.jpg,3000042,3,person,0.898241,1354.0,593.0,1384.0,674.0,1352.981689453125,593.926513671875,1382.1285400390625,673.8497314453125,matched,1,PEDESTRIAN_NORMAL,preprocessed/masks/right_rear_camera/masks/frame_000205_gt2d_001_track_-1_PEDESTRIAN_NORMAL.png,0.886259138584137,1369.0,633.5,26.130495071411133,26.839235305786133,12.767513275146484,1.003026008605957,9.553662113228755,-0.1396016595838641,26.130495071411133,da3_bbox_median,1920.0,1280.0,image_root
right_rear,206,1772699930810552000,data\camera\right_rear_camera\1772699930810552000.jpg,2000118,2,motorcycle,0.743603,1528.0,598.0,1570.0,679.0,1528.0,598.0,1570.0,679.0,tentative,2,CYCLIST_MOTOR,preprocessed/masks/right_rear_camera/masks/frame_000206_gt2d_002_track_-1_CYCLIST_MOTOR.png,0.8836625218391418,1549.0,638.5,22.770095825195312,24.85096549987793,11.863113403320312,1.0001760721206665,11.976569182583518,-0.02023662884542943,22.770095825195312,da3_bbox_median,1920.0,1280.0,image_root
right_rear,206,1772699930810552000,data\camera\right_rear_camera\1772699930810552000.jpg,3000041,3,person,0.924781,1395.0,589.0,1430.0,674.0,1394.2137451171875,588.4024047851562,1429.9376220703125,673.4605102539062,matched,0,PEDESTRIAN_NORMAL,preprocessed/masks/right_rear_camera/masks/frame_000206_gt2d_000_track_-1_PEDESTRIAN_NORMAL.png,0.9264025688171387,1412.5,631.5,19.649578094482422,24.132110595703125,5.942413330078125,1.0001752376556396,7.945665732465238,-0.13998315850055554,19.649578094482422,da3_bbox_median,1920.0,1280.0,image_root
right_rear,206,1772699930810552000,data\camera\right_rear_camera\1772699930810552000.jpg,3000042,3,person,0.865873,1366.0,597.0,1394.0,672.0,1364.9073486328125,595.641357421875,1393.1204833984375,671.7909545898438,matched,1,PEDESTRIAN_NORMAL,preprocessed/masks/right_rear_camera/masks/frame_000206_gt2d_001_track_-1_PEDESTRIAN_NORMAL.png,0.878360390663147,1380.0,634.5,32.94855880737305,30.6748046875,21.009611129760742,1.0000337362289429,12.369335914502924,-0.14667814684392735,32.94855880737305,da3_bbox_median,1920.0,1280.0,image_root
right_rear,207,1772699930910560000,data\camera\right_rear_camera\1772699930910560000.jpg,2000118,2,motorcycle,0.834255,1523.0,598.0,1566.0,680.0,1527.5274658203125,598.5753173828125,1570.327392578125,680.3753051757812,matched,2,CYCLIST_MOTOR,preprocessed/masks/right_rear_camera/masks/frame_000207_gt2d_002_track_-1_CYCLIST_MOTOR.png,0.8804448843002319,1544.5,639.0,19.92925262451172,22.28685760498047,7.760274887084961,1.0035865306854248,10.402449589467118,-0.008835888426818074,19.92925262451172,da3_bbox_median,1920.0,1280.0,image_root
right_rear,207,1772699930910560000,data\camera\right_rear_camera\1772699930910560000.jpg,3000041,3,person,0.903976,1406.0,592.0,1442.0,675.0,1406.02490234375,590.6942749023438,1441.8328857421875,673.8533325195312,matched,0,PEDESTRIAN_NORMAL,preprocessed/masks/right_rear_camera/masks/frame_000207_gt2d_000_track_-1_PEDESTRIAN_NORMAL.png,0.9250878691673279,1424.0,633.5,19.399105072021484,21.70144271850586,3.7563648223876953,1.0005359649658203,8.043136079478645,-0.10363933997786695,19.399105072021484,da3_bbox_median,1920.0,1280.0,image_root
right_rear,207,1772699930910560000,data\camera\right_rear_camera\1772699930910560000.jpg,3000042,3,person,0.886162,1378.0,600.0,1407.0,673.0,1377.5157470703125,598.428466796875,1406.0867919921875,671.8802490234375,matched,1,PEDESTRIAN_NORMAL,preprocessed/masks/right_rear_camera/masks/frame_000207_gt2d_001_track_-1_PEDESTRIAN_NORMAL.png,0.8674545288085938,1392.5,636.5,23.49332618713379,26.298067092895508,12.006317138671875,1.0001882314682007,9.081344921583561,-0.06273268882801288,23.49332618713379,da3_bbox_median,1920.0,1280.0,image_root
right_rear,208,1772699931010523000,data\camera\right_rear_camera\1772699931010523000.jpg,-1,3,person,0.446061,1819.0,621.0,1837.0,664.0,1819.0,621.0,1837.0,664.0,unassigned,3,PEDESTRIAN_NORMAL,preprocessed/masks/right_rear_camera/masks/frame_000208_gt2d_003_track_-1_PEDESTRIAN_NORMAL.png,0.92908775806427,1828.0,642.5,35.40802764892578,35.586753845214844,0.7990493774414062,1.000000238418579,27.425037223996082,0.0946901871302371,35.40802764892578,da3_bbox_median,1920.0,1280.0,image_root
right_rear,208,1772699931010523000,data\camera\right_rear_camera\1772699931010523000.jpg,2000119,2,motorcycle,0.84306,1516.0,597.0,1561.0,680.0,1516.0,597.0,1561.0,680.0,tentative,2,CYCLIST_MOTOR,preprocessed/masks/right_rear_camera/masks/frame_000208_gt2d_002_track_-1_CYCLIST_MOTOR.png,0.9363666772842407,1538.5,638.5,21.48996353149414,23.856035232543945,8.564773559570312,1.0017110109329224,11.102217883738271,-0.019098927787886487,21.48996353149414,da3_bbox_median,1920.0,1280.0,image_root
right_rear,208,1772699931010523000,data\camera\right_rear_camera\1772699931010523000.jpg,3000041,3,person,0.902199,1417.0,595.0,1452.0,676.0,1420.3382568359375,594.2147827148438,1455.5147705078125,675.3921508789062,matched,0,PEDESTRIAN_NORMAL,preprocessed/masks/right_rear_camera/masks/frame_000208_gt2d_000_track_-1_PEDESTRIAN_NORMAL.png,0.8974733948707581,1434.5,635.5,22.005653381347656,22.770896911621094,2.2042007446289062,1.0001028776168823,9.3297008597977,-0.07836176024338631,22.005653381347656,da3_bbox_median,1920.0,1280.0,image_root
right_rear,208,1772699931010523000,data\camera\right_rear_camera\1772699931010523000.jpg,3000042,3,person,0.8994,1387.0,602.0,1418.0,676.0,1390.7803955078125,601.4365844726562,1420.836181640625,674.6810913085938,matched,1,PEDESTRIAN_NORMAL,preprocessed/masks/right_rear_camera/masks/frame_000208_gt2d_001_track_-1_PEDESTRIAN_NORMAL.png,0.8756810426712036,1402.5,639.0,25.50237274169922,27.504667282104492,10.695117950439453,1.0000311136245728,10.085145984429579,-0.01130680233776713,25.50237274169922,da3_bbox_median,1920.0,1280.0,image_root
right_rear,209,1772699931110653000,data\camera\right_rear_camera\1772699931110653000.jpg,2000120,2,motorcycle,0.78424,1512.0,597.0,1555.0,678.0,1512.0,597.0,1555.0,678.0,tentative,2,CYCLIST_MOTOR,preprocessed/masks/right_rear_camera/masks/frame_000209_gt2d_002_track_-1_CYCLIST_MOTOR.png,0.9294328689575195,1533.5,637.5,20.192880630493164,22.776233673095703,5.563905715942383,1.0030614137649536,10.342163939315324,-0.03593294375673861,20.192880630493164,da3_bbox_median,1920.0,1280.0,image_root
right_rear,209,1772699931110653000,data\camera\right_rear_camera\1772699931110653000.jpg,3000041,3,person,0.911395,1427.0,594.0,1463.0,675.0,1432.019775390625,594.5860595703125,1467.6474609375,675.1119384765625,matched,0,PEDESTRIAN_NORMAL,preprocessed/masks/right_rear_camera/masks/frame_000209_gt2d_000_track_-1_PEDESTRIAN_NORMAL.png,0.8939088582992554,1445.0,634.5,21.017982482910156,22.77459144592285,4.417558670043945,1.000100016593933,9.107574344687562,-0.09356642088701977,21.017982482910156,da3_bbox_median,1920.0,1280.0,image_root
right_rear,209,1772699931110653000,data\camera\right_rear_camera\1772699931110653000.jpg,3000042,3,person,0.908694,1399.0,602.0,1428.0,675.0,1403.6676025390625,602.2974243164062,1432.964111328125,674.8483276367188,matched,1,PEDESTRIAN_NORMAL,preprocessed/masks/right_rear_camera/masks/frame_000209_gt2d_001_track_-1_PEDESTRIAN_NORMAL.png,0.9435889720916748,1413.5,638.5,23.158761978149414,25.36865997314453,8.199789047241211,1.0000370740890503,9.385300778020055,-0.020582050873623536,23.158761978149414,da3_bbox_median,1920.0,1280.0,image_root
right_rear,210,1772699931210660000,data\camera\right_rear_camera\1772699931210660000.jpg,3000041,3,person,0.945411,1437.0,596.0,1471.0,676.0,1441.8172607421875,595.5155029296875,1476.28759765625,675.1903076171875,matched,0,PEDESTRIAN_NORMAL,preprocessed/masks/right_rear_camera/masks/frame_000210_gt2d_000_track_-1_PEDESTRIAN_NORMAL.png,0.8718414306640625,1454.0,636.0,20.81710433959961,22.241580963134766,3.200531005859375,1.0001322031021118,9.187445432987364,-0.06485795311725255,20.81710433959961,da3_bbox_median,1920.0,1280.0,image_root
right_rear,210,1772699931210660000,data\camera\right_rear_camera\1772699931210660000.jpg,3000042,3,person,0.902459,1410.0,603.0,1438.0,674.0,1414.316650390625,602.7303466796875,1442.6590576171875,673.7433471679688,matched,1,PEDESTRIAN_NORMAL,preprocessed/masks/right_rear_camera/masks/frame_000210_gt2d_001_track_-1_PEDESTRIAN_NORMAL.png,0.9311270117759705,1424.0,638.5,22.099014282226562,24.689714431762695,7.826601028442383,1.000090479850769,9.162555614518785,-0.019640213783572297,22.099014282226562,da3_bbox_median,1920.0,1280.0,image_root
right_rear,210,1772699931210660000,data\camera\right_rear_camera\1772699931210660000.jpg,3000049,3,person,0.630571,1521.0,599.0,1549.0,674.0,1521.0,599.0,1549.0,674.0,tentative,2,PEDESTRIAN_NORMAL,preprocessed/masks/right_rear_camera/masks/frame_000210_gt2d_002_track_-1_PEDESTRIAN_NORMAL.png,0.9343616962432861,1535.0,636.5,21.875242233276367,23.97660255432129,9.009122848510742,1.000370740890503,11.233050535081022,-0.05841202531845291,21.875242233276367,da3_bbox_median,1920.0,1280.0,image_root
right_rear,211,1772699931310637000,data\camera\right_rear_camera\1772699931310637000.jpg,3000041,3,person,0.934262,1447.0,596.0,1481.0,675.0,1451.5631103515625,595.8768310546875,1485.60693359375,674.6273193359375,matched,0,PEDESTRIAN_NORMAL,preprocessed/masks/right_rear_camera/masks/frame_000211_gt2d_000_track_-1_PEDESTRIAN_NORMAL.png,0.8918094635009766,1464.0,635.5,20.62706756591797,21.5592098236084,1.2816410064697266,1.0069705247879028,9.287343758942079,-0.07345263942467883,20.62706756591797,da3_bbox_median,1920.0,1280.0,image_root
right_rear,211,1772699931310637000,data\camera\right_rear_camera\1772699931310637000.jpg,3000042,3,person,0.905417,1420.0,604.0,1446.0,673.0,1424.4632568359375,603.5907592773438,1451.1143798828125,672.7513427734375,matched,1,PEDESTRIAN_NORMAL,preprocessed/masks/right_rear_camera/masks/frame_000211_gt2d_001_track_-1_PEDESTRIAN_NORMAL.png,0.9182278513908386,1433.0,638.5,21.27027702331543,23.524843215942383,7.858430862426758,1.0051403045654297,8.989499575201478,-0.01890368423851847,21.27027702331543,da3_bbox_median,1920.0,1280.0,image_root
right_rear,212,1772699931410645000,data\camera\right_rear_camera\1772699931410645000.jpg,2000121,2,motorcycle,0.758938,1490.0,598.0,1528.0,673.0,1490.0,598.0,1528.0,673.0,tentative,2,CYCLIST_MOTOR,preprocessed/masks/right_rear_camera/masks/frame_000212_gt2d_002_track_-1_CYCLIST_MOTOR.png,0.902136504650116,1509.0,635.5,20.28311538696289,20.839811325073242,4.428924560546875,1.0133780241012573,9.945651964093498,-0.07222783152121011,20.28311538696289,da3_bbox_median,1920.0,1280.0,image_root
right_rear,212,1772699931410645000,data\camera\right_rear_camera\1772699931410645000.jpg,3000041,3,person,0.932039,1456.0,596.0,1488.0,670.0,1459.9637451171875,595.9271240234375,1492.519775390625,671.0266723632812,matched,0,PEDESTRIAN_NORMAL,preprocessed/masks/right_rear_camera/masks/frame_000212_gt2d_000_track_-1_PEDESTRIAN_NORMAL.png,0.9089354276657104,1472.0,633.0,21.307796478271484,22.22589683532715,0.9901752471923828,1.0001198053359985,9.745709439289458,-0.1233264322753901,21.307796478271484,da3_bbox_median,1920.0,1280.0,image_root
right_rear,212,1772699931410645000,data\camera\right_rear_camera\1772699931410645000.jpg,3000042,3,person,0.884392,1429.0,604.0,1453.0,671.0,1432.849365234375,603.8271484375,1457.5257568359375,671.0203247070312,matched,1,PEDESTRIAN_NORMAL,preprocessed/masks/right_rear_camera/masks/frame_000212_gt2d_001_track_-1_PEDESTRIAN_NORMAL.png,0.9089446067810059,1441.0,637.5,20.85676383972168,21.761005401611328,2.158985137939453,1.0003509521484375,8.96338829493275,-0.03711431448114272,20.85676383972168,da3_bbox_median,1920.0,1280.0,image_root
right_rear,213,1772699931510652000,data\camera\right_rear_camera\1772699931510652000.jpg,2000122,2,motorcycle,0.718913,1484.0,596.0,1529.0,674.0,1484.0,596.0,1529.0,674.0,tentative,2,CYCLIST_MOTOR,preprocessed/masks/right_rear_camera/masks/frame_000213_gt2d_002_track_-1_CYCLIST_MOTOR.png,0.8664159774780273,1506.5,635.0,19.377159118652344,21.1776180267334,1.5465660095214844,1.0055263042449951,9.4582656212855,-0.07763182594413215,19.377159118652344,da3_bbox_median,1920.0,1280.0,image_root
right_rear,213,1772699931510652000,data\camera\right_rear_camera\1772699931510652000.jpg,3000041,3,person,0.88261,1465.0,599.0,1495.0,670.0,1466.980224609375,597.4716796875,1497.639892578125,669.2434692382812,matched,1,PEDESTRIAN_NORMAL,preprocessed/masks/right_rear_camera/masks/frame_000213_gt2d_001_track_-1_PEDESTRIAN_NORMAL.png,0.8605160713195801,1480.0,634.5,21.040681838989258,22.15503692626953,2.706838607788086,1.0002961158752441,9.773500640152335,-0.09366747233220432,21.040681838989258,da3_bbox_median,1920.0,1280.0,image_root
right_rear,213,1772699931510652000,data\camera\right_rear_camera\1772699931510652000.jpg,3000042,3,person,0.900276,1437.0,606.0,1461.0,670.0,1439.215576171875,604.7465209960938,1463.2122802734375,669.2509765625,matched,0,PEDESTRIAN_NORMAL,preprocessed/masks/right_rear_camera/masks/frame_000213_gt2d_000_track_-1_PEDESTRIAN_NORMAL.png,0.8725013732910156,1449.0,638.0,22.656660079956055,23.209625244140625,3.5761947631835938,1.0001591444015503,9.898391488136898,-0.030226509260222006,22.656660079956055,da3_bbox_median,1920.0,1280.0,image_root
right_rear,214,1772699931610660000,data\camera\right_rear_camera\1772699931610660000.jpg,-1,3,person,0.418567,1493.0,597.0,1522.0,672.0,1493.0,597.0,1522.0,672.0,unassigned,3,PEDESTRIAN_NORMAL,preprocessed/masks/right_rear_camera/masks/frame_000214_gt2d_003_track_-1_PEDESTRIAN_NORMAL.png,0.8946468830108643,1507.5,634.5,19.79062271118164,20.6533203125,1.8418502807617188,1.0004305839538574,9.677714790581224,-0.08810254436724801,19.79062271118164,da3_bbox_median,1920.0,1280.0,image_root
right_rear,214,1772699931610660000,data\camera\right_rear_camera\1772699931610660000.jpg,2000123,2,motorcycle,0.539037,1476.0,598.0,1522.0,674.0,1476.0,598.0,1522.0,674.0,tentative,1,CYCLIST_MOTOR,preprocessed/masks/right_rear_camera/masks/frame_000214_gt2d_001_track_-1_CYCLIST_MOTOR.png,0.9209918975830078,1499.0,636.0,19.833133697509766,20.624706268310547,1.9504432678222656,1.0027724504470825,9.548311181163422,-0.06179228554253532,19.833133697509766,da3_bbox_median,1920.0,1280.0,image_root
right_rear,214,1772699931610660000,data\camera\right_rear_camera\1772699931610660000.jpg,3000041,3,person,0.439381,1473.0,599.0,1505.0,673.0,1474.56298828125,598.5734252929688,1505.939453125,671.290283203125,matched,2,PEDESTRIAN_NORMAL,preprocessed/masks/right_rear_camera/masks/frame_000214_gt2d_002_track_-1_PEDESTRIAN_NORMAL.png,0.8998429775238037,1489.0,636.0,19.37609100341797,20.73832130432129,2.663236618041992,1.0039820671081543,9.15565180743546,-0.06036831931061323,19.37609100341797,da3_bbox_median,1920.0,1280.0,image_root
right_rear,214,1772699931610660000,data\camera\right_rear_camera\1772699931610660000.jpg,3000042,3,person,0.883764,1446.0,605.0,1469.0,670.0,1447.3416748046875,604.9476928710938,1470.438720703125,669.2431640625,matched,0,PEDESTRIAN_NORMAL,preprocessed/masks/right_rear_camera/masks/frame_000214_gt2d_000_track_-1_PEDESTRIAN_NORMAL.png,0.874305248260498,1457.5,637.5,21.915023803710938,22.365171432495117,2.3811073303222656,1.0001022815704346,9.7403378927054,-0.03899747302904255,21.915023803710938,da3_bbox_median,1920.0,1280.0,image_root
right_rear,215,1772699931710637000,data\camera\right_rear_camera\1772699931710637000.jpg,2000123,2,motorcycle,0.791136,1469.0,595.0,1518.0,677.0,1474.218994140625,595.75,1522.6190185546875,676.5499877929688,matched,0,CYCLIST_MOTOR,preprocessed/masks/right_rear_camera/masks/frame_000215_gt2d_000_track_-1_CYCLIST_MOTOR.png,0.879547119140625,1493.5,636.0,19.596994400024414,21.763484954833984,4.808040618896484,1.004260778427124,9.338600321690658,-0.061056567873276596,19.596994400024414,da3_bbox_median,1920.0,1280.0,image_root
right_rear,215,1772699931710637000,data\camera\right_rear_camera\1772699931710637000.jpg,3000042,3,person,0.692895,1455.0,606.0,1480.0,673.0,1454.756103515625,605.1322631835938,1478.9453125,670.7610473632812,matched,1,PEDESTRIAN_NORMAL,preprocessed/masks/right_rear_camera/masks/frame_000215_gt2d_001_track_-1_PEDESTRIAN_NORMAL.png,0.8289128541946411,1467.5,639.5,18.05091667175293,19.005268096923828,1.5743732452392578,1.0062686204910278,8.183717330375295,3.631083458186343e-05,18.05091667175293,da3_bbox_median,1920.0,1280.0,image_root
right_rear,216,1772699931810644000,data\camera\right_rear_camera\1772699931810644000.jpg,-1,1,car,0.343977,695.0,613.0,840.0,666.0,695.0,613.0,840.0,666.0,unassigned,1,VEHICLE_CAR,preprocessed/masks/right_rear_camera/masks/frame_000216_gt2d_001_track_-1_VEHICLE_CAR.png,0.6122465133666992,767.5,639.5,20.68798828125,19.531326293945312,5.652820587158203,1.023624300956726,-3.522566613367972,4.161551094452251e-05,20.68798828125,da3_bbox_median,1920.0,1280.0,image_root
right_rear,216,1772699931810644000,data\camera\right_rear_camera\1772699931810644000.jpg,2000123,2,motorcycle,0.882611,1460.0,594.0,1518.0,678.0,1468.036865234375,594.9288940429688,1523.714599609375,678.1465454101562,matched,0,CYCLIST_MOTOR,preprocessed/masks/right_rear_camera/masks/frame_000216_gt2d_000_track_-1_CYCLIST_MOTOR.png,0.9187051057815552,1489.0,636.0,18.831100463867188,21.332908630371094,3.769227981567383,1.0026229619979858,8.89813115388397,-0.0586703419989325,18.831100463867188,da3_bbox_median,1920.0,1280.0,image_root
right_rear,217,1772699931910651000,data\camera\right_rear_camera\1772699931910651000.jpg,2000123,2,motorcycle,0.500518,1470.0,594.0,1504.0,675.0,1471.298095703125,594.245849609375,1512.4281005859375,676.0418090820312,matched,1,CYCLIST_MOTOR,preprocessed/masks/right_rear_camera/masks/frame_000217_gt2d_001_track_-1_CYCLIST_MOTOR.png,0.8647738695144653,1487.0,634.5,19.181610107421875,20.597902297973633,3.1084022521972656,1.000954031944275,9.029576759102744,-0.08539138359550319,19.181610107421875,da3_bbox_median,1920.0,1280.0,image_root
right_rear,217,1772699931910651000,data\camera\right_rear_camera\1772699931910651000.jpg,3000041,3,person,0.856327,1498.0,599.0,1526.0,674.0,1497.286865234375,598.3692016601562,1525.708740234375,672.8211669921875,matched,0,PEDESTRIAN_NORMAL,preprocessed/masks/right_rear_camera/masks/frame_000217_gt2d_000_track_-1_PEDESTRIAN_NORMAL.png,0.9002313613891602,1512.0,636.5,20.45731544494629,22.51319122314453,5.322515487670898,1.000464916229248,10.08574658159174,-0.054625828366829755,20.45731544494629,da3_bbox_median,1920.0,1280.0,image_root
right_rear,218,1772699932010645000,data\camera\right_rear_camera\1772699932010645000.jpg,-1,2,motorcycle,0.374126,1447.0,605.0,1501.0,675.0,1447.0,605.0,1501.0,675.0,unassigned,1,CYCLIST_MOTOR,preprocessed/masks/right_rear_camera/masks/frame_000218_gt2d_001_track_-1_CYCLIST_MOTOR.png,0.7444641590118408,1474.0,640.0,16.315927505493164,19.54410743713379,5.660641670227051,1.0946120023727417,7.491612410811521,0.0072995161687794356,16.315927505493164,da3_bbox_median,1920.0,1280.0,image_root
right_rear,218,1772699932010645000,data\camera\right_rear_camera\1772699932010645000.jpg,3000041,3,person,0.855887,1504.0,601.0,1533.0,672.0,1503.3096923828125,599.6932983398438,1532.06298828125,671.9306030273438,matched,0,PEDESTRIAN_NORMAL,preprocessed/masks/right_rear_camera/masks/frame_000218_gt2d_000_track_-1_PEDESTRIAN_NORMAL.png,0.9061647653579712,1518.5,636.5,26.341310501098633,26.390596389770508,5.748636245727539,1.0006096363067627,13.13918050570545,-0.07033747464386142,26.341310501098633,da3_bbox_median,1920.0,1280.0,image_root
right_rear,219,1772699932110561000,data\camera\right_rear_camera\1772699932110561000.jpg,-1,2,motorcycle,0.400584,1440.0,595.0,1481.0,676.0,1440.0,595.0,1481.0,676.0,unassigned,2,CYCLIST_MOTOR,preprocessed/masks/right_rear_camera/masks/frame_000219_gt2d_002_track_-1_CYCLIST_MOTOR.png,0.8733918070793152,1460.5,635.5,19.75861930847168,20.496824264526367,7.439035415649414,1.0293025970458984,8.834713364307344,-0.07036010983900993,19.75861930847168,da3_bbox_median,1920.0,1280.0,image_root
right_rear,219,1772699932110561000,data\camera\right_rear_camera\1772699932110561000.jpg,2000123,2,motorcycle,0.660141,1440.0,593.0,1506.0,676.0,1443.3209228515625,593.1162719726562,1506.880615234375,675.972412109375,matched,1,CYCLIST_MOTOR,preprocessed/masks/right_rear_camera/masks/frame_000219_gt2d_001_track_-1_CYCLIST_MOTOR.png,0.8061541318893433,1473.0,634.5,18.321687698364258,19.52669906616211,6.944553375244141,1.0498722791671753,8.396253128053202,-0.08156323966582357,18.321687698364258,da3_bbox_median,1920.0,1280.0,image_root
right_rear,219,1772699932110561000,data\camera\right_rear_camera\1772699932110561000.jpg,3000041,3,person,0.892447,1512.0,602.0,1540.0,670.0,1510.671142578125,601.0137329101562,1538.851318359375,670.4349975585938,matched,0,PEDESTRIAN_NORMAL,preprocessed/masks/right_rear_camera/masks/frame_000219_gt2d_000_track_-1_PEDESTRIAN_NORMAL.png,0.9325069189071655,1526.0,636.0,26.243961334228516,25.23124885559082,5.769870758056641,1.0002005100250244,13.265980537174382,-0.08176591643384731,26.243961334228516,da3_bbox_median,1920.0,1280.0,image_root
right_rear,220,1772699932210538000,data\camera\right_rear_camera\1772699932210538000.jpg,2000123,2,motorcycle,0.850778,1433.0,592.0,1485.0,678.0,1433.720947265625,592.3154296875,1493.3802490234375,677.484130859375,matched,1,CYCLIST_MOTOR,preprocessed/masks/right_rear_camera/masks/frame_000220_gt2d_001_track_-1_CYCLIST_MOTOR.png,0.9057767391204834,1459.0,635.0,18.21326446533203,20.481571197509766,5.645565032958984,1.0008660554885864,8.119395903718887,-0.07296884791982038,18.21326446533203,da3_bbox_median,1920.0,1280.0,image_root
right_rear,220,1772699932210538000,data\camera\right_rear_camera\1772699932210538000.jpg,3000041,3,person,0.873281,1520.0,604.0,1547.0,671.0,1517.8431396484375,602.9195556640625,1545.1456298828125,670.6244506835938,matched,0,PEDESTRIAN_NORMAL,preprocessed/masks/right_rear_camera/masks/frame_000220_gt2d_000_track_-1_PEDESTRIAN_NORMAL.png,0.9393001198768616,1533.5,637.5,26.146297454833984,25.176494598388672,3.1996116638183594,1.0000450611114502,13.391318437036288,-0.046526964284271215,26.146297454833984,da3_bbox_median,1920.0,1280.0,image_root
right_rear,221,1772699932310546000,data\camera\right_rear_camera\1772699932310546000.jpg,2000123,2,motorcycle,0.801689,1427.0,591.0,1478.0,679.0,1426.059326171875,591.307373046875,1481.8101806640625,678.6083984375,matched,1,CYCLIST_MOTOR,preprocessed/masks/right_rear_camera/masks/frame_000221_gt2d_001_track_-1_CYCLIST_MOTOR.png,0.9090514779090881,1452.5,635.0,23.862905502319336,23.380077362060547,9.16859245300293,1.0006264448165894,10.49979323219393,-0.09560332942170569,23.862905502319336,da3_bbox_median,1920.0,1280.0,image_root
right_rear,221,1772699932310546000,data\camera\right_rear_camera\1772699932310546000.jpg,3000041,3,person,0.873168,1528.0,605.0,1554.0,673.0,1525.5748291015625,604.2399291992188,1551.8868408203125,672.0033569335938,matched,0,PEDESTRIAN_NORMAL,preprocessed/masks/right_rear_camera/masks/frame_000221_gt2d_000_track_-1_PEDESTRIAN_NORMAL.png,0.9302698969841003,1541.0,639.0,29.863311767578125,27.730539321899414,7.973726272583008,1.0023776292800903,15.494599550961613,-0.013240280295762899,29.863311767578125,da3_bbox_median,1920.0,1280.0,image_root
right_rear,222,1772699932410553000,data\camera\right_rear_camera\1772699932410553000.jpg,2000123,2,motorcycle,0.855016,1423.0,591.0,1473.0,679.0,1421.95458984375,591.20458984375,1475.1346435546875,679.2645263671875,matched,1,CYCLIST_MOTOR,preprocessed/masks/right_rear_camera/masks/frame_000222_gt2d_001_track_-1_CYCLIST_MOTOR.png,0.894801139831543,1448.0,635.0,25.803699493408203,24.819114685058594,10.098909378051758,1.001542091369629,11.250302008435344,-0.1033788439017719,25.803699493408203,da3_bbox_median,1920.0,1280.0,image_root
right_rear,222,1772699932410553000,data\camera\right_rear_camera\1772699932410553000.jpg,3000041,3,person,0.863271,1534.0,604.0,1564.0,673.0,1533.3096923828125,604.3175659179688,1562.0059814453125,672.7841186523438,matched,0,PEDESTRIAN_NORMAL,preprocessed/masks/right_rear_camera/masks/frame_000222_gt2d_000_track_-1_PEDESTRIAN_NORMAL.png,0.8800781965255737,1549.0,638.5,26.95760726928711,26.182106018066406,6.904329299926758,1.0063711404800415,14.17910802554842,-0.02395822560684082,26.95760726928711,da3_bbox_median,1920.0,1280.0,image_root
right_rear,223,1772699932510561000,data\camera\right_rear_camera\1772699932510561000.jpg,2000123,2,motorcycle,0.847374,1420.0,591.0,1468.0,680.0,1418.6168212890625,591.0330810546875,1469.31640625,680.0075073242188,matched,1,CYCLIST_MOTOR,preprocessed/masks/right_rear_camera/masks/frame_000223_gt2d_001_track_-1_CYCLIST_MOTOR.png,0.9066929817199707,1444.0,635.5,18.276702880859375,21.651487350463867,9.022538185119629,1.018555760383606,7.9034319924795176,-0.06508303045450409,18.276702880859375,da3_bbox_median,1920.0,1280.0,image_root
right_rear,223,1772699932510561000,data\camera\right_rear_camera\1772699932510561000.jpg,3000041,3,person,0.886369,1541.0,603.0,1569.0,673.0,1540.4923095703125,603.5375366210938,1568.7200927734375,672.941650390625,matched,0,PEDESTRIAN_NORMAL,preprocessed/masks/right_rear_camera/masks/frame_000223_gt2d_000_track_-1_PEDESTRIAN_NORMAL.png,0.8789976835250854,1555.0,638.0,27.368579864501953,26.35462760925293,9.369806289672852,1.000630497932434,14.541568828182823,-0.03651273531906643,27.368579864501953,da3_bbox_median,1920.0,1280.0,image_root
right_rear,224,1772699932610537000,data\camera\right_rear_camera\1772699932610537000.jpg,3000041,3,person,0.89485,1550.0,604.0,1576.0,669.0,1548.6685791015625,603.845458984375,1575.38134765625,670.3064575195312,matched,0,PEDESTRIAN_NORMAL,preprocessed/masks/right_rear_camera/masks/frame_000224_gt2d_000_track_-1_PEDESTRIAN_NORMAL.png,0.8749796152114868,1563.0,636.5,28.136394500732422,26.527864456176758,7.53814697265625,1.0000187158584595,15.150063570074115,-0.07513076977253684,28.136394500732422,da3_bbox_median,1920.0,1280.0,image_root
right_rear,224,1772699932610537000,data\camera\right_rear_camera\1772699932610537000.jpg,3000050,3,person,0.622895,1430.0,591.0,1463.0,679.0,1430.0,591.0,1463.0,679.0,tentative,1,PEDESTRIAN_NORMAL,preprocessed/masks/right_rear_camera/masks/frame_000224_gt2d_001_track_-1_PEDESTRIAN_NORMAL.png,0.8943444490432739,1446.5,635.0,22.746734619140625,22.84943962097168,10.148382186889648,1.024715542793274,9.887080402145896,-0.09113154987981047,22.746734619140625,da3_bbox_median,1920.0,1280.0,image_root
right_rear,225,1772699932710545000,data\camera\right_rear_camera\1772699932710545000.jpg,3000041,3,person,0.886123,1557.0,607.0,1582.0,669.0,1555.671875,605.8662719726562,1581.1383056640625,669.1807250976562,matched,0,PEDESTRIAN_NORMAL,preprocessed/masks/right_rear_camera/masks/frame_000225_gt2d_000_track_-1_PEDESTRIAN_NORMAL.png,0.887271523475647,1569.5,638.0,27.1279296875,26.282691955566406,6.3563995361328125,1.0002009868621826,14.764151100026845,-0.03619168116642639,27.1279296875,da3_bbox_median,1920.0,1280.0,image_root
right_rear,225,1772699932710545000,data\camera\right_rear_camera\1772699932710545000.jpg,3000051,3,person,0.587268,1429.0,590.0,1458.0,668.0,1429.0,590.0,1458.0,668.0,tentative,1,PEDESTRIAN_NORMAL,preprocessed/masks/right_rear_camera/masks/frame_000225_gt2d_001_track_-1_PEDESTRIAN_NORMAL.png,0.8000315427780151,1443.5,629.0,16.537609100341797,20.81178092956543,11.935867309570312,1.096614122390747,7.144025321855823,-0.1546406938843714,16.537609100341797,da3_bbox_median,1920.0,1280.0,image_root
right_rear,226,1772699932810552000,data\camera\right_rear_camera\1772699932810552000.jpg,3000041,3,person,0.767328,1563.0,605.0,1587.0,671.0,1561.619140625,605.3173828125,1585.964599609375,670.2197265625,matched,0,PEDESTRIAN_NORMAL,preprocessed/masks/right_rear_camera/masks/frame_000226_gt2d_000_track_-1_PEDESTRIAN_NORMAL.png,0.9187108278274536,1575.0,638.0,26.83671760559082,25.7301082611084,11.43667984008789,1.0103826522827148,14.737161939131518,-0.03580317179834422,26.83671760559082,da3_bbox_median,1920.0,1280.0,image_root
right_rear,227,1772699932910560000,data\camera\right_rear_camera\1772699932910560000.jpg,2000123,2,motorcycle,0.618351,1404.0,590.0,1447.0,686.0,1402.613037109375,590.1256713867188,1446.643310546875,685.4559326171875,matched,1,CYCLIST_MOTOR,preprocessed/masks/right_rear_camera/masks/frame_000227_gt2d_001_track_-1_CYCLIST_MOTOR.png,0.8682283163070679,1425.5,638.0,14.721334457397461,16.84476089477539,5.290858268737793,1.0882627964019775,6.123341130770603,-0.01963990061770008,14.721334457397461,da3_bbox_median,1920.0,1280.0,image_root
right_rear,227,1772699932910560000,data\camera\right_rear_camera\1772699932910560000.jpg,3000041,3,person,0.751716,1569.0,611.0,1593.0,673.0,1568.6744384765625,609.3106079101562,1592.63427734375,672.1324462890625,matched,0,PEDESTRIAN_NORMAL,preprocessed/masks/right_rear_camera/masks/frame_000227_gt2d_000_track_-1_PEDESTRIAN_NORMAL.png,0.9134845733642578,1581.0,642.0,21.669363021850586,24.1236629486084,11.470111846923828,1.0022119283676147,12.015385025626395,0.04829848060625323,21.669363021850586,da3_bbox_median,1920.0,1280.0,image_root
right_rear,228,1772699933010523000,data\camera\right_rear_camera\1772699933010523000.jpg,2000123,2,motorcycle,0.756354,1400.0,590.0,1446.0,682.0,1398.84033203125,590.160888671875,1444.0946044921875,683.4317626953125,matched,0,CYCLIST_MOTOR,preprocessed/masks/right_rear_camera/masks/frame_000228_gt2d_000_track_-1_CYCLIST_MOTOR.png,0.9121432304382324,1423.0,636.0,15.141006469726562,15.98376750946045,0.9017648696899414,1.0600559711456299,6.264180436151834,-0.04717345274066253,15.141006469726562,da3_bbox_median,1920.0,1280.0,image_root
right_rear,228,1772699933010523000,data\camera\right_rear_camera\1772699933010523000.jpg,3000041,3,person,0.560307,1577.0,610.0,1600.0,671.0,1575.5008544921875,610.0808715820312,1598.6605224609375,671.4605102539062,matched,1,PEDESTRIAN_NORMAL,preprocessed/masks/right_rear_camera/masks/frame_000228_gt2d_001_track_-1_PEDESTRIAN_NORMAL.png,0.9193809032440186,1588.5,640.5,22.543712615966797,24.298656463623047,8.461980819702148,1.0069139003753662,12.650834483857992,0.02012613058138481,22.543712615966797,da3_bbox_median,1920.0,1280.0,image_root
right_rear,229,1772699933110653000,data\camera\right_rear_camera\1772699933110653000.jpg,3000041,3,person,0.594064,1584.0,615.0,1604.0,668.0,1582.6915283203125,613.5702514648438,1603.530517578125,669.0479125976562,matched,2,PEDESTRIAN_NORMAL,preprocessed/masks/right_rear_camera/masks/frame_000229_gt2d_002_track_-1_PEDESTRIAN_NORMAL.png,0.8102385401725769,1594.0,641.5,24.730159759521484,26.458919525146484,7.100471496582031,1.0000444650650024,13.998979433297583,0.04410646071752145,24.730159759521484,da3_bbox_median,1920.0,1280.0,image_root
right_rear,229,1772699933110653000,data\camera\right_rear_camera\1772699933110653000.jpg,3000052,3,person,0.677057,1413.0,589.0,1440.0,678.0,1413.0,589.0,1440.0,678.0,tentative,0,PEDESTRIAN_NORMAL,preprocessed/masks/right_rear_camera/masks/frame_000229_gt2d_000_track_-1_PEDESTRIAN_NORMAL.png,0.8475056290626526,1426.5,633.5,19.062049865722656,19.234344482421875,7.550561904907227,1.1025930643081665,7.945844955465361,-0.10183862912098852,19.062049865722656,da3_bbox_median,1920.0,1280.0,image_root
right_rear,229,1772699933110653000,data\camera\right_rear_camera\1772699933110653000.jpg,3000053,3,person,0.613112,1553.0,617.0,1571.0,668.0,1553.0,617.0,1571.0,668.0,tentative,1,PEDESTRIAN_NORMAL,preprocessed/masks/right_rear_camera/masks/frame_000229_gt2d_001_track_-1_PEDESTRIAN_NORMAL.png,0.8098894357681274,1562.0,642.5,30.30378532409668,30.46129035949707,8.984823226928711,1.0000122785568237,16.290098790958147,0.08104012828797884,30.30378532409668,da3_bbox_median,1920.0,1280.0,image_root
right_rear,230,1772699933210660000,data\camera\right_rear_camera\1772699933210660000.jpg,2000123,2,motorcycle,0.492748,1383.0,608.0,1418.0,681.0,1383.167724609375,603.7383422851562,1420.119873046875,681.2455444335938,matched,2,CYCLIST_MOTOR,preprocessed/masks/right_rear_camera/masks/frame_000230_gt2d_002_track_-1_CYCLIST_MOTOR.png,0.8761723041534424,1400.5,644.5,22.409168243408203,22.785690307617188,10.941934585571289,1.0275852680206299,8.821980771142993,0.09984976236870678,22.409168243408203,da3_bbox_median,1920.0,1280.0,image_root
right_rear,230,1772699933210660000,data\camera\right_rear_camera\1772699933210660000.jpg,3000041,3,person,0.496301,1591.0,616.0,1610.0,669.0,1589.4197998046875,615.0479736328125,1608.739501953125,668.3757934570312,matched,1,PEDESTRIAN_NORMAL,preprocessed/masks/right_rear_camera/masks/frame_000230_gt2d_001_track_-1_PEDESTRIAN_NORMAL.png,0.7772812843322754,1600.5,642.5,24.379039764404297,26.454818725585938,6.470762252807617,1.0000085830688477,13.941398792060479,0.06519583243199847,24.379039764404297,da3_bbox_median,1920.0,1280.0,image_root
right_rear,230,1772699933210660000,data\camera\right_rear_camera\1772699933210660000.jpg,3000053,3,person,0.671888,1557.0,616.0,1578.0,668.0,1558.3958740234375,616.2053833007812,1578.7958984375,668.00537109375,matched,0,PEDESTRIAN_NORMAL,preprocessed/masks/right_rear_camera/masks/frame_000230_gt2d_000_track_-1_PEDESTRIAN_NORMAL.png,0.7759812474250793,1567.5,642.0,28.577085494995117,30.0478572845459,9.402175903320312,1.0000067949295044,15.501922711991675,0.06369498762707004,28.577085494995117,da3_bbox_median,1920.0,1280.0,image_root
right_rear,231,1772699933310637000,data\camera\right_rear_camera\1772699933310637000.jpg,-1,1,car,0.302484,1703.0,0.0,1919.0,74.0,1703.0,0.0,1919.0,74.0,unassigned,2,VEHICLE_CAR,preprocessed/masks/right_rear_camera/masks/frame_000231_gt2d_002_track_-1_VEHICLE_CAR.png,0.9635659456253052,1811.0,37.0,22.740234375,53.46206283569336,79.96975708007812,1.0001634359359741,17.268874611319575,-12.204094019399452,22.740234375,da3_bbox_median,1920.0,1280.0,image_root
right_rear,231,1772699933310637000,data\camera\right_rear_camera\1772699933310637000.jpg,2000123,2,motorcycle,0.850106,1376.0,587.0,1427.0,684.0,1375.736083984375,591.7745361328125,1422.8541259765625,683.0447387695312,matched,0,CYCLIST_MOTOR,preprocessed/masks/right_rear_camera/masks/frame_000231_gt2d_000_track_-1_CYCLIST_MOTOR.png,0.8974401950836182,1401.5,635.5,22.182241439819336,24.554574966430664,6.914661407470703,1.0003544092178345,8.752407304406693,-0.07899058733886043,22.182241439819336,da3_bbox_median,1920.0,1280.0,image_root
right_rear,231,1772699933310637000,data\camera\right_rear_camera\1772699933310637000.jpg,3000053,3,person,0.592059,1564.0,618.0,1584.0,667.0,1565.525390625,617.7875366210938,1585.629638671875,667.440185546875,matched,1,PEDESTRIAN_NORMAL,preprocessed/masks/right_rear_camera/masks/frame_000231_gt2d_001_track_-1_PEDESTRIAN_NORMAL.png,0.7870683670043945,1574.0,642.5,28.84404754638672,29.29988670349121,8.539104461669922,1.000013828277588,15.813773047407285,0.07713641343825814,28.84404754638672,da3_bbox_median,1920.0,1280.0,image_root
right_rear,232,1772699933410645000,data\camera\right_rear_camera\1772699933410645000.jpg,2000123,2,motorcycle,0.877202,1369.0,585.0,1426.0,687.0,1368.1759033203125,587.140869140625,1421.7178955078125,685.3489379882812,matched,0,CYCLIST_MOTOR,preprocessed/masks/right_rear_camera/masks/frame_000232_gt2d_000_track_-1_CYCLIST_MOTOR.png,0.8979335427284241,1397.5,636.0,18.66884422302246,22.749595642089844,8.209053039550781,1.0009889602661133,7.299603132921942,-0.05816481502985879,18.66884422302246,da3_bbox_median,1920.0,1280.0,image_root
right_rear,232,1772699933410645000,data\camera\right_rear_camera\1772699933410645000.jpg,3000053,3,person,0.73804,1571.0,617.0,1591.0,669.0,1571.75830078125,617.3814086914062,1591.7530517578125,668.69189453125,matched,1,PEDESTRIAN_NORMAL,preprocessed/masks/right_rear_camera/masks/frame_000232_gt2d_001_track_-1_PEDESTRIAN_NORMAL.png,0.8023713827133179,1581.0,643.0,27.847326278686523,28.939714431762695,7.198259353637695,1.0000157356262207,15.440986744062013,0.0868734084988053,27.847326278686523,da3_bbox_median,1920.0,1280.0,image_root
right_rear,233,1772699933510652000,data\camera\right_rear_camera\1772699933510652000.jpg,2000123,2,motorcycle,0.892972,1360.0,584.0,1418.0,688.0,1359.76025390625,584.5855712890625,1416.600830078125,686.8631591796875,matched,0,CYCLIST_MOTOR,preprocessed/masks/right_rear_camera/masks/frame_000233_gt2d_000_track_-1_CYCLIST_MOTOR.png,0.8707263469696045,1389.0,636.0,18.688182830810547,22.74222183227539,10.136734008789062,1.00026273727417,7.165643365465913,-0.0582250665661345,18.688182830810547,da3_bbox_median,1920.0,1280.0,image_root
right_rear,233,1772699933510652000,data\camera\right_rear_camera\1772699933510652000.jpg,3000053,3,person,0.779831,1577.0,618.0,1597.0,669.0,1577.6488037109375,617.9052734375,1597.6168212890625,669.0023193359375,matched,1,PEDESTRIAN_NORMAL,preprocessed/masks/right_rear_camera/masks/frame_000233_gt2d_001_track_-1_PEDESTRIAN_NORMAL.png,0.857556939125061,1587.0,643.5,27.036609649658203,29.083593368530273,9.77099609375,1.000001072883606,15.135978451096463,0.09638568311556298,27.036609649658203,da3_bbox_median,1920.0,1280.0,image_root
right_rear,234,1772699933610660000,data\camera\right_rear_camera\1772699933610660000.jpg,2000123,2,motorcycle,0.896375,1351.0,584.0,1411.0,688.0,1350.8114013671875,583.7095947265625,1410.227783203125,687.5734252929688,matched,0,CYCLIST_MOTOR,preprocessed/masks/right_rear_camera/masks/frame_000234_gt2d_000_track_-1_CYCLIST_MOTOR.png,0.8416780233383179,1381.0,636.0,17.762569427490234,20.027578353881836,4.555505752563477,1.0000042915344238,6.684134424750095,-0.055341217317079715,17.762569427490234,da3_bbox_median,1920.0,1280.0,image_root
right_rear,234,1772699933610660000,data\camera\right_rear_camera\1772699933610660000.jpg,3000053,3,person,0.592359,1582.0,617.0,1603.0,669.0,1582.6654052734375,617.4063110351562,1603.3514404296875,669.1516723632812,matched,1,PEDESTRIAN_NORMAL,preprocessed/masks/right_rear_camera/masks/frame_000234_gt2d_001_track_-1_PEDESTRIAN_NORMAL.png,0.904187023639679,1592.5,643.0,24.417728424072266,26.08869171142578,7.889097213745117,1.0000001192092896,13.789490571631706,0.07617432549066153,24.417728424072266,da3_bbox_median,1920.0,1280.0,image_root
right_rear,235,1772699933710637000,data\camera\right_rear_camera\1772699933710637000.jpg,2000123,2,motorcycle,0.889421,1342.0,583.0,1402.0,688.0,1341.7750244140625,582.7779541015625,1402.175048828125,687.859130859375,matched,0,CYCLIST_MOTOR,preprocessed/masks/right_rear_camera/masks/frame_000235_gt2d_000_track_-1_CYCLIST_MOTOR.png,0.8663926720619202,1372.0,635.5,18.58719825744629,20.787612915039062,5.9542236328125,1.000016212463379,6.845409632765094,-0.0661886992494787,18.58719825744629,da3_bbox_median,1920.0,1280.0,image_root
right_rear,235,1772699933710637000,data\camera\right_rear_camera\1772699933710637000.jpg,3000053,3,person,0.694549,1586.0,617.0,1608.0,667.0,1586.86669921875,617.21533203125,1608.4923095703125,667.77978515625,matched,1,PEDESTRIAN_NORMAL,preprocessed/masks/right_rear_camera/masks/frame_000235_gt2d_001_track_-1_PEDESTRIAN_NORMAL.png,0.8979654312133789,1597.0,642.0,26.506301879882812,27.928783416748047,7.375097274780273,1.0000007152557373,15.075243102069626,0.05907945268156212,26.506301879882812,da3_bbox_median,1920.0,1280.0,image_root
right_rear,236,1772699933810644000,data\camera\right_rear_camera\1772699933810644000.jpg,2000123,2,motorcycle,0.891042,1330.0,581.0,1393.0,688.0,1330.781494140625,580.9406127929688,1393.4244384765625,687.740966796875,matched,0,CYCLIST_MOTOR,preprocessed/masks/right_rear_camera/masks/frame_000236_gt2d_000_track_-1_CYCLIST_MOTOR.png,0.8856375813484192,1361.5,634.5,19.87046241760254,23.52168846130371,10.726879119873047,1.0001790523529053,7.132138069140839,-0.08845796932682956,19.87046241760254,da3_bbox_median,1920.0,1280.0,image_root
right_rear,236,1772699933810644000,data\camera\right_rear_camera\1772699933810644000.jpg,3000053,3,person,0.839805,1591.0,618.0,1613.0,666.0,1591.4608154296875,617.6321411132812,1613.4244384765625,666.366943359375,matched,1,PEDESTRIAN_NORMAL,preprocessed/masks/right_rear_camera/masks/frame_000236_gt2d_001_track_-1_PEDESTRIAN_NORMAL.png,0.8386123180389404,1602.0,642.0,27.960556030273438,30.526885986328125,9.977203369140625,1.0000003576278687,16.026890512833347,0.062320815420668904,27.960556030273438,da3_bbox_median,1920.0,1280.0,image_root
right_rear,237,1772699933910651000,data\camera\right_rear_camera\1772699933910651000.jpg,2000123,2,motorcycle,0.871561,1320.0,580.0,1383.0,689.0,1320.83203125,580.0051879882812,1384.309814453125,688.7184448242188,matched,0,CYCLIST_MOTOR,preprocessed/masks/right_rear_camera/masks/frame_000237_gt2d_000_track_-1_CYCLIST_MOTOR.png,0.8879581689834595,1351.5,634.5,17.167343139648438,21.537338256835938,10.957138061523438,1.0020028352737427,6.008956758570765,-0.07642440729134294,17.167343139648438,da3_bbox_median,1920.0,1280.0,image_root
right_rear,237,1772699933910651000,data\camera\right_rear_camera\1772699933910651000.jpg,3000053,3,person,0.773111,1595.0,619.0,1617.0,667.0,1596.0172119140625,618.8067626953125,1618.09619140625,666.8975219726562,matched,1,PEDESTRIAN_NORMAL,preprocessed/masks/right_rear_camera/masks/frame_000237_gt2d_001_track_-1_PEDESTRIAN_NORMAL.png,0.8787567615509033,1606.0,643.0,29.019062042236328,31.06016731262207,9.707849502563477,1.0000158548355103,16.73703629049635,0.09052879281185623,29.019062042236328,da3_bbox_median,1920.0,1280.0,image_root
right_rear,238,1772699934010645000,data\camera\right_rear_camera\1772699934010645000.jpg,-1,3,person,0.310137,1861.0,603.0,1883.0,662.0,1861.0,603.0,1883.0,662.0,unassigned,2,PEDESTRIAN_NORMAL,preprocessed/masks/right_rear_camera/masks/frame_000238_gt2d_002_track_-1_PEDESTRIAN_NORMAL.png,0.8027083873748779,1872.0,632.5,40.77584457397461,40.678321838378906,1.7128944396972656,1.0,33.18106329233548,-0.25416518278782385,40.77584457397461,da3_bbox_median,1920.0,1280.0,image_root
right_rear,238,1772699934010645000,data\camera\right_rear_camera\1772699934010645000.jpg,2000123,2,motorcycle,0.867595,1307.0,580.0,1373.0,689.0,1308.6707763671875,579.7498168945312,1374.3375244140625,689.1557006835938,matched,0,CYCLIST_MOTOR,preprocessed/masks/right_rear_camera/masks/frame_000238_gt2d_000_track_-1_CYCLIST_MOTOR.png,0.901554524898529,1340.0,634.5,14.974207878112793,18.31726837158203,5.147531509399414,1.0027594566345215,5.087891653375358,-0.06666115731671475,14.974207878112793,da3_bbox_median,1920.0,1280.0,image_root
right_rear,238,1772699934010645000,data\camera\right_rear_camera\1772699934010645000.jpg,3000053,3,person,0.742793,1598.0,619.0,1622.0,670.0,1599.25537109375,619.2567749023438,1622.7001953125,669.2034301757812,matched,1,PEDESTRIAN_NORMAL,preprocessed/masks/right_rear_camera/masks/frame_000238_gt2d_001_track_-1_PEDESTRIAN_NORMAL.png,0.7637515664100647,1610.0,644.5,29.362808227539062,32.00169372558594,10.319063186645508,1.0000087022781372,17.039934282652066,0.13083347816178367,29.362808227539062,da3_bbox_median,1920.0,1280.0,image_root
right_rear,239,1772699934110561000,data\camera\right_rear_camera\1772699934110561000.jpg,-1,3,person,0.303791,1862.0,603.0,1883.0,663.0,1862.0,603.0,1883.0,663.0,unassigned,2,PEDESTRIAN_NORMAL,preprocessed/masks/right_rear_camera/masks/frame_000239_gt2d_002_track_-1_PEDESTRIAN_NORMAL.png,0.8033474683761597,1872.5,633.0,39.55089569091797,39.58254623413086,1.2589530944824219,1.0,32.20188777545221,-0.2289148417496381,39.55089569091797,da3_bbox_median,1920.0,1280.0,image_root
right_rear,239,1772699934110561000,data\camera\right_rear_camera\1772699934110561000.jpg,2000123,2,motorcycle,0.483713,1313.0,580.0,1361.0,690.0,1307.6484375,579.7748413085938,1362.65869140625,690.0449829101562,matched,1,CYCLIST_MOTOR,preprocessed/masks/right_rear_camera/masks/frame_000239_gt2d_001_track_-1_CYCLIST_MOTOR.png,0.8941375017166138,1337.0,635.0,16.859291076660156,18.66849708557129,11.29123306274414,1.0709588527679443,5.683339072940178,-0.0675443465365819,16.859291076660156,da3_bbox_median,1920.0,1280.0,image_root
right_rear,239,1772699934110561000,data\camera\right_rear_camera\1772699934110561000.jpg,3000041,3,person,0.628695,1602.0,619.0,1625.0,669.0,1602.24951171875,618.8109130859375,1625.126220703125,668.8663940429688,matched,0,PEDESTRIAN_NORMAL,preprocessed/masks/right_rear_camera/masks/frame_000239_gt2d_000_track_-1_PEDESTRIAN_NORMAL.png,0.7164552211761475,1613.5,644.0,27.0113468170166,31.35404396057129,11.862529754638672,1.0000063180923462,15.759552165435277,0.10832578164812151,27.0113468170166,da3_bbox_median,1920.0,1280.0,image_root
right_rear,240,1772699934210538000,data\camera\right_rear_camera\1772699934210538000.jpg,-1,2,motorcycle,0.46424,1279.0,606.0,1326.0,692.0,1279.0,606.0,1326.0,692.0,unassigned,1,MOTOR,preprocessed/masks/right_rear_camera/masks/frame_000240_gt2d_001_track_-1_MOTOR.png,0.8914958238601685,1302.5,649.0,15.978836059570312,17.40321159362793,7.147396087646484,1.1778863668441772,4.895400042312054,0.13524684959276975,15.978836059570312,da3_bbox_median,1920.0,1280.0,image_root
right_rear,240,1772699934210538000,data\camera\right_rear_camera\1772699934210538000.jpg,2000123,2,motorcycle,0.406378,1281.0,602.0,1355.0,692.0,1286.7794189453125,594.6967163085938,1355.085693359375,692.239990234375,matched,2,CYCLIST_MOTOR,preprocessed/masks/right_rear_camera/masks/frame_000240_gt2d_002_track_-1_CYCLIST_MOTOR.png,0.7455282211303711,1318.0,647.0,14.78219223022461,16.804336547851562,6.262035369873047,1.1873732805252075,4.7329166682696355,0.0987838715753159,14.78219223022461,da3_bbox_median,1920.0,1280.0,image_root
right_rear,240,1772699934210538000,data\camera\right_rear_camera\1772699934210538000.jpg,3000041,3,person,0.609798,1606.0,620.0,1629.0,668.0,1605.4840087890625,620.4073486328125,1628.5711669921875,668.972412109375,matched,0,PEDESTRIAN_NORMAL,preprocessed/masks/right_rear_camera/masks/frame_000240_gt2d_000_track_-1_PEDESTRIAN_NORMAL.png,0.7508739233016968,1617.5,644.0,24.838762283325195,30.06989288330078,13.651920318603516,1.0000571012496948,14.580492043313432,0.09961289075071253,24.838762283325195,da3_bbox_median,1920.0,1280.0,image_root
right_rear,241,1772699934310546000,data\camera\right_rear_camera\1772699934310546000.jpg,2000123,2,motorcycle,0.845077,1266.0,579.0,1339.0,692.0,1270.69287109375,584.53515625,1342.618896484375,692.661376953125,matched,0,CYCLIST_MOTOR,preprocessed/masks/right_rear_camera/masks/frame_000241_gt2d_000_track_-1_CYCLIST_MOTOR.png,0.8739335536956787,1302.5,635.5,15.5267915725708,18.48367691040039,4.407343864440918,1.1361411809921265,4.756908190181251,-0.055290642703212094,15.5267915725708,da3_bbox_median,1920.0,1280.0,image_root
right_rear,241,1772699934310546000,data\camera\right_rear_camera\1772699934310546000.jpg,3000041,3,person,0.732895,1612.0,620.0,1632.0,668.0,1610.748779296875,620.6921997070312,1631.9735107421875,668.783203125,matched,1,PEDESTRIAN_NORMAL,preprocessed/masks/right_rear_camera/masks/frame_000241_gt2d_001_track_-1_PEDESTRIAN_NORMAL.png,0.8207544088363647,1622.0,644.0,27.171415328979492,31.08332061767578,13.222663879394531,1.0000399351119995,16.058705639008764,0.10896771730549897,27.171415328979492,da3_bbox_median,1920.0,1280.0,image_root
right_rear,242,1772699934410553000,data\camera\right_rear_camera\1772699934410553000.jpg,-1,1,car,0.402593,1703.0,0.0,1919.0,75.0,1703.0,0.0,1919.0,75.0,unassigned,2,VEHICLE_CAR,preprocessed/masks/right_rear_camera/masks/frame_000242_gt2d_002_track_-1_VEHICLE_CAR.png,0.9545290470123291,1811.0,37.5,18.507186889648438,29.40189552307129,5.933279037475586,1.0010945796966553,14.054309403114777,-9.92408459231422,18.507186889648438,da3_bbox_median,1920.0,1280.0,image_root
right_rear,242,1772699934410553000,data\camera\right_rear_camera\1772699934410553000.jpg,2000123,2,motorcycle,0.896567,1251.0,580.0,1323.0,692.0,1254.3118896484375,581.6439208984375,1327.0616455078125,692.6591186523438,matched,0,CYCLIST_MOTOR,preprocessed/masks/right_rear_camera/masks/frame_000242_gt2d_000_track_-1_CYCLIST_MOTOR.png,0.8953251838684082,1287.0,636.0,17.129947662353516,21.270523071289062,10.542769432067871,1.0119045972824097,5.011513272996102,-0.05337021538929767,17.129947662353516,da3_bbox_median,1920.0,1280.0,image_root
right_rear,242,1772699934410553000,data\camera\right_rear_camera\1772699934410553000.jpg,3000041,3,person,0.693638,1616.0,622.0,1638.0,669.0,1614.8619384765625,621.9072265625,1636.6590576171875,669.1652221679688,matched,1,PEDESTRIAN_NORMAL,preprocessed/masks/right_rear_camera/masks/frame_000242_gt2d_001_track_-1_PEDESTRIAN_NORMAL.png,0.7828073501586914,1627.0,645.5,29.980724334716797,32.371761322021484,7.622798919677734,1.0000016689300537,17.852599730466725,0.16029205138378028,29.980724334716797,da3_bbox_median,1920.0,1280.0,image_root
right_rear,243,1772699934510561000,data\camera\right_rear_camera\1772699934510561000.jpg,2000123,2,motorcycle,0.88751,1235.0,579.0,1308.0,693.0,1238.3375244140625,579.6401977539062,1311.963134765625,693.0546264648438,matched,0,CYCLIST_MOTOR,preprocessed/masks/right_rear_camera/masks/frame_000243_gt2d_000_track_-1_CYCLIST_MOTOR.png,0.8739548921585083,1271.5,636.0,16.454833984375,20.819244384765625,9.890151023864746,1.0066851377487183,4.586775484156516,-0.0512668252846589,16.454833984375,da3_bbox_median,1920.0,1280.0,image_root
right_rear,243,1772699934510561000,data\camera\right_rear_camera\1772699934510561000.jpg,3000053,3,person,0.548228,1621.0,622.0,1645.0,669.0,1621.713623046875,622.4664916992188,1645.7000732421875,669.6887817382812,matched,1,PEDESTRIAN_NORMAL,preprocessed/masks/right_rear_camera/masks/frame_000243_gt2d_001_track_-1_PEDESTRIAN_NORMAL.png,0.8284637928009033,1633.0,645.5,32.73057556152344,34.534950256347656,7.937494277954102,1.0,19.66501232330443,0.17499414094052362,32.73057556152344,da3_bbox_median,1920.0,1280.0,image_root
right_rear,244,1772699934610537000,data\camera\right_rear_camera\1772699934610537000.jpg,-1,3,person,0.396886,1869.0,605.0,1890.0,662.0,1869.0,605.0,1890.0,662.0,unassigned,2,PEDESTRIAN_NORMAL,preprocessed/masks/right_rear_camera/masks/frame_000244_gt2d_002_track_-1_PEDESTRIAN_NORMAL.png,0.788554310798645,1879.5,633.5,41.09162902832031,41.25862121582031,0.8728904724121094,1.0,33.7125989503218,-0.21953122555393717,41.09162902832031,da3_bbox_median,1920.0,1280.0,image_root
right_rear,244,1772699934610537000,data\camera\right_rear_camera\1772699934610537000.jpg,2000123,2,motorcycle,0.888487,1218.0,578.0,1294.0,694.0,1221.0745849609375,578.5494995117188,1296.899658203125,694.1445922851562,matched,0,CYCLIST_MOTOR,preprocessed/masks/right_rear_camera/masks/frame_000244_gt2d_000_track_-1_CYCLIST_MOTOR.png,0.9063965678215027,1256.0,636.0,17.009368896484375,21.1580810546875,10.380590438842773,1.0037295818328857,4.506466622543103,-0.052994539127311495,17.009368896484375,da3_bbox_median,1920.0,1280.0,image_root
right_rear,244,1772699934610537000,data\camera\right_rear_camera\1772699934610537000.jpg,3000041,3,person,0.568126,1625.0,622.0,1648.0,669.0,1623.911376953125,622.33447265625,1646.6832275390625,669.310546875,matched,1,PEDESTRIAN_NORMAL,preprocessed/masks/right_rear_camera/masks/frame_000244_gt2d_001_track_-1_PEDESTRIAN_NORMAL.png,0.8372886180877686,1636.5,645.5,29.362333297729492,32.69846725463867,9.709623336791992,1.0,17.732880287556572,0.15698582146186818,29.362333297729492,da3_bbox_median,1920.0,1280.0,image_root
right_rear,245,1772699934710545000,data\camera\right_rear_camera\1772699934710545000.jpg,-1,1,car,0.414205,1703.0,0.0,1919.0,78.0,1703.0,0.0,1919.0,78.0,unassigned,2,VEHICLE_CAR,preprocessed/masks/right_rear_camera/masks/frame_000245_gt2d_002_track_-1_VEHICLE_CAR.png,0.9274463653564453,1811.0,39.0,18.562213897705078,30.713985443115234,8.58912181854248,1.0000149011611938,14.096096769361576,-9.928790251648232,18.562213897705078,da3_bbox_median,1920.0,1280.0,image_root
right_rear,245,1772699934710545000,data\camera\right_rear_camera\1772699934710545000.jpg,-1,3,person,0.328084,1870.0,607.0,1891.0,663.0,1870.0,607.0,1891.0,663.0,unassigned,3,PEDESTRIAN_NORMAL,preprocessed/masks/right_rear_camera/masks/frame_000245_gt2d_003_track_-1_PEDESTRIAN_NORMAL.png,0.7893974781036377,1880.5,635.0,41.20249938964844,41.184715270996094,0.86370849609375,1.0,33.84026763742749,-0.16507194070576736,41.20249938964844,da3_bbox_median,1920.0,1280.0,image_root
right_rear,245,1772699934710545000,data\camera\right_rear_camera\1772699934710545000.jpg,2000123,2,motorcycle,0.896536,1200.0,578.0,1279.0,693.0,1202.8277587890625,577.9508056640625,1281.3719482421875,693.6917724609375,matched,0,CYCLIST_MOTOR,preprocessed/masks/right_rear_camera/masks/frame_000245_gt2d_000_track_-1_CYCLIST_MOTOR.png,0.889251708984375,1239.5,635.5,15.306666374206543,18.878612518310547,6.321571350097656,1.002498745918274,3.8303430018345495,-0.05450678058747193,15.306666374206543,da3_bbox_median,1920.0,1280.0,image_root
right_rear,245,1772699934710545000,data\camera\right_rear_camera\1772699934710545000.jpg,3000053,3,person,0.701354,1629.0,623.0,1651.0,669.0,1629.2896728515625,623.2857055664062,1651.705810546875,669.47021484375,matched,1,PEDESTRIAN_NORMAL,preprocessed/masks/right_rear_camera/masks/frame_000245_gt2d_001_track_-1_PEDESTRIAN_NORMAL.png,0.8588210344314575,1640.0,646.0,30.714008331298828,32.009521484375,9.691143035888672,1.0,18.64497372785525,0.17789178803869027,30.714008331298828,da3_bbox_median,1920.0,1280.0,image_root
right_rear,246,1772699934810552000,data\camera\right_rear_camera\1772699934810552000.jpg,-1,3,person,0.401756,1871.0,607.0,1891.0,662.0,1871.0,607.0,1891.0,662.0,unassigned,2,PEDESTRIAN_NORMAL,preprocessed/masks/right_rear_camera/masks/frame_000246_gt2d_002_track_-1_PEDESTRIAN_NORMAL.png,0.7973252534866333,1881.0,634.5,40.29283905029297,40.234737396240234,0.8014755249023438,1.0,33.11109786429538,-0.17937291271310712,40.29283905029297,da3_bbox_median,1920.0,1280.0,image_root
right_rear,246,1772699934810552000,data\camera\right_rear_camera\1772699934810552000.jpg,2000123,2,motorcycle,0.893877,1181.0,576.0,1262.0,694.0,1184.4600830078125,576.2193603515625,1265.2891845703125,693.9119873046875,matched,0,CYCLIST_MOTOR,preprocessed/masks/right_rear_camera/masks/frame_000246_gt2d_000_track_-1_CYCLIST_MOTOR.png,0.9039611220359802,1221.5,635.0,16.191051483154297,18.6378116607666,5.767635345458984,1.000960350036621,3.7920047479652115,-0.06486713985760652,16.191051483154297,da3_bbox_median,1920.0,1280.0,image_root
right_rear,246,1772699934810552000,data\camera\right_rear_camera\1772699934810552000.jpg,3000041,3,person,0.736277,1631.0,620.0,1655.0,668.0,1630.4072265625,620.571044921875,1654.1510009765625,668.3609008789062,matched,1,PEDESTRIAN_NORMAL,preprocessed/masks/right_rear_camera/masks/frame_000246_gt2d_001_track_-1_PEDESTRIAN_NORMAL.png,0.877777636051178,1643.0,644.0,28.180131912231445,29.780120849609375,9.569643020629883,1.0000001192092896,17.182099363259695,0.11301305473655784,28.180131912231445,da3_bbox_median,1920.0,1280.0,image_root
right_rear,247,1772699934910560000,data\camera\right_rear_camera\1772699934910560000.jpg,-1,3,person,0.403807,1872.0,607.0,1892.0,662.0,1872.0,607.0,1892.0,662.0,unassigned,2,PEDESTRIAN_NORMAL,preprocessed/masks/right_rear_camera/masks/frame_000247_gt2d_002_track_-1_PEDESTRIAN_NORMAL.png,0.8122196197509766,1882.0,634.5,41.27796936035156,41.195945739746094,0.5275535583496094,1.0,33.9574149893548,-0.18375844863666452,41.27796936035156,da3_bbox_median,1920.0,1280.0,image_root
right_rear,247,1772699934910560000,data\camera\right_rear_camera\1772699934910560000.jpg,-1,1,car,0.355169,1697.0,0.0,1919.0,80.0,1697.0,0.0,1919.0,80.0,unassigned,3,VEHICLE_CAR,preprocessed/masks/right_rear_camera/masks/frame_000247_gt2d_003_track_-1_VEHICLE_CAR.png,0.9198765158653259,1808.0,40.0,14.781734466552734,23.70879364013672,8.604996681213379,1.0000137090682983,11.185702808634705,-7.893473091663102,14.781734466552734,da3_bbox_median,1920.0,1280.0,image_root
right_rear,247,1772699934910560000,data\camera\right_rear_camera\1772699934910560000.jpg,2000123,2,motorcycle,0.897006,1163.0,573.0,1245.0,694.0,1165.7310791015625,573.6895141601562,1248.03564453125,694.032470703125,matched,0,CYCLIST_MOTOR,preprocessed/masks/right_rear_camera/masks/frame_000247_gt2d_000_track_-1_CYCLIST_MOTOR.png,0.8816863298416138,1204.0,633.5,16.298465728759766,19.5507755279541,7.44650936126709,1.0000436305999756,3.56305234047139,-0.0870742348427585,16.298465728759766,da3_bbox_median,1920.0,1280.0,image_root
right_rear,247,1772699934910560000,data\camera\right_rear_camera\1772699934910560000.jpg,3000041,3,person,0.813737,1635.0,621.0,1658.0,666.0,1634.138916015625,620.781005859375,1657.418701171875,666.7161865234375,matched,1,PEDESTRIAN_NORMAL,preprocessed/masks/right_rear_camera/masks/frame_000247_gt2d_001_track_-1_PEDESTRIAN_NORMAL.png,0.9053211212158203,1646.5,643.5,28.57478141784668,29.177568435668945,4.97370719909668,1.0,17.511828420388884,0.10186927512458523,28.57478141784668,da3_bbox_median,1920.0,1280.0,image_root
right_rear,248,1772699935010523000,data\camera\right_rear_camera\1772699935010523000.jpg,-1,1,car,0.377512,1699.0,0.0,1919.0,81.0,1699.0,0.0,1919.0,81.0,unassigned,2,VEHICLE_CAR,preprocessed/masks/right_rear_camera/masks/frame_000248_gt2d_002_track_-1_VEHICLE_CAR.png,0.9332379698753357,1809.0,40.5,14.2620267868042,21.98801612854004,7.588933944702148,1.0000555515289307,10.805133433402641,-7.609596304650719,14.2620267868042,da3_bbox_median,1920.0,1280.0,image_root
right_rear,248,1772699935010523000,data\camera\right_rear_camera\1772699935010523000.jpg,-1,3,person,0.37283,1873.0,607.0,1893.0,662.0,1873.0,607.0,1893.0,662.0,unassigned,3,PEDESTRIAN_NORMAL,preprocessed/masks/right_rear_camera/masks/frame_000248_gt2d_003_track_-1_PEDESTRIAN_NORMAL.png,0.8211890459060669,1883.0,634.5,43.079864501953125,42.934776306152344,0.8912277221679688,1.0,35.47812855234869,-0.19178000252988214,43.079864501953125,da3_bbox_median,1920.0,1280.0,image_root
right_rear,248,1772699935010523000,data\camera\right_rear_camera\1772699935010523000.jpg,2000123,2,motorcycle,0.85062,1147.0,572.0,1228.0,693.0,1148.8336181640625,572.1890258789062,1231.0081787109375,693.5050659179688,matched,0,CYCLIST_MOTOR,preprocessed/masks/right_rear_camera/masks/frame_000248_gt2d_000_track_-1_CYCLIST_MOTOR.png,0.8957690000534058,1187.5,632.5,16.217111587524414,17.842756271362305,5.277626991271973,1.012426495552063,3.3068745024519948,-0.10108497258606029,16.217111587524414,da3_bbox_median,1920.0,1280.0,image_root
right_rear,248,1772699935010523000,data\camera\right_rear_camera\1772699935010523000.jpg,3000041,3,person,0.83231,1640.0,621.0,1661.0,666.0,1639.001708984375,620.9390258789062,1660.78564453125,666.2018432617188,matched,1,PEDESTRIAN_NORMAL,preprocessed/masks/right_rear_camera/masks/frame_000248_gt2d_001_track_-1_PEDESTRIAN_NORMAL.png,0.9194426536560059,1650.5,643.5,28.869422912597656,29.61456298828125,4.578762054443359,1.0,17.795277789075048,0.10291967390289959,28.869422912597656,da3_bbox_median,1920.0,1280.0,image_root
right_rear,249,1772699935110653000,data\camera\right_rear_camera\1772699935110653000.jpg,-1,3,person,0.375461,1873.0,607.0,1893.0,662.0,1873.0,607.0,1893.0,662.0,unassigned,2,PEDESTRIAN_NORMAL,preprocessed/masks/right_rear_camera/masks/frame_000249_gt2d_002_track_-1_PEDESTRIAN_NORMAL.png,0.8221363425254822,1883.0,634.5,41.13685989379883,41.0859489440918,0.6163864135742188,1.0,33.87798036101029,-0.18313026713782887,41.13685989379883,da3_bbox_median,1920.0,1280.0,image_root
right_rear,249,1772699935110653000,data\camera\right_rear_camera\1772699935110653000.jpg,-1,1,car,0.356741,1702.0,0.0,1919.0,77.0,1702.0,0.0,1919.0,77.0,unassigned,3,VEHICLE_CAR,preprocessed/masks/right_rear_camera/masks/frame_000249_gt2d_003_track_-1_VEHICLE_CAR.png,0.9482365846633911,1810.5,38.5,13.326238632202148,20.081321716308594,3.725560188293457,1.0001003742218018,10.113974558892252,-7.13404116281632,13.326238632202148,da3_bbox_median,1920.0,1280.0,image_root
right_rear,249,1772699935110653000,data\camera\right_rear_camera\1772699935110653000.jpg,2000123,2,motorcycle,0.734778,1123.0,583.0,1209.0,697.0,1127.71044921875,579.354248046875,1212.987060546875,696.4352416992188,matched,1,CYCLIST_MOTOR,preprocessed/masks/right_rear_camera/masks/frame_000249_gt2d_001_track_-1_CYCLIST_MOTOR.png,0.8763389587402344,1166.0,640.0,15.259532928466797,17.460100173950195,7.462806701660156,1.0221037864685059,2.8193211383919117,0.006826900113515723,15.259532928466797,da3_bbox_median,1920.0,1280.0,image_root
right_rear,249,1772699935110653000,data\camera\right_rear_camera\1772699935110653000.jpg,3000041,3,person,0.75331,1644.0,622.0,1664.0,666.0,1643.8463134765625,622.1834716796875,1664.3863525390625,666.5368041992188,matched,0,PEDESTRIAN_NORMAL,preprocessed/masks/right_rear_camera/masks/frame_000249_gt2d_000_track_-1_PEDESTRIAN_NORMAL.png,0.868402898311615,1654.0,644.0,28.961040496826172,29.40506362915039,3.2763290405273438,1.0000003576278687,17.942057654956468,0.11614479538596005,28.961040496826172,da3_bbox_median,1920.0,1280.0,image_root
right_rear,250,1772699935210660000,data\camera\right_rear_camera\1772699935210660000.jpg,-1,3,person,0.384733,1874.0,609.0,1895.0,662.0,1874.0,609.0,1895.0,662.0,unassigned,2,PEDESTRIAN_NORMAL,preprocessed/masks/right_rear_camera/masks/frame_000250_gt2d_002_track_-1_PEDESTRIAN_NORMAL.png,0.8582718372344971,1884.5,635.5,40.448036193847656,40.51478576660156,1.3068618774414062,1.0,33.36475786869006,-0.14403477413784443,40.448036193847656,da3_bbox_median,1920.0,1280.0,image_root
right_rear,250,1772699935210660000,data\camera\right_rear_camera\1772699935210660000.jpg,2000123,2,motorcycle,0.831282,1100.0,568.0,1189.0,701.0,1104.597900390625,571.9412841796875,1192.94091796875,699.8822021484375,matched,0,CYCLIST_MOTOR,preprocessed/masks/right_rear_camera/masks/frame_000250_gt2d_000_track_-1_CYCLIST_MOTOR.png,0.8632561564445496,1144.5,634.5,14.121931076049805,17.35251235961914,4.106560707092285,1.049451231956482,2.3386394850204764,-0.0628670495787856,14.121931076049805,da3_bbox_median,1920.0,1280.0,image_root
right_rear,250,1772699935210660000,data\camera\right_rear_camera\1772699935210660000.jpg,3000041,3,person,0.732032,1647.0,622.0,1667.0,667.0,1646.9210205078125,622.3367309570312,1667.015625,667.0330810546875,matched,1,PEDESTRIAN_NORMAL,preprocessed/masks/right_rear_camera/masks/frame_000250_gt2d_001_track_-1_PEDESTRIAN_NORMAL.png,0.8573116064071655,1657.0,644.5,27.18409538269043,28.324657440185547,5.161064147949219,1.0000004768371582,16.913853685357633,0.12112566761456371,27.18409538269043,da3_bbox_median,1920.0,1280.0,image_root
right_rear,251,1772699935310637000,data\camera\right_rear_camera\1772699935310637000.jpg,-1,3,person,0.326971,1876.0,609.0,1896.0,662.0,1876.0,609.0,1896.0,662.0,unassigned,2,PEDESTRIAN_NORMAL,preprocessed/masks/right_rear_camera/masks/frame_000251_gt2d_002_track_-1_PEDESTRIAN_NORMAL.png,0.8832420110702515,1886.0,635.5,39.450714111328125,39.5062370300293,1.4359931945800781,1.0,32.594808053891896,-0.14048332703643399,39.450714111328125,da3_bbox_median,1920.0,1280.0,image_root
right_rear,251,1772699935310637000,data\camera\right_rear_camera\1772699935310637000.jpg,2000123,2,motorcycle,0.864484,1075.0,566.0,1170.0,704.0,1080.45703125,568.240478515625,1173.776123046875,703.2894287109375,matched,0,CYCLIST_MOTOR,preprocessed/masks/right_rear_camera/masks/frame_000251_gt2d_000_track_-1_CYCLIST_MOTOR.png,0.9132113456726074,1122.5,635.0,13.696110725402832,16.071725845336914,3.1029605865478516,1.0035532712936401,1.9996770239456023,-0.05487151534625898,13.696110725402832,da3_bbox_median,1920.0,1280.0,image_root
right_rear,251,1772699935310637000,data\camera\right_rear_camera\1772699935310637000.jpg,3000041,3,person,0.695688,1650.0,622.0,1670.0,667.0,1650.3387451171875,622.596923828125,1670.28271484375,667.4273681640625,matched,1,PEDESTRIAN_NORMAL,preprocessed/masks/right_rear_camera/masks/frame_000251_gt2d_001_track_-1_PEDESTRIAN_NORMAL.png,0.8861156105995178,1660.0,644.5,25.465225219726562,26.534412384033203,3.829700469970703,1.0000007152557373,15.912440347472094,0.11346680337425046,25.465225219726562,da3_bbox_median,1920.0,1280.0,image_root
right_rear,252,1772699935410645000,data\camera\right_rear_camera\1772699935410645000.jpg,-1,3,person,0.383187,1877.0,608.0,1897.0,661.0,1877.0,608.0,1897.0,661.0,unassigned,2,PEDESTRIAN_NORMAL,preprocessed/masks/right_rear_camera/masks/frame_000252_gt2d_002_track_-1_PEDESTRIAN_NORMAL.png,0.8876340389251709,1887.0,634.5,36.80013656616211,36.63547897338867,1.3421707153320312,1.0,30.437644436404636,-0.16382433801384425,36.80013656616211,da3_bbox_median,1920.0,1280.0,image_root
right_rear,252,1772699935410645000,data\camera\right_rear_camera\1772699935410645000.jpg,2000123,2,motorcycle,0.86615,1047.0,562.0,1148.0,702.0,1053.1580810546875,564.3028564453125,1152.1751708984375,703.397216796875,matched,0,CYCLIST_MOTOR,preprocessed/masks/right_rear_camera/masks/frame_000252_gt2d_000_track_-1_CYCLIST_MOTOR.png,0.9219835996627808,1097.5,632.0,13.814213752746582,17.32469367980957,9.69464111328125,1.0013984441757202,1.709238629834018,-0.09225965606731461,13.814213752746582,da3_bbox_median,1920.0,1280.0,image_root
right_rear,252,1772699935410645000,data\camera\right_rear_camera\1772699935410645000.jpg,3000041,3,person,0.613726,1653.0,621.0,1673.0,666.0,1653.02587890625,622.0609741210938,1672.9246826171875,666.9495239257812,matched,1,PEDESTRIAN_NORMAL,preprocessed/masks/right_rear_camera/masks/frame_000252_gt2d_001_track_-1_PEDESTRIAN_NORMAL.png,0.8886425495147705,1663.0,643.5,23.456119537353516,24.5002384185791,5.546722412109375,1.0000005960464478,14.71970379602756,0.08362121338970113,23.456119537353516,da3_bbox_median,1920.0,1280.0,image_root
right_rear,253,1772699935510652000,data\camera\right_rear_camera\1772699935510652000.jpg,-1,3,person,0.385334,1877.0,608.0,1898.0,661.0,1877.0,608.0,1898.0,661.0,unassigned,2,PEDESTRIAN_NORMAL,preprocessed/masks/right_rear_camera/masks/frame_000253_gt2d_002_track_-1_PEDESTRIAN_NORMAL.png,0.8883272409439087,1887.5,634.5,35.057132720947266,34.92791748046875,1.5897712707519531,1.0,29.011610485504868,-0.1560649523772032,35.057132720947266,da3_bbox_median,1920.0,1280.0,image_root
right_rear,253,1772699935510652000,data\camera\right_rear_camera\1772699935510652000.jpg,2000123,2,motorcycle,0.880092,1018.0,560.0,1124.0,705.0,1024.7415771484375,560.4691772460938,1129.1103515625,704.2813110351562,matched,0,CYCLIST_MOTOR,preprocessed/masks/right_rear_camera/masks/frame_000253_gt2d_000_track_-1_CYCLIST_MOTOR.png,0.9214147925376892,1071.0,632.5,13.66356086730957,17.53032684326172,12.617012023925781,1.0009822845458984,1.368012347253484,-0.08516810581500076,13.66356086730957,da3_bbox_median,1920.0,1280.0,image_root
right_rear,253,1772699935510652000,data\camera\right_rear_camera\1772699935510652000.jpg,3000041,3,person,0.804888,1656.0,621.0,1675.0,666.0,1656.1378173828125,620.8859252929688,1675.3594970703125,665.8024291992188,matched,1,PEDESTRIAN_NORMAL,preprocessed/masks/right_rear_camera/masks/frame_000253_gt2d_001_track_-1_PEDESTRIAN_NORMAL.png,0.8942793011665344,1665.5,643.5,24.31552505493164,24.184476852416992,4.275812149047852,1.000001311302185,15.31317457507005,0.08668499945453781,24.31552505493164,da3_bbox_median,1920.0,1280.0,image_root
right_rear,254,1772699935610660000,data\camera\right_rear_camera\1772699935610660000.jpg,-1,3,person,0.313195,1878.0,609.0,1898.0,664.0,1878.0,609.0,1898.0,664.0,unassigned,2,PEDESTRIAN_NORMAL,preprocessed/masks/right_rear_camera/masks/frame_000254_gt2d_002_track_-1_PEDESTRIAN_NORMAL.png,0.877710223197937,1888.0,636.5,35.12580108642578,35.031368255615234,1.9253463745117188,1.0,29.084084178155486,-0.09379412399237874,35.12580108642578,da3_bbox_median,1920.0,1280.0,image_root
right_rear,254,1772699935610660000,data\camera\right_rear_camera\1772699935610660000.jpg,2000123,2,motorcycle,0.891949,986.0,559.0,1099.0,709.0,994.2838134765625,559.7842407226562,1105.1265869140625,708.5596923828125,matched,0,CYCLIST_MOTOR,preprocessed/masks/right_rear_camera/masks/frame_000254_gt2d_000_track_-1_CYCLIST_MOTOR.png,0.9166033267974854,1042.5,634.0,12.557995796203613,16.26508140563965,10.133390426635742,1.0002508163452148,0.938461230936732,-0.06149783822424383,12.557995796203613,da3_bbox_median,1920.0,1280.0,image_root
right_rear,254,1772699935610660000,data\camera\right_rear_camera\1772699935610660000.jpg,3000041,3,person,0.760447,1659.0,624.0,1679.0,668.0,1659.6505126953125,623.7605590820312,1679.3089599609375,668.0297241210938,matched,1,PEDESTRIAN_NORMAL,preprocessed/masks/right_rear_camera/masks/frame_000254_gt2d_001_track_-1_PEDESTRIAN_NORMAL.png,0.8688565492630005,1669.0,646.0,22.69289207458496,23.708507537841797,5.439737319946289,1.0,14.362050846352226,0.13143446154513141,22.69289207458496,da3_bbox_median,1920.0,1280.0,image_root
right_rear,255,1772699935710637000,data\camera\right_rear_camera\1772699935710637000.jpg,-1,3,person,0.329925,1879.0,608.0,1899.0,662.0,1879.0,608.0,1899.0,662.0,unassigned,2,PEDESTRIAN_NORMAL,preprocessed/masks/right_rear_camera/masks/frame_000255_gt2d_002_track_-1_PEDESTRIAN_NORMAL.png,0.8891226053237915,1889.0,635.0,35.75178527832031,35.60905075073242,0.6700057983398438,1.0,29.634249435938848,-0.14323443157603485,35.75178527832031,da3_bbox_median,1920.0,1280.0,image_root
right_rear,255,1772699935710637000,data\camera\right_rear_camera\1772699935710637000.jpg,2000123,2,motorcycle,0.887397,953.0,557.0,1071.0,707.0,961.8455810546875,558.1438598632812,1078.3341064453125,708.7818603515625,matched,0,CYCLIST_MOTOR,preprocessed/masks/right_rear_camera/masks/frame_000255_gt2d_000_track_-1_CYCLIST_MOTOR.png,0.9196652173995972,1012.0,632.0,12.086786270141602,15.31086540222168,9.778564453125,1.0001105070114136,0.5748149974587166,-0.0807228528674455,12.086786270141602,da3_bbox_median,1920.0,1280.0,image_root
right_rear,255,1772699935710637000,data\camera\right_rear_camera\1772699935710637000.jpg,3000041,3,person,0.824202,1663.0,623.0,1682.0,666.0,1663.4400634765625,624.0048217773438,1682.596435546875,667.3684692382812,matched,1,PEDESTRIAN_NORMAL,preprocessed/masks/right_rear_camera/masks/frame_000255_gt2d_001_track_-1_PEDESTRIAN_NORMAL.png,0.8717402815818787,1672.5,644.5,23.983041763305664,24.49272346496582,3.138212203979492,1.0,15.253354509970464,0.10686255709866685,23.983041763305664,da3_bbox_median,1920.0,1280.0,image_root
right_rear,256,1772699935810644000,data\camera\right_rear_camera\1772699935810644000.jpg,-1,3,person,0.370736,1880.0,607.0,1900.0,660.0,1880.0,607.0,1900.0,660.0,unassigned,2,PEDESTRIAN_NORMAL,preprocessed/masks/right_rear_camera/masks/frame_000256_gt2d_002_track_-1_PEDESTRIAN_NORMAL.png,0.8862971663475037,1890.0,633.5,36.440223693847656,36.417991638183594,0.5326309204101562,1.0,30.23735332870585,-0.19468118339763468,36.440223693847656,da3_bbox_median,1920.0,1280.0,image_root
right_rear,256,1772699935810644000,data\camera\right_rear_camera\1772699935810644000.jpg,2000123,2,motorcycle,0.858704,917.0,552.0,1042.0,707.0,925.848876953125,553.1856079101562,1048.912353515625,707.659912109375,matched,0,CYCLIST_MOTOR,preprocessed/masks/right_rear_camera/masks/frame_000256_gt2d_000_track_-1_CYCLIST_MOTOR.png,0.8644195795059204,979.5,629.5,10.668944358825684,12.443440437316895,5.057553291320801,1.0003137588500977,0.19847020696842574,-0.09501201906197398,10.668944358825684,da3_bbox_median,1920.0,1280.0,image_root
right_rear,256,1772699935810644000,data\camera\right_rear_camera\1772699935810644000.jpg,3000041,3,person,0.736732,1666.0,622.0,1684.0,665.0,1665.895751953125,622.331787109375,1684.1983642578125,665.3655395507812,matched,1,PEDESTRIAN_NORMAL,preprocessed/masks/right_rear_camera/masks/frame_000256_gt2d_001_track_-1_PEDESTRIAN_NORMAL.png,0.8640426397323608,1675.0,643.5,22.712501525878906,23.53835105895996,3.1715030670166016,1.0,14.495870704484677,0.08097021051094622,22.712501525878906,da3_bbox_median,1920.0,1280.0,image_root
right_rear,257,1772699935910651000,data\camera\right_rear_camera\1772699935910651000.jpg,-1,3,person,0.304749,1880.0,606.0,1900.0,660.0,1880.0,606.0,1900.0,660.0,unassigned,2,PEDESTRIAN_NORMAL,preprocessed/masks/right_rear_camera/masks/frame_000257_gt2d_002_track_-1_PEDESTRIAN_NORMAL.png,0.8876863718032837,1890.0,633.0,38.75111389160156,38.60315704345703,0.6792831420898438,1.0,32.154882814813945,-0.22428582081783663,38.75111389160156,da3_bbox_median,1920.0,1280.0,image_root
right_rear,257,1772699935910651000,data\camera\right_rear_camera\1772699935910651000.jpg,2000123,2,motorcycle,0.859284,876.0,548.0,1010.0,707.0,886.104248046875,548.6162719726562,1017.349853515625,707.0596923828125,matched,0,CYCLIST_MOTOR,preprocessed/masks/right_rear_camera/masks/frame_000257_gt2d_000_track_-1_CYCLIST_MOTOR.png,0.8013451099395752,943.0,627.5,9.477456092834473,12.777249336242676,7.594119071960449,1.0000888109207153,-0.13188583469055515,-0.10128531280395577,9.477456092834473,da3_bbox_median,1920.0,1280.0,image_root
right_rear,257,1772699935910651000,data\camera\right_rear_camera\1772699935910651000.jpg,3000041,3,person,0.745465,1667.0,620.0,1688.0,665.0,1667.1890869140625,620.265380859375,1687.2318115234375,664.5221557617188,matched,1,PEDESTRIAN_NORMAL,preprocessed/masks/right_rear_camera/masks/frame_000257_gt2d_001_track_-1_PEDESTRIAN_NORMAL.png,0.8379891514778137,1677.5,642.5,24.781869888305664,25.17679786682129,6.050106048583984,1.0,15.871806401505033,0.06627310395336418,24.781869888305664,da3_bbox_median,1920.0,1280.0,image_root
right_rear,258,1772699936010645000,data\camera\right_rear_camera\1772699936010645000.jpg,-1,3,person,0.339803,1881.0,607.0,1901.0,661.0,1881.0,607.0,1901.0,661.0,unassigned,2,PEDESTRIAN_NORMAL,preprocessed/masks/right_rear_camera/masks/frame_000258_gt2d_002_track_-1_PEDESTRIAN_NORMAL.png,0.8971368074417114,1891.0,634.0,41.27360534667969,41.14643859863281,0.6997337341308594,1.0,34.284765924622114,-0.2021212258494881,41.27360534667969,da3_bbox_median,1920.0,1280.0,image_root
right_rear,258,1772699936010645000,data\camera\right_rear_camera\1772699936010645000.jpg,2000123,2,motorcycle,0.844019,833.0,546.0,975.0,707.0,844.2307739257812,545.6636962890625,983.657470703125,706.8453369140625,matched,0,CYCLIST_MOTOR,preprocessed/masks/right_rear_camera/masks/frame_000258_gt2d_000_track_-1_CYCLIST_MOTOR.png,0.8624995946884155,904.0,626.5,9.51328182220459,11.636418342590332,2.105497360229492,1.000062346458435,-0.4629294044009432,-0.11014212456430726,9.51328182220459,da3_bbox_median,1920.0,1280.0,image_root
right_rear,258,1772699936010645000,data\camera\right_rear_camera\1772699936010645000.jpg,3000041,3,person,0.596704,1670.0,621.0,1690.0,665.0,1669.8848876953125,620.2064208984375,1689.882568359375,664.2620849609375,matched,1,PEDESTRIAN_NORMAL,preprocessed/masks/right_rear_camera/masks/frame_000258_gt2d_001_track_-1_PEDESTRIAN_NORMAL.png,0.8075021505355835,1680.0,643.0,26.725643157958984,27.547792434692383,5.811040878295898,1.0,17.17624182226991,0.08337417000897732,26.725643157958984,da3_bbox_median,1920.0,1280.0,image_root
right_rear,259,1772699936110561000,data\camera\right_rear_camera\1772699936110561000.jpg,-1,3,person,0.374032,1881.0,608.0,1902.0,662.0,1881.0,608.0,1902.0,662.0,unassigned,2,PEDESTRIAN_NORMAL,preprocessed/masks/right_rear_camera/masks/frame_000259_gt2d_002_track_-1_PEDESTRIAN_NORMAL.png,0.8902976512908936,1891.5,635.0,37.364768981933594,37.27104949951172,0.6016693115234375,1.0,31.054455304329668,-0.14969662086616112,37.364768981933594,da3_bbox_median,1920.0,1280.0,image_root
right_rear,259,1772699936110561000,data\camera\right_rear_camera\1772699936110561000.jpg,2000123,2,motorcycle,0.827094,788.0,545.0,935.0,714.0,798.56494140625,544.6859130859375,944.3070678710938,711.9793090820312,matched,0,CYCLIST_MOTOR,preprocessed/masks/right_rear_camera/masks/frame_000259_gt2d_000_track_-1_CYCLIST_MOTOR.png,0.8125888109207153,861.5,629.5,8.6301851272583,10.582710266113281,2.107893943786621,1.0000109672546387,-0.7467286008311874,-0.07685589935063483,8.6301851272583,da3_bbox_median,1920.0,1280.0,image_root
right_rear,259,1772699936110561000,data\camera\right_rear_camera\1772699936110561000.jpg,3000041,3,person,0.59531,1671.0,622.0,1694.0,665.0,1670.2757568359375,621.5785522460938,1692.238525390625,664.8988037109375,matched,1,PEDESTRIAN_NORMAL,preprocessed/masks/right_rear_camera/masks/frame_000259_gt2d_001_track_-1_PEDESTRIAN_NORMAL.png,0.7948590517044067,1682.5,643.5,27.119585037231445,26.655517578125,4.959379196166992,1.0,17.48982644573523,0.09668149089311567,27.119585037231445,da3_bbox_median,1920.0,1280.0,image_root
right_rear,260,1772699936210538000,data\camera\right_rear_camera\1772699936210538000.jpg,-1,3,person,0.397968,1882.0,608.0,1902.0,661.0,1882.0,608.0,1902.0,661.0,unassigned,2,PEDESTRIAN_NORMAL,preprocessed/masks/right_rear_camera/masks/frame_000260_gt2d_002_track_-1_PEDESTRIAN_NORMAL.png,0.8789252638816833,1892.0,634.5,34.800636291503906,34.65823745727539,0.44213104248046875,1.0,28.93886592130773,-0.15492309906693286,34.800636291503906,da3_bbox_median,1920.0,1280.0,image_root
right_rear,260,1772699936210538000,data\camera\right_rear_camera\1772699936210538000.jpg,2000123,2,motorcycle,0.800877,739.0,541.0,897.0,718.0,752.8438720703125,542.5009765625,907.9052734375,717.1943359375,matched,0,CYCLIST_MOTOR,preprocessed/masks/right_rear_camera/masks/frame_000260_gt2d_000_track_-1_CYCLIST_MOTOR.png,0.7779995203018188,818.0,629.5,8.058855056762695,10.388589859008789,3.749070167541504,1.0000158548355103,-1.0096130415077635,-0.07176793359480046,8.058855056762695,da3_bbox_median,1920.0,1280.0,image_root
right_rear,260,1772699936210538000,data\camera\right_rear_camera\1772699936210538000.jpg,3000041,3,person,0.624954,1674.0,622.0,1695.0,665.0,1674.867431640625,622.7274780273438,1696.2799072265625,665.7752685546875,matched,1,PEDESTRIAN_NORMAL,preprocessed/masks/right_rear_camera/masks/frame_000260_gt2d_001_track_-1_PEDESTRIAN_NORMAL.png,0.7746463418006897,1684.5,643.5,24.602083206176758,24.137874603271484,4.528520584106445,1.0,15.91008848911686,0.08770658106251293,24.602083206176758,da3_bbox_median,1920.0,1280.0,image_root
right_rear,261,1772699936310546000,data\camera\right_rear_camera\1772699936310546000.jpg,-1,1,car,0.462752,1703.0,0.0,1919.0,76.0,1703.0,0.0,1919.0,76.0,unassigned,2,VEHICLE_CAR,preprocessed/masks/right_rear_camera/masks/frame_000261_gt2d_002_track_-1_VEHICLE_CAR.png,0.9580007791519165,1811.0,38.0,10.94686508178711,14.537684440612793,1.7856416702270508,1.0000815391540527,8.31302076166109,-5.865147676074654,10.94686508178711,da3_bbox_median,1920.0,1280.0,image_root
right_rear,261,1772699936310546000,data\camera\right_rear_camera\1772699936310546000.jpg,-1,3,person,0.398867,1883.0,606.0,1903.0,660.0,1883.0,606.0,1903.0,660.0,unassigned,3,PEDESTRIAN_NORMAL,preprocessed/masks/right_rear_camera/masks/frame_000261_gt2d_003_track_-1_PEDESTRIAN_NORMAL.png,0.8932259678840637,1893.0,633.0,35.57369613647461,35.427391052246094,0.5368995666503906,1.0,29.613405745051768,-0.20589538818967243,35.57369613647461,da3_bbox_median,1920.0,1280.0,image_root
right_rear,261,1772699936310546000,data\camera\right_rear_camera\1772699936310546000.jpg,2000123,2,motorcycle,0.863069,691.0,533.0,855.0,722.0,702.5460815429688,535.4964599609375,864.96875,720.6343383789062,matched,0,CYCLIST_MOTOR,preprocessed/masks/right_rear_camera/masks/frame_000261_gt2d_000_track_-1_CYCLIST_MOTOR.png,0.7514172792434692,773.0,627.5,7.762524604797363,9.976741790771484,1.5794744491577148,1.0029325485229492,-1.2836970684409739,-0.08295788712118023,7.762524604797363,da3_bbox_median,1920.0,1280.0,image_root
right_rear,261,1772699936310546000,data\camera\right_rear_camera\1772699936310546000.jpg,3000041,3,person,0.697301,1677.0,623.0,1697.0,664.0,1675.9205322265625,622.7652587890625,1696.4384765625,664.3877563476562,matched,1,PEDESTRIAN_NORMAL,preprocessed/masks/right_rear_camera/masks/frame_000261_gt2d_001_track_-1_PEDESTRIAN_NORMAL.png,0.8204629421234131,1687.0,643.5,26.43053436279297,26.191232681274414,4.008832931518555,1.0,17.151410317446146,0.09422502091342533,26.43053436279297,da3_bbox_median,1920.0,1280.0,image_root
right_rear,262,1772699936410553000,data\camera\right_rear_camera\1772699936410553000.jpg,-1,1,car,0.492268,1702.0,0.0,1919.0,75.0,1702.0,0.0,1919.0,75.0,unassigned,2,VEHICLE_CAR,preprocessed/masks/right_rear_camera/masks/frame_000262_gt2d_002_track_-1_VEHICLE_CAR.png,0.9593738317489624,1810.5,37.5,10.402908325195312,13.964696884155273,1.4530305862426758,1.000098466873169,7.895307373925299,-5.5783379095324666,10.402908325195312,da3_bbox_median,1920.0,1280.0,image_root
right_rear,262,1772699936410553000,data\camera\right_rear_camera\1772699936410553000.jpg,-1,3,person,0.412261,1883.0,607.0,1903.0,660.0,1883.0,607.0,1903.0,660.0,unassigned,3,PEDESTRIAN_NORMAL,preprocessed/masks/right_rear_camera/masks/frame_000262_gt2d_003_track_-1_PEDESTRIAN_NORMAL.png,0.897484540939331,1893.0,633.5,33.09318161010742,32.82268524169922,0.46734619140625,1.0,27.548495682178384,-0.17679967643382735,33.09318161010742,da3_bbox_median,1920.0,1280.0,image_root
right_rear,262,1772699936410553000,data\camera\right_rear_camera\1772699936410553000.jpg,-1,3,person,0.376112,715.0,531.0,779.0,708.0,715.0,531.0,779.0,708.0,unassigned,4,PEDESTRIAN_NORMAL,preprocessed/masks/right_rear_camera/masks/frame_000262_gt2d_004_track_-1_PEDESTRIAN_NORMAL.png,0.8559211492538452,747.0,619.5,6.547050476074219,7.4901580810546875,0.45916748046875,1.0038257837295532,-1.2343470892847994,-0.11662236078911642,6.547050476074219,da3_bbox_median,1920.0,1280.0,image_root
right_rear,262,1772699936410553000,data\camera\right_rear_camera\1772699936410553000.jpg,2000123,2,motorcycle,0.786312,633.0,530.0,807.0,723.0,647.3880615234375,530.8284301757812,818.9067993164062,722.5086669921875,matched,0,CYCLIST_MOTOR,preprocessed/masks/right_rear_camera/masks/frame_000262_gt2d_000_track_-1_CYCLIST_MOTOR.png,0.7809730768203735,720.0,626.5,6.518808364868164,8.566845893859863,0.7477798461914062,1.004178524017334,-1.385830258855475,-0.07547294575656444,6.518808364868164,da3_bbox_median,1920.0,1280.0,image_root
right_rear,262,1772699936410553000,data\camera\right_rear_camera\1772699936410553000.jpg,3000041,3,person,0.668737,1678.0,622.0,1698.0,663.0,1677.541015625,622.0527954101562,1697.7138671875,663.1488647460938,matched,1,PEDESTRIAN_NORMAL,preprocessed/masks/right_rear_camera/masks/frame_000262_gt2d_001_track_-1_PEDESTRIAN_NORMAL.png,0.8488582968711853,1688.0,642.5,24.62618637084961,24.069997787475586,3.7331581115722656,1.0,16.00246525637387,0.06585676612322089,24.62618637084961,da3_bbox_median,1920.0,1280.0,image_root
right_rear,263,1772699936510561000,data\camera\right_rear_camera\1772699936510561000.jpg,-1,3,person,0.434974,1883.0,609.0,1903.0,661.0,1883.0,609.0,1903.0,661.0,unassigned,2,PEDESTRIAN_NORMAL,preprocessed/masks/right_rear_camera/masks/frame_000263_gt2d_002_track_-1_PEDESTRIAN_NORMAL.png,0.8860160708427429,1893.0,635.0,35.40202331542969,35.18497085571289,0.39693450927734375,1.0,29.47049630754217,-0.14183316012758676,35.40202331542969,da3_bbox_median,1920.0,1280.0,image_root
right_rear,263,1772699936510561000,data\camera\right_rear_camera\1772699936510561000.jpg,2000123,2,motorcycle,0.885446,571.0,525.0,761.0,727.0,587.6301879882812,525.6500244140625,772.6666870117188,725.515380859375,matched,0,CYCLIST_MOTOR,preprocessed/masks/right_rear_camera/masks/frame_000263_gt2d_000_track_-1_CYCLIST_MOTOR.png,0.6648871898651123,666.0,626.0,7.8417510986328125,10.288619995117188,2.840879440307617,1.0001569986343384,-2.0443354904252504,-0.094282122581096,7.8417510986328125,da3_bbox_median,1920.0,1280.0,image_root
right_rear,263,1772699936510561000,data\camera\right_rear_camera\1772699936510561000.jpg,3000041,3,person,0.750879,1681.0,622.0,1700.0,664.0,1680.373046875,621.5899658203125,1699.753662109375,663.1757202148438,matched,1,PEDESTRIAN_NORMAL,preprocessed/masks/right_rear_camera/masks/frame_000263_gt2d_001_track_-1_PEDESTRIAN_NORMAL.png,0.7824622392654419,1690.5,643.0,26.308734893798828,26.112960815429688,3.805307388305664,1.0,17.154407555932142,0.08207356967211002,26.308734893798828,da3_bbox_median,1920.0,1280.0,image_root
right_rear,264,1772699936610537000,data\camera\right_rear_camera\1772699936610537000.jpg,-1,3,person,0.404671,1884.0,609.0,1903.0,660.0,1884.0,609.0,1903.0,660.0,unassigned,2,PEDESTRIAN_NORMAL,preprocessed/masks/right_rear_camera/masks/frame_000264_gt2d_002_track_-1_PEDESTRIAN_NORMAL.png,0.8929924964904785,1893.5,634.5,39.913787841796875,39.64297866821289,0.6500778198242188,1.0,33.24410500883573,-0.17768547839629212,39.913787841796875,da3_bbox_median,1920.0,1280.0,image_root
right_rear,264,1772699936610537000,data\camera\right_rear_camera\1772699936610537000.jpg,2000123,2,motorcycle,0.869858,505.0,519.0,706.0,729.0,522.5905151367188,520.0599365234375,719.7490234375,728.099365234375,matched,0,CYCLIST_MOTOR,preprocessed/masks/right_rear_camera/masks/frame_000264_gt2d_000_track_-1_CYCLIST_MOTOR.png,0.7635593414306641,605.5,624.0,9.041084289550781,11.360345840454102,3.0172834396362305,1.0000454187393188,-2.844317262857158,-0.12480848780522912,9.041084289550781,da3_bbox_median,1920.0,1280.0,image_root
right_rear,264,1772699936610537000,data\camera\right_rear_camera\1772699936610537000.jpg,3000041,3,person,0.508346,1683.0,622.0,1701.0,663.0,1681.9669189453125,621.5892333984375,1700.3792724609375,662.7015991210938,matched,1,PEDESTRIAN_NORMAL,preprocessed/masks/right_rear_camera/masks/frame_000264_gt2d_001_track_-1_PEDESTRIAN_NORMAL.png,0.8095971941947937,1692.0,642.5,26.87893295288086,26.713144302368164,6.336511611938477,1.0,17.562121016236684,0.07188119079675993,26.87893295288086,da3_bbox_median,1920.0,1280.0,image_root
right_rear,265,1772699936710545000,data\camera\right_rear_camera\1772699936710545000.jpg,-1,3,person,0.305991,1885.0,609.0,1903.0,659.0,1885.0,609.0,1903.0,659.0,unassigned,2,PEDESTRIAN_NORMAL,preprocessed/masks/right_rear_camera/masks/frame_000265_gt2d_002_track_-1_PEDESTRIAN_NORMAL.png,0.896660566329956,1894.0,634.0,41.600975036621094,41.596519470214844,0.6161918640136719,1.0,34.66789090642797,-0.20372438996566208,41.600975036621094,da3_bbox_median,1920.0,1280.0,image_root
right_rear,265,1772699936710545000,data\camera\right_rear_camera\1772699936710545000.jpg,2000123,2,motorcycle,0.894088,431.0,512.0,650.0,733.0,451.4346008300781,513.48193359375,664.5474243164062,731.5880737304688,matched,0,CYCLIST_MOTOR,preprocessed/masks/right_rear_camera/masks/frame_000265_gt2d_000_track_-1_CYCLIST_MOTOR.png,0.8197104334831238,540.5,622.5,8.892105102539062,10.95020866394043,1.904189109802246,1.0001440048217773,-3.3123849531498664,-0.1346328370340508,8.892105102539062,da3_bbox_median,1920.0,1280.0,image_root
right_rear,265,1772699936710545000,data\camera\right_rear_camera\1772699936710545000.jpg,3000041,3,person,0.565488,1685.0,622.0,1704.0,663.0,1684.1751708984375,621.5896606445312,1702.91796875,662.53466796875,matched,1,PEDESTRIAN_NORMAL,preprocessed/masks/right_rear_camera/masks/frame_000265_gt2d_001_track_-1_PEDESTRIAN_NORMAL.png,0.7878354787826538,1694.5,642.5,30.293163299560547,29.3807373046875,4.758872985839844,1.0,19.860377731328867,0.08101172225810897,30.293163299560547,da3_bbox_median,1920.0,1280.0,image_root
right_rear,266,1772699936810552000,data\camera\right_rear_camera\1772699936810552000.jpg,-1,3,person,0.36842,1884.0,609.0,1904.0,660.0,1884.0,609.0,1904.0,660.0,unassigned,2,PEDESTRIAN_NORMAL,preprocessed/masks/right_rear_camera/masks/frame_000266_gt2d_002_track_-1_PEDESTRIAN_NORMAL.png,0.8900514841079712,1894.0,634.5,38.99613952636719,38.61521530151367,0.5841522216796875,1.0,32.49716886880318,-0.17360035421381778,38.99613952636719,da3_bbox_median,1920.0,1280.0,image_root
right_rear,266,1772699936810552000,data\camera\right_rear_camera\1772699936810552000.jpg,2000123,2,motorcycle,0.896327,349.0,505.0,593.0,740.0,372.533935546875,506.87542724609375,607.3992309570312,737.6695556640625,matched,0,CYCLIST_MOTOR,preprocessed/masks/right_rear_camera/masks/frame_000266_gt2d_000_track_-1_CYCLIST_MOTOR.png,0.7850754261016846,471.0,622.5,8.454203605651855,10.113090515136719,2.1704492568969727,1.0000300407409668,-3.6727345635017246,-0.12800269488126093,8.454203605651855,da3_bbox_median,1920.0,1280.0,image_root
right_rear,266,1772699936810552000,data\camera\right_rear_camera\1772699936810552000.jpg,3000041,3,person,0.461342,1686.0,622.0,1708.0,664.0,1685.334716796875,621.8995361328125,1706.19580078125,663.4591064453125,matched,1,PEDESTRIAN_NORMAL,preprocessed/masks/right_rear_camera/masks/frame_000266_gt2d_001_track_-1_PEDESTRIAN_NORMAL.png,0.8009647727012634,1697.0,643.0,28.830129623413086,28.201269149780273,5.523366928100586,1.0,18.965417063092456,0.08993939320361949,28.830129623413086,da3_bbox_median,1920.0,1280.0,image_root
right_rear,267,1772699936910560000,data\camera\right_rear_camera\1772699936910560000.jpg,1000000,1,car,0.50587,1705.0,0.0,1919.0,73.0,1705.0,0.0,1919.0,73.0,tentative,2,VEHICLE_CAR,preprocessed/masks/right_rear_camera/masks/frame_000267_gt2d_002_track_-1_VEHICLE_CAR.png,0.9644622802734375,1812.0,36.5,13.32135009765625,14.676121711730957,1.2311429977416992,1.0000039339065552,10.128066657020645,-7.155156094682843,13.32135009765625,da3_bbox_median,1920.0,1280.0,image_root
right_rear,267,1772699936910560000,data\camera\right_rear_camera\1772699936910560000.jpg,2000123,2,motorcycle,0.895971,263.0,499.0,518.0,746.0,288.322509765625,500.45166015625,538.6200561523438,743.6861572265625,matched,0,CYCLIST_MOTOR,preprocessed/masks/right_rear_camera/masks/frame_000267_gt2d_000_track_-1_CYCLIST_MOTOR.png,0.7799171209335327,390.5,622.5,7.391699314117432,8.655974388122559,1.5760083198547363,1.0015220642089844,-3.7412759847933286,-0.11191561926974036,7.391699314117432,da3_bbox_median,1920.0,1280.0,image_root
right_rear,267,1772699936910560000,data\camera\right_rear_camera\1772699936910560000.jpg,3000041,3,person,0.71083,1688.0,621.0,1709.0,665.0,1686.7757568359375,621.244140625,1707.7713623046875,664.3609008789062,matched,1,PEDESTRIAN_NORMAL,preprocessed/masks/right_rear_camera/masks/frame_000267_gt2d_001_track_-1_PEDESTRIAN_NORMAL.png,0.8152508735656738,1698.5,643.0,25.333620071411133,25.44304084777832,4.292366027832031,1.0,16.699152023993552,0.07903157032715454,25.333620071411133,da3_bbox_median,1920.0,1280.0,image_root
right_rear,268,1772699937010523000,data\camera\right_rear_camera\1772699937010523000.jpg,-1,1,car,0.338175,1704.0,0.0,1919.0,82.0,1704.0,0.0,1919.0,82.0,unassigned,2,VEHICLE_CAR,preprocessed/masks/right_rear_camera/masks/frame_000268_gt2d_002_track_-1_VEHICLE_CAR.png,0.9324913024902344,1811.5,41.0,13.318231582641602,14.707123756408691,1.309896469116211,1.000000238418579,10.119762988740904,-7.100096692554945,13.318231582641602,da3_bbox_median,1920.0,1280.0,image_root
right_rear,268,1772699937010523000,data\camera\right_rear_camera\1772699937010523000.jpg,2000123,2,motorcycle,0.848214,158.0,491.0,451.0,747.0,189.83401489257812,492.8111572265625,469.7501220703125,746.509765625,matched,0,CYCLIST_MOTOR,preprocessed/masks/right_rear_camera/masks/frame_000268_gt2d_000_track_50_CYCLIST_MOTOR.png,0.7588754296302795,304.5,619.0,6.57597541809082,7.865554332733154,1.684333324432373,1.0001364946365356,-3.832242847585205,-0.12006637037391495,6.57597541809082,da3_bbox_median,1920.0,1280.0,image_root
right_rear,268,1772699937010523000,data\camera\right_rear_camera\1772699937010523000.jpg,3000041,3,person,0.66159,1690.0,620.0,1711.0,664.0,1688.6165771484375,620.2062377929688,1709.659423828125,663.9107666015625,matched,1,PEDESTRIAN_NORMAL,preprocessed/masks/right_rear_camera/masks/frame_000268_gt2d_001_track_-1_PEDESTRIAN_NORMAL.png,0.8459072709083557,1700.5,642.0,26.652938842773438,26.721221923828125,6.036773681640625,1.0,17.616297780299504,0.0594062893542041,26.652938842773438,da3_bbox_median,1920.0,1280.0,image_root
right_rear,269,1772699937110653000,data\camera\right_rear_camera\1772699937110653000.jpg,-1,2,motorcycle,0.46585,1691.0,621.0,1715.0,664.0,1691.0,621.0,1715.0,664.0,unassigned,1,CYCLIST_MOTOR,preprocessed/masks/right_rear_camera/masks/frame_000269_gt2d_001_track_-1_CYCLIST_MOTOR.png,0.8814924955368042,1703.0,642.5,26.866008758544922,26.478370666503906,6.378498077392578,1.0,17.816964884957894,0.07184662817180065,26.866008758544922,da3_bbox_median,1920.0,1280.0,image_root
right_rear,269,1772699937110653000,data\camera\right_rear_camera\1772699937110653000.jpg,2000123,2,motorcycle,0.828324,37.0,485.0,353.0,756.0,77.23052215576172,485.91217041015625,382.9601135253906,753.0569458007812,matched,0,CYCLIST_MOTOR,preprocessed/masks/right_rear_camera/masks/frame_000269_gt2d_000_track_50_CYCLIST_MOTOR.png,0.727628231048584,195.0,620.5,6.322579860687256,7.694763660430908,2.2889723777770996,1.0004574060440063,-4.301372623181887,-0.1069920446345144,6.322579860687256,da3_bbox_median,1920.0,1280.0,image_root
right_rear,270,1772699937210660000,data\camera\right_rear_camera\1772699937210660000.jpg,2000123,2,motorcycle,0.833938,0.0,474.0,269.0,750.0,9.369311332702637,476.5295715332031,296.8938903808594,751.9852905273438,matched,0,CYCLIST_MOTOR,preprocessed/masks/right_rear_camera/masks/frame_000270_gt2d_000_track_50_CYCLIST_MOTOR.png,0.9199691414833069,134.5,612.0,6.757946968078613,8.338109970092773,3.073996067047119,1.0003176927566528,-4.961816480417485,-0.1655262942604166,6.757946968078613,da3_bbox_median,1920.0,1280.0,image_root
right_rear,270,1772699937210660000,data\camera\right_rear_camera\1772699937210660000.jpg,2000124,2,motorcycle,0.50359,1694.0,622.0,1717.0,663.0,1694.0,622.0,1717.0,663.0,tentative,1,CYCLIST_MOTOR,preprocessed/masks/right_rear_camera/masks/frame_000270_gt2d_001_track_-1_CYCLIST_MOTOR.png,0.8763194680213928,1705.5,642.5,29.86916732788086,29.742700576782227,4.791461944580078,1.0,19.875122823886482,0.0798778478074084,29.86916732788086,da3_bbox_median,1920.0,1280.0,image_root
right_rear,271,1772699937310637000,data\camera\right_rear_camera\1772699937310637000.jpg,-1,3,person,0.325409,1887.0,607.0,1905.0,659.0,1887.0,607.0,1905.0,659.0,unassigned,2,PEDESTRIAN_NORMAL,preprocessed/masks/right_rear_camera/masks/frame_000271_gt2d_002_track_-1_PEDESTRIAN_NORMAL.png,0.8974963426589966,1896.0,633.0,53.33296203613281,53.07701110839844,1.0030975341796875,1.0,44.539692984370134,-0.3086834406975079,53.33296203613281,da3_bbox_median,1920.0,1280.0,image_root
right_rear,271,1772699937310637000,data\camera\right_rear_camera\1772699937310637000.jpg,2000123,2,motorcycle,0.780276,0.0,466.0,166.0,753.0,-16.147869110107422,467.86480712890625,196.45819091796875,753.3644409179688,matched,0,CYCLIST_MOTOR,preprocessed/masks/right_rear_camera/masks/frame_000271_gt2d_000_track_50_CYCLIST_MOTOR.png,0.6999437808990479,83.0,609.5,7.6387224197387695,9.309328079223633,2.265580177307129,1.0013717412948608,-5.95897930122978,-0.20411009026335528,7.6387224197387695,da3_bbox_median,1920.0,1280.0,image_root
right_rear,271,1772699937310637000,data\camera\right_rear_camera\1772699937310637000.jpg,3000041,3,person,0.487919,1696.0,622.0,1717.0,661.0,1694.912353515625,621.2603759765625,1715.9383544921875,661.0220336914062,matched,1,PEDESTRIAN_NORMAL,preprocessed/masks/right_rear_camera/masks/frame_000271_gt2d_001_track_-1_PEDESTRIAN_NORMAL.png,0.8907596468925476,1706.5,641.5,34.122074127197266,33.926597595214844,5.502880096435547,1.0,22.735432303318213,0.06085702384159213,34.122074127197266,da3_bbox_median,1920.0,1280.0,image_root
right_rear,272,1772699937410645000,data\camera\right_rear_camera\1772699937410645000.jpg,-1,2,motorcycle,0.478416,0.0,628.0,47.0,758.0,0.0,628.0,47.0,758.0,unassigned,0,CYCLIST_MOTOR,preprocessed/masks/right_rear_camera/masks/frame_000272_gt2d_000_track_-1_CYCLIST_MOTOR.png,0.8981844186782837,23.5,693.0,7.431410789489746,7.536135196685791,0.9883570671081543,1.0012558698654175,-6.1911895626590345,0.3541592320501263,7.431410789489746,da3_bbox_median,1920.0,1280.0,image_root
right_rear,272,1772699937410645000,data\camera\right_rear_camera\1772699937410645000.jpg,3000041,3,person,0.352708,1698.0,622.0,1719.0,661.0,1696.881103515625,621.6927490234375,1717.88525390625,660.8018798828125,matched,1,PEDESTRIAN_NORMAL,preprocessed/masks/right_rear_camera/masks/frame_000272_gt2d_001_track_-1_PEDESTRIAN_NORMAL.png,0.8580414652824402,1708.5,641.5,34.77568054199219,35.09282302856445,5.319732666015625,1.0,23.23289249666928,0.062022736717659295,34.77568054199219,da3_bbox_median,1920.0,1280.0,image_root
right_rear,273,1772699937510652000,data\camera\right_rear_camera\1772699937510652000.jpg,-1,2,motorcycle,0.418278,1701.0,623.0,1720.0,660.0,1701.0,623.0,1720.0,660.0,unassigned,0,CYCLIST_MOTOR,preprocessed/masks/right_rear_camera/masks/frame_000273_gt2d_000_track_-1_CYCLIST_MOTOR.png,0.8374890089035034,1710.5,641.5,32.714263916015625,32.72095489501953,6.250774383544922,1.0,21.9139950696714,0.05834618176127352,32.714263916015625,da3_bbox_median,1920.0,1280.0,image_root
right_rear,274,1772699937610660000,data\camera\right_rear_camera\1772699937610660000.jpg,3000041,3,person,0.50292,1701.0,622.0,1720.0,660.0,1700.3592529296875,621.89306640625,1719.7987060546875,660.0379638671875,matched,0,PEDESTRIAN_NORMAL,preprocessed/masks/right_rear_camera/masks/frame_000274_gt2d_000_track_-1_PEDESTRIAN_NORMAL.png,0.8293729424476624,1710.5,641.0,29.721397399902344,29.66822624206543,5.080759048461914,1.0,19.909191836235884,0.0397712299379736,29.721397399902344,da3_bbox_median,1920.0,1280.0,image_root
right_rear,275,1772699937710637000,data\camera\right_rear_camera\1772699937710637000.jpg,3000041,3,person,0.506434,1703.0,621.0,1721.0,661.0,1702.4385986328125,621.1304321289062,1720.827392578125,660.5263061523438,matched,0,PEDESTRIAN_NORMAL,preprocessed/masks/right_rear_camera/masks/frame_000275_gt2d_000_track_-1_PEDESTRIAN_NORMAL.png,0.8509624004364014,1712.0,641.0,32.05496597290039,31.985584259033203,1.9476470947265625,1.0,21.515194696542462,0.042893858764740646,32.05496597290039,da3_bbox_median,1920.0,1280.0,image_root
right_rear,276,1772699937810644000,data\camera\right_rear_camera\1772699937810644000.jpg,-1,2,motorcycle,0.449067,1703.0,621.0,1722.0,660.0,1703.0,621.0,1722.0,660.0,unassigned,0,CYCLIST_MOTOR,preprocessed/masks/right_rear_camera/masks/frame_000276_gt2d_000_track_-1_CYCLIST_MOTOR.png,0.8642393946647644,1712.5,640.5,30.531681060791016,30.19215965270996,2.844778060913086,1.0,20.506371089833777,0.027257471312132454,30.531681060791016,da3_bbox_median,1920.0,1280.0,image_root
right_rear,277,1772699937910651000,data\camera\right_rear_camera\1772699937910651000.jpg,-1,1,car,0.457687,1707.0,0.0,1919.0,71.0,1707.0,0.0,1919.0,71.0,unassigned,1,VEHICLE_CAR,preprocessed/masks/right_rear_camera/masks/frame_000277_gt2d_001_track_-1_VEHICLE_CAR.png,0.9643609523773193,1813.0,35.5,15.038284301757812,16.072402954101562,2.5632972717285156,1.0000005960464478,11.446829463305411,-8.090750163453297,15.038284301757812,da3_bbox_median,1920.0,1280.0,image_root
right_rear,277,1772699937910651000,data\camera\right_rear_camera\1772699937910651000.jpg,3000041,3,person,0.628962,1706.0,622.0,1724.0,661.0,1705.60693359375,621.7842407226562,1723.6331787109375,660.8919067382812,matched,0,PEDESTRIAN_NORMAL,preprocessed/masks/right_rear_camera/masks/frame_000277_gt2d_000_track_-1_PEDESTRIAN_NORMAL.png,0.8278116583824158,1715.0,641.5,27.735294342041016,27.3395938873291,2.583005905151367,1.0,18.689973631712203,0.049466145074745664,27.735294342041016,da3_bbox_median,1920.0,1280.0,image_root
right_rear,278,1772699938010645000,data\camera\right_rear_camera\1772699938010645000.jpg,3000041,3,person,0.684101,1706.0,622.0,1727.0,663.0,1705.9658203125,621.9486694335938,1726.0250244140625,662.3297729492188,matched,0,PEDESTRIAN_NORMAL,preprocessed/masks/right_rear_camera/masks/frame_000278_gt2d_000_track_-1_PEDESTRIAN_NORMAL.png,0.8268172740936279,1716.5,642.5,27.467092514038086,27.04340362548828,3.1244468688964844,1.0,18.54594676992503,0.07345408097467712,27.467092514038086,da3_bbox_median,1920.0,1280.0,image_root
right_rear,279,1772699938110561000,data\camera\right_rear_camera\1772699938110561000.jpg,3000041,3,person,0.693222,1707.0,622.0,1727.0,663.0,1706.722900390625,622.1300048828125,1726.8306884765625,662.9534301757812,matched,0,PEDESTRIAN_NORMAL,preprocessed/masks/right_rear_camera/masks/frame_000279_gt2d_000_track_-1_PEDESTRIAN_NORMAL.png,0.8707833886146545,1717.0,642.5,25.181774139404297,25.713979721069336,4.588815689086914,1.0,17.014103394141937,0.06734255093714317,25.181774139404297,da3_bbox_median,1920.0,1280.0,image_root
right_rear,280,1772699938210538000,data\camera\right_rear_camera\1772699938210538000.jpg,3000041,3,person,0.617212,1709.0,622.0,1730.0,662.0,1708.760986328125,622.1947631835938,1729.528076171875,662.5266723632812,matched,0,PEDESTRIAN_NORMAL,preprocessed/masks/right_rear_camera/masks/frame_000280_gt2d_000_track_-1_PEDESTRIAN_NORMAL.png,0.8837727308273315,1719.5,642.0,28.284351348876953,28.62071418762207,3.251422882080078,1.0,19.173361623752086,0.06304251738764402,28.284351348876953,da3_bbox_median,1920.0,1280.0,image_root
right_rear,281,1772699938310546000,data\camera\right_rear_camera\1772699938310546000.jpg,3000041,3,person,0.594525,1711.0,621.0,1731.0,661.0,1710.498046875,621.1935424804688,1730.862060546875,661.3308715820312,matched,0,PEDESTRIAN_NORMAL,preprocessed/masks/right_rear_camera/masks/frame_000281_gt2d_000_track_-1_PEDESTRIAN_NORMAL.png,0.8914852142333984,1721.0,641.0,27.652484893798828,27.592409133911133,3.3257579803466797,1.0,18.781986729542762,0.03700274654889639,27.652484893798828,da3_bbox_median,1920.0,1280.0,image_root
right_rear,282,1772699938410553000,data\camera\right_rear_camera\1772699938410553000.jpg,3000041,3,person,0.463344,1712.0,621.0,1732.0,661.0,1711.6981201171875,620.9512939453125,1731.8897705078125,661.0130004882812,matched,0,PEDESTRIAN_NORMAL,preprocessed/masks/right_rear_camera/masks/frame_000282_gt2d_000_track_-1_PEDESTRIAN_NORMAL.png,0.8692724704742432,1722.0,641.0,23.710481643676758,23.406322479248047,2.776308059692383,1.0,16.1256423869481,0.03172781564415504,23.710481643676758,da3_bbox_median,1920.0,1280.0,image_root
right_rear,283,1772699938510561000,data\camera\right_rear_camera\1772699938510561000.jpg,3000041,3,person,0.539522,1714.0,622.0,1732.0,660.0,1713.375244140625,621.5669555664062,1732.1766357421875,660.2763061523438,matched,0,PEDESTRIAN_NORMAL,preprocessed/masks/right_rear_camera/masks/frame_000283_gt2d_000_track_-1_PEDESTRIAN_NORMAL.png,0.8675060272216797,1723.0,641.0,22.249652862548828,22.124942779541016,3.133453369140625,1.0,15.151946393498037,0.02977303012137072,22.249652862548828,da3_bbox_median,1920.0,1280.0,image_root
right_rear,284,1772699938610537000,data\camera\right_rear_camera\1772699938610537000.jpg,3000041,3,person,0.356883,1716.0,622.0,1734.0,659.0,1715.80908203125,622.2552490234375,1734.065673828125,659.7792358398438,matched,0,PEDESTRIAN_NORMAL,preprocessed/masks/right_rear_camera/masks/frame_000284_gt2d_000_track_-1_PEDESTRIAN_NORMAL.png,0.8326396346092224,1725.0,640.5,25.560747146606445,24.88262939453125,2.5819549560546875,1.0,17.452336441619465,0.022819619092642456,25.560747146606445,da3_bbox_median,1920.0,1280.0,image_root
right_rear,285,1772699938710545000,data\camera\right_rear_camera\1772699938710545000.jpg,-1,2,motorcycle,0.362538,1716.0,622.0,1736.0,661.0,1716.0,622.0,1736.0,661.0,unassigned,0,CYCLIST_MOTOR,preprocessed/masks/right_rear_camera/masks/frame_000285_gt2d_000_track_-1_CYCLIST_MOTOR.png,0.8334514498710632,1726.0,641.5,24.21462631225586,23.877355575561523,2.854400634765625,1.0,16.5548068077511,0.04318700221173339,24.21462631225586,da3_bbox_median,1920.0,1280.0,image_root
right_rear,286,1772699938810552000,data\camera\right_rear_camera\1772699938810552000.jpg,-1,3,person,0.421234,1718.0,622.0,1736.0,661.0,1718.0,622.0,1736.0,661.0,unassigned,0,PEDESTRIAN_NORMAL,preprocessed/masks/right_rear_camera/masks/frame_000286_gt2d_000_track_-1_PEDESTRIAN_NORMAL.png,0.8146253824234009,1727.0,641.5,23.049489974975586,22.727705001831055,2.292957305908203,1.0,15.778773480912895,0.04110897115206653,23.049489974975586,da3_bbox_median,1920.0,1280.0,image_root
right_rear,287,1772699938910560000,data\camera\right_rear_camera\1772699938910560000.jpg,-1,2,motorcycle,0.394159,1717.0,621.0,1737.0,662.0,1717.0,621.0,1737.0,662.0,unassigned,0,CYCLIST_MOTOR,preprocessed/masks/right_rear_camera/masks/frame_000287_gt2d_000_track_-1_CYCLIST_MOTOR.png,0.8221257925033569,1727.0,641.5,24.04483413696289,23.661190032958984,1.9402828216552734,1.0,16.46014691193448,0.0428841763512244,24.04483413696289,da3_bbox_median,1920.0,1280.0,image_root
right_rear,288,1772699939010523000,data\camera\right_rear_camera\1772699939010523000.jpg,-1,3,person,0.43375,1719.0,622.0,1738.0,661.0,1719.0,622.0,1738.0,661.0,unassigned,0,PEDESTRIAN_NORMAL,preprocessed/masks/right_rear_camera/masks/frame_000288_gt2d_000_track_-1_PEDESTRIAN_NORMAL.png,0.8478103280067444,1728.5,641.5,24.363588333129883,24.465925216674805,2.68023681640625,1.0,16.710912270301353,0.04345267730586832,24.363588333129883,da3_bbox_median,1920.0,1280.0,image_root
right_rear,289,1772699939110653000,data\camera\right_rear_camera\1772699939110653000.jpg,3000041,3,person,0.61521,1721.0,622.0,1739.0,662.0,1720.915771484375,622.1262817382812,1738.93115234375,661.9013061523438,matched,0,PEDESTRIAN_NORMAL,preprocessed/masks/right_rear_camera/masks/frame_000289_gt2d_000_track_-1_PEDESTRIAN_NORMAL.png,0.8496216535568237,1730.0,642.0,22.81653594970703,23.526521682739258,2.349620819091797,1.0,15.680285022091148,0.05085539514740625,22.81653594970703,da3_bbox_median,1920.0,1280.0,image_root
right_rear,290,1772699939210660000,data\camera\right_rear_camera\1772699939210660000.jpg,-1,3,person,0.309449,454.0,607.0,486.0,689.0,454.0,607.0,486.0,689.0,unassigned,1,PEDESTRIAN_NORMAL,preprocessed/masks/right_rear_camera/masks/frame_000290_gt2d_001_track_-1_PEDESTRIAN_NORMAL.png,0.6938204765319824,470.0,648.0,5.691971778869629,6.4257073402404785,0.6478629112243652,1.0006344318389893,-2.477817450691376,0.04310743855434264,5.691971778869629,da3_bbox_median,1920.0,1280.0,image_root
right_rear,290,1772699939210660000,data\camera\right_rear_camera\1772699939210660000.jpg,3000041,3,person,0.635546,1722.0,622.0,1740.0,662.0,1722.0760498046875,622.0321655273438,1740.07568359375,662.0359497070312,matched,0,PEDESTRIAN_NORMAL,preprocessed/masks/right_rear_camera/masks/frame_000290_gt2d_000_track_-1_PEDESTRIAN_NORMAL.png,0.8595806360244751,1731.0,642.0,21.111371994018555,21.99761962890625,2.775127410888672,1.0,14.5272478522294,0.04705478374220452,21.111371994018555,da3_bbox_median,1920.0,1280.0,image_root
right_rear,291,1772699939310637000,data\camera\right_rear_camera\1772699939310637000.jpg,3000041,3,person,0.59915,1723.0,623.0,1741.0,662.0,1722.7672119140625,622.5899047851562,1740.7615966796875,662.014892578125,matched,0,PEDESTRIAN_NORMAL,preprocessed/masks/right_rear_camera/masks/frame_000291_gt2d_000_track_-1_PEDESTRIAN_NORMAL.png,0.8583702445030212,1732.0,642.5,19.584983825683594,20.432022094726562,1.6334648132324219,1.0,13.494351609800315,0.05237529189098757,19.584983825683594,da3_bbox_median,1920.0,1280.0,image_root
right_rear,292,1772699939410645000,data\camera\right_rear_camera\1772699939410645000.jpg,3000041,3,person,0.583023,1725.0,622.0,1742.0,661.0,1724.4801025390625,622.178466796875,1741.809814453125,661.3743286132812,matched,0,PEDESTRIAN_NORMAL,preprocessed/masks/right_rear_camera/masks/frame_000292_gt2d_000_track_-1_PEDESTRIAN_NORMAL.png,0.863032341003418,1733.5,641.5,22.403575897216797,23.438343048095703,2.0518665313720703,1.0,15.466343879206226,0.039956977627779104,22.403575897216797,da3_bbox_median,1920.0,1280.0,image_root
right_rear,293,1772699939510652000,data\camera\right_rear_camera\1772699939510652000.jpg,3000041,3,person,0.467918,1726.0,621.0,1744.0,661.0,1725.5860595703125,621.220947265625,1743.337646484375,660.9859619140625,matched,0,PEDESTRIAN_NORMAL,preprocessed/masks/right_rear_camera/masks/frame_000293_gt2d_000_track_-1_PEDESTRIAN_NORMAL.png,0.87444007396698,1735.0,641.0,26.85834503173828,27.728734970092773,5.25636100769043,1.0,18.57759346526066,0.03594008052980052,26.85834503173828,da3_bbox_median,1920.0,1280.0,image_root
right_rear,294,1772699939610660000,data\camera\right_rear_camera\1772699939610660000.jpg,3000041,3,person,0.521685,1726.0,622.0,1746.0,661.0,1726.2991943359375,621.4024047851562,1745.5247802734375,660.72119140625,matched,0,PEDESTRIAN_NORMAL,preprocessed/masks/right_rear_camera/masks/frame_000294_gt2d_000_track_-1_PEDESTRIAN_NORMAL.png,0.8764735460281372,1736.0,641.5,26.904943466186523,27.64725112915039,4.291044235229492,1.0,18.633795024555116,0.04798520687443602,26.904943466186523,da3_bbox_median,1920.0,1280.0,image_root
right_rear,295,1772699939710637000,data\camera\right_rear_camera\1772699939710637000.jpg,3000041,3,person,0.473087,1727.0,622.0,1746.0,661.0,1727.005126953125,621.7009887695312,1746.13818359375,660.8414916992188,matched,0,PEDESTRIAN_NORMAL,preprocessed/masks/right_rear_camera/masks/frame_000295_gt2d_000_track_-1_PEDESTRIAN_NORMAL.png,0.862724781036377,1736.5,641.5,29.555465698242188,30.08817481994629,4.113124847412109,1.0,20.482656370872398,0.05271243693869269,29.555465698242188,da3_bbox_median,1920.0,1280.0,image_root
right_rear,296,1772699939810644000,data\camera\right_rear_camera\1772699939810644000.jpg,3000041,3,person,0.467941,1728.0,623.0,1747.0,663.0,1727.9696044921875,622.3694458007812,1747.0570068359375,662.100830078125,matched,0,PEDESTRIAN_NORMAL,preprocessed/masks/right_rear_camera/masks/frame_000296_gt2d_000_track_-1_PEDESTRIAN_NORMAL.png,0.8551159501075745,1737.5,643.0,29.57122039794922,30.387222290039062,4.693475723266602,1.0,20.51992016757161,0.09225132365420097,29.57122039794922,da3_bbox_median,1920.0,1280.0,image_root
right_rear,297,1772699939910651000,data\camera\right_rear_camera\1772699939910651000.jpg,3000041,3,person,0.552896,1728.0,623.0,1747.0,661.0,1728.425048828125,622.86669921875,1747.490478515625,661.5038452148438,matched,0,PEDESTRIAN_NORMAL,preprocessed/masks/right_rear_camera/masks/frame_000297_gt2d_000_track_-1_PEDESTRIAN_NORMAL.png,0.8650683760643005,1737.5,642.0,28.96949005126953,29.43987464904785,3.9365901947021484,1.0,20.10237031639507,0.06456961157572577,28.96949005126953,da3_bbox_median,1920.0,1280.0,image_root
right_rear,298,1772699940010645000,data\camera\right_rear_camera\1772699940010645000.jpg,3000041,3,person,0.527975,1729.0,624.0,1748.0,660.0,1728.9796142578125,623.546142578125,1748.032958984375,660.4228515625,matched,0,PEDESTRIAN_NORMAL,preprocessed/masks/right_rear_camera/masks/frame_000298_gt2d_000_track_-1_PEDESTRIAN_NORMAL.png,0.8754542469978333,1738.5,642.0,28.298154830932617,29.494340896606445,3.8140926361083984,1.0,19.661731798504466,0.06307328373779894,28.298154830932617,da3_bbox_median,1920.0,1280.0,image_root
right_rear,299,1772699940110561000,data\camera\right_rear_camera\1772699940110561000.jpg,-1,2,motorcycle,0.471652,1729.0,624.0,1749.0,662.0,1729.0,624.0,1749.0,662.0,unassigned,0,CYCLIST_MOTOR,preprocessed/masks/right_rear_camera/masks/frame_000299_gt2d_000_track_-1_CYCLIST_MOTOR.png,0.8889024257659912,1739.0,643.0,28.367996215820312,29.39273452758789,6.2179412841796875,1.0,19.72289474060821,0.08849770706481487,28.367996215820312,da3_bbox_median,1920.0,1280.0,image_root
right_rear,300,1772699940210538000,data\camera\right_rear_camera\1772699940210538000.jpg,3000041,3,person,0.575379,1731.0,624.0,1750.0,661.0,1730.86181640625,623.7421875,1749.8914794921875,660.6732177734375,matched,0,PEDESTRIAN_NORMAL,preprocessed/masks/right_rear_camera/masks/frame_000300_gt2d_000_track_-1_PEDESTRIAN_NORMAL.png,0.885783314704895,1740.5,642.5,26.21259880065918,26.395938873291016,5.50102424621582,1.0,18.2593809872596,0.07009924162436504,26.21259880065918,da3_bbox_median,1920.0,1280.0,image_root
right_rear,301,1772699940310546000,data\camera\right_rear_camera\1772699940310546000.jpg,3000041,3,person,0.614414,1733.0,623.0,1751.0,661.0,1732.645751953125,623.1554565429688,1750.975830078125,660.8204956054688,matched,0,PEDESTRIAN_NORMAL,preprocessed/masks/right_rear_camera/masks/frame_000301_gt2d_000_track_-1_PEDESTRIAN_NORMAL.png,0.8926570415496826,1742.0,642.0,26.840110778808594,27.264219284057617,4.588886260986328,1.0,18.732366617714998,0.05982347375014195,26.840110778808594,da3_bbox_median,1920.0,1280.0,image_root
right_rear,302,1772699940410553000,data\camera\right_rear_camera\1772699940410553000.jpg,3000041,3,person,0.526927,1732.0,622.0,1752.0,662.0,1732.4674072265625,622.2035522460938,1751.8927001953125,661.4456176757812,matched,0,PEDESTRIAN_NORMAL,preprocessed/masks/right_rear_camera/masks/frame_000302_gt2d_000_track_-1_PEDESTRIAN_NORMAL.png,0.8825204372406006,1742.0,642.0,27.397607803344727,27.70882797241211,3.816709518432617,1.0,19.121457360967128,0.0610660695385115,27.397607803344727,da3_bbox_median,1920.0,1280.0,image_root
right_rear,303,1772699940510561000,data\camera\right_rear_camera\1772699940510561000.jpg,-1,2,motorcycle,0.422665,1734.0,622.0,1753.0,662.0,1734.0,622.0,1753.0,662.0,unassigned,0,CYCLIST_MOTOR,preprocessed/masks/right_rear_camera/masks/frame_000303_gt2d_000_track_-1_CYCLIST_MOTOR.png,0.8360159397125244,1743.5,642.0,28.30809211730957,28.898029327392578,3.7673282623291016,1.0,19.794736628012192,0.06309543278910572,28.30809211730957,da3_bbox_median,1920.0,1280.0,image_root
right_rear,304,1772699940610537000,data\camera\right_rear_camera\1772699940610537000.jpg,-1,3,person,0.445193,1735.0,622.0,1754.0,661.0,1735.0,622.0,1754.0,661.0,unassigned,0,PEDESTRIAN_NORMAL,preprocessed/masks/right_rear_camera/masks/frame_000304_gt2d_000_track_-1_PEDESTRIAN_NORMAL.png,0.8478355407714844,1744.5,641.5,27.52056884765625,27.836885452270508,3.0381298065185547,1.0,19.26857099942309,0.04908318023847987,27.52056884765625,da3_bbox_median,1920.0,1280.0,image_root
right_rear,305,1772699940710545000,data\camera\right_rear_camera\1772699940710545000.jpg,3000041,3,person,0.506291,1736.0,623.0,1755.0,660.0,1735.8341064453125,622.5420532226562,1754.909912109375,659.9447631835938,matched,0,PEDESTRIAN_NORMAL,preprocessed/masks/right_rear_camera/masks/frame_000305_gt2d_000_track_-1_PEDESTRIAN_NORMAL.png,0.8706390261650085,1745.5,641.5,26.184545516967773,26.798585891723633,3.9382591247558594,1.0,18.356480264935733,0.046700370700421164,26.184545516967773,da3_bbox_median,1920.0,1280.0,image_root
right_rear,306,1772699940810552000,data\camera\right_rear_camera\1772699940810552000.jpg,-1,2,motorcycle,0.418905,1737.0,623.0,1756.0,660.0,1737.0,623.0,1756.0,660.0,unassigned,0,CYCLIST_MOTOR,preprocessed/masks/right_rear_camera/masks/frame_000306_gt2d_000_track_-1_CYCLIST_MOTOR.png,0.8184353113174438,1746.5,641.5,27.385356903076172,27.7974910736084,5.370147705078125,1.0,19.22269811849229,0.048842028528173397,27.385356903076172,da3_bbox_median,1920.0,1280.0,image_root
right_rear,307,1772699940910560000,data\camera\right_rear_camera\1772699940910560000.jpg,-1,2,motorcycle,0.325005,1738.0,623.0,1757.0,660.0,1738.0,623.0,1757.0,660.0,unassigned,0,CYCLIST_MOTOR,preprocessed/masks/right_rear_camera/masks/frame_000307_gt2d_000_track_-1_CYCLIST_MOTOR.png,0.8033449649810791,1747.5,641.5,28.354326248168945,28.122453689575195,3.3986129760742188,1.0,19.92811137524606,0.050570194005930255,28.354326248168945,da3_bbox_median,1920.0,1280.0,image_root
right_rear,308,1772699941010523000,data\camera\right_rear_camera\1772699941010523000.jpg,-1,3,person,0.400593,1739.0,624.0,1758.0,662.0,1739.0,624.0,1758.0,662.0,unassigned,0,PEDESTRIAN_NORMAL,preprocessed/masks/right_rear_camera/masks/frame_000308_gt2d_000_track_-1_PEDESTRIAN_NORMAL.png,0.8034127950668335,1748.5,643.0,25.486656188964844,25.640291213989258,4.527559280395508,1.0,17.935349395657145,0.07950898668742788,25.486656188964844,da3_bbox_median,1920.0,1280.0,image_root
right_rear,309,1772699941110653000,data\camera\right_rear_camera\1772699941110653000.jpg,3000041,3,person,0.553245,1739.0,623.0,1757.0,660.0,1738.86767578125,622.86572265625,1756.9818115234375,659.8869018554688,matched,0,PEDESTRIAN_NORMAL,preprocessed/masks/right_rear_camera/masks/frame_000309_gt2d_000_track_-1_PEDESTRIAN_NORMAL.png,0.8201993107795715,1748.0,641.5,25.884523391723633,26.008028030395508,4.74853515625,1.0,18.203804186795814,0.04616527856150471,25.884523391723633,da3_bbox_median,1920.0,1280.0,image_root
right_rear,310,1772699941210660000,data\camera\right_rear_camera\1772699941210660000.jpg,-1,2,motorcycle,0.475269,1739.0,623.0,1759.0,661.0,1739.0,623.0,1759.0,661.0,unassigned,0,CYCLIST_MOTOR,preprocessed/masks/right_rear_camera/masks/frame_000310_gt2d_000_track_-1_CYCLIST_MOTOR.png,0.7933773398399353,1749.0,642.0,26.348663330078125,26.41485595703125,5.001707077026367,1.0,18.553694185475855,0.0587280947559571,26.348663330078125,da3_bbox_median,1920.0,1280.0,image_root
right_rear,310,1772699941210660000,data\camera\right_rear_camera\1772699941210660000.jpg,-1,3,person,0.354368,598.0,611.0,623.0,674.0,598.0,611.0,623.0,674.0,unassigned,1,PEDESTRIAN_NORMAL,preprocessed/masks/right_rear_camera/masks/frame_000310_gt2d_001_track_-1_PEDESTRIAN_NORMAL.png,0.7655273079872131,610.5,642.5,7.458121299743652,8.007528305053711,1.1534557342529297,1.0000019073486328,-2.3130957675858945,0.019944937586326098,7.458121299743652,da3_bbox_median,1920.0,1280.0,image_root
right_rear,311,1772699941310637000,data\camera\right_rear_camera\1772699941310637000.jpg,3000041,3,person,0.551608,1742.0,624.0,1759.0,659.0,1741.487060546875,623.6677856445312,1758.69140625,659.0798950195312,matched,0,PEDESTRIAN_NORMAL,preprocessed/masks/right_rear_camera/masks/frame_000311_gt2d_000_track_-1_PEDESTRIAN_NORMAL.png,0.7904796600341797,1750.5,641.5,27.237335205078125,27.08099365234375,5.213266372680664,1.0,19.215861202283207,0.048578030508282806,27.237335205078125,da3_bbox_median,1920.0,1280.0,image_root
right_rear,312,1772699941410645000,data\camera\right_rear_camera\1772699941410645000.jpg,3000041,3,person,0.570142,1743.0,624.0,1760.0,660.0,1742.5958251953125,623.840576171875,1759.631591796875,659.6073608398438,matched,0,PEDESTRIAN_NORMAL,preprocessed/masks/right_rear_camera/masks/frame_000312_gt2d_000_track_-1_PEDESTRIAN_NORMAL.png,0.817055344581604,1751.5,642.0,28.212419509887695,27.948684692382812,3.1584911346435547,1.0,19.928915191200108,0.0628821897154881,28.212419509887695,da3_bbox_median,1920.0,1280.0,image_root
right_rear,313,1772699941510652000,data\camera\right_rear_camera\1772699941510652000.jpg,3000041,3,person,0.640477,1744.0,625.0,1761.0,661.0,1743.719970703125,624.4865112304688,1760.699951171875,660.3729248046875,matched,0,PEDESTRIAN_NORMAL,preprocessed/masks/right_rear_camera/masks/frame_000313_gt2d_000_track_-1_PEDESTRIAN_NORMAL.png,0.7973892688751221,1752.5,643.0,31.250701904296875,30.68429183959961,2.589996337890625,1.0,22.102963159556626,0.09749068780381406,31.250701904296875,da3_bbox_median,1920.0,1280.0,image_root
right_rear,314,1772699941610660000,data\camera\right_rear_camera\1772699941610660000.jpg,3000041,3,person,0.671422,1745.0,624.0,1762.0,660.0,1744.6566162109375,624.1176147460938,1761.6195068359375,660.052490234375,matched,0,PEDESTRIAN_NORMAL,preprocessed/masks/right_rear_camera/masks/frame_000314_gt2d_000_track_-1_PEDESTRIAN_NORMAL.png,0.8141201138496399,1753.5,642.0,32.12641143798828,31.693532943725586,2.6154403686523438,1.0,22.750955927424762,0.07160602082403417,32.12641143798828,da3_bbox_median,1920.0,1280.0,image_root
right_rear,315,1772699941710637000,data\camera\right_rear_camera\1772699941710637000.jpg,3000041,3,person,0.699313,1747.0,624.0,1763.0,660.0,1746.298583984375,624.0291748046875,1762.5914306640625,659.9853515625,matched,0,PEDESTRIAN_NORMAL,preprocessed/masks/right_rear_camera/masks/frame_000315_gt2d_000_track_-1_PEDESTRIAN_NORMAL.png,0.8397942781448364,1755.0,642.0,29.431026458740234,29.0599308013916,2.721080780029297,1.0,20.881496313501305,0.06559832235060298,29.431026458740234,da3_bbox_median,1920.0,1280.0,image_root
right_rear,316,1772699941810644000,data\camera\right_rear_camera\1772699941810644000.jpg,3000041,3,person,0.379575,1747.0,624.0,1763.0,659.0,1746.94091796875,623.9220581054688,1762.9857177734375,659.2260131835938,matched,0,PEDESTRIAN_NORMAL,preprocessed/masks/right_rear_camera/masks/frame_000316_gt2d_000_track_-1_PEDESTRIAN_NORMAL.png,0.8214430809020996,1755.0,641.5,32.366580963134766,31.984214782714844,2.3590450286865234,1.0,22.964290491527414,0.05772608611075968,32.366580963134766,da3_bbox_median,1920.0,1280.0,image_root
right_rear,317,1772699941910651000,data\camera\right_rear_camera\1772699941910651000.jpg,3000041,3,person,0.503755,1748.0,625.0,1764.0,660.0,1747.8653564453125,624.5664672851562,1763.825927734375,659.6266479492188,matched,0,PEDESTRIAN_NORMAL,preprocessed/masks/right_rear_camera/masks/frame_000317_gt2d_000_track_-1_PEDESTRIAN_NORMAL.png,0.8120628595352173,1756.0,642.5,32.30331039428711,31.816326141357422,3.721708297729492,1.0,22.948179092688157,0.08638737340835698,32.30331039428711,da3_bbox_median,1920.0,1280.0,image_root
right_rear,318,1772699942010645000,data\camera\right_rear_camera\1772699942010645000.jpg,3000041,3,person,0.362575,1749.0,625.0,1764.0,659.0,1748.6221923828125,624.9359741210938,1763.88720703125,659.244384765625,matched,0,PEDESTRIAN_NORMAL,preprocessed/masks/right_rear_camera/masks/frame_000318_gt2d_000_track_-1_PEDESTRIAN_NORMAL.png,0.8240265846252441,1756.5,642.0,28.178892135620117,27.8737735748291,1.2153434753417969,1.0,20.03075666732975,0.06280746111205808,28.178892135620117,da3_bbox_median,1920.0,1280.0,image_root
right_rear,319,1772699942110561000,data\camera\right_rear_camera\1772699942110561000.jpg,3000041,3,person,0.46277,1749.0,625.0,1765.0,660.0,1748.938720703125,625.0262451171875,1764.6331787109375,659.7293701171875,matched,0,PEDESTRIAN_NORMAL,preprocessed/masks/right_rear_camera/masks/frame_000319_gt2d_000_track_-1_PEDESTRIAN_NORMAL.png,0.8294789791107178,1757.0,642.5,23.669559478759766,23.428695678710938,1.9183216094970703,1.0,16.835874730571003,0.06329849938427835,23.669559478759766,da3_bbox_median,1920.0,1280.0,image_root
right_rear,320,1772699942210538000,data\camera\right_rear_camera\1772699942210538000.jpg,3000041,3,person,0.628895,1750.0,624.0,1765.0,659.0,1749.780517578125,624.3530883789062,1764.966796875,659.2066650390625,matched,0,PEDESTRIAN_NORMAL,preprocessed/masks/right_rear_camera/masks/frame_000320_gt2d_000_track_-1_PEDESTRIAN_NORMAL.png,0.8289734125137329,1757.5,641.5,25.040756225585938,24.6715087890625,1.5186614990234375,1.0,17.822345163377932,0.044660412287696745,25.040756225585938,da3_bbox_median,1920.0,1280.0,image_root
right_rear,321,1772699942310546000,data\camera\right_rear_camera\1772699942310546000.jpg,3000041,3,person,0.565751,1750.0,625.0,1766.0,659.0,1749.9552001953125,624.6945190429688,1765.6312255859375,658.94775390625,matched,0,PEDESTRIAN_NORMAL,preprocessed/masks/right_rear_camera/masks/frame_000321_gt2d_000_track_-1_PEDESTRIAN_NORMAL.png,0.8293882012367249,1758.0,642.0,28.26144027709961,28.008317947387695,1.0568656921386719,1.0,20.127203160433147,0.06299145128317243,28.26144027709961,da3_bbox_median,1920.0,1280.0,image_root
right_rear,322,1772699942410553000,data\camera\right_rear_camera\1772699942410553000.jpg,3000041,3,person,0.553983,1751.0,625.0,1767.0,659.0,1750.7005615234375,624.856689453125,1766.5560302734375,658.8875732421875,matched,0,PEDESTRIAN_NORMAL,preprocessed/masks/right_rear_camera/masks/frame_000322_gt2d_000_track_-1_PEDESTRIAN_NORMAL.png,0.8328375816345215,1759.0,642.0,27.88515281677246,27.584562301635742,1.7261085510253906,1.0,19.88406241400834,0.062152750459956684,27.88515281677246,da3_bbox_median,1920.0,1280.0,image_root
right_rear,323,1772699942510561000,data\camera\right_rear_camera\1772699942510561000.jpg,3000041,3,person,0.326163,1751.0,626.0,1766.0,659.0,1750.88623046875,625.6347045898438,1766.1529541015625,658.9230346679688,matched,0,PEDESTRIAN_NORMAL,preprocessed/masks/right_rear_camera/masks/frame_000323_gt2d_000_track_-1_PEDESTRIAN_NORMAL.png,0.830540657043457,1758.5,642.5,26.16423988342285,25.904794692993164,1.560800552368164,1.0,18.64527620445886,0.06996991742229634,26.16423988342285,da3_bbox_median,1920.0,1280.0,image_root
right_rear,324,1772699942610537000,data\camera\right_rear_camera\1772699942610537000.jpg,3000041,3,person,0.36078,1753.0,626.0,1767.0,659.0,1752.208740234375,625.926025390625,1766.5814208984375,658.9440307617188,matched,0,PEDESTRIAN_NORMAL,preprocessed/masks/right_rear_camera/masks/frame_000324_gt2d_000_track_-1_PEDESTRIAN_NORMAL.png,0.8196607828140259,1760.0,642.5,23.42779541015625,23.128211975097656,1.612966537475586,1.0,16.726527273303457,0.0626519599858002,23.42779541015625,da3_bbox_median,1920.0,1280.0,image_root
right_rear,325,1772699942710545000,data\camera\right_rear_camera\1772699942710545000.jpg,3000041,3,person,0.56341,1755.0,626.0,1768.0,659.0,1754.1221923828125,625.8949584960938,1767.4884033203125,658.8218994140625,matched,0,PEDESTRIAN_NORMAL,preprocessed/masks/right_rear_camera/masks/frame_000325_gt2d_000_track_-1_PEDESTRIAN_NORMAL.png,0.8381569385528564,1761.5,642.5,23.971389770507812,23.797954559326172,0.7432098388671875,1.0,17.146666992170456,0.06410567133665519,23.971389770507812,da3_bbox_median,1920.0,1280.0,image_root
right_rear,333,1772699943510652000,data\camera\right_rear_camera\1772699943510652000.jpg,-1,3,person,0.349731,1893.0,610.0,1911.0,657.0,1893.0,610.0,1911.0,657.0,unassigned,0,PEDESTRIAN_NORMAL,preprocessed/masks/right_rear_camera/masks/frame_000333_gt2d_000_track_-1_PEDESTRIAN_NORMAL.png,0.7921937704086304,1902.0,633.5,26.71416664123535,26.644439697265625,0.2896556854248047,1.0,22.452470060548755,-0.14271991354639724,26.71416664123535,da3_bbox_median,1920.0,1280.0,image_root
right_rear,334,1772699943610660000,data\camera\right_rear_camera\1772699943610660000.jpg,-1,3,person,0.445485,1893.0,610.0,1911.0,657.0,1893.0,610.0,1911.0,657.0,unassigned,0,PEDESTRIAN_NORMAL,preprocessed/masks/right_rear_camera/masks/frame_000334_gt2d_000_track_-1_PEDESTRIAN_NORMAL.png,0.8367645740509033,1902.0,633.5,26.609275817871094,26.52077865600586,0.2859783172607422,1.0,22.364312413602843,-0.1421595363711179,26.609275817871094,da3_bbox_median,1920.0,1280.0,image_root
right_rear,334,1772699943610660000,data\camera\right_rear_camera\1772699943610660000.jpg,-1,3,person,0.303487,1901.0,611.0,1916.0,659.0,1901.0,611.0,1916.0,659.0,unassigned,1,PEDESTRIAN_NORMAL,preprocessed/masks/right_rear_camera/masks/frame_000334_gt2d_001_track_-1_PEDESTRIAN_NORMAL.png,0.8132563829421997,1908.5,635.0,26.64887809753418,26.554248809814453,0.3646965026855469,1.0,22.551918999683355,-0.10676493150550397,26.64887809753418,da3_bbox_median,1920.0,1280.0,image_root
right_rear,335,1772699943710637000,data\camera\right_rear_camera\1772699943710637000.jpg,-1,3,person,0.352192,1893.0,610.0,1911.0,657.0,1893.0,610.0,1911.0,657.0,unassigned,0,PEDESTRIAN_NORMAL,preprocessed/masks/right_rear_camera/masks/frame_000335_gt2d_000_track_-1_PEDESTRIAN_NORMAL.png,0.8154193162918091,1902.0,633.5,28.831085205078125,28.770282745361328,0.2860393524169922,1.0,24.23167774887445,-0.15402950962977455,28.831085205078125,da3_bbox_median,1920.0,1280.0,image_root
right_rear,336,1772699943810644000,data\camera\right_rear_camera\1772699943810644000.jpg,-1,3,person,0.380728,1893.0,610.0,1912.0,658.0,1893.0,610.0,1912.0,658.0,unassigned,0,PEDESTRIAN_NORMAL,preprocessed/masks/right_rear_camera/masks/frame_000336_gt2d_000_track_-1_PEDESTRIAN_NORMAL.png,0.8268498182296753,1902.5,634.0,29.54692268371582,29.45294189453125,0.2743968963623047,1.0,24.846479940821443,-0.1446944162679774,29.54692268371582,da3_bbox_median,1920.0,1280.0,image_root
right_rear,337,1772699943910651000,data\camera\right_rear_camera\1772699943910651000.jpg,-1,3,person,0.317396,1893.0,611.0,1912.0,658.0,1893.0,611.0,1912.0,658.0,unassigned,0,PEDESTRIAN_NORMAL,preprocessed/masks/right_rear_camera/masks/frame_000337_gt2d_000_track_-1_PEDESTRIAN_NORMAL.png,0.8473296761512756,1902.5,634.5,30.261425018310547,30.199068069458008,0.2653656005859375,1.0,25.447316383729998,-0.13471574791759894,30.261425018310547,da3_bbox_median,1920.0,1280.0,image_root
right_rear,338,1772699944010645000,data\camera\right_rear_camera\1772699944010645000.jpg,-1,3,person,0.315281,644.0,535.0,687.0,646.0,644.0,535.0,687.0,646.0,unassigned,0,PEDESTRIAN_NORMAL,preprocessed/masks/right_rear_camera/masks/frame_000338_gt2d_000_track_-1_PEDESTRIAN_NORMAL.png,0.7053985595703125,665.5,590.5,4.841170310974121,6.990200996398926,5.879171371459961,1.0000040531158447,-1.2642440634761094,-0.21129129749165382,4.841170310974121,da3_bbox_median,1920.0,1280.0,image_root
right_rear,339,1772699944110561000,data\camera\right_rear_camera\1772699944110561000.jpg,-1,3,person,0.384623,641.0,536.0,686.0,637.0,641.0,536.0,686.0,637.0,unassigned,0,PEDESTRIAN_NORMAL,preprocessed/masks/right_rear_camera/masks/frame_000339_gt2d_000_track_-1_PEDESTRIAN_NORMAL.png,0.7222328782081604,663.5,586.5,5.556277275085449,7.337873458862305,6.6559062004089355,1.0000053644180298,-1.460890503284927,-0.2622988939208698,5.556277275085449,da3_bbox_median,1920.0,1280.0,image_root
right_rear,340,1772699944210538000,data\camera\right_rear_camera\1772699944210538000.jpg,-1,3,person,0.346161,643.0,536.0,686.0,636.0,643.0,536.0,686.0,636.0,unassigned,0,PEDESTRIAN_NORMAL,preprocessed/masks/right_rear_camera/masks/frame_000340_gt2d_000_track_-1_PEDESTRIAN_NORMAL.png,0.7151645421981812,664.5,586.0,6.123120307922363,7.80042028427124,7.1407389640808105,1.0000022649765015,-1.6044731784366644,-0.29178531237508404,6.123120307922363,da3_bbox_median,1920.0,1280.0,image_root
right_rear,341,1772699944310546000,data\camera\right_rear_camera\1772699944310546000.jpg,-1,3,person,0.366534,639.0,536.0,686.0,638.0,639.0,536.0,686.0,638.0,unassigned,0,PEDESTRIAN_NORMAL,preprocessed/masks/right_rear_camera/masks/frame_000341_gt2d_000_track_-1_PEDESTRIAN_NORMAL.png,0.7383720874786377,662.5,587.0,5.499885082244873,7.292417049407959,6.73452615737915,1.000003695487976,-1.4509634452533504,-0.25718724231928836,5.499885082244873,da3_bbox_median,1920.0,1280.0,image_root
right_rear,342,1772699944410553000,data\camera\right_rear_camera\1772699944410553000.jpg,-1,3,person,0.347014,642.0,536.0,686.0,637.0,642.0,536.0,686.0,637.0,unassigned,0,PEDESTRIAN_NORMAL,preprocessed/masks/right_rear_camera/masks/frame_000342_gt2d_000_track_-1_PEDESTRIAN_NORMAL.png,0.7166101336479187,664.0,586.5,5.542275428771973,7.241832256317139,6.666769504547119,1.0000035762786865,-1.4547402072844213,-0.26163789940618937,5.542275428771973,da3_bbox_median,1920.0,1280.0,image_root
right_rear,343,1772699944510561000,data\camera\right_rear_camera\1772699944510561000.jpg,-1,3,person,0.319991,640.0,536.0,686.0,637.0,640.0,536.0,686.0,637.0,unassigned,0,PEDESTRIAN_NORMAL,preprocessed/masks/right_rear_camera/masks/frame_000343_gt2d_000_track_-1_PEDESTRIAN_NORMAL.png,0.7360163927078247,663.0,586.5,5.944399356842041,7.570578575134277,6.753083229064941,1.0000026226043701,-1.5655859153033882,-0.28062123236994474,5.944399356842041,da3_bbox_median,1920.0,1280.0,image_root
right_rear,344,1772699944610537000,data\camera\right_rear_camera\1772699944610537000.jpg,-1,3,person,0.3459,640.0,536.0,686.0,637.0,640.0,536.0,686.0,637.0,unassigned,0,PEDESTRIAN_NORMAL,preprocessed/masks/right_rear_camera/masks/frame_000344_gt2d_000_track_-1_PEDESTRIAN_NORMAL.png,0.7200758457183838,663.0,586.5,5.896971702575684,7.6486358642578125,7.159234523773193,1.0000007152557373,-1.5530948185486213,-0.2783822834047609,5.896971702575684,da3_bbox_median,1920.0,1280.0,image_root
right_rear,345,1772699944710545000,data\camera\right_rear_camera\1772699944710545000.jpg,-1,3,person,0.338965,641.0,536.0,686.0,638.0,641.0,536.0,686.0,638.0,unassigned,0,PEDESTRIAN_NORMAL,preprocessed/masks/right_rear_camera/masks/frame_000345_gt2d_000_track_-1_PEDESTRIAN_NORMAL.png,0.7302300930023193,663.5,587.0,5.519489288330078,7.44135856628418,7.051944255828857,1.0000025033950806,-1.4512179801502594,-0.25810397996480566,5.519489288330078,da3_bbox_median,1920.0,1280.0,image_root
right_rear,346,1772699944810552000,data\camera\right_rear_camera\1772699944810552000.jpg,-1,3,person,0.353262,643.0,536.0,686.0,637.0,643.0,536.0,686.0,637.0,unassigned,0,PEDESTRIAN_NORMAL,preprocessed/masks/right_rear_camera/masks/frame_000346_gt2d_000_track_-1_PEDESTRIAN_NORMAL.png,0.7188442945480347,664.5,586.5,5.4450201988220215,7.52439546585083,7.2477874755859375,1.0000033378601074,-1.4267870670044294,-0.25704670678189767,5.4450201988220215,da3_bbox_median,1920.0,1280.0,image_root
right_rear,347,1772699944910560000,data\camera\right_rear_camera\1772699944910560000.jpg,-1,3,person,0.40699,642.0,536.0,686.0,637.0,642.0,536.0,686.0,637.0,unassigned,0,PEDESTRIAN_NORMAL,preprocessed/masks/right_rear_camera/masks/frame_000347_gt2d_000_track_-1_PEDESTRIAN_NORMAL.png,0.7279463410377502,664.0,586.5,5.314090728759766,7.399739742279053,6.828067779541016,1.0000016689300537,-1.3948461327186534,-0.2508658318041551,5.314090728759766,da3_bbox_median,1920.0,1280.0,image_root
right_rear,348,1772699945010523000,data\camera\right_rear_camera\1772699945010523000.jpg,-1,3,person,0.354302,642.0,536.0,686.0,636.0,642.0,536.0,686.0,636.0,unassigned,0,PEDESTRIAN_NORMAL,preprocessed/masks/right_rear_camera/masks/frame_000348_gt2d_000_track_-1_PEDESTRIAN_NORMAL.png,0.739352822303772,664.0,586.0,5.194027900695801,7.314374923706055,6.576437950134277,1.0000035762786865,-1.3633319603124605,-0.24751123239054315,5.194027900695801,da3_bbox_median,1920.0,1280.0,image_root
right_rear,349,1772699945110653000,data\camera\right_rear_camera\1772699945110653000.jpg,-1,3,person,0.385946,643.0,536.0,686.0,635.0,643.0,536.0,686.0,635.0,unassigned,0,PEDESTRIAN_NORMAL,preprocessed/masks/right_rear_camera/masks/frame_000349_gt2d_000_track_-1_PEDESTRIAN_NORMAL.png,0.7337546348571777,664.5,585.5,5.238621711730957,7.354846477508545,6.707978248596191,1.000003457069397,-1.3727033939825146,-0.25196941083731167,5.238621711730957,da3_bbox_median,1920.0,1280.0,image_root
right_rear,351,1772699945310637000,data\camera\right_rear_camera\1772699945310637000.jpg,-1,3,person,0.327391,642.0,536.0,686.0,636.0,642.0,536.0,686.0,636.0,unassigned,0,PEDESTRIAN_NORMAL,preprocessed/masks/right_rear_camera/masks/frame_000351_gt2d_000_track_-1_PEDESTRIAN_NORMAL.png,0.740581750869751,664.0,586.0,5.170833587646484,7.082160949707031,6.6190104484558105,1.000007152557373,-1.3572439013181319,-0.2464059528046327,5.170833587646484,da3_bbox_median,1920.0,1280.0,image_root
right_rear,352,1772699945410645000,data\camera\right_rear_camera\1772699945410645000.jpg,-1,3,person,0.318564,644.0,536.0,686.0,636.0,644.0,536.0,686.0,636.0,unassigned,0,PEDESTRIAN_NORMAL,preprocessed/masks/right_rear_camera/masks/frame_000352_gt2d_000_track_-1_PEDESTRIAN_NORMAL.png,0.7330667972564697,665.0,586.0,5.460634231567383,7.4902167320251465,7.181822299957275,1.0000029802322388,-1.428446016465421,-0.2602158352110837,5.460634231567383,da3_bbox_median,1920.0,1280.0,image_root
right_rear,353,1772699945510652000,data\camera\right_rear_camera\1772699945510652000.jpg,-1,3,person,0.330843,1894.0,611.0,1911.0,656.0,1894.0,611.0,1911.0,656.0,unassigned,0,PEDESTRIAN_NORMAL,preprocessed/masks/right_rear_camera/masks/frame_000353_gt2d_000_track_-1_PEDESTRIAN_NORMAL.png,0.8124908804893494,1902.5,633.5,31.248172760009766,31.00887680053711,0.7682304382324219,1.0,26.277088344526874,-0.16694275268566813,31.248172760009766,da3_bbox_median,1920.0,1280.0,image_root
right_rear,353,1772699945510652000,data\camera\right_rear_camera\1772699945510652000.jpg,-1,3,person,0.322504,643.0,536.0,686.0,636.0,643.0,536.0,686.0,636.0,unassigned,1,PEDESTRIAN_NORMAL,preprocessed/masks/right_rear_camera/masks/frame_000353_gt2d_001_track_-1_PEDESTRIAN_NORMAL.png,0.7438005208969116,664.5,586.0,5.14429235458374,7.34259033203125,7.049640655517578,1.0000014305114746,-1.3479857801074353,-0.2451411822970187,5.14429235458374,da3_bbox_median,1920.0,1280.0,image_root
right_rear,354,1772699945610660000,data\camera\right_rear_camera\1772699945610660000.jpg,-1,3,person,0.309122,642.0,536.0,686.0,636.0,642.0,536.0,686.0,636.0,unassigned,0,PEDESTRIAN_NORMAL,preprocessed/masks/right_rear_camera/masks/frame_000354_gt2d_000_track_-1_PEDESTRIAN_NORMAL.png,0.740166425704956,664.0,586.0,5.107646942138672,7.036309719085693,6.552962303161621,1.0000008344650269,-1.340658627820815,-0.2433949168996912,5.107646942138672,da3_bbox_median,1920.0,1280.0,image_root
right_rear,354,1772699945610660000,data\camera\right_rear_camera\1772699945610660000.jpg,-1,3,person,0.308513,1894.0,611.0,1911.0,657.0,1894.0,611.0,1911.0,657.0,unassigned,1,PEDESTRIAN_NORMAL,preprocessed/masks/right_rear_camera/masks/frame_000354_gt2d_001_track_-1_PEDESTRIAN_NORMAL.png,0.793401837348938,1902.5,634.0,28.78738021850586,28.692031860351562,0.5596046447753906,1.0,24.20776853158077,-0.1409748562037794,28.78738021850586,da3_bbox_median,1920.0,1280.0,image_root
right_rear,355,1772699945710637000,data\camera\right_rear_camera\1772699945710637000.jpg,-1,3,person,0.387827,1907.0,610.0,1919.0,666.0,1907.0,610.0,1919.0,666.0,unassigned,0,PEDESTRIAN_NORMAL,preprocessed/masks/right_rear_camera/masks/frame_000355_gt2d_000_track_-1_PEDESTRIAN_NORMAL.png,0.8666600584983826,1913.0,638.0,26.786468505859375,26.604209899902344,0.7572898864746094,1.0,22.77574641060991,-0.03573613389986358,26.786468505859375,da3_bbox_median,1920.0,1280.0,image_root
right_rear,355,1772699945710637000,data\camera\right_rear_camera\1772699945710637000.jpg,-1,3,person,0.359604,1894.0,610.0,1914.0,658.0,1894.0,610.0,1914.0,658.0,unassigned,1,PEDESTRIAN_NORMAL,preprocessed/masks/right_rear_camera/masks/frame_000355_gt2d_001_track_-1_PEDESTRIAN_NORMAL.png,0.8223886489868164,1904.0,634.0,26.83275032043457,26.829572677612305,0.30368614196777344,1.0,22.599947481616038,-0.13140282614336182,26.83275032043457,da3_bbox_median,1920.0,1280.0,image_root
right_rear,355,1772699945710637000,data\camera\right_rear_camera\1772699945710637000.jpg,-1,3,person,0.319708,1897.0,607.0,1919.0,666.0,1897.0,607.0,1919.0,666.0,unassigned,2,PEDESTRIAN_NORMAL,preprocessed/masks/right_rear_camera/masks/frame_000355_gt2d_002_track_-1_PEDESTRIAN_NORMAL.png,0.8583627939224243,1908.0,636.5,26.83275032043457,26.693681716918945,0.4263954162597656,1.0,22.695570145985382,-0.07164973417742121,26.83275032043457,da3_bbox_median,1920.0,1280.0,image_root
right_rear,356,1772699945810644000,data\camera\right_rear_camera\1772699945810644000.jpg,-1,4,truck,0.457289,1898.0,553.0,1919.0,669.0,1898.0,553.0,1919.0,669.0,unassigned,0,VEHICLE_TRUCK,preprocessed/masks/right_rear_camera/masks/frame_000356_gt2d_000_track_-1_VEHICLE_TRUCK.png,0.9126222133636475,1908.5,611.0,26.733287811279297,26.500268936157227,0.28668975830078125,1.0,22.623351688901984,-0.6786064835076112,26.733287811279297,da3_bbox_median,1920.0,1280.0,image_root
right_rear,356,1772699945810644000,data\camera\right_rear_camera\1772699945810644000.jpg,-1,3,person,0.308123,641.0,536.0,686.0,637.0,641.0,536.0,686.0,637.0,unassigned,1,PEDESTRIAN_NORMAL,preprocessed/masks/right_rear_camera/masks/frame_000356_gt2d_001_track_-1_PEDESTRIAN_NORMAL.png,0.7408652305603027,663.5,586.5,5.2969651222229,7.471336364746094,7.030843734741211,1.000002145767212,-1.3927105614375432,-0.2500573718533736,5.2969651222229,da3_bbox_median,1920.0,1280.0,image_root
right_rear,357,1772699945910651000,data\camera\right_rear_camera\1772699945910651000.jpg,4000000,4,truck,0.518325,1897.0,552.0,1919.0,669.0,1897.0,552.0,1919.0,669.0,tentative,0,VEHICLE_TRUCK,preprocessed/masks/right_rear_camera/masks/frame_000357_gt2d_000_track_-1_VEHICLE_TRUCK.png,0.9288567304611206,1908.0,610.5,25.21712875366211,25.107730865478516,0.6987686157226562,1.0,21.32905153868008,-0.6513508702597216,25.21712875366211,da3_bbox_median,1920.0,1280.0,image_root
right_rear,358,1772699946010645000,data\camera\right_rear_camera\1772699946010645000.jpg,-1,3,person,0.325993,1780.0,627.0,1794.0,659.0,1780.0,627.0,1794.0,659.0,unassigned,1,PEDESTRIAN_NORMAL,preprocessed/masks/right_rear_camera/masks/frame_000358_gt2d_001_track_-1_PEDESTRIAN_NORMAL.png,0.6458476185798645,1787.0,643.0,23.46337890625,23.548582077026367,0.4575328826904297,1.0,17.316336357423445,0.07319710625306936,23.46337890625,da3_bbox_median,1920.0,1280.0,image_root
right_rear,358,1772699946010645000,data\camera\right_rear_camera\1772699946010645000.jpg,4000000,4,truck,0.527315,1895.0,551.0,1919.0,669.0,1895.40087890625,551.2020874023438,1919.0008544921875,669.0020751953125,matched,0,VEHICLE_TRUCK,preprocessed/masks/right_rear_camera/masks/frame_000358_gt2d_000_track_-1_VEHICLE_TRUCK.png,0.9408060908317566,1907.0,610.0,24.027828216552734,23.977352142333984,1.603281021118164,1.0,20.301715366513648,-0.6313329722607677,24.027828216552734,da3_bbox_median,1920.0,1280.0,image_root
right_rear,359,1772699946110561000,data\camera\right_rear_camera\1772699946110561000.jpg,4000000,4,truck,0.543517,1893.0,548.0,1919.0,670.0,1893.5933837890625,548.7421264648438,1919.001220703125,669.7722778320312,matched,0,VEHICLE_TRUCK,preprocessed/masks/right_rear_camera/masks/frame_000359_gt2d_000_track_-1_VEHICLE_TRUCK.png,0.9510576128959656,1906.0,609.0,24.169891357421875,23.990371704101562,1.806976318359375,1.0,20.400214792808146,-0.6565949905401325,24.169891357421875,da3_bbox_median,1920.0,1280.0,image_root
right_rear,360,1772699946210538000,data\camera\right_rear_camera\1772699946210538000.jpg,4000000,4,truck,0.544273,1891.0,547.0,1919.0,670.0,1891.463623046875,547.1399536132812,1918.997802734375,670.0289306640625,matched,0,VEHICLE_TRUCK,preprocessed/masks/right_rear_camera/masks/frame_000360_gt2d_000_track_-1_VEHICLE_TRUCK.png,0.947007417678833,1905.0,608.5,23.176876068115234,23.266183853149414,2.4312286376953125,1.0,19.54142733510083,-0.6399412987753662,23.176876068115234,da3_bbox_median,1920.0,1280.0,image_root
right_rear,361,1772699946310546000,data\camera\right_rear_camera\1772699946310546000.jpg,-1,3,person,0.432271,1781.0,626.0,1796.0,659.0,1781.0,626.0,1796.0,659.0,unassigned,1,PEDESTRIAN_NORMAL,preprocessed/masks/right_rear_camera/masks/frame_000361_gt2d_001_track_-1_PEDESTRIAN_NORMAL.png,0.7594784498214722,1788.5,642.5,25.169097900390625,25.163558959960938,0.46193504333496094,1.0,18.608818587042297,0.06730865140858955,25.169097900390625,da3_bbox_median,1920.0,1280.0,image_root
right_rear,361,1772699946310546000,data\camera\right_rear_camera\1772699946310546000.jpg,4000000,4,truck,0.598642,1887.0,546.0,1919.0,670.0,1887.947021484375,545.9530639648438,1919.000732421875,670.08935546875,matched,0,VEHICLE_TRUCK,preprocessed/masks/right_rear_camera/masks/frame_000361_gt2d_000_track_-1_VEHICLE_TRUCK.png,0.9495519399642944,1903.0,608.0,22.61028480529785,22.86489486694336,1.7503890991210938,1.0,19.023422091643326,-0.6343670762206206,22.61028480529785,da3_bbox_median,1920.0,1280.0,image_root
right_rear,362,1772699946410553000,data\camera\right_rear_camera\1772699946410553000.jpg,4000000,4,truck,0.581317,1883.0,544.0,1919.0,672.0,1884.0421142578125,544.195556640625,1918.9971923828125,671.5286254882812,matched,0,VEHICLE_TRUCK,preprocessed/masks/right_rear_camera/masks/frame_000362_gt2d_000_track_-1_VEHICLE_TRUCK.png,0.9405471086502075,1901.0,608.0,21.895740509033203,22.100446701049805,2.1512298583984375,1.0,18.383217631449053,-0.6143194129578687,21.895740509033203,da3_bbox_median,1920.0,1280.0,image_root
right_rear,363,1772699946510561000,data\camera\right_rear_camera\1772699946510561000.jpg,4000000,4,truck,0.589362,1879.0,543.0,1919.0,672.0,1880.004638671875,542.9408569335938,1918.9937744140625,672.01806640625,matched,0,VEHICLE_TRUCK,preprocessed/masks/right_rear_camera/masks/frame_000363_gt2d_000_track_-1_VEHICLE_TRUCK.png,0.9467805624008179,1899.0,607.5,21.41012954711914,21.867916107177734,2.2152862548828125,1.0,17.937359404161064,-0.6102303564585888,21.41012954711914,da3_bbox_median,1920.0,1280.0,image_root
right_rear,364,1772699946610537000,data\camera\right_rear_camera\1772699946610537000.jpg,4000000,4,truck,0.656599,1874.0,541.0,1919.0,673.0,1875.3084716796875,541.1842041015625,1918.9959716796875,672.8529663085938,matched,0,VEHICLE_TRUCK,preprocessed/masks/right_rear_camera/masks/frame_000364_gt2d_000_track_-1_VEHICLE_TRUCK.png,0.9458184242248535,1896.5,607.0,19.672348022460938,20.47321319580078,2.5338191986083984,1.0,16.43763395505214,-0.5694617602269827,19.672348022460938,da3_bbox_median,1920.0,1280.0,image_root
right_rear,365,1772699946710545000,data\camera\right_rear_camera\1772699946710545000.jpg,4000000,4,truck,0.640412,1869.0,539.0,1919.0,673.0,1870.359619140625,539.2494506835938,1918.9927978515625,673.1414184570312,matched,0,VEHICLE_TRUCK,preprocessed/masks/right_rear_camera/masks/frame_000365_gt2d_000_track_-1_VEHICLE_TRUCK.png,0.9539548754692078,1894.0,606.0,18.55543327331543,19.103290557861328,1.3057384490966797,1.0,15.463044697258402,-0.5536582987773456,18.55543327331543,da3_bbox_median,1920.0,1280.0,image_root
right_rear,366,1772699946810552000,data\camera\right_rear_camera\1772699946810552000.jpg,4000000,4,truck,0.582944,1863.0,536.0,1919.0,674.0,1864.7061767578125,536.585205078125,1918.991455078125,673.8911743164062,matched,0,VEHICLE_TRUCK,preprocessed/masks/right_rear_camera/masks/frame_000366_gt2d_000_track_-1_VEHICLE_TRUCK.png,0.9491473436355591,1891.0,605.0,17.814498901367188,18.387592315673828,1.0488567352294922,1.0,14.797978508726176,-0.547418489131749,17.814498901367188,da3_bbox_median,1920.0,1280.0,image_root
right_rear,367,1772699946910560000,data\camera\right_rear_camera\1772699946910560000.jpg,4000000,4,truck,0.585223,1860.0,531.0,1919.0,674.0,1860.593505859375,532.3399047851562,1918.993896484375,674.15380859375,matched,0,VEHICLE_TRUCK,preprocessed/masks/right_rear_camera/masks/frame_000367_gt2d_000_track_-1_VEHICLE_TRUCK.png,0.9502207040786743,1889.5,602.5,16.593854904174805,17.20466423034668,1.132059097290039,1.0,13.761850022883923,-0.5468619279271318,16.593854904174805,da3_bbox_median,1920.0,1280.0,image_root
right_rear,368,1772699947010523000,data\camera\right_rear_camera\1772699947010523000.jpg,4000000,4,truck,0.638728,1858.0,530.0,1919.0,674.0,1857.736083984375,530.123779296875,1918.993896484375,674.236083984375,matched,0,VEHICLE_TRUCK,preprocessed/masks/right_rear_camera/masks/frame_000368_gt2d_000_track_-1_VEHICLE_TRUCK.png,0.9536728858947754,1888.5,602.0,16.52373695373535,16.924877166748047,0.5685901641845703,1.0,13.688977589912506,-0.5519103909283963,16.52373695373535,da3_bbox_median,1920.0,1280.0,image_root
right_rear,369,1772699947110653000,data\camera\right_rear_camera\1772699947110653000.jpg,4000000,4,truck,0.598156,1855.0,528.0,1919.0,675.0,1854.8017578125,528.0360107421875,1918.990234375,674.8960571289062,matched,0,VEHICLE_TRUCK,preprocessed/masks/right_rear_camera/masks/frame_000369_gt2d_000_track_-1_VEHICLE_TRUCK.png,0.9556645154953003,1887.0,601.5,16.72138214111328,17.295204162597656,0.5543041229248047,1.0,13.830369438477655,-0.5659592249171272,16.72138214111328,da3_bbox_median,1920.0,1280.0,image_root
right_rear,370,1772699947210660000,data\camera\right_rear_camera\1772699947210660000.jpg,4000000,4,truck,0.608444,1852.0,527.0,1919.0,675.0,1851.8359375,526.6556396484375,1918.989013671875,675.1351928710938,matched,0,VEHICLE_TRUCK,preprocessed/masks/right_rear_camera/masks/frame_000370_gt2d_000_track_-1_VEHICLE_TRUCK.png,0.9566085338592529,1885.5,601.0,16.958005905151367,17.393714904785156,0.4259071350097656,1.0,14.003420389900697,-0.5815207571329217,16.958005905151367,da3_bbox_median,1920.0,1280.0,image_root
right_rear,371,1772699947310637000,data\camera\right_rear_camera\1772699947310637000.jpg,4000000,4,truck,0.672409,1847.0,524.0,1919.0,676.0,1847.617919921875,524.2405395507812,1918.991455078125,675.8565673828125,matched,0,VEHICLE_TRUCK,preprocessed/masks/right_rear_camera/masks/frame_000371_gt2d_000_track_-1_VEHICLE_TRUCK.png,0.9680054187774658,1883.0,600.0,18.083383560180664,18.678916931152344,0.48441314697265625,1.0,14.8924471798288,-0.6362197464956278,18.083383560180664,da3_bbox_median,1920.0,1280.0,image_root
right_rear,372,1772699947410645000,data\camera\right_rear_camera\1772699947410645000.jpg,4000000,4,truck,0.713142,1841.0,522.0,1919.0,677.0,1842.2760009765625,522.0863647460938,1918.9947509765625,676.7738647460938,matched,0,VEHICLE_TRUCK,preprocessed/masks/right_rear_camera/masks/frame_000372_gt2d_000_track_-1_VEHICLE_TRUCK.png,0.9725944995880127,1880.0,599.5,18.256698608398438,18.871719360351562,0.3981494903564453,1.0,14.986384174346748,-0.6504484788091353,18.256698608398438,da3_bbox_median,1920.0,1280.0,image_root
right_rear,373,1772699947510652000,data\camera\right_rear_camera\1772699947510652000.jpg,4000000,4,truck,0.669255,1837.0,517.0,1919.0,678.0,1837.7103271484375,518.0856323242188,1918.994384765625,677.7628784179688,matched,0,VEHICLE_TRUCK,preprocessed/masks/right_rear_camera/masks/frame_000373_gt2d_000_track_-1_VEHICLE_TRUCK.png,0.972570538520813,1878.0,597.5,16.87140655517578,17.608795166015625,0.7464885711669922,1.0,13.819176944510161,-0.6311497490723067,16.87140655517578,da3_bbox_median,1920.0,1280.0,image_root
right_rear,374,1772699947610660000,data\camera\right_rear_camera\1772699947610660000.jpg,4000000,4,truck,0.638004,1831.0,514.0,1919.0,679.0,1832.2122802734375,514.6653442382812,1918.984619140625,678.7684326171875,matched,0,VEHICLE_TRUCK,preprocessed/masks/right_rear_camera/masks/frame_000374_gt2d_000_track_-1_VEHICLE_TRUCK.png,0.9654702544212341,1875.0,596.5,16.32386589050293,17.13399887084961,0.6176319122314453,1.0,13.32706315304019,-0.6252070253023975,16.32386589050293,da3_bbox_median,1920.0,1280.0,image_root
right_rear,375,1772699947710637000,data\camera\right_rear_camera\1772699947710637000.jpg,4000000,4,truck,0.637301,1828.0,511.0,1919.0,680.0,1828.208984375,511.4724426269531,1918.983154296875,679.782958984375,matched,0,VEHICLE_TRUCK,preprocessed/masks/right_rear_camera/masks/frame_000375_gt2d_000_track_-1_VEHICLE_TRUCK.png,0.9682413339614868,1873.5,595.5,16.530588150024414,17.44920539855957,0.4711132049560547,1.0,13.47374349383788,-0.6478491248349935,16.530588150024414,da3_bbox_median,1920.0,1280.0,image_root
right_rear,376,1772699947810644000,data\camera\right_rear_camera\1772699947810644000.jpg,4000000,4,truck,0.735242,1824.0,508.0,1919.0,680.0,1824.199462890625,508.3777160644531,1918.986328125,680.1607055664062,matched,0,VEHICLE_TRUCK,preprocessed/masks/right_rear_camera/masks/frame_000376_gt2d_000_track_-1_VEHICLE_TRUCK.png,0.96600341796875,1871.5,594.0,16.444692611694336,17.15755271911621,0.44536781311035156,1.0,13.37443019618107,-0.6664549310201686,16.444692611694336,da3_bbox_median,1920.0,1280.0,image_root
right_rear,377,1772699947910651000,data\camera\right_rear_camera\1772699947910651000.jpg,4000000,4,truck,0.71894,1815.0,505.0,1919.0,682.0,1817.0614013671875,505.30572509765625,1918.982666015625,681.5593872070312,matched,0,VEHICLE_TRUCK,preprocessed/masks/right_rear_camera/masks/frame_000377_gt2d_000_track_-1_VEHICLE_TRUCK.png,0.9632465839385986,1867.0,593.5,16.225139617919922,16.934158325195312,0.6402378082275391,1.0,13.130819858159555,-0.664783355984475,16.225139617919922,da3_bbox_median,1920.0,1280.0,image_root
right_rear,378,1772699948010645000,data\camera\right_rear_camera\1772699948010645000.jpg,4000000,4,truck,0.686076,1810.0,502.0,1919.0,682.0,1811.17919921875,502.2591247558594,1918.9798583984375,682.0804443359375,matched,0,VEHICLE_TRUCK,preprocessed/masks/right_rear_camera/masks/frame_000378_gt2d_000_track_-1_VEHICLE_TRUCK.png,0.9646974802017212,1864.5,592.0,15.7196044921875,16.067726135253906,0.7596397399902344,1.0,12.6866840355258,-0.6650736800203827,15.7196044921875,da3_bbox_median,1920.0,1280.0,image_root
right_rear,379,1772699948110561000,data\camera\right_rear_camera\1772699948110561000.jpg,4000000,4,truck,0.773928,1805.0,498.0,1919.0,683.0,1805.7921142578125,498.59613037109375,1918.9862060546875,682.9190673828125,matched,0,VEHICLE_TRUCK,preprocessed/masks/right_rear_camera/masks/frame_000379_gt2d_000_track_-1_VEHICLE_TRUCK.png,0.9645217657089233,1862.0,590.5,13.554182052612305,13.859246253967285,0.4586906433105469,1.0,10.90886642393845,-0.5915678499974695,13.554182052612305,da3_bbox_median,1920.0,1280.0,image_root
right_rear,380,1772699948210538000,data\camera\right_rear_camera\1772699948210538000.jpg,4000000,4,truck,0.778732,1798.0,495.0,1919.0,684.0,1799.3607177734375,495.3140563964844,1918.989013671875,683.8550415039062,matched,0,VEHICLE_TRUCK,preprocessed/masks/right_rear_camera/masks/frame_000380_gt2d_000_track_-1_VEHICLE_TRUCK.png,0.9582500457763672,1858.5,589.5,11.965232849121094,12.155196189880371,0.37174129486083984,1.0,9.592716129976818,-0.5328766961349088,11.965232849121094,da3_bbox_median,1920.0,1280.0,image_root
right_rear,381,1772699948310546000,data\camera\right_rear_camera\1772699948310546000.jpg,4000000,4,truck,0.809642,1793.0,491.0,1919.0,685.0,1793.7652587890625,491.5654602050781,1918.994140625,684.8554077148438,matched,0,VEHICLE_TRUCK,preprocessed/masks/right_rear_camera/masks/frame_000381_gt2d_000_track_-1_VEHICLE_TRUCK.png,0.9571841955184937,1856.0,588.0,11.712721824645996,12.010954856872559,0.4075288772583008,1.0,9.364186491824093,-0.537280648224352,11.712721824645996,da3_bbox_median,1920.0,1280.0,image_root
right_rear,382,1772699948410553000,data\camera\right_rear_camera\1772699948410553000.jpg,4000000,4,truck,0.840398,1786.0,485.0,1919.0,686.0,1787.24755859375,486.32769775390625,1918.9898681640625,685.8551635742188,matched,0,VEHICLE_TRUCK,preprocessed/masks/right_rear_camera/masks/frame_000382_gt2d_000_track_-1_VEHICLE_TRUCK.png,0.965697169303894,1852.5,585.5,11.422327041625977,11.526394844055176,0.2991018295288086,1.0,9.09640212153721,-0.5493958475040585,11.422327041625977,da3_bbox_median,1920.0,1280.0,image_root
right_rear,383,1772699948510561000,data\camera\right_rear_camera\1772699948510561000.jpg,4000000,4,truck,0.817262,1782.0,481.0,1919.0,687.0,1782.2435302734375,481.8149108886719,1918.986328125,686.8671264648438,matched,0,VEHICLE_TRUCK,preprocessed/masks/right_rear_camera/masks/frame_000383_gt2d_000_track_-1_VEHICLE_TRUCK.png,0.9726226329803467,1850.5,584.0,11.224958419799805,11.416434288024902,0.31197452545166016,1.0,8.919222671585027,-0.5549006545112672,11.224958419799805,da3_bbox_median,1920.0,1280.0,image_root
right_rear,384,1772699948610537000,data\camera\right_rear_camera\1772699948610537000.jpg,4000000,4,truck,0.855227,1771.0,476.0,1919.0,688.0,1773.466796875,476.9390563964844,1918.9893798828125,687.8773193359375,matched,0,VEHICLE_TRUCK,preprocessed/masks/right_rear_camera/masks/frame_000384_gt2d_000_track_-1_VEHICLE_TRUCK.png,0.967555046081543,1845.0,582.0,11.194916725158691,11.340373992919922,0.34446048736572266,1.0,8.840496508491478,-0.5733592716323876,11.194916725158691,da3_bbox_median,1920.0,1280.0,image_root
right_rear,385,1772699948710545000,data\camera\right_rear_camera\1772699948710545000.jpg,4000000,4,truck,0.860623,1763.0,471.0,1919.0,688.0,1765.087646484375,471.9240417480469,1918.9925537109375,688.2413940429688,matched,0,VEHICLE_TRUCK,preprocessed/masks/right_rear_camera/masks/frame_000385_gt2d_000_track_-1_VEHICLE_TRUCK.png,0.9683606624603271,1841.0,579.5,10.482128143310547,10.560370445251465,0.3024272918701172,1.0,8.24026090535135,-0.5601954194760097,10.482128143310547,da3_bbox_median,1920.0,1280.0,image_root
right_rear,386,1772699948810552000,data\camera\right_rear_camera\1772699948810552000.jpg,4000000,4,truck,0.866477,1754.0,466.0,1919.0,689.0,1756.2115478515625,466.8645935058594,1918.983154296875,688.9998168945312,matched,0,VEHICLE_TRUCK,preprocessed/masks/right_rear_camera/masks/frame_000386_gt2d_000_track_-1_VEHICLE_TRUCK.png,0.96915203332901,1836.5,577.5,9.928142547607422,10.03419303894043,0.3094654083251953,1.0,7.764956054940335,-0.5482757773840379,9.928142547607422,da3_bbox_median,1920.0,1280.0,image_root
right_rear,387,1772699948910560000,data\camera\right_rear_camera\1772699948910560000.jpg,4000000,4,truck,0.880869,1748.0,462.0,1919.0,691.0,1749.02783203125,462.4329528808594,1918.9805908203125,690.5523681640625,matched,0,VEHICLE_TRUCK,preprocessed/masks/right_rear_camera/masks/frame_000387_gt2d_000_track_-1_VEHICLE_TRUCK.png,0.9704480171203613,1833.5,576.5,9.786768913269043,9.967540740966797,0.3446617126464844,1.0,7.628228016581251,-0.5491860538069616,9.786768913269043,da3_bbox_median,1920.0,1280.0,image_root
right_rear,388,1772699949010523000,data\camera\right_rear_camera\1772699949010523000.jpg,4000000,4,truck,0.838911,1732.0,455.0,1919.0,693.0,1736.26416015625,456.3382873535156,1918.97705078125,692.4256591796875,matched,0,VEHICLE_TRUCK,preprocessed/masks/right_rear_camera/masks/frame_000388_gt2d_000_track_-1_VEHICLE_TRUCK.png,0.9650530815124512,1825.5,574.0,10.505395889282227,10.915821075439453,0.4232940673828125,1.0,8.113481532724386,-0.6129060865648034,10.505395889282227,da3_bbox_median,1920.0,1280.0,image_root
right_rear,389,1772699949110653000,data\camera\right_rear_camera\1772699949110653000.jpg,4000000,4,truck,0.850606,1724.0,448.0,1919.0,694.0,1726.3162841796875,449.6009521484375,1918.9715576171875,693.7776489257812,matched,0,VEHICLE_TRUCK,preprocessed/masks/right_rear_camera/masks/frame_000389_gt2d_000_track_-1_VEHICLE_TRUCK.png,0.9619788527488708,1821.5,571.0,9.704545974731445,10.094630241394043,0.5130786895751953,1.0,7.460388966102838,-0.5921158139326889,9.704545974731445,da3_bbox_median,1920.0,1280.0,image_root
right_rear,390,1772699949210660000,data\camera\right_rear_camera\1772699949210660000.jpg,4000000,4,truck,0.872645,1717.0,444.0,1919.0,695.0,1718.0931396484375,444.50921630859375,1918.978271484375,694.9044799804688,matched,0,VEHICLE_TRUCK,preprocessed/masks/right_rear_camera/masks/frame_000390_gt2d_000_track_-1_VEHICLE_TRUCK.png,0.9648339152336121,1818.0,569.5,9.039981842041016,9.37990951538086,0.4533109664916992,1.0,6.9213155167082,-0.5636464445227244,9.039981842041016,da3_bbox_median,1920.0,1280.0,image_root
right_rear,391,1772699949310637000,data\camera\right_rear_camera\1772699949310637000.jpg,4000000,4,truck,0.894618,1708.0,437.0,1919.0,697.0,1709.3369140625,438.1529235839844,1918.9927978515625,696.583740234375,matched,0,VEHICLE_TRUCK,preprocessed/masks/right_rear_camera/masks/frame_000391_gt2d_000_track_-1_VEHICLE_TRUCK.png,0.9686466455459595,1813.5,567.0,9.249679565429688,9.625726699829102,0.5243911743164062,1.0,7.044784178431783,-0.5973190300786473,9.249679565429688,da3_bbox_median,1920.0,1280.0,image_root
right_rear,392,1772699949410645000,data\camera\right_rear_camera\1772699949410645000.jpg,4000000,4,truck,0.887727,1698.0,430.0,1919.0,699.0,1699.728759765625,431.3363342285156,1918.990966796875,698.5029907226562,matched,0,VEHICLE_TRUCK,preprocessed/masks/right_rear_camera/masks/frame_000392_gt2d_000_track_-1_VEHICLE_TRUCK.png,0.967351496219635,1808.5,564.5,9.6600923538208,10.114219665527344,0.5071392059326172,1.0,7.31433313905696,-0.6453341525871349,9.6600923538208,da3_bbox_median,1920.0,1280.0,image_root
right_rear,393,1772699949510652000,data\camera\right_rear_camera\1772699949510652000.jpg,4000000,4,truck,0.908764,1692.0,422.0,1919.0,701.0,1692.2982177734375,423.6979064941406,1918.986083984375,700.5069580078125,matched,0,VEHICLE_TRUCK,preprocessed/masks/right_rear_camera/masks/frame_000393_gt2d_000_track_-1_VEHICLE_TRUCK.png,0.9732280969619751,1805.5,561.5,9.745338439941406,10.200969696044922,0.48107147216796875,1.0,7.3528321590964945,-0.6770708858750943,9.745338439941406,da3_bbox_median,1920.0,1280.0,image_root
right_rear,394,1772699949610660000,data\camera\right_rear_camera\1772699949610660000.jpg,4000000,4,truck,0.915625,1677.0,415.0,1919.0,703.0,1680.0738525390625,416.364990234375,1918.9786376953125,702.52490234375,matched,0,VEHICLE_TRUCK,preprocessed/masks/right_rear_camera/masks/frame_000394_gt2d_000_track_-1_VEHICLE_TRUCK.png,0.9712080955505371,1798.0,559.0,9.190241813659668,9.931131362915039,0.5629415512084961,1.0,6.872605372415851,-0.6589702682179086,9.190241813659668,da3_bbox_median,1920.0,1280.0,image_root
right_rear,395,1772699949710637000,data\camera\right_rear_camera\1772699949710637000.jpg,4000000,4,truck,0.885027,1669.0,407.0,1919.0,705.0,1670.377197265625,408.53851318359375,1918.97900390625,704.5655517578125,matched,0,VEHICLE_TRUCK,preprocessed/masks/right_rear_camera/masks/frame_000395_gt2d_000_track_-1_VEHICLE_TRUCK.png,0.9714043140411377,1794.0,556.0,8.605060577392578,9.071304321289062,0.41664600372314453,1.0,6.404332300550835,-0.6400057067125522,8.605060577392578,da3_bbox_median,1920.0,1280.0,image_root
right_rear,396,1772699949810644000,data\camera\right_rear_camera\1772699949810644000.jpg,4000000,4,truck,0.904414,1651.0,400.0,1918.0,707.0,1655.372802734375,401.13616943359375,1918.3436279296875,706.5853881835938,matched,0,VEHICLE_TRUCK,preprocessed/masks/right_rear_camera/masks/frame_000396_gt2d_000_track_-1_VEHICLE_TRUCK.png,0.9744805097579956,1784.5,553.5,9.232295989990234,9.772933959960938,0.5695476531982422,1.0,6.793014215841453,-0.7072157944162698,9.232295989990234,da3_bbox_median,1920.0,1280.0,image_root
right_rear,397,1772699949910651000,data\camera\right_rear_camera\1772699949910651000.jpg,4000000,4,truck,0.916518,1636.0,390.0,1919.0,709.0,1640.188232421875,392.03448486328125,1918.7144775390625,708.6358032226562,matched,0,VEHICLE_TRUCK,preprocessed/masks/right_rear_camera/masks/frame_000397_gt2d_000_track_-1_VEHICLE_TRUCK.png,0.9745711088180542,1777.5,549.5,10.359491348266602,11.111154556274414,0.6464214324951172,1.0,7.557785338493249,-0.8304724480800796,10.359491348266602,da3_bbox_median,1920.0,1280.0,image_root
right_rear,398,1772699950010645000,data\camera\right_rear_camera\1772699950010645000.jpg,4000000,4,truck,0.917238,1621.0,381.0,1919.0,711.0,1624.9219970703125,382.8648376464844,1918.8590087890625,710.6469116210938,matched,0,VEHICLE_TRUCK,preprocessed/masks/right_rear_camera/masks/frame_000398_gt2d_000_track_-1_VEHICLE_TRUCK.png,0.9768695831298828,1770.0,546.0,10.038411140441895,11.044407844543457,0.6599969863891602,1.000001311302185,7.2564655132858515,-0.8360288896628194,10.038411140441895,da3_bbox_median,1920.0,1280.0,image_root
right_rear,399,1772699950110561000,data\camera\right_rear_camera\1772699950110561000.jpg,4000000,4,truck,0.896454,1607.0,371.0,1919.0,714.0,1610.264892578125,373.0586853027344,1918.9251708984375,713.2997436523438,matched,0,VEHICLE_TRUCK,preprocessed/masks/right_rear_camera/masks/frame_000399_gt2d_000_track_-1_VEHICLE_TRUCK.png,0.9821487665176392,1763.0,542.5,9.993125915527344,11.0083589553833,0.7678670883178711,1.000005841255188,7.161409093448802,-0.8634121735801423,9.993125915527344,da3_bbox_median,1920.0,1280.0,image_root
right_rear,400,1772699950210538000,data\camera\right_rear_camera\1772699950210538000.jpg,4000000,4,truck,0.916638,1595.0,361.0,1919.0,716.0,1597.1063232421875,363.0415954589844,1918.9488525390625,715.5946655273438,matched,0,VEHICLE_TRUCK,preprocessed/masks/right_rear_camera/masks/frame_000400_gt2d_000_track_-1_VEHICLE_TRUCK.png,0.9829447269439697,1757.0,538.5,10.333806037902832,11.425858497619629,0.7328386306762695,1.0000085830688477,7.350312712844222,-0.9296664400542886,10.333806037902832,da3_bbox_median,1920.0,1280.0,image_root
right_rear,401,1772699950310546000,data\camera\right_rear_camera\1772699950310546000.jpg,4000000,4,truck,0.916539,1576.0,350.0,1919.0,719.0,1580.156494140625,352.23944091796875,1918.9466552734375,718.3101196289062,matched,0,VEHICLE_TRUCK,preprocessed/masks/right_rear_camera/masks/frame_000401_gt2d_000_track_-1_VEHICLE_TRUCK.png,0.981945812702179,1747.5,534.5,9.77379035949707,10.803643226623535,0.8109188079833984,1.0000202655792236,6.869258015077746,-0.9141093742494202,9.77379035949707,da3_bbox_median,1920.0,1280.0,image_root
right_rear,402,1772699950410553000,data\camera\right_rear_camera\1772699950410553000.jpg,4000000,4,truck,0.901855,1567.0,340.0,1919.0,722.0,1567.994384765625,341.8797607421875,1918.935791015625,721.2926025390625,matched,0,VEHICLE_TRUCK,preprocessed/masks/right_rear_camera/masks/frame_000402_gt2d_000_track_-1_VEHICLE_TRUCK.png,0.9817328453063965,1743.0,531.0,9.791977882385254,10.313394546508789,0.8071355819702148,1.000062346458435,6.842783514711443,-0.9463380610390559,9.791977882385254,da3_bbox_median,1920.0,1280.0,image_root
right_rear,403,1772699950510561000,data\camera\right_rear_camera\1772699950510561000.jpg,4000000,4,truck,0.922335,1538.0,329.0,1919.0,726.0,1545.1734619140625,330.9844055175781,1918.939697265625,724.9319458007812,matched,0,VEHICLE_TRUCK,preprocessed/masks/right_rear_camera/masks/frame_000403_gt2d_000_track_-1_VEHICLE_TRUCK.png,0.9847482442855835,1728.5,527.5,9.868171691894531,10.649652481079102,0.9622135162353516,1.0000876188278198,6.7685494089259235,-0.9844669652962164,9.868171691894531,da3_bbox_median,1920.0,1280.0,image_root
right_rear,404,1772699950610537000,data\camera\right_rear_camera\1772699950610537000.jpg,4000000,4,truck,0.926872,1524.0,315.0,1919.0,729.0,1527.601806640625,318.0225830078125,1918.9326171875,728.2286376953125,matched,0,VEHICLE_TRUCK,preprocessed/masks/right_rear_camera/masks/frame_000404_gt2d_000_track_-1_VEHICLE_TRUCK.png,0.9804506301879883,1721.5,522.0,9.668989181518555,10.602981567382812,0.9099712371826172,1.0000100135803223,6.571631074023829,-1.0119656677127573,9.668989181518555,da3_bbox_median,1920.0,1280.0,image_root
right_rear,405,1772699950710545000,data\camera\right_rear_camera\1772699950710545000.jpg,4000000,4,truck,0.919492,1498.0,303.0,1919.0,732.0,1504.5498046875,305.49810791015625,1918.93310546875,731.3585205078125,matched,0,VEHICLE_TRUCK,preprocessed/masks/right_rear_camera/masks/frame_000405_gt2d_000_track_-1_VEHICLE_TRUCK.png,0.9837158918380737,1708.5,517.5,9.911338806152344,10.964305877685547,1.1497373580932617,1.0000516176223755,6.621554643721502,-1.0770585151019616,9.911338806152344,da3_bbox_median,1920.0,1280.0,image_root
right_rear,406,1772699950810552000,data\camera\right_rear_camera\1772699950810552000.jpg,4000000,4,truck,0.92318,1477.0,289.0,1919.0,736.0,1482.4989013671875,291.9049377441406,1918.9307861328125,735.0753784179688,matched,0,VEHICLE_TRUCK,preprocessed/masks/right_rear_camera/masks/frame_000406_gt2d_000_track_-1_VEHICLE_TRUCK.png,0.9835346937179565,1698.0,512.5,9.28463363647461,10.435280799865723,1.1453666687011719,1.0002368688583374,6.116012268624116,-1.0503062617856993,9.28463363647461,da3_bbox_median,1920.0,1280.0,image_root
right_rear,407,1772699950910560000,data\camera\right_rear_camera\1772699950910560000.jpg,4000000,4,truck,0.918505,1453.0,274.0,1919.0,741.0,1458.96923828125,277.2613830566406,1918.9403076171875,739.6417236328125,matched,0,VEHICLE_TRUCK,preprocessed/masks/right_rear_camera/masks/frame_000407_gt2d_000_track_-1_VEHICLE_TRUCK.png,0.9756718873977661,1686.0,507.5,8.327299118041992,9.286982536315918,1.174741268157959,1.0002621412277222,5.39636605230125,-0.9790972952062365,8.327299118041992,da3_bbox_median,1920.0,1280.0,image_root
right_rear,408,1772699951010523000,data\camera\right_rear_camera\1772699951010523000.jpg,4000000,4,truck,0.900371,1427.0,258.0,1919.0,746.0,1433.61767578125,261.59271240234375,1918.94677734375,744.5472412109375,matched,0,VEHICLE_TRUCK,preprocessed/masks/right_rear_camera/masks/frame_000408_gt2d_000_track_-1_VEHICLE_TRUCK.png,0.9697983860969543,1673.0,502.0,7.687554359436035,8.704429626464844,1.265587329864502,1.0005640983581543,4.892753905796421,-0.9415403787631577,7.687554359436035,da3_bbox_median,1920.0,1280.0,image_root
right_rear,409,1772699951110653000,data\camera\right_rear_camera\1772699951110653000.jpg,4000000,4,truck,0.906938,1400.0,237.0,1919.0,751.0,1406.92041015625,242.39892578125,1918.9390869140625,749.6104125976562,matched,0,VEHICLE_TRUCK,preprocessed/masks/right_rear_camera/masks/frame_000409_gt2d_000_track_-1_VEHICLE_TRUCK.png,0.9695297479629517,1659.5,494.0,6.672145366668701,7.742186546325684,1.3840947151184082,1.0010206699371338,4.166247408988507,-0.8647228539748835,6.672145366668701,da3_bbox_median,1920.0,1280.0,image_root
right_rear,410,1772699951210660000,data\camera\right_rear_camera\1772699951210660000.jpg,4000000,4,truck,0.914105,1373.0,222.0,1919.0,756.0,1379.7191162109375,225.60328674316406,1918.943115234375,754.7098388671875,matched,0,VEHICLE_TRUCK,preprocessed/masks/right_rear_camera/masks/frame_000410_gt2d_000_track_-1_VEHICLE_TRUCK.png,0.9783586263656616,1646.0,489.0,5.585406303405762,6.581631183624268,1.2325959205627441,1.002730369567871,3.420483947413894,-0.7487553505079874,5.585406303405762,da3_bbox_median,1920.0,1280.0,image_root
right_rear,411,1772699951310637000,data\camera\right_rear_camera\1772699951310637000.jpg,4000000,4,truck,0.907398,1344.0,201.0,1919.0,762.0,1351.0579833984375,205.96775817871094,1918.9281005859375,760.4503173828125,matched,0,VEHICLE_TRUCK,preprocessed/masks/right_rear_camera/masks/frame_000411_gt2d_000_track_-1_VEHICLE_TRUCK.png,0.9741908311843872,1631.5,481.5,4.784082889556885,5.796411991119385,1.1819672584533691,1.0061556100845337,2.8679542209104465,-0.6732940244164349,4.784082889556885,da3_bbox_median,1920.0,1280.0,image_root
right_rear,412,1772699951410645000,data\camera\right_rear_camera\1772699951410645000.jpg,4000000,4,truck,0.909274,1311.0,178.0,1919.0,769.0,1319.359375,183.9812774658203,1918.9293212890625,767.0653076171875,matched,0,VEHICLE_TRUCK,preprocessed/masks/right_rear_camera/masks/frame_000412_gt2d_000_track_-1_VEHICLE_TRUCK.png,0.9627807140350342,1615.0,473.5,4.388692855834961,5.3587260246276855,1.2072949409484863,1.0316945314407349,2.5664123252499422,-0.6489220810672812,4.388692855834961,da3_bbox_median,1920.0,1280.0,image_root
right_rear,413,1772699951510652000,data\camera\right_rear_camera\1772699951510652000.jpg,4000000,4,truck,0.900789,1275.0,157.0,1917.0,777.0,1284.572509765625,162.32968139648438,1917.657958984375,774.637939453125,matched,0,VEHICLE_TRUCK,preprocessed/masks/right_rear_camera/masks/frame_000413_gt2d_000_track_-1_VEHICLE_TRUCK.png,0.9784616231918335,1596.0,467.0,4.000497817993164,4.975837707519531,1.3395195007324219,1.030853509902954,2.271686421507243,-0.6146850300239353,4.000497817993164,da3_bbox_median,1920.0,1280.0,image_root
right_rear,414,1772699951610660000,data\camera\right_rear_camera\1772699951610660000.jpg,4000000,4,truck,0.876559,1236.0,132.0,1914.0,785.0,1246.719970703125,138.36705017089844,1915.2799072265625,782.6492309570312,matched,0,VEHICLE_TRUCK,preprocessed/masks/right_rear_camera/masks/frame_000414_gt2d_000_track_-1_VEHICLE_TRUCK.png,0.9819072484970093,1575.0,458.5,3.72274112701416,4.677859783172607,1.3061270713806152,1.0152455568313599,2.044312559105338,-0.6001933486617403,3.72274112701416,da3_bbox_median,1920.0,1280.0,image_root
right_rear,415,1772699951710637000,data\camera\right_rear_camera\1772699951710637000.jpg,4000000,4,truck,0.902467,1194.0,108.0,1913.0,793.0,1205.77783203125,114.05567932128906,1913.69384765625,790.7390747070312,matched,0,VEHICLE_TRUCK,preprocessed/masks/right_rear_camera/masks/frame_000415_gt2d_000_track_-1_VEHICLE_TRUCK.png,0.9920544624328613,1553.5,450.5,3.535334587097168,4.663807392120361,1.4077494144439697,1.0359762907028198,1.873681723882986,-0.5951717674312664,3.535334587097168,da3_bbox_median,1920.0,1280.0,image_root
right_rear,416,1772699951810644000,data\camera\right_rear_camera\1772699951810644000.jpg,4000000,4,truck,0.914161,1150.0,74.0,1912.0,803.0,1162.4105224609375,83.3485336303711,1912.444580078125,800.1205444335938,matched,0,VEHICLE_TRUCK,preprocessed/masks/right_rear_camera/masks/frame_000416_gt2d_000_track_-1_VEHICLE_TRUCK.png,0.9977208971977234,1531.0,438.5,3.1700305938720703,4.530008792877197,1.3510727882385254,1.0546900033950806,1.6165302838711448,-0.5675574338325542,3.1700305938720703,da3_bbox_median,1920.0,1280.0,image_root
right_rear,417,1772699951910651000,data\camera\right_rear_camera\1772699951910651000.jpg,4000000,4,truck,0.908614,1099.0,48.0,1908.0,815.0,1113.710205078125,55.197731018066406,1909.43896484375,811.2764892578125,matched,0,VEHICLE_TRUCK,preprocessed/masks/right_rear_camera/masks/frame_000417_gt2d_000_track_-1_VEHICLE_TRUCK.png,1.0003011226654053,1503.5,431.5,3.152966022491455,4.40922212600708,1.4380149841308594,1.0274925231933594,1.5305802789145346,-0.5841617211878994,3.152966022491455,da3_bbox_median,1920.0,1280.0,image_root
right_rear,418,1772699952010645000,data\camera\right_rear_camera\1772699952010645000.jpg,4000000,4,truck,0.862109,1046.0,19.0,1904.0,826.0,1061.67431640625,26.18968963623047,1905.7398681640625,822.5324096679688,matched,0,VEHICLE_TRUCK,preprocessed/masks/right_rear_camera/masks/frame_000418_gt2d_000_track_-1_VEHICLE_TRUCK.png,1.0012893676757812,1475.0,422.5,3.511911630630493,4.915270805358887,1.4817452430725098,1.1304086446762085,1.6156562470381952,-0.6788189823618234,3.511911630630493,da3_bbox_median,1920.0,1280.0,image_root
right_rear,419,1772699952110561000,data\camera\right_rear_camera\1772699952110561000.jpg,4000000,4,truck,0.851906,975.0,0.0,1896.0,838.0,997.0870971679688,3.136953592300415,1899.238525390625,834.4481811523438,matched,0,VEHICLE_TRUCK,preprocessed/masks/right_rear_camera/masks/frame_000419_gt2d_000_track_-1_VEHICLE_TRUCK.png,1.0081250667572021,1435.5,419.0,3.3125157356262207,4.477811813354492,1.5065279006958008,1.2052879333496094,1.407353042500929,-0.6506048264276407,3.3125157356262207,da3_bbox_median,1920.0,1280.0,image_root
right_rear,420,1772699952210538000,data\camera\right_rear_camera\1772699952210538000.jpg,4000000,4,truck,0.813141,911.0,0.0,1892.0,853.0,931.9988403320312,-5.581065654754639,1894.177734375,848.503662109375,matched,0,VEHICLE_TRUCK,preprocessed/masks/right_rear_camera/masks/frame_000420_gt2d_000_track_-1_VEHICLE_TRUCK.png,1.0076509714126587,1401.5,426.5,2.5911896228790283,3.527582883834839,1.1106986999511719,1.2532867193222046,1.022401051936884,-0.491619815504018,2.5911896228790283,da3_bbox_median,1920.0,1280.0,image_root
right_rear,421,1772699952310546000,data\camera\right_rear_camera\1772699952310546000.jpg,4000000,4,truck,0.735298,824.0,0.0,1891.0,874.0,852.3482666015625,-8.475239753723145,1891.4930419921875,867.1986083984375,matched,0,VEHICLE_TRUCK,preprocessed/masks/right_rear_camera/masks/frame_000421_gt2d_000_track_-1_VEHICLE_TRUCK.png,1.0055670738220215,1357.5,437.0,2.2926037311553955,3.1944165229797363,1.0881762504577637,1.2545052766799927,0.8147180152316499,-0.41352746961157794,2.2926037311553955,da3_bbox_median,1920.0,1280.0,image_root
right_rear,422,1772699952410553000,data\camera\right_rear_camera\1772699952410553000.jpg,4000000,4,truck,0.667944,686.0,0.0,1902.0,895.0,735.6128540039062,-9.00879192352295,1897.217529296875,887.7894897460938,matched,0,VEHICLE_TRUCK,preprocessed/masks/right_rear_camera/masks/frame_000422_gt2d_000_track_-1_VEHICLE_TRUCK.png,0.9928802251815796,1294.0,447.5,2.165976047515869,3.2529497146606445,1.2218976020812988,1.248488187789917,0.6471827754445825,-0.3704289793689386,2.165976047515869,da3_bbox_median,1920.0,1280.0,image_root
right_rear,423,1772699952510561000,data\camera\right_rear_camera\1772699952510561000.jpg,4000000,4,truck,0.709324,639.0,0.0,1882.0,907.0,660.2081298828125,-8.723668098449707,1887.2647705078125,903.2982177734375,matched,0,VEHICLE_TRUCK,preprocessed/masks/right_rear_camera/masks/frame_000423_gt2d_000_track_-1_VEHICLE_TRUCK.png,0.9948434829711914,1260.5,453.5,2.0012991428375244,2.8537259101867676,1.0626767873764038,1.3685356378555298,0.5382481479101449,-0.3315697222322374,2.0012991428375244,da3_bbox_median,1920.0,1280.0,image_root
right_rear,424,1772699952610537000,data\camera\right_rear_camera\1772699952610537000.jpg,4000000,4,truck,0.674431,525.0,0.0,1882.0,938.0,559.6245727539062,-8.042472839355469,1883.1331787109375,928.9802856445312,matched,0,VEHICLE_TRUCK,preprocessed/masks/right_rear_camera/masks/frame_000424_gt2d_000_track_-1_VEHICLE_TRUCK.png,0.9974417686462402,1203.5,469.0,1.8797874450683594,2.702108383178711,1.0513954162597656,1.4681529998779297,0.41010813009405195,-0.28548451756665405,1.8797874450683594,da3_bbox_median,1920.0,1280.0,image_root
right_rear,425,1772699952710545000,data\camera\right_rear_camera\1772699952710545000.jpg,4000000,4,truck,0.655683,395.0,0.0,1882.0,970.0,439.7425842285156,-7.357977390289307,1881.4697265625,959.1804809570312,matched,0,VEHICLE_TRUCK,preprocessed/masks/right_rear_camera/masks/frame_000425_gt2d_000_track_-1_VEHICLE_TRUCK.png,0.9987460970878601,1138.5,485.0,1.3347091674804688,1.9017001390457153,0.7817095518112183,1.5171899795532227,0.21389768184241975,-0.18368088533267934,1.3347091674804688,da3_bbox_median,1920.0,1280.0,image_root
right_rear,426,1772699952810552000,data\camera\right_rear_camera\1772699952810552000.jpg,4000000,4,truck,0.641353,244.0,0.0,1874.0,1004.0,299.28466796875,-6.59241247177124,1875.916015625,992.5040893554688,matched,0,VEHICLE_TRUCK,preprocessed/masks/right_rear_camera/masks/frame_000426_gt2d_000_track_-1_VEHICLE_TRUCK.png,1.00100576877594,1059.0,502.0,0.9879177212715149,1.4380725622177124,0.6629045605659485,1.4717355966567993,0.08834973115819733,-0.12099614285407867,0.9879177212715149,da3_bbox_median,1920.0,1280.0,image_root
right_rear,427,1772699952910560000,data\camera\right_rear_camera\1772699952910560000.jpg,4000000,4,truck,0.623907,52.0,0.0,1874.0,1056.0,125.2138900756836,-5.864455223083496,1873.5093994140625,1038.434326171875,matched,0,VEHICLE_TRUCK,preprocessed/masks/right_rear_camera/masks/frame_000427_gt2d_000_track_-1_VEHICLE_TRUCK.png,1.006378173828125,963.0,528.0,0.9603352546691895,1.3870271444320679,0.7237565517425537,1.47621488571167,0.0037477398478083105,-0.09537710333300753,0.9603352546691895,da3_bbox_median,1920.0,1280.0,image_root
right_rear,428,1772699953010523000,data\camera\right_rear_camera\1772699953010523000.jpg,4000000,4,truck,0.708553,0.0,0.0,1877.0,1122.0,23.0515079498291,-5.322671890258789,1874.2017822265625,1097.9256591796875,matched,0,VEHICLE_TRUCK,preprocessed/masks/right_rear_camera/masks/frame_000428_gt2d_000_track_-1_VEHICLE_TRUCK.png,0.9941051602363586,938.5,561.0,0.8914510607719421,1.2307294607162476,0.6940891742706299,1.633445382118225,-0.015979130066711027,-0.06233182657498545,0.8914510607719421,da3_bbox_median,1920.0,1280.0,image_root
right_rear,429,1772699953110653000,data\camera\right_rear_camera\1772699953110653000.jpg,4000000,4,truck,0.695176,0.0,0.0,1869.0,1180.0,-18.02226448059082,-4.952646255493164,1869.126953125,1157.4942626953125,matched,0,VEHICLE_TRUCK,preprocessed/masks/right_rear_camera/masks/frame_000429_gt2d_000_track_-1_VEHICLE_TRUCK.png,1.0004289150238037,934.5,590.0,0.8912732005119324,1.2194896936416626,0.6834431290626526,1.8094896078109741,-0.019152132129158967,-0.03929627803038649,0.8912732005119324,da3_bbox_median,1920.0,1280.0,image_root
right_rear,430,1772699953210660000,data\camera\right_rear_camera\1772699953210660000.jpg,4000000,4,truck,0.686731,0.0,0.0,1865.0,1249.0,-32.01871871948242,-4.787571907043457,1864.943359375,1223.907958984375,matched,0,VEHICLE_TRUCK,preprocessed/masks/right_rear_camera/masks/frame_000430_gt2d_000_track_55_VEHICLE_TRUCK.png,1.007554054260254,932.5,624.5,0.8461350202560425,1.1740273237228394,0.6491060256958008,1.7774181365966797,-0.019689846579935902,-0.011303702651650479,0.8461350202560425,da3_bbox_median,1920.0,1280.0,image_root
right_rear,431,1772699953310637000,data\camera\right_rear_camera\1772699953310637000.jpg,4000000,4,truck,0.678237,0.0,0.0,1857.0,1257.0,-35.087364196777344,-4.746983051300049,1858.544921875,1254.5726318359375,matched,0,VEHICLE_TRUCK,preprocessed/masks/right_rear_camera/masks/frame_000431_gt2d_000_track_55_VEHICLE_TRUCK.png,0.9977729320526123,928.5,628.5,0.8203660249710083,1.1549887657165527,0.6568402051925659,1.6516796350479126,-0.0220136948626236,-0.00803648921399536,0.8203660249710083,da3_bbox_median,1920.0,1280.0,image_root
right_rear,432,1772699953410645000,data\camera\right_rear_camera\1772699953410645000.jpg,4000000,4,truck,0.669877,0.0,0.0,1839.0,1265.0,-34.15209197998047,-4.504110336303711,1844.6173095703125,1270.9417724609375,matched,0,VEHICLE_TRUCK,preprocessed/masks/right_rear_camera/masks/frame_000432_gt2d_000_track_55_VEHICLE_TRUCK.png,0.9893715977668762,919.5,632.5,0.7445780038833618,0.9659820795059204,0.5432345867156982,1.5586751699447632,-0.025950192761074943,-0.004641125314117828,0.7445780038833618,da3_bbox_median,1920.0,1280.0,image_root
right_rear,433,1772699953510652000,data\camera\right_rear_camera\1772699953510652000.jpg,4000000,4,truck,0.71166,0.0,0.0,1838.0,1162.0,-31.726787567138672,-4.3545823097229,1838.580810546875,1210.4888916015625,matched,0,VEHICLE_TRUCK,preprocessed/masks/right_rear_camera/masks/frame_000433_gt2d_000_track_55_VEHICLE_TRUCK.png,0.9980251789093018,919.0,581.0,0.7108867168426514,0.9631823897361755,0.6032973527908325,1.5383793115615845,-0.025092646151432967,-0.037042021947481484,0.7108867168426514,da3_bbox_median,1920.0,1280.0,image_root
right_rear,434,1772699953610660000,data\camera\right_rear_camera\1772699953610660000.jpg,4000000,4,truck,0.730336,0.0,0.0,1839.0,1134.0,-28.86156463623047,-3.7262320518493652,1837.0904541015625,1166.7108154296875,matched,0,VEHICLE_TRUCK,preprocessed/masks/right_rear_camera/masks/frame_000434_gt2d_000_track_55_VEHICLE_TRUCK.png,0.9996055960655212,919.5,567.0,0.8377670645713806,1.1437451839447021,0.616249144077301,1.4694173336029053,-0.02919803795051788,-0.05410070769498772,0.8377670645713806,da3_bbox_median,1920.0,1280.0,image_root
right_rear,435,1772699953710637000,data\camera\right_rear_camera\1772699953710637000.jpg,4000000,4,truck,0.678053,0.0,0.0,1832.0,1175.0,-25.840789794921875,-2.9744162559509277,1832.2984619140625,1176.805419921875,matched,0,VEHICLE_TRUCK,preprocessed/masks/right_rear_camera/masks/frame_000435_gt2d_000_track_55_VEHICLE_TRUCK.png,1.0020581483840942,916.0,587.5,0.816605269908905,1.1366273164749146,0.6425867676734924,1.2793322801589966,-0.03100683953960413,-0.037822640554354234,0.816605269908905,da3_bbox_median,1920.0,1280.0,image_root
right_rear,436,1772699953810644000,data\camera\right_rear_camera\1772699953810644000.jpg,4000000,4,truck,0.707727,0.0,0.0,1824.0,1233.0,-23.4134464263916,-2.4389026165008545,1824.98828125,1218.245361328125,matched,0,VEHICLE_TRUCK,preprocessed/masks/right_rear_camera/masks/frame_000436_gt2d_000_track_55_VEHICLE_TRUCK.png,0.9945698976516724,912.0,616.5,0.810672402381897,1.137413740158081,0.6822856068611145,1.2610267400741577,-0.033670522853793516,-0.01660679273367239,0.810672402381897,da3_bbox_median,1920.0,1280.0,image_root
right_rear,437,1772699953910651000,data\camera\right_rear_camera\1772699953910651000.jpg,4000000,4,truck,0.69909,0.0,0.0,1818.0,1252.0,-20.839540481567383,-2.3132259845733643,1818.5401611328125,1245.7271728515625,matched,0,VEHICLE_TRUCK,preprocessed/masks/right_rear_camera/masks/frame_000437_gt2d_000_track_55_VEHICLE_TRUCK.png,0.9920538663864136,909.0,626.0,0.9790219068527222,1.3862900733947754,0.8375527262687683,1.2939804792404175,-0.043279434877176566,-0.011770873912021985,0.9790219068527222,da3_bbox_median,1920.0,1280.0,image_root
right_rear,438,1772699954010645000,data\camera\right_rear_camera\1772699954010645000.jpg,4000000,4,truck,0.722924,0.0,0.0,1809.0,1255.0,-18.690462112426758,-1.9251124858856201,1810.15380859375,1257.982421875,matched,0,VEHICLE_TRUCK,preprocessed/masks/right_rear_camera/masks/frame_000438_gt2d_000_track_55_VEHICLE_TRUCK.png,0.9878602027893066,904.5,627.5,1.1877455711364746,1.5916486978530884,0.9702273011207581,1.2195508480072021,-0.057268246980628254,-0.012693404277021748,1.1877455711364746,da3_bbox_median,1920.0,1280.0,image_root
right_rear,439,1772699954110561000,data\camera\right_rear_camera\1772699954110561000.jpg,4000000,4,truck,0.731832,0.0,0.0,1798.0,1249.0,-16.254478454589844,-1.8235127925872803,1800.2955322265625,1257.98828125,matched,0,VEHICLE_TRUCK,preprocessed/masks/right_rear_camera/masks/frame_000439_gt2d_000_track_55_VEHICLE_TRUCK.png,0.973798394203186,899.0,624.5,1.1856715679168701,1.5259305238723755,0.9848645925521851,1.2923977375030518,-0.06297806804145696,-0.01583964559485185,1.1856715679168701,da3_bbox_median,1920.0,1280.0,image_root
right_rear,440,1772699954210538000,data\camera\right_rear_camera\1772699954210538000.jpg,4000000,4,truck,0.765478,0.0,0.0,1803.0,1257.0,-14.404329299926758,-1.682457447052002,1799.857666015625,1262.526123046875,matched,0,VEHICLE_TRUCK,preprocessed/masks/right_rear_camera/masks/frame_000440_gt2d_000_track_55_VEHICLE_TRUCK.png,0.9729814529418945,901.5,628.5,1.200086236000061,1.6084420680999756,1.009649634361267,1.3430649042129517,-0.06107078347708372,-0.011756313399033822,1.200086236000061,da3_bbox_median,1920.0,1280.0,image_root
right_rear,441,1772699954310546000,data\camera\right_rear_camera\1772699954310546000.jpg,4000000,4,truck,0.75951,0.0,0.0,1798.0,1176.0,-12.615846633911133,-1.4749354124069214,1796.77392578125,1210.8685302734375,matched,0,VEHICLE_TRUCK,preprocessed/masks/right_rear_camera/masks/frame_000441_gt2d_000_track_55_VEHICLE_TRUCK.png,0.9717456102371216,899.0,588.0,1.0734024047851562,1.4467140436172485,0.8296412229537964,1.3047186136245728,-0.057014785134126396,-0.04923862689498968,1.0734024047851562,da3_bbox_median,1920.0,1280.0,image_root
right_rear,442,1772699954410553000,data\camera\right_rear_camera\1772699954410553000.jpg,4000000,4,truck,0.725794,0.0,0.0,1785.0,1148.0,-10.966496467590332,-1.413339614868164,1787.3466796875,1171.2862548828125,matched,0,VEHICLE_TRUCK,preprocessed/masks/right_rear_camera/masks/frame_000442_gt2d_000_track_55_VEHICLE_TRUCK.png,0.9568852186203003,892.5,574.0,0.9551549553871155,1.3086342811584473,0.7370046377182007,1.2671270370483398,-0.05626520430389445,-0.05572567582784305,0.9551549553871155,da3_bbox_median,1920.0,1280.0,image_root
right_rear,443,1772699954510561000,data\camera\right_rear_camera\1772699954510561000.jpg,4000000,4,truck,0.720828,0.0,0.0,1782.0,1141.0,-9.9346342086792,-1.250035285949707,1781.6158447265625,1151.6446533203125,matched,0,VEHICLE_TRUCK,preprocessed/masks/right_rear_camera/masks/frame_000443_gt2d_000_track_55_VEHICLE_TRUCK.png,0.9451080560684204,891.0,570.5,0.9877464771270752,1.328340768814087,0.7643377780914307,1.2865524291992188,-0.05950506473803982,-0.0607065497856199,0.9877464771270752,da3_bbox_median,1920.0,1280.0,image_root
right_rear,444,1772699954610537000,data\camera\right_rear_camera\1772699954610537000.jpg,4000000,4,truck,0.731323,0.0,0.0,1767.0,1137.0,-8.70392894744873,-1.1177784204483032,1769.934814453125,1141.6522216796875,matched,0,VEHICLE_TRUCK,preprocessed/masks/right_rear_camera/masks/frame_000444_gt2d_000_track_55_VEHICLE_TRUCK.png,0.9712527990341187,883.5,568.5,0.8688926696777344,1.152835726737976,0.6946917772293091,1.327605128288269,-0.05815073745801647,-0.05494976672601486,0.8688926696777344,da3_bbox_median,1920.0,1280.0,image_root
right_rear,445,1772699954710545000,data\camera\right_rear_camera\1772699954710545000.jpg,4000000,4,truck,0.721762,3.0,0.0,1761.0,1137.0,-5.467050552368164,-0.818941056728363,1761.9483642578125,1138.1390380859375,matched,0,VEHICLE_TRUCK,preprocessed/masks/right_rear_camera/masks/frame_000445_gt2d_000_track_55_VEHICLE_TRUCK.png,0.9446624517440796,882.0,568.5,0.598779022693634,0.8367162346839905,0.573943018913269,1.3847769498825073,-0.0408735426258582,-0.03786747059294416,0.598779022693634,da3_bbox_median,1920.0,1280.0,image_root
right_rear,446,1772699954810552000,data\camera\right_rear_camera\1772699954810552000.jpg,4000000,4,truck,0.686483,0.0,0.0,1751.0,1126.0,-5.900761604309082,-0.6881694793701172,1752.3758544921875,1129.5284423828125,matched,0,VEHICLE_TRUCK,preprocessed/masks/right_rear_camera/masks/frame_000446_gt2d_000_track_55_VEHICLE_TRUCK.png,0.9269682168960571,875.5,563.0,0.6426706314086914,0.8497468829154968,0.5517374873161316,1.386022925376892,-0.04759131546767214,-0.043791745226912454,0.6426706314086914,da3_bbox_median,1920.0,1280.0,image_root
right_rear,447,1772699954910560000,data\camera\right_rear_camera\1772699954910560000.jpg,4000000,4,truck,0.697623,0.0,0.0,1750.0,1128.0,-5.591402053833008,-0.6516159772872925,1748.3917236328125,1127.636474609375,matched,0,VEHICLE_TRUCK,preprocessed/masks/right_rear_camera/masks/frame_000447_gt2d_000_track_55_VEHICLE_TRUCK.png,0.9734541177749634,875.0,564.0,0.74803227186203,1.0052498579025269,0.6434425711631775,1.3294024467468262,-0.05572681602661093,-0.05030480626113557,0.74803227186203,da3_bbox_median,1920.0,1280.0,image_root
right_rear,448,1772699955010523000,data\camera\right_rear_camera\1772699955010523000.jpg,4000000,4,truck,0.708018,0.0,0.0,1748.0,1132.0,-5.330068111419678,-0.16666819155216217,1745.583740234375,1130.1112060546875,matched,0,VEHICLE_TRUCK,preprocessed/masks/right_rear_camera/masks/frame_000448_gt2d_000_track_55_VEHICLE_TRUCK.png,0.9570613503456116,874.0,566.0,0.7822831869125366,1.0607681274414062,0.663196861743927,1.3494293689727783,-0.058975383320263045,-0.05121452820649662,0.7822831869125366,da3_bbox_median,1920.0,1280.0,image_root
right_rear,449,1772699955110653000,data\camera\right_rear_camera\1772699955110653000.jpg,-1,1,car,0.380433,1707.0,0.0,1919.0,70.0,1707.0,0.0,1919.0,70.0,unassigned,1,VEHICLE_CAR,preprocessed/masks/right_rear_camera/masks/frame_000449_gt2d_001_track_-1_VEHICLE_CAR.png,0.9760600328445435,1813.0,35.0,8.539552688598633,8.849825859069824,0.06114387512207031,1.0,6.5001300253296685,-4.598169644519054,8.539552688598633,da3_bbox_median,1920.0,1280.0,image_root
right_rear,449,1772699955110653000,data\camera\right_rear_camera\1772699955110653000.jpg,-1,3,person,0.332744,1830.0,610.0,1849.0,659.0,1830.0,610.0,1849.0,659.0,unassigned,2,PEDESTRIAN_NORMAL,preprocessed/masks/right_rear_camera/masks/frame_000449_gt2d_002_track_-1_PEDESTRIAN_NORMAL.png,0.7255434393882751,1839.5,634.5,11.781915664672852,11.786544799804688,0.15584373474121094,1.0,9.24631110657682,-0.052449928571046835,11.781915664672852,da3_bbox_median,1920.0,1280.0,image_root
right_rear,449,1772699955110653000,data\camera\right_rear_camera\1772699955110653000.jpg,4000000,4,truck,0.703113,0.0,0.0,1743.0,1140.0,-4.5163350105285645,-0.27551567554473877,1741.8323974609375,1136.10400390625,matched,0,VEHICLE_TRUCK,preprocessed/masks/right_rear_camera/masks/frame_000449_gt2d_000_track_55_VEHICLE_TRUCK.png,0.9643099904060364,871.5,570.0,0.8230046033859253,1.1587868928909302,0.7500950694084167,1.3360743522644043,-0.06387838694181466,-0.05094811751325778,0.8230046033859253,da3_bbox_median,1920.0,1280.0,image_root
right_rear,450,1772699955210660000,data\camera\right_rear_camera\1772699955210660000.jpg,4000000,4,truck,0.694023,0.0,0.0,1742.0,1151.0,-4.030614376068115,-0.6138008236885071,1739.86181640625,1145.3665771484375,matched,0,VEHICLE_TRUCK,preprocessed/masks/right_rear_camera/masks/frame_000450_gt2d_000_track_55_VEHICLE_TRUCK.png,0.9590965509414673,871.0,575.5,1.0553346872329712,1.423482894897461,0.9222280383110046,1.2872406244277954,-0.08238104222140318,-0.06016030744837324,1.0553346872329712,da3_bbox_median,1920.0,1280.0,image_root
right_rear,451,1772699955310637000,data\camera\right_rear_camera\1772699955310637000.jpg,-1,1,car,0.357847,1707.0,0.0,1919.0,71.0,1707.0,0.0,1919.0,71.0,unassigned,1,VEHICLE_CAR,preprocessed/masks/right_rear_camera/masks/frame_000451_gt2d_001_track_-1_VEHICLE_CAR.png,0.9751019477844238,1813.0,35.5,10.329446792602539,10.975516319274902,0.07419300079345703,1.0,7.862560217151063,-5.557347610183321,10.329446792602539,da3_bbox_median,1920.0,1280.0,image_root
right_rear,451,1772699955310637000,data\camera\right_rear_camera\1772699955310637000.jpg,4000000,4,truck,0.73869,0.0,0.0,1740.0,1147.0,-3.553158760070801,-0.2870010435581207,1738.0447998046875,1146.676513671875,matched,0,VEHICLE_TRUCK,preprocessed/masks/right_rear_camera/masks/frame_000451_gt2d_000_track_55_VEHICLE_TRUCK.png,0.977818489074707,870.0,573.5,1.1072092056274414,1.5017467737197876,0.989311158657074,1.275826096534729,-0.08741687448793285,-0.06508995150842241,1.1072092056274414,da3_bbox_median,1920.0,1280.0,image_root
right_rear,452,1772699955410645000,data\camera\right_rear_camera\1772699955410645000.jpg,-1,1,car,0.371572,1706.0,0.0,1919.0,74.0,1706.0,0.0,1919.0,74.0,unassigned,1,VEHICLE_CAR,preprocessed/masks/right_rear_camera/masks/frame_000452_gt2d_001_track_-1_VEHICLE_CAR.png,0.9724266529083252,1812.5,37.0,9.806039810180664,10.362378120422363,0.065765380859375,1.0,7.4597855324978,-5.2626472457550815,9.806039810180664,da3_bbox_median,1920.0,1280.0,image_root
right_rear,452,1772699955410645000,data\camera\right_rear_camera\1772699955410645000.jpg,4000000,4,truck,0.719575,0.0,0.0,1740.0,1150.0,-3.1603803634643555,-0.25353923439979553,1737.5433349609375,1149.0279541015625,matched,0,VEHICLE_TRUCK,preprocessed/masks/right_rear_camera/masks/frame_000452_gt2d_000_track_55_VEHICLE_TRUCK.png,0.9439268708229065,870.0,575.0,1.0583001375198364,1.4278277158737183,0.909651517868042,1.2750717401504517,-0.0835553839526718,-0.06080069534402635,1.0583001375198364,da3_bbox_median,1920.0,1280.0,image_root
right_rear,453,1772699955510652000,data\camera\right_rear_camera\1772699955510652000.jpg,-1,1,car,0.381009,1706.0,0.0,1919.0,74.0,1706.0,0.0,1919.0,74.0,unassigned,1,VEHICLE_CAR,preprocessed/masks/right_rear_camera/masks/frame_000453_gt2d_001_track_-1_VEHICLE_CAR.png,0.9723281860351562,1812.5,37.0,9.962621688842773,10.55538558959961,0.06996917724609375,1.0,7.578902653752216,-5.346680679070413,9.962621688842773,da3_bbox_median,1920.0,1280.0,image_root
right_rear,453,1772699955510652000,data\camera\right_rear_camera\1772699955510652000.jpg,4000000,4,truck,0.72575,0.0,0.0,1733.0,1151.0,-2.54392147064209,-0.2986949682235718,1733.1734619140625,1150.482666015625,matched,0,VEHICLE_TRUCK,preprocessed/masks/right_rear_camera/masks/frame_000453_gt2d_000_track_55_VEHICLE_TRUCK.png,0.9452940225601196,866.5,575.5,1.0623875856399536,1.4346623420715332,0.9322634935379028,1.3041659593582153,-0.08719083293884704,-0.060562364295077206,1.0623875856399536,da3_bbox_median,1920.0,1280.0,image_root
right_rear,454,1772699955610660000,data\camera\right_rear_camera\1772699955610660000.jpg,-1,1,car,0.386001,1704.0,0.0,1919.0,75.0,1704.0,0.0,1919.0,75.0,unassigned,1,VEHICLE_CAR,preprocessed/masks/right_rear_camera/masks/frame_000454_gt2d_001_track_-1_VEHICLE_CAR.png,0.9724138379096985,1811.5,37.5,9.601727485656738,10.126569747924805,0.054459571838378906,1.0,7.295803938712764,-5.148721757022042,9.601727485656738,da3_bbox_median,1920.0,1280.0,image_root
right_rear,454,1772699955610660000,data\camera\right_rear_camera\1772699955610660000.jpg,4000000,4,truck,0.745696,0.0,0.0,1720.0,1154.0,-2.2428808212280273,-0.10899369418621063,1722.97607421875,1153.1783447265625,matched,0,VEHICLE_TRUCK,preprocessed/masks/right_rear_camera/masks/frame_000454_gt2d_000_track_55_VEHICLE_TRUCK.png,0.9688396453857422,860.0,577.0,1.0285992622375488,1.338475227355957,0.9030901789665222,1.3404524326324463,-0.09037435942927773,-0.05726189524387546,1.0285992622375488,da3_bbox_median,1920.0,1280.0,image_root
right_rear,455,1772699955710637000,data\camera\right_rear_camera\1772699955710637000.jpg,-1,1,car,0.379583,1701.0,0.0,1919.0,78.0,1701.0,0.0,1919.0,78.0,unassigned,1,VEHICLE_CAR,preprocessed/masks/right_rear_camera/masks/frame_000455_gt2d_001_track_-1_VEHICLE_CAR.png,0.9697831869125366,1810.0,39.0,9.924022674560547,10.464003562927246,0.05207633972167969,1.0,7.5274354599661875,-5.308285969083402,9.924022674560547,da3_bbox_median,1920.0,1280.0,image_root
right_rear,455,1772699955710637000,data\camera\right_rear_camera\1772699955710637000.jpg,4000000,4,truck,0.755753,0.0,0.0,1718.0,1159.0,-1.976544976234436,-0.07828054577112198,1717.978759765625,1157.41162109375,matched,0,VEHICLE_TRUCK,preprocessed/masks/right_rear_camera/masks/frame_000455_gt2d_000_track_55_VEHICLE_TRUCK.png,0.9531823396682739,859.0,579.5,1.0431602001190186,1.36495041847229,0.9037290811538696,1.3601850271224976,-0.09258307224230865,-0.05574951554654344,1.0431602001190186,da3_bbox_median,1920.0,1280.0,image_root
right_rear,456,1772699955810644000,data\camera\right_rear_camera\1772699955810644000.jpg,-1,1,car,0.372916,1700.0,0.0,1919.0,78.0,1700.0,0.0,1919.0,78.0,unassigned,1,VEHICLE_CAR,preprocessed/masks/right_rear_camera/masks/frame_000456_gt2d_001_track_-1_VEHICLE_CAR.png,0.97029709815979,1809.5,39.0,10.413963317871094,10.777742385864258,0.07002735137939453,1.0,7.894419638911145,-5.570351577743877,10.413963317871094,da3_bbox_median,1920.0,1280.0,image_root
right_rear,456,1772699955810644000,data\camera\right_rear_camera\1772699955810644000.jpg,4000000,4,truck,0.763504,1.0,0.0,1713.0,1178.0,-1.0621092319488525,-0.1444883644580841,1712.9974365234375,1171.410400390625,matched,0,VEHICLE_TRUCK,preprocessed/masks/right_rear_camera/masks/frame_000456_gt2d_000_track_55_VEHICLE_TRUCK.png,0.9721323251724243,857.0,589.0,1.1465359926223755,1.4623754024505615,0.978498637676239,1.2763001918792725,-0.10380086127894014,-0.051572102156873405,1.1465359926223755,da3_bbox_median,1920.0,1280.0,image_root
right_rear,457,1772699955910651000,data\camera\right_rear_camera\1772699955910651000.jpg,-1,1,car,0.347569,1699.0,0.0,1919.0,77.0,1699.0,0.0,1919.0,77.0,unassigned,1,VEHICLE_CAR,preprocessed/masks/right_rear_camera/masks/frame_000457_gt2d_001_track_-1_VEHICLE_CAR.png,0.9718072414398193,1809.0,38.5,11.051414489746094,11.45557689666748,0.07818126678466797,1.0,8.372723594940286,-5.916241488177892,11.051414489746094,da3_bbox_median,1920.0,1280.0,image_root
right_rear,457,1772699955910651000,data\camera\right_rear_camera\1772699955910651000.jpg,4000000,4,truck,0.744778,1.0,0.0,1711.0,1177.0,-0.625209629535675,-0.05737539380788803,1709.967041015625,1176.088134765625,matched,0,VEHICLE_TRUCK,preprocessed/masks/right_rear_camera/masks/frame_000457_gt2d_000_track_55_VEHICLE_TRUCK.png,0.9805566072463989,856.0,588.5,1.1925712823867798,1.5188565254211426,0.9982854127883911,1.2324830293655396,-0.10903111327581874,-0.05417394680192883,1.1925712823867798,da3_bbox_median,1920.0,1280.0,image_root
right_rear,458,1772699956010645000,data\camera\right_rear_camera\1772699956010645000.jpg,-1,1,car,0.339004,1698.0,0.0,1919.0,79.0,1698.0,0.0,1919.0,79.0,unassigned,1,VEHICLE_CAR,preprocessed/masks/right_rear_camera/masks/frame_000458_gt2d_001_track_-1_VEHICLE_CAR.png,0.968799889087677,1808.5,39.5,11.50844669342041,12.017143249511719,0.07958221435546875,1.0,8.713851787913963,-6.150657033841292,11.50844669342041,da3_bbox_median,1920.0,1280.0,image_root
right_rear,458,1772699956010645000,data\camera\right_rear_camera\1772699956010645000.jpg,4000000,4,truck,0.754757,1.0,0.0,1711.0,1183.0,-0.0868067741394043,-0.13652974367141724,1709.292236328125,1181.5897216796875,matched,0,VEHICLE_TRUCK,preprocessed/masks/right_rear_camera/masks/frame_000458_gt2d_000_track_55_VEHICLE_TRUCK.png,0.9817565679550171,856.0,591.5,1.2510491609573364,1.577741265296936,1.02681565284729,1.2419860363006592,-0.11437746723949575,-0.05348726175740651,1.2510491609573364,da3_bbox_median,1920.0,1280.0,image_root
right_rear,459,1772699956110561000,data\camera\right_rear_camera\1772699956110561000.jpg,-1,1,car,0.340966,1698.0,0.0,1919.0,79.0,1698.0,0.0,1919.0,79.0,unassigned,1,VEHICLE_CAR,preprocessed/masks/right_rear_camera/masks/frame_000459_gt2d_001_track_-1_VEHICLE_CAR.png,0.9678765535354614,1808.5,39.5,12.12324333190918,12.611923217773438,0.08959102630615234,1.0,9.179357423054256,-6.479233371694499,12.12324333190918,da3_bbox_median,1920.0,1280.0,image_root
right_rear,459,1772699956110561000,data\camera\right_rear_camera\1772699956110561000.jpg,4000000,4,truck,0.775937,0.0,0.0,1710.0,1187.0,-0.2716875374317169,-0.16119322180747986,1708.743408203125,1186.195556640625,matched,0,VEHICLE_TRUCK,preprocessed/masks/right_rear_camera/masks/frame_000459_gt2d_000_track_55_VEHICLE_TRUCK.png,0.9812843799591064,855.0,593.5,1.3680797815322876,1.7374187707901,1.142225980758667,1.2614259719848633,-0.12629586065652745,-0.05605354960502567,1.3680797815322876,da3_bbox_median,1920.0,1280.0,image_root
right_rear,460,1772699956210538000,data\camera\right_rear_camera\1772699956210538000.jpg,-1,1,car,0.325511,1700.0,0.0,1919.0,78.0,1700.0,0.0,1919.0,78.0,unassigned,1,VEHICLE_CAR,preprocessed/masks/right_rear_camera/masks/frame_000460_gt2d_001_track_-1_VEHICLE_CAR.png,0.9706612825393677,1809.5,39.0,13.03651237487793,13.601852416992188,0.13307762145996094,1.0,9.882471848017165,-6.973133576441673,13.03651237487793,da3_bbox_median,1920.0,1280.0,image_root
right_rear,460,1772699956210538000,data\camera\right_rear_camera\1772699956210538000.jpg,4000000,4,truck,0.758837,0.0,0.0,1711.0,1187.0,-0.12324174493551254,-0.07335037738084793,1709.5032958984375,1187.91357421875,matched,0,VEHICLE_TRUCK,preprocessed/masks/right_rear_camera/masks/frame_000460_gt2d_000_track_55_VEHICLE_TRUCK.png,0.9828798770904541,855.5,593.5,1.4286901950836182,1.8250504732131958,1.2189172506332397,1.3200750350952148,-0.13125476092234553,-0.05853690537743202,1.4286901950836182,da3_bbox_median,1920.0,1280.0,image_root
right_rear,461,1772699956310546000,data\camera\right_rear_camera\1772699956310546000.jpg,-1,1,car,0.321717,1699.0,0.0,1919.0,79.0,1699.0,0.0,1919.0,79.0,unassigned,1,VEHICLE_CAR,preprocessed/masks/right_rear_camera/masks/frame_000461_gt2d_001_track_-1_VEHICLE_CAR.png,0.9688317775726318,1809.0,39.5,13.502374649047852,14.023408889770508,0.18432044982910156,1.0,10.22960915244831,-7.216306233247519,13.502374649047852,da3_bbox_median,1920.0,1280.0,image_root
right_rear,461,1772699956310546000,data\camera\right_rear_camera\1772699956310546000.jpg,4000000,4,truck,0.737917,1.0,0.0,1710.0,1186.0,1.13599693775177,-0.1388002634048462,1709.74658203125,1187.675537109375,matched,0,VEHICLE_TRUCK,preprocessed/masks/right_rear_camera/masks/frame_000461_gt2d_000_track_55_VEHICLE_TRUCK.png,0.9823909997940063,855.5,593.0,1.3710613250732422,1.7689119577407837,1.2021842002868652,1.4317904710769653,-0.12596035659209526,-0.056786346210587056,1.3710613250732422,da3_bbox_median,1920.0,1280.0,image_root
right_rear,462,1772699956410553000,data\camera\right_rear_camera\1772699956410553000.jpg,-1,1,car,0.319837,1702.0,0.0,1919.0,76.0,1702.0,0.0,1919.0,76.0,unassigned,1,VEHICLE_CAR,preprocessed/masks/right_rear_camera/masks/frame_000462_gt2d_001_track_-1_VEHICLE_CAR.png,0.9723273515701294,1810.5,38.0,12.455759048461914,12.99869441986084,0.1369771957397461,1.0,9.453322396870373,-6.6735878894111496,12.455759048461914,da3_bbox_median,1920.0,1280.0,image_root
right_rear,462,1772699956410553000,data\camera\right_rear_camera\1772699956410553000.jpg,4000000,4,truck,0.758209,0.0,0.0,1713.0,1180.0,0.9822181463241577,-0.0773811787366867,1711.9248046875,1183.5927734375,matched,0,VEHICLE_TRUCK,preprocessed/masks/right_rear_camera/masks/frame_000462_gt2d_000_track_55_VEHICLE_TRUCK.png,0.9844598770141602,856.5,590.0,1.192692756652832,1.562192440032959,1.0604740381240845,1.4316655397415161,-0.10851092590391745,-0.05258588067422802,1.192692756652832,da3_bbox_median,1920.0,1280.0,image_root
right_rear,463,1772699956510561000,data\camera\right_rear_camera\1772699956510561000.jpg,-1,1,car,0.336137,1698.0,0.0,1919.0,82.0,1698.0,0.0,1919.0,82.0,unassigned,1,VEHICLE_CAR,preprocessed/masks/right_rear_camera/masks/frame_000463_gt2d_001_track_-1_VEHICLE_CAR.png,0.9654636383056641,1808.5,41.0,11.615531921386719,11.975476264953613,0.14745330810546875,1.0,8.794933521186177,-6.192368653867967,11.615531921386719,da3_bbox_median,1920.0,1280.0,image_root
right_rear,463,1772699956510561000,data\camera\right_rear_camera\1772699956510561000.jpg,4000000,4,truck,0.75613,0.0,0.0,1711.0,1186.0,0.6892964839935303,-0.05730269104242325,1711.248046875,1185.8936767578125,matched,0,VEHICLE_TRUCK,preprocessed/masks/right_rear_camera/masks/frame_000463_gt2d_000_track_55_VEHICLE_TRUCK.png,0.9830747842788696,855.5,593.0,1.1213610172271729,1.463985800743103,0.989141583442688,1.354811429977417,-0.10302021581045176,-0.04644430835208384,1.1213610172271729,da3_bbox_median,1920.0,1280.0,image_root
right_rear,464,1772699956610537000,data\camera\right_rear_camera\1772699956610537000.jpg,-1,1,car,0.336093,1699.0,0.0,1919.0,82.0,1699.0,0.0,1919.0,82.0,unassigned,1,VEHICLE_CAR,preprocessed/masks/right_rear_camera/masks/frame_000464_gt2d_001_track_-1_VEHICLE_CAR.png,0.965345025062561,1809.0,41.0,11.44159984588623,11.914933204650879,0.12042808532714844,1.0,8.668334092654026,-6.099643538951074,11.44159984588623,da3_bbox_median,1920.0,1280.0,image_root
right_rear,464,1772699956610537000,data\camera\right_rear_camera\1772699956610537000.jpg,4000000,4,truck,0.768123,1.0,0.0,1712.0,1181.0,1.4149651527404785,-0.26532042026519775,1711.8763427734375,1183.1688232421875,matched,0,VEHICLE_TRUCK,preprocessed/masks/right_rear_camera/masks/frame_000464_gt2d_000_track_55_VEHICLE_TRUCK.png,0.9849743843078613,856.5,590.5,1.1404170989990234,1.4875444173812866,1.0046814680099487,1.2942785024642944,-0.10375489801441286,-0.049773131918733594,1.1404170989990234,da3_bbox_median,1920.0,1280.0,image_root
right_rear,465,1772699956710545000,data\camera\right_rear_camera\1772699956710545000.jpg,-1,1,car,0.329149,1696.0,0.0,1919.0,85.0,1696.0,0.0,1919.0,85.0,unassigned,1,VEHICLE_CAR,preprocessed/masks/right_rear_camera/masks/frame_000465_gt2d_001_track_-1_VEHICLE_CAR.png,0.9609073400497437,1807.5,42.5,11.68971061706543,12.133987426757812,0.15189743041992188,1.0,8.840684888089866,-6.2162952463497,11.68971061706543,da3_bbox_median,1920.0,1280.0,image_root
right_rear,465,1772699956710545000,data\camera\right_rear_camera\1772699956710545000.jpg,4000000,4,truck,0.769525,0.0,0.0,1712.0,1178.0,0.7433592081069946,-0.1008659079670906,1711.8721923828125,1180.3160400390625,matched,0,VEHICLE_TRUCK,preprocessed/masks/right_rear_camera/masks/frame_000465_gt2d_000_track_55_VEHICLE_TRUCK.png,0.9856808185577393,856.0,589.0,1.222313404083252,1.5782204866409302,1.0680561065673828,1.2795199155807495,-0.11175029382933765,-0.05498063048061605,1.222313404083252,da3_bbox_median,1920.0,1280.0,image_root
right_rear,466,1772699956810552000,data\camera\right_rear_camera\1772699956810552000.jpg,-1,1,car,0.315489,1696.0,0.0,1919.0,85.0,1696.0,0.0,1919.0,85.0,unassigned,1,VEHICLE_CAR,preprocessed/masks/right_rear_camera/masks/frame_000466_gt2d_001_track_-1_VEHICLE_CAR.png,0.9611259698867798,1807.5,42.5,11.980718612670898,12.388647079467773,0.15263748168945312,1.0,9.060768179570733,-6.3710460078519695,11.980718612670898,da3_bbox_median,1920.0,1280.0,image_root
right_rear,466,1772699956810552000,data\camera\right_rear_camera\1772699956810552000.jpg,4000000,4,truck,0.761662,0.0,0.0,1711.0,1181.0,0.2587255835533142,-0.015349647030234337,1711.01611328125,1181.183349609375,matched,0,VEHICLE_TRUCK,preprocessed/masks/right_rear_camera/masks/frame_000466_gt2d_000_track_55_VEHICLE_TRUCK.png,0.9856080412864685,855.5,590.5,1.2322299480438232,1.5928093194961548,1.0772857666015625,1.2713253498077393,-0.11320582151988537,-0.05378027373671638,1.2322299480438232,da3_bbox_median,1920.0,1280.0,image_root
right_rear,467,1772699956910560000,data\camera\right_rear_camera\1772699956910560000.jpg,4000000,4,truck,0.741456,1.0,0.0,1710.0,1179.0,1.0632750988006592,-0.2176712453365326,1710.390380859375,1179.9114990234375,matched,0,VEHICLE_TRUCK,preprocessed/masks/right_rear_camera/masks/frame_000467_gt2d_000_track_55_VEHICLE_TRUCK.png,0.9853281378746033,855.5,589.5,1.2132651805877686,1.5673238039016724,1.047332525253296,1.2671247720718384,-0.1114635151563657,-0.05403327700510432,1.2132651805877686,da3_bbox_median,1920.0,1280.0,image_root
right_rear,468,1772699957010523000,data\camera\right_rear_camera\1772699957010523000.jpg,-1,1,car,0.303499,1698.0,0.0,1919.0,83.0,1698.0,0.0,1919.0,83.0,unassigned,1,VEHICLE_CAR,preprocessed/masks/right_rear_camera/masks/frame_000468_gt2d_001_track_-1_VEHICLE_CAR.png,0.9624596834182739,1808.5,41.5,11.517037391662598,12.018654823303223,0.1279315948486328,1.0,8.720356407801539,-6.134730736818698,11.517037391662598,da3_bbox_median,1920.0,1280.0,image_root
right_rear,468,1772699957010523000,data\camera\right_rear_camera\1772699957010523000.jpg,4000000,4,truck,0.746207,1.0,0.0,1711.0,1183.0,1.1518137454986572,-0.046711985021829605,1710.631591796875,1182.2796630859375,matched,0,VEHICLE_TRUCK,preprocessed/masks/right_rear_camera/masks/frame_000468_gt2d_000_track_55_VEHICLE_TRUCK.png,0.9846483469009399,856.0,591.5,1.1866073608398438,1.5217534303665161,1.0049537420272827,1.2807884216308594,-0.10848586032921861,-0.05073212188075673,1.1866073608398438,da3_bbox_median,1920.0,1280.0,image_root
right_rear,469,1772699957110653000,data\camera\right_rear_camera\1772699957110653000.jpg,4000000,4,truck,0.748179,0.0,0.0,1711.0,1181.0,0.4461768865585327,-0.016917506232857704,1710.676513671875,1181.78369140625,matched,0,VEHICLE_TRUCK,preprocessed/masks/right_rear_camera/masks/frame_000469_gt2d_000_track_55_VEHICLE_TRUCK.png,0.9843944907188416,855.5,590.5,1.1751999855041504,1.5039222240447998,0.9963103532791138,1.2816625833511353,-0.1079664392351088,-0.05129121964300009,1.1751999855041504,da3_bbox_median,1920.0,1280.0,image_root
right_rear,470,1772699957210660000,data\camera\right_rear_camera\1772699957210660000.jpg,-1,1,car,0.318954,1699.0,0.0,1919.0,83.0,1699.0,0.0,1919.0,83.0,unassigned,1,VEHICLE_CAR,preprocessed/masks/right_rear_camera/masks/frame_000470_gt2d_001_track_-1_VEHICLE_CAR.png,0.9630996584892273,1809.0,41.5,11.004040718078613,11.316353797912598,0.11094951629638672,1.0,8.336832488314101,-5.8614750066949375,11.004040718078613,da3_bbox_median,1920.0,1280.0,image_root
right_rear,470,1772699957210660000,data\camera\right_rear_camera\1772699957210660000.jpg,4000000,4,truck,0.759771,0.0,0.0,1713.0,1180.0,0.3899410367012024,-0.11583767831325531,1712.25244140625,1180.78662109375,matched,0,VEHICLE_TRUCK,preprocessed/masks/right_rear_camera/masks/frame_000470_gt2d_000_track_55_VEHICLE_TRUCK.png,0.9871885180473328,856.5,590.0,1.1901087760925293,1.5193332433700562,0.9738557934761047,1.2429221868515015,-0.10827583591820893,-0.05247195284776084,1.1901087760925293,da3_bbox_median,1920.0,1280.0,image_root
right_rear,471,1772699957310637000,data\camera\right_rear_camera\1772699957310637000.jpg,-1,1,car,0.30329,1696.0,0.0,1919.0,85.0,1696.0,0.0,1919.0,85.0,unassigned,1,VEHICLE_CAR,preprocessed/masks/right_rear_camera/masks/frame_000471_gt2d_001_track_-1_VEHICLE_CAR.png,0.9596022367477417,1807.5,42.5,10.882620811462402,11.366374015808105,0.1071462631225586,1.0,8.230299662872264,-5.787105107577309,10.882620811462402,da3_bbox_median,1920.0,1280.0,image_root
right_rear,471,1772699957310637000,data\camera\right_rear_camera\1772699957310637000.jpg,4000000,4,truck,0.759319,0.0,0.0,1714.0,1181.0,0.08409301191568375,0.059625379741191864,1713.243408203125,1181.252197265625,matched,0,VEHICLE_TRUCK,preprocessed/masks/right_rear_camera/masks/frame_000471_gt2d_000_track_55_VEHICLE_TRUCK.png,0.9858485460281372,857.0,590.5,1.192429780960083,1.5172522068023682,0.9831945896148682,1.2493010759353638,-0.10795582439170867,-0.052043208439830346,1.192429780960083,da3_bbox_median,1920.0,1280.0,image_root
right_rear,472,1772699957410645000,data\camera\right_rear_camera\1772699957410645000.jpg,-1,1,car,0.311915,1693.0,0.0,1919.0,85.0,1693.0,0.0,1919.0,85.0,unassigned,1,VEHICLE_CAR,preprocessed/masks/right_rear_camera/masks/frame_000472_gt2d_001_track_-1_VEHICLE_CAR.png,0.9588009119033813,1806.0,42.5,11.083313941955566,11.421300888061523,0.10889625549316406,1.0,8.36726828612759,-5.893828686451744,11.083313941955566,da3_bbox_median,1920.0,1280.0,image_root
right_rear,472,1772699957410645000,data\camera\right_rear_camera\1772699957410645000.jpg,4000000,4,truck,0.747666,1.0,0.0,1712.0,1181.0,0.6266582012176514,0.010074546560645103,1712.30517578125,1181.287109375,matched,0,VEHICLE_TRUCK,preprocessed/masks/right_rear_camera/masks/frame_000472_gt2d_000_track_55_VEHICLE_TRUCK.png,0.9867805242538452,856.5,590.5,1.1836795806884766,1.5189342498779297,1.0020802021026611,1.2917073965072632,-0.10769090912778485,-0.051661308806076806,1.1836795806884766,da3_bbox_median,1920.0,1280.0,image_root
right_rear,473,1772699957510652000,data\camera\right_rear_camera\1772699957510652000.jpg,-1,1,car,0.330341,1694.0,0.0,1919.0,84.0,1694.0,0.0,1919.0,84.0,unassigned,1,VEHICLE_CAR,preprocessed/masks/right_rear_camera/masks/frame_000473_gt2d_001_track_-1_VEHICLE_CAR.png,0.9613395929336548,1806.5,42.0,11.379776000976562,11.742907524108887,0.10936546325683594,1.0,8.596149388521159,-6.056548042434517,11.379776000976562,da3_bbox_median,1920.0,1280.0,image_root
right_rear,473,1772699957510652000,data\camera\right_rear_camera\1772699957510652000.jpg,4000000,4,truck,0.749511,0.0,0.0,1711.0,1175.0,0.18721643090248108,-0.05634446442127228,1711.3138427734375,1177.2652587890625,matched,0,VEHICLE_TRUCK,preprocessed/masks/right_rear_camera/masks/frame_000473_gt2d_000_track_55_VEHICLE_TRUCK.png,0.9865114688873291,855.5,587.5,1.1616394519805908,1.512320876121521,1.0259814262390137,1.3178726434707642,-0.10672062359800345,-0.05380356099210596,1.1616394519805908,da3_bbox_median,1920.0,1280.0,image_root
right_rear,474,1772699957610660000,data\camera\right_rear_camera\1772699957610660000.jpg,-1,1,car,0.330412,1693.0,0.0,1919.0,85.0,1693.0,0.0,1919.0,85.0,unassigned,1,VEHICLE_CAR,preprocessed/masks/right_rear_camera/masks/frame_000474_gt2d_001_track_-1_VEHICLE_CAR.png,0.9591946601867676,1806.0,42.5,11.438041687011719,11.831751823425293,0.10995960235595703,1.0,8.635067450435498,-6.082464014354709,11.438041687011719,da3_bbox_median,1920.0,1280.0,image_root
right_rear,474,1772699957610660000,data\camera\right_rear_camera\1772699957610660000.jpg,4000000,4,truck,0.758681,0.0,0.0,1709.0,1176.0,-0.26748770475387573,0.06849123537540436,1709.3408203125,1176.538330078125,matched,0,VEHICLE_TRUCK,preprocessed/masks/right_rear_camera/masks/frame_000474_gt2d_000_track_55_VEHICLE_TRUCK.png,0.9879821538925171,854.5,588.0,1.1802172660827637,1.5282196998596191,1.0298117399215698,1.3267815113067627,-0.10947885207316467,-0.054138389629661075,1.1802172660827637,da3_bbox_median,1920.0,1280.0,image_root
right_rear,475,1772699957710637000,data\camera\right_rear_camera\1772699957710637000.jpg,-1,1,car,0.339208,1696.0,0.0,1919.0,85.0,1696.0,0.0,1919.0,85.0,unassigned,1,VEHICLE_CAR,preprocessed/masks/right_rear_camera/masks/frame_000475_gt2d_001_track_-1_VEHICLE_CAR.png,0.9592721462249756,1807.5,42.5,11.513460159301758,11.891892433166504,0.16534137725830078,1.0,8.707390334485137,-6.122569668475788,11.513460159301758,da3_bbox_median,1920.0,1280.0,image_root
right_rear,475,1772699957710637000,data\camera\right_rear_camera\1772699957710637000.jpg,4000000,4,truck,0.749573,0.0,0.0,1710.0,1180.0,-0.35075172781944275,-0.0152869438752532,1709.359619140625,1178.7769775390625,matched,0,VEHICLE_TRUCK,preprocessed/masks/right_rear_camera/masks/frame_000475_gt2d_000_track_55_VEHICLE_TRUCK.png,0.9873569011688232,855.0,590.0,1.2091412544250488,1.560749888420105,1.0491217374801636,1.3360172510147095,-0.11162326747632059,-0.053311095727556185,1.2091412544250488,da3_bbox_median,1920.0,1280.0,image_root
right_rear,476,1772699957810644000,data\camera\right_rear_camera\1772699957810644000.jpg,-1,1,car,0.308186,1686.0,0.0,1919.0,88.0,1686.0,0.0,1919.0,88.0,unassigned,1,VEHICLE_CAR,preprocessed/masks/right_rear_camera/masks/frame_000476_gt2d_001_track_-1_VEHICLE_CAR.png,0.952832818031311,1802.5,44.0,12.071056365966797,12.511626243591309,0.1897878646850586,1.0,9.075317392346076,-6.4029569456521775,12.071056365966797,da3_bbox_median,1920.0,1280.0,image_root
right_rear,476,1772699957810644000,data\camera\right_rear_camera\1772699957810644000.jpg,4000000,4,truck,0.748327,1.0,0.0,1711.0,1171.0,0.3568647801876068,-0.019156774505972862,1710.122802734375,1173.702880859375,matched,0,VEHICLE_TRUCK,preprocessed/masks/right_rear_camera/masks/frame_000476_gt2d_000_track_55_VEHICLE_TRUCK.png,0.9823179244995117,856.0,585.5,1.2755982875823975,1.6642673015594482,1.1393791437149048,1.3606200218200684,-0.11662187698288864,-0.06135425817586259,1.2755982875823975,da3_bbox_median,1920.0,1280.0,image_root
right_rear,477,1772699957910651000,data\camera\right_rear_camera\1772699957910651000.jpg,-1,1,car,0.324093,1693.0,0.0,1919.0,85.0,1693.0,0.0,1919.0,85.0,unassigned,1,VEHICLE_CAR,preprocessed/masks/right_rear_camera/masks/frame_000477_gt2d_001_track_-1_VEHICLE_CAR.png,0.960377037525177,1806.0,42.5,12.992130279541016,13.473371505737305,0.18872451782226562,1.0,9.808315475548165,-6.908889393614556,12.992130279541016,da3_bbox_median,1920.0,1280.0,image_root
right_rear,477,1772699957910651000,data\camera\right_rear_camera\1772699957910651000.jpg,4000000,4,truck,0.738173,1.0,0.0,1711.0,1174.0,0.45099249482154846,0.061564330011606216,1710.2528076171875,1173.8463134765625,matched,0,VEHICLE_TRUCK,preprocessed/masks/right_rear_camera/masks/frame_000477_gt2d_000_track_55_VEHICLE_TRUCK.png,0.9857780933380127,856.0,587.0,1.4127516746520996,1.8368560075759888,1.2665073871612549,1.3543592691421509,-0.12916115803268083,-0.06606350893743143,1.4127516746520996,da3_bbox_median,1920.0,1280.0,image_root
right_rear,478,1772699958010645000,data\camera\right_rear_camera\1772699958010645000.jpg,-1,1,car,0.327271,1693.0,0.0,1919.0,85.0,1693.0,0.0,1919.0,85.0,unassigned,1,VEHICLE_CAR,preprocessed/masks/right_rear_camera/masks/frame_000478_gt2d_001_track_-1_VEHICLE_CAR.png,0.955552339553833,1806.0,42.5,12.28105354309082,12.861734390258789,0.18641090393066406,1.0,9.271493198649543,-6.5307565996228725,12.28105354309082,da3_bbox_median,1920.0,1280.0,image_root
right_rear,478,1772699958010645000,data\camera\right_rear_camera\1772699958010645000.jpg,4000000,4,truck,0.740009,1.0,0.0,1711.0,1173.0,0.5608150362968445,0.0059408810921013355,1710.3892822265625,1173.166015625,matched,0,VEHICLE_TRUCK,preprocessed/masks/right_rear_camera/masks/frame_000478_gt2d_000_track_55_VEHICLE_TRUCK.png,0.9822779893875122,856.0,586.5,1.3875453472137451,1.8068885803222656,1.2274515628814697,1.3718547821044922,-0.12685666354854544,-0.065502780336609,1.3875453472137451,da3_bbox_median,1920.0,1280.0,image_root
right_rear,479,1772699958110561000,data\camera\right_rear_camera\1772699958110561000.jpg,-1,1,car,0.343493,1699.0,0.0,1919.0,81.0,1699.0,0.0,1919.0,81.0,unassigned,1,VEHICLE_CAR,preprocessed/masks/right_rear_camera/masks/frame_000479_gt2d_001_track_-1_VEHICLE_CAR.png,0.9656862020492554,1809.0,40.5,11.297311782836914,11.843846321105957,0.23883438110351562,1.0,8.559019210737134,-6.027753507986946,11.297311782836914,da3_bbox_median,1920.0,1280.0,image_root
right_rear,479,1772699958110561000,data\camera\right_rear_camera\1772699958110561000.jpg,4000000,4,truck,0.777196,1.0,0.0,1710.0,1173.0,0.6287621855735779,0.0207064151763916,1709.81787109375,1172.95751953125,matched,0,VEHICLE_TRUCK,preprocessed/masks/right_rear_camera/masks/frame_000479_gt2d_000_track_55_VEHICLE_TRUCK.png,0.9849382638931274,855.5,586.5,1.2741798162460327,1.6837034225463867,1.143863320350647,1.3507788181304932,-0.11705978505974339,-0.06015105796758346,1.2741798162460327,da3_bbox_median,1920.0,1280.0,image_root
right_rear,480,1772699958210538000,data\camera\right_rear_camera\1772699958210538000.jpg,-1,1,car,0.329962,1696.0,0.0,1919.0,84.0,1696.0,0.0,1919.0,84.0,unassigned,1,VEHICLE_CAR,preprocessed/masks/right_rear_camera/masks/frame_000480_gt2d_001_track_-1_VEHICLE_CAR.png,0.9594502449035645,1807.5,42.0,10.788415908813477,11.245156288146973,0.21822738647460938,1.0,8.159054455311994,-5.741814184030197,10.788415908813477,da3_bbox_median,1920.0,1280.0,image_root
right_rear,480,1772699958210538000,data\camera\right_rear_camera\1772699958210538000.jpg,4000000,4,truck,0.750602,1.0,0.0,1710.0,1170.0,0.509739339351654,0.07523279637098312,1709.46826171875,1170.9573974609375,matched,0,VEHICLE_TRUCK,preprocessed/masks/right_rear_camera/masks/frame_000480_gt2d_000_track_55_VEHICLE_TRUCK.png,0.9736921191215515,855.5,585.0,1.1980425119400024,1.5844619274139404,1.1469764709472656,1.3270879983901978,-0.11006499801049442,-0.05815752553935967,1.1980425119400024,da3_bbox_median,1920.0,1280.0,image_root
right_rear,481,1772699958310546000,data\camera\right_rear_camera\1772699958310546000.jpg,-1,1,car,0.339306,1700.0,0.0,1919.0,81.0,1700.0,0.0,1919.0,81.0,unassigned,1,VEHICLE_CAR,preprocessed/masks/right_rear_camera/masks/frame_000481_gt2d_001_track_-1_VEHICLE_CAR.png,0.9646161198616028,1809.5,40.5,10.737727165222168,11.295496940612793,0.16527938842773438,1.0,8.139852390773408,-5.729183528979444,10.737727165222168,da3_bbox_median,1920.0,1280.0,image_root
right_rear,481,1772699958310546000,data\camera\right_rear_camera\1772699958310546000.jpg,4000000,4,truck,0.757807,2.0,0.0,1710.0,1158.0,1.2835004329681396,-0.016822397708892822,1709.505859375,1162.165771484375,matched,0,VEHICLE_TRUCK,preprocessed/masks/right_rear_camera/masks/frame_000481_gt2d_000_track_55_VEHICLE_TRUCK.png,0.9730380773544312,856.0,579.0,1.1562855243682861,1.5674865245819092,1.1238558292388916,1.3543955087661743,-0.10571367921443892,-0.06231024184425769,1.1562855243682861,da3_bbox_median,1920.0,1280.0,image_root
right_rear,482,1772699958410553000,data\camera\right_rear_camera\1772699958410553000.jpg,-1,1,car,0.350344,1701.0,0.0,1919.0,81.0,1701.0,0.0,1919.0,81.0,unassigned,1,VEHICLE_CAR,preprocessed/masks/right_rear_camera/masks/frame_000482_gt2d_001_track_-1_VEHICLE_CAR.png,0.9644554257392883,1810.0,40.5,10.568835258483887,11.07078742980957,0.15268325805664062,1.0,8.016529980245677,-5.63907016370445,10.568835258483887,da3_bbox_median,1920.0,1280.0,image_root
right_rear,482,1772699958410553000,data\camera\right_rear_camera\1772699958410553000.jpg,4000000,4,truck,0.739858,1.0,0.0,1709.0,1164.0,0.9107975959777832,0.03946530818939209,1708.867431640625,1162.9459228515625,matched,0,VEHICLE_TRUCK,preprocessed/masks/right_rear_camera/masks/frame_000482_gt2d_000_track_55_VEHICLE_TRUCK.png,0.9695571064949036,855.0,582.0,1.160264253616333,1.5374552011489868,1.082218050956726,1.3802307844161987,-0.107111130854776,-0.059424137194296685,1.160264253616333,da3_bbox_median,1920.0,1280.0,image_root
right_rear,483,1772699958510561000,data\camera\right_rear_camera\1772699958510561000.jpg,-1,1,car,0.352823,1701.0,0.0,1919.0,80.0,1701.0,0.0,1919.0,80.0,unassigned,1,VEHICLE_CAR,preprocessed/masks/right_rear_camera/masks/frame_000483_gt2d_001_track_-1_VEHICLE_CAR.png,0.967056155204773,1810.0,40.0,9.99902057647705,10.596526145935059,0.13667964935302734,1.0,7.584321854205946,-5.339495175075617,9.99902057647705,da3_bbox_median,1920.0,1280.0,image_root
right_rear,483,1772699958510561000,data\camera\right_rear_camera\1772699958510561000.jpg,4000000,4,truck,0.754688,0.0,0.0,1711.0,1171.0,0.020615670830011368,0.051273543387651443,1709.8731689453125,1167.9112548828125,matched,0,VEHICLE_TRUCK,preprocessed/masks/right_rear_camera/masks/frame_000483_gt2d_000_track_55_VEHICLE_TRUCK.png,0.9752548933029175,855.5,585.5,1.1139570474624634,1.4491299390792847,0.988046407699585,1.3438035249710083,-0.10234000796365098,-0.05357957042758947,1.1139570474624634,da3_bbox_median,1920.0,1280.0,image_root
right_rear,484,1772699958610537000,data\camera\right_rear_camera\1772699958610537000.jpg,-1,1,car,0.352638,1704.0,0.0,1919.0,77.0,1704.0,0.0,1919.0,77.0,unassigned,1,VEHICLE_CAR,preprocessed/masks/right_rear_camera/masks/frame_000484_gt2d_001_track_-1_VEHICLE_CAR.png,0.9700658321380615,1811.5,38.5,9.155118942260742,9.64535903930664,0.13229751586914062,1.0,6.956451632074328,-4.901082532526632,9.155118942260742,da3_bbox_median,1920.0,1280.0,image_root
right_rear,484,1772699958610537000,data\camera\right_rear_camera\1772699958610537000.jpg,4000000,4,truck,0.736526,0.0,0.0,1711.0,1176.0,-0.16984494030475616,-0.004449133761227131,1710.4088134765625,1173.060546875,matched,0,VEHICLE_TRUCK,preprocessed/masks/right_rear_camera/masks/frame_000484_gt2d_000_track_55_VEHICLE_TRUCK.png,0.9669941663742065,855.5,588.0,1.0239615440368652,1.3224080801010132,0.9291335344314575,1.349308967590332,-0.09407205853216373,-0.04697069821800904,1.0239615440368652,da3_bbox_median,1920.0,1280.0,image_root
right_rear,485,1772699958710545000,data\camera\right_rear_camera\1772699958710545000.jpg,-1,1,car,0.338673,1702.0,0.0,1919.0,82.0,1702.0,0.0,1919.0,82.0,unassigned,1,VEHICLE_CAR,preprocessed/masks/right_rear_camera/masks/frame_000485_gt2d_001_track_-1_VEHICLE_CAR.png,0.9632130265235901,1810.5,41.0,9.366687774658203,9.832560539245605,0.1671428680419922,1.0,7.108865784907934,-4.993484944031492,9.366687774658203,da3_bbox_median,1920.0,1280.0,image_root
right_rear,485,1772699958710545000,data\camera\right_rear_camera\1772699958710545000.jpg,4000000,4,truck,0.750752,0.0,0.0,1708.0,1168.0,-0.20240665972232819,0.011387067846953869,1708.6712646484375,1169.7783203125,matched,0,VEHICLE_TRUCK,preprocessed/masks/right_rear_camera/masks/frame_000485_gt2d_000_track_55_VEHICLE_TRUCK.png,0.9762291312217712,854.0,584.0,0.9994972944259644,1.3298858404159546,0.9500070214271545,1.3786308765411377,-0.09316020973928008,-0.0494096888484599,0.9994972944259644,da3_bbox_median,1920.0,1280.0,image_root
right_rear,486,1772699958810552000,data\camera\right_rear_camera\1772699958810552000.jpg,-1,1,car,0.3456,1492.0,0.0,1919.0,143.0,1492.0,0.0,1919.0,143.0,unassigned,1,VEHICLE_CAR,preprocessed/masks/right_rear_camera/masks/frame_000486_gt2d_001_track_-1_VEHICLE_CAR.png,0.8785940408706665,1705.5,71.5,9.97404956817627,7.08973503112793,7.547461032867432,1.0003042221069336,6.636792316403002,-5.046302911045717,9.97404956817627,da3_bbox_median,1920.0,1280.0,image_root
right_rear,486,1772699958810552000,data\camera\right_rear_camera\1772699958810552000.jpg,-1,1,car,0.314056,1701.0,0.0,1919.0,83.0,1701.0,0.0,1919.0,83.0,unassigned,2,VEHICLE_CAR,preprocessed/masks/right_rear_camera/masks/frame_000486_gt2d_002_track_-1_VEHICLE_CAR.png,0.9633887410163879,1810.0,41.5,10.079805374145508,10.42287826538086,0.21058082580566406,1.0,7.645597646345616,-5.369166544052869,10.079805374145508,da3_bbox_median,1920.0,1280.0,image_root
right_rear,486,1772699958810552000,data\camera\right_rear_camera\1772699958810552000.jpg,4000000,4,truck,0.69028,0.0,0.0,1702.0,1147.0,-0.09571082890033722,-0.0069864410907030106,1704.16943359375,1154.619873046875,matched,0,VEHICLE_TRUCK,preprocessed/masks/right_rear_camera/masks/frame_000486_gt2d_000_track_55_VEHICLE_TRUCK.png,0.9631316661834717,851.0,573.5,1.013871431350708,1.404850959777832,0.9607383608818054,1.3833431005477905,-0.09720979684376092,-0.05960286634809462,1.013871431350708,da3_bbox_median,1920.0,1280.0,image_root
right_rear,487,1772699958910560000,data\camera\right_rear_camera\1772699958910560000.jpg,-1,1,car,0.332171,1702.0,0.0,1919.0,92.0,1702.0,0.0,1919.0,92.0,unassigned,1,VEHICLE_CAR,preprocessed/masks/right_rear_camera/masks/frame_000487_gt2d_001_track_-1_VEHICLE_CAR.png,0.9408162832260132,1810.5,46.0,10.46401596069336,10.832767486572266,0.230010986328125,1.0,7.941685131958825,-5.53187870593417,10.46401596069336,da3_bbox_median,1920.0,1280.0,image_root
right_rear,487,1772699958910560000,data\camera\right_rear_camera\1772699958910560000.jpg,4000000,4,truck,0.730981,0.0,0.0,1710.0,1171.0,0.11134298145771027,0.08126197755336761,1707.9412841796875,1164.953369140625,matched,0,VEHICLE_TRUCK,preprocessed/masks/right_rear_camera/masks/frame_000487_gt2d_000_track_55_VEHICLE_TRUCK.png,0.9730474948883057,855.0,585.5,1.1361114978790283,1.4972025156021118,1.0351293087005615,1.385364055633545,-0.1048814413920363,-0.05464516441892232,1.1361114978790283,da3_bbox_median,1920.0,1280.0,image_root
right_rear,488,1772699959010523000,data\camera\right_rear_camera\1772699959010523000.jpg,-1,1,car,0.36028,1704.0,0.0,1919.0,79.0,1704.0,0.0,1919.0,79.0,unassigned,1,VEHICLE_CAR,preprocessed/masks/right_rear_camera/masks/frame_000488_gt2d_001_track_-1_VEHICLE_CAR.png,0.9677721858024597,1811.5,39.5,10.927724838256836,11.314802169799805,0.23450756072998047,1.0,8.303353540831138,-5.840291868296468,10.927724838256836,da3_bbox_median,1920.0,1280.0,image_root
right_rear,488,1772699959010523000,data\camera\right_rear_camera\1772699959010523000.jpg,4000000,4,truck,0.74272,0.0,0.0,1710.0,1174.0,0.35871583223342896,0.009297562763094902,1709.55126953125,1170.7232666015625,matched,0,VEHICLE_TRUCK,preprocessed/masks/right_rear_camera/masks/frame_000488_gt2d_000_track_55_VEHICLE_TRUCK.png,0.9788637161254883,855.0,587.0,1.1837496757507324,1.5582391023635864,1.0582793951034546,1.3556429147720337,-0.10927921464739204,-0.05535485017414546,1.1837496757507324,da3_bbox_median,1920.0,1280.0,image_root
right_rear,489,1772699959110653000,data\camera\right_rear_camera\1772699959110653000.jpg,-1,1,car,0.333886,1704.0,0.0,1919.0,79.0,1704.0,0.0,1919.0,79.0,unassigned,1,VEHICLE_CAR,preprocessed/masks/right_rear_camera/masks/frame_000489_gt2d_001_track_-1_VEHICLE_CAR.png,0.968380331993103,1811.5,39.5,10.949031829833984,11.410046577453613,0.25364208221435547,1.0,8.319543505949694,-5.851679330141247,10.949031829833984,da3_bbox_median,1920.0,1280.0,image_root
right_rear,489,1772699959110653000,data\camera\right_rear_camera\1772699959110653000.jpg,4000000,4,truck,0.739536,0.0,0.0,1710.0,1171.0,0.5652353167533875,-0.0782238245010376,1710.2791748046875,1170.883544921875,matched,0,VEHICLE_TRUCK,preprocessed/masks/right_rear_camera/masks/frame_000489_gt2d_000_track_55_VEHICLE_TRUCK.png,0.9668065309524536,855.0,585.5,1.1705206632614136,1.543908953666687,1.0477213859558105,1.3682200908660889,-0.10805796312352026,-0.056300190799122324,1.1705206632614136,da3_bbox_median,1920.0,1280.0,image_root
right_rear,490,1772699959210660000,data\camera\right_rear_camera\1772699959210660000.jpg,-1,1,car,0.337188,1703.0,0.0,1919.0,81.0,1703.0,0.0,1919.0,81.0,unassigned,1,VEHICLE_CAR,preprocessed/masks/right_rear_camera/masks/frame_000490_gt2d_001_track_-1_VEHICLE_CAR.png,0.9644173383712769,1811.0,40.5,10.350970268249512,10.812777519226074,0.21212291717529297,1.0,7.860499796097539,-5.522826894119921,10.350970268249512,da3_bbox_median,1920.0,1280.0,image_root
right_rear,490,1772699959210660000,data\camera\right_rear_camera\1772699959210660000.jpg,4000000,4,truck,0.733323,0.0,0.0,1709.0,1157.0,0.603850781917572,-0.0913982167840004,1709.8548583984375,1161.711181640625,matched,0,VEHICLE_TRUCK,preprocessed/masks/right_rear_camera/masks/frame_000490_gt2d_000_track_55_VEHICLE_TRUCK.png,0.9587733149528503,854.5,578.5,1.0895214080810547,1.4544246196746826,1.0103914737701416,1.3851937055587769,-0.10106575839357979,-0.05919768311060816,1.0895214080810547,da3_bbox_median,1920.0,1280.0,image_root
right_rear,491,1772699959310637000,data\camera\right_rear_camera\1772699959310637000.jpg,-1,1,car,0.349731,1703.0,0.0,1919.0,81.0,1703.0,0.0,1919.0,81.0,unassigned,1,VEHICLE_CAR,preprocessed/masks/right_rear_camera/masks/frame_000491_gt2d_001_track_-1_VEHICLE_CAR.png,0.963342547416687,1811.0,40.5,10.332508087158203,10.630468368530273,0.2362661361694336,1.0,7.846479663980177,-5.512976278417936,10.332508087158203,da3_bbox_median,1920.0,1280.0,image_root
right_rear,491,1772699959310637000,data\camera\right_rear_camera\1772699959310637000.jpg,4000000,4,truck,0.733293,0.0,0.0,1710.0,1174.0,0.501905620098114,-0.06343119591474533,1710.2384033203125,1169.5377197265625,matched,0,VEHICLE_TRUCK,preprocessed/masks/right_rear_camera/masks/frame_000491_gt2d_000_track_55_VEHICLE_TRUCK.png,0.9763330221176147,855.0,587.0,1.1207330226898193,1.4741510152816772,1.0037611722946167,1.3851428031921387,-0.10346175974347716,-0.052408046926701535,1.1207330226898193,da3_bbox_median,1920.0,1280.0,image_root
right_rear,492,1772699959410645000,data\camera\right_rear_camera\1772699959410645000.jpg,-1,1,car,0.361739,1703.0,0.0,1919.0,78.0,1703.0,0.0,1919.0,78.0,unassigned,1,VEHICLE_CAR,preprocessed/masks/right_rear_camera/masks/frame_000492_gt2d_001_track_-1_VEHICLE_CAR.png,0.9682452082633972,1811.0,39.0,10.710061073303223,11.091167449951172,0.2548646926879883,1.0,8.133192415896024,-5.7287320664006165,10.710061073303223,da3_bbox_median,1920.0,1280.0,image_root
right_rear,492,1772699959410645000,data\camera\right_rear_camera\1772699959410645000.jpg,4000000,4,truck,0.735074,0.0,0.0,1710.0,1176.0,0.4426337480545044,-0.0680563673377037,1710.3629150390625,1173.79248046875,matched,0,VEHICLE_TRUCK,preprocessed/masks/right_rear_camera/masks/frame_000492_gt2d_000_track_55_VEHICLE_TRUCK.png,0.9790217876434326,855.0,588.0,1.1941550970077515,1.5467616319656372,1.0609852075576782,1.3607699871063232,-0.11023980309470982,-0.054777739470486406,1.1941550970077515,da3_bbox_median,1920.0,1280.0,image_root
right_rear,493,1772699959510652000,data\camera\right_rear_camera\1772699959510652000.jpg,-1,1,car,0.380923,1704.0,0.0,1919.0,77.0,1704.0,0.0,1919.0,77.0,unassigned,1,VEHICLE_CAR,preprocessed/masks/right_rear_camera/masks/frame_000493_gt2d_001_track_-1_VEHICLE_CAR.png,0.9696166515350342,1811.5,38.5,10.733634948730469,11.095474243164062,0.21068668365478516,1.0,8.155875726803806,-5.74612204270825,10.733634948730469,da3_bbox_median,1920.0,1280.0,image_root
right_rear,493,1772699959510652000,data\camera\right_rear_camera\1772699959510652000.jpg,4000000,4,truck,0.735708,0.0,0.0,1710.0,1175.0,0.34171536564826965,-0.017625803127884865,1710.330078125,1174.7882080078125,matched,0,VEHICLE_TRUCK,preprocessed/masks/right_rear_camera/masks/frame_000493_gt2d_000_track_55_VEHICLE_TRUCK.png,0.9769783616065979,855.0,587.5,1.1800917387008667,1.5463941097259521,1.0650944709777832,1.372646450996399,-0.10894152797576916,-0.05465821407082627,1.1800917387008667,da3_bbox_median,1920.0,1280.0,image_root
right_rear,494,1772699959610660000,data\camera\right_rear_camera\1772699959610660000.jpg,-1,1,car,0.376676,1704.0,0.0,1919.0,78.0,1704.0,0.0,1919.0,78.0,unassigned,1,VEHICLE_CAR,preprocessed/masks/right_rear_camera/masks/frame_000494_gt2d_001_track_-1_VEHICLE_CAR.png,0.9689719676971436,1811.5,39.0,10.291122436523438,10.648307800292969,0.21713638305664062,1.0,7.819635760161083,-5.504644903316465,10.291122436523438,da3_bbox_median,1920.0,1280.0,image_root
right_rear,494,1772699959610660000,data\camera\right_rear_camera\1772699959610660000.jpg,4000000,4,truck,0.735649,0.0,0.0,1710.0,1175.0,0.3280101418495178,-0.048597924411296844,1710.3404541015625,1175.0927734375,matched,0,VEHICLE_TRUCK,preprocessed/masks/right_rear_camera/masks/frame_000494_gt2d_000_track_55_VEHICLE_TRUCK.png,0.9790175557136536,855.0,587.5,1.1362133026123047,1.4960975646972656,1.0166442394256592,1.3697443008422852,-0.10489083961323774,-0.05262590007847349,1.1362133026123047,da3_bbox_median,1920.0,1280.0,image_root
right_rear,495,1772699959710637000,data\camera\right_rear_camera\1772699959710637000.jpg,-1,1,car,0.387914,1705.0,0.0,1919.0,76.0,1705.0,0.0,1919.0,76.0,unassigned,1,VEHICLE_CAR,preprocessed/masks/right_rear_camera/masks/frame_000495_gt2d_001_track_-1_VEHICLE_CAR.png,0.9705016613006592,1812.0,38.0,10.217643737792969,10.610867500305176,0.2398853302001953,1.0,7.76835501622796,-5.474443046108297,10.217643737792969,da3_bbox_median,1920.0,1280.0,image_root
right_rear,495,1772699959710637000,data\camera\right_rear_camera\1772699959710637000.jpg,4000000,4,truck,0.735691,0.0,0.0,1710.0,1175.0,0.34147676825523376,-0.06369995325803757,1710.361083984375,1175.1815185546875,matched,0,VEHICLE_TRUCK,preprocessed/masks/right_rear_camera/masks/frame_000495_gt2d_000_track_55_VEHICLE_TRUCK.png,0.9788345098495483,855.0,587.5,1.1464349031448364,1.509108304977417,1.0320987701416016,1.336686611175537,-0.1058344584386672,-0.05309933312755885,1.1464349031448364,da3_bbox_median,1920.0,1280.0,image_root
right_rear,496,1772699959810644000,data\camera\right_rear_camera\1772699959810644000.jpg,-1,1,car,0.373134,1704.0,0.0,1919.0,76.0,1704.0,0.0,1919.0,76.0,unassigned,1,VEHICLE_CAR,preprocessed/masks/right_rear_camera/masks/frame_000496_gt2d_001_track_-1_VEHICLE_CAR.png,0.971349835395813,1811.5,38.0,10.346839904785156,10.797204971313477,0.29033470153808594,1.0,7.861972279814051,-5.5436641969063185,10.346839904785156,da3_bbox_median,1920.0,1280.0,image_root
right_rear,496,1772699959810644000,data\camera\right_rear_camera\1772699959810644000.jpg,4000000,4,truck,0.729725,0.0,0.0,1710.0,1173.0,0.2788216173648834,-0.03300025314092636,1710.2994384765625,1173.908935546875,matched,0,VEHICLE_TRUCK,preprocessed/masks/right_rear_camera/masks/frame_000496_gt2d_000_track_55_VEHICLE_TRUCK.png,0.9773691892623901,855.0,586.5,1.160792589187622,1.5270663499832153,1.0440213680267334,1.3017257452011108,-0.10715990476152629,-0.054798311376707425,1.160792589187622,da3_bbox_median,1920.0,1280.0,image_root
right_rear,497,1772699959910651000,data\camera\right_rear_camera\1772699959910651000.jpg,-1,1,car,0.368129,1704.0,0.0,1919.0,76.0,1704.0,0.0,1919.0,76.0,unassigned,1,VEHICLE_CAR,preprocessed/masks/right_rear_camera/masks/frame_000497_gt2d_001_track_-1_VEHICLE_CAR.png,0.9710248708724976,1811.5,38.0,10.221221923828125,10.655193328857422,0.2700042724609375,1.0,7.766522355661494,-5.476360178488377,10.221221923828125,da3_bbox_median,1920.0,1280.0,image_root
right_rear,497,1772699959910651000,data\camera\right_rear_camera\1772699959910651000.jpg,4000000,4,truck,0.722226,0.0,0.0,1710.0,1153.0,0.25712621212005615,-0.05060841888189316,1710.276611328125,1160.1650390625,matched,0,VEHICLE_TRUCK,preprocessed/masks/right_rear_camera/masks/frame_000497_gt2d_000_track_55_VEHICLE_TRUCK.png,0.9608104228973389,855.0,576.5,1.1347341537475586,1.5259709358215332,1.0685303211212158,1.29561185836792,-0.1047542902822455,-0.0636757828389804,1.1347341537475586,da3_bbox_median,1920.0,1280.0,image_root
right_rear,498,1772699960010645000,data\camera\right_rear_camera\1772699960010645000.jpg,-1,1,car,0.364116,1704.0,0.0,1919.0,76.0,1704.0,0.0,1919.0,76.0,unassigned,1,VEHICLE_CAR,preprocessed/masks/right_rear_camera/masks/frame_000498_gt2d_001_track_-1_VEHICLE_CAR.png,0.9696004986763,1811.5,38.0,10.076519012451172,10.54394817352295,0.2074108123779297,1.0,7.6565708836639566,-5.398830772759625,10.076519012451172,da3_bbox_median,1920.0,1280.0,image_root
right_rear,498,1772699960010645000,data\camera\right_rear_camera\1772699960010645000.jpg,4000000,4,truck,0.724101,0.0,0.0,1710.0,1176.0,0.2257465124130249,-0.0213213749229908,1710.243408203125,1170.2635498046875,matched,0,VEHICLE_TRUCK,preprocessed/masks/right_rear_camera/masks/frame_000498_gt2d_000_track_55_VEHICLE_TRUCK.png,0.978891134262085,855.0,588.0,1.1343891620635986,1.4812554121017456,1.005486011505127,1.3774720430374146,-0.10472244197761207,-0.05203618368616303,1.1343891620635986,da3_bbox_median,1920.0,1280.0,image_root
right_rear,499,1772699960110561000,data\camera\right_rear_camera\1772699960110561000.jpg,-1,1,car,0.352394,1706.0,0.0,1919.0,75.0,1706.0,0.0,1919.0,75.0,unassigned,1,VEHICLE_CAR,preprocessed/masks/right_rear_camera/masks/frame_000499_gt2d_001_track_-1_VEHICLE_CAR.png,0.9733840227127075,1812.5,37.5,10.081792831420898,10.526998519897461,0.18315601348876953,1.0,7.669560165092582,-5.406146568778109,10.081792831420898,da3_bbox_median,1920.0,1280.0,image_root
right_rear,499,1772699960110561000,data\camera\right_rear_camera\1772699960110561000.jpg,4000000,4,truck,0.748724,0.0,0.0,1708.0,1177.0,0.14815349876880646,-0.02538752742111683,1708.84228515625,1174.7022705078125,matched,0,VEHICLE_TRUCK,preprocessed/masks/right_rear_camera/masks/frame_000499_gt2d_000_track_55_VEHICLE_TRUCK.png,0.9782348275184631,854.0,588.5,1.1561315059661865,1.489104986190796,1.0071101188659668,1.4167122840881348,-0.10775962494611606,-0.052518627293201,1.1561315059661865,da3_bbox_median,1920.0,1280.0,image_root
right_rear,500,1772699960210538000,data\camera\right_rear_camera\1772699960210538000.jpg,-1,1,car,0.35643,1706.0,0.0,1919.0,74.0,1706.0,0.0,1919.0,74.0,unassigned,1,VEHICLE_CAR,preprocessed/masks/right_rear_camera/masks/frame_000500_gt2d_001_track_-1_VEHICLE_CAR.png,0.9739952683448792,1812.5,37.0,10.529647827148438,10.957581520080566,0.20201873779296875,1.0,8.010258579789678,-5.650988901634163,10.529647827148438,da3_bbox_median,1920.0,1280.0,image_root
right_rear,500,1772699960210538000,data\camera\right_rear_camera\1772699960210538000.jpg,4000000,4,truck,0.743695,0.0,0.0,1708.0,1175.0,0.186056986451149,-0.04682465270161629,1708.380615234375,1175.039794921875,matched,0,VEHICLE_TRUCK,preprocessed/masks/right_rear_camera/masks/frame_000500_gt2d_000_track_55_VEHICLE_TRUCK.png,0.9767231941223145,854.0,587.5,1.2042262554168701,1.560570478439331,1.055957317352295,1.3995803594589233,-0.11224239540599718,-0.05577605053887194,1.2042262554168701,da3_bbox_median,1920.0,1280.0,image_root
right_rear,501,1772699960310546000,data\camera\right_rear_camera\1772699960310546000.jpg,-1,1,car,0.364113,1706.0,0.0,1919.0,75.0,1706.0,0.0,1919.0,75.0,unassigned,1,VEHICLE_CAR,preprocessed/masks/right_rear_camera/masks/frame_000501_gt2d_001_track_-1_VEHICLE_CAR.png,0.9732894897460938,1812.5,37.5,10.678844451904297,11.129319190979004,0.20870208740234375,1.0,8.123757489073705,-5.726302777443708,10.678844451904297,da3_bbox_median,1920.0,1280.0,image_root
right_rear,501,1772699960310546000,data\camera\right_rear_camera\1772699960310546000.jpg,4000000,4,truck,0.750024,0.0,0.0,1708.0,1176.0,0.1520303338766098,-0.02378236874938011,1708.1630859375,1175.838623046875,matched,0,VEHICLE_TRUCK,preprocessed/masks/right_rear_camera/masks/frame_000501_gt2d_000_track_55_VEHICLE_TRUCK.png,0.9751713275909424,854.0,588.0,1.2398526668548584,1.5928045511245728,1.089367389678955,1.3605244159698486,-0.11556302866866852,-0.05687395760981486,1.2398526668548584,da3_bbox_median,1920.0,1280.0,image_root
right_rear,502,1772699960410553000,data\camera\right_rear_camera\1772699960410553000.jpg,-1,1,car,0.363247,1706.0,0.0,1919.0,77.0,1706.0,0.0,1919.0,77.0,unassigned,1,VEHICLE_CAR,preprocessed/masks/right_rear_camera/masks/frame_000502_gt2d_001_track_-1_VEHICLE_CAR.png,0.9707080125808716,1812.5,38.5,10.790948867797852,11.252896308898926,0.2226400375366211,1.0,8.209039102854595,-5.776804358184802,10.790948867797852,da3_bbox_median,1920.0,1280.0,image_root
right_rear,502,1772699960410553000,data\camera\right_rear_camera\1772699960410553000.jpg,4000000,4,truck,0.752854,0.0,0.0,1708.0,1178.0,0.13038527965545654,-0.014039869420230389,1708.078369140625,1177.4425048828125,matched,0,VEHICLE_TRUCK,preprocessed/masks/right_rear_camera/masks/frame_000502_gt2d_000_track_55_VEHICLE_TRUCK.png,0.9790069460868835,854.0,589.0,1.2351950407028198,1.5845425128936768,1.0781017541885376,1.3975627422332764,-0.11512890500307094,-0.055560056755906896,1.2351950407028198,da3_bbox_median,1920.0,1280.0,image_root
right_rear,503,1772699960510561000,data\camera\right_rear_camera\1772699960510561000.jpg,-1,1,car,0.372293,1705.0,0.0,1919.0,77.0,1705.0,0.0,1919.0,77.0,unassigned,1,VEHICLE_CAR,preprocessed/masks/right_rear_camera/masks/frame_000503_gt2d_001_track_-1_VEHICLE_CAR.png,0.9699195623397827,1812.0,38.5,10.618314743041992,11.114572525024414,0.2784862518310547,1.0,8.072980494798,-5.684386761133896,10.618314743041992,da3_bbox_median,1920.0,1280.0,image_root
right_rear,503,1772699960510561000,data\camera\right_rear_camera\1772699960510561000.jpg,4000000,4,truck,0.746082,0.0,0.0,1707.0,1176.0,0.1254177838563919,-0.023071594536304474,1707.39501953125,1176.694091796875,matched,0,VEHICLE_TRUCK,preprocessed/masks/right_rear_camera/masks/frame_000503_gt2d_000_track_55_VEHICLE_TRUCK.png,0.9760373830795288,853.5,588.0,1.2197670936584473,1.567055106163025,1.0789527893066406,1.41556978225708,-0.11423426496821393,-0.05595260133170214,1.2197670936584473,da3_bbox_median,1920.0,1280.0,image_root
right_rear,504,1772699960610537000,data\camera\right_rear_camera\1772699960610537000.jpg,-1,1,car,0.381916,1704.0,0.0,1919.0,76.0,1704.0,0.0,1919.0,76.0,unassigned,1,VEHICLE_CAR,preprocessed/masks/right_rear_camera/masks/frame_000504_gt2d_001_track_-1_VEHICLE_CAR.png,0.9720349311828613,1811.5,38.0,9.858259201049805,10.420827865600586,0.29559898376464844,1.0,7.490727727412799,-5.281890807202633,9.858259201049805,da3_bbox_median,1920.0,1280.0,image_root
right_rear,504,1772699960610537000,data\camera\right_rear_camera\1772699960610537000.jpg,4000000,4,truck,0.735492,0.0,0.0,1708.0,1178.0,0.08734957873821259,-0.010954173281788826,1707.7681884765625,1177.7236328125,matched,0,VEHICLE_TRUCK,preprocessed/masks/right_rear_camera/masks/frame_000504_gt2d_000_track_55_VEHICLE_TRUCK.png,0.9790782928466797,854.0,589.0,1.1135993003845215,1.435652494430542,0.9852292537689209,1.435821533203125,-0.10379532287670652,-0.05009058350614618,1.1135993003845215,da3_bbox_median,1920.0,1280.0,image_root
right_rear,505,1772699960710545000,data\camera\right_rear_camera\1772699960710545000.jpg,-1,1,car,0.376045,1705.0,0.0,1919.0,76.0,1705.0,0.0,1919.0,76.0,unassigned,1,VEHICLE_CAR,preprocessed/masks/right_rear_camera/masks/frame_000505_gt2d_001_track_-1_VEHICLE_CAR.png,0.9723025560379028,1812.0,38.0,9.92583179473877,10.45667552947998,0.35397815704345703,1.0,7.546493809300621,-5.318095075537004,9.92583179473877,da3_bbox_median,1920.0,1280.0,image_root
right_rear,505,1772699960710545000,data\camera\right_rear_camera\1772699960710545000.jpg,4000000,4,truck,0.734179,0.0,0.0,1709.0,1177.0,0.08567981421947479,-0.02138439193367958,1708.5899658203125,1177.4176025390625,matched,0,VEHICLE_TRUCK,preprocessed/masks/right_rear_camera/masks/frame_000505_gt2d_000_track_55_VEHICLE_TRUCK.png,0.9782154560089111,854.5,588.5,1.1103622913360596,1.4434071779251099,0.9753086566925049,1.4475393295288086,-0.10299899224849678,-0.050439507130609,1.1103622913360596,da3_bbox_median,1920.0,1280.0,image_root
right_rear,506,1772699960810552000,data\camera\right_rear_camera\1772699960810552000.jpg,-1,1,car,0.371499,1704.0,0.0,1919.0,77.0,1704.0,0.0,1919.0,77.0,unassigned,1,VEHICLE_CAR,preprocessed/masks/right_rear_camera/masks/frame_000506_gt2d_001_track_-1_VEHICLE_CAR.png,0.9716982841491699,1811.5,38.5,10.408332824707031,10.792165756225586,0.3515453338623047,1.0,7.908697235093104,-5.57197547313333,10.408332824707031,da3_bbox_median,1920.0,1280.0,image_root
right_rear,506,1772699960810552000,data\camera\right_rear_camera\1772699960810552000.jpg,4000000,4,truck,0.735858,0.0,0.0,1709.0,1175.0,0.08233505487442017,-0.013059624470770359,1708.9019775390625,1175.972412109375,matched,0,VEHICLE_TRUCK,preprocessed/masks/right_rear_camera/masks/frame_000506_gt2d_000_track_55_VEHICLE_TRUCK.png,0.9752233624458313,854.5,587.5,1.162184476852417,1.5243074893951416,1.0348217487335205,1.4810199737548828,-0.10780610153701277,-0.05382880486522297,1.162184476852417,da3_bbox_median,1920.0,1280.0,image_root
right_rear,507,1772699960910560000,data\camera\right_rear_camera\1772699960910560000.jpg,-1,1,car,0.375934,1704.0,0.0,1919.0,77.0,1704.0,0.0,1919.0,77.0,unassigned,1,VEHICLE_CAR,preprocessed/masks/right_rear_camera/masks/frame_000507_gt2d_001_track_-1_VEHICLE_CAR.png,0.9721494913101196,1811.5,38.5,10.943889617919922,11.349583625793457,0.33742237091064453,1.0,8.315636233014448,-5.858679344589915,10.943889617919922,da3_bbox_median,1920.0,1280.0,image_root
right_rear,507,1772699960910560000,data\camera\right_rear_camera\1772699960910560000.jpg,4000000,4,truck,0.736528,0.0,0.0,1709.0,1175.0,0.06825543195009232,-0.009224499575793743,1709.008056640625,1175.410888671875,matched,0,VEHICLE_TRUCK,preprocessed/masks/right_rear_camera/masks/frame_000507_gt2d_000_track_55_VEHICLE_TRUCK.png,0.9728714227676392,854.5,587.5,1.1991245746612549,1.5848784446716309,1.0669127702713013,1.5640428066253662,-0.1112327244307829,-0.05553975640197,1.1991245746612549,da3_bbox_median,1920.0,1280.0,image_root
right_rear,508,1772699961010523000,data\camera\right_rear_camera\1772699961010523000.jpg,-1,1,car,0.372011,1705.0,0.0,1919.0,75.0,1705.0,0.0,1919.0,75.0,unassigned,1,VEHICLE_CAR,preprocessed/masks/right_rear_camera/masks/frame_000508_gt2d_001_track_-1_VEHICLE_CAR.png,0.9727603197097778,1812.0,37.5,11.363245010375977,11.77115535736084,0.2956056594848633,1.0,8.639342263468745,-6.093297992751066,11.363245010375977,da3_bbox_median,1920.0,1280.0,image_root
right_rear,508,1772699961010523000,data\camera\right_rear_camera\1772699961010523000.jpg,4000000,4,truck,0.745252,0.0,0.0,1708.0,1175.0,0.07393799722194672,-0.016900332644581795,1708.3980712890625,1175.1810302734375,matched,0,VEHICLE_TRUCK,preprocessed/masks/right_rear_camera/masks/frame_000508_gt2d_000_track_55_VEHICLE_TRUCK.png,0.9735586643218994,854.0,587.5,1.2492563724517822,1.6346449851989746,1.1206598281860352,1.5869444608688354,-0.11643952047171938,-0.05786170684491314,1.2492563724517822,da3_bbox_median,1920.0,1280.0,image_root
right_rear,509,1772699961110653000,data\camera\right_rear_camera\1772699961110653000.jpg,-1,1,car,0.38829,1704.0,0.0,1919.0,76.0,1704.0,0.0,1919.0,76.0,unassigned,1,VEHICLE_CAR,preprocessed/masks/right_rear_camera/masks/frame_000509_gt2d_001_track_-1_VEHICLE_CAR.png,0.9717316031455994,1811.5,38.0,10.931682586669922,11.27225112915039,0.23337078094482422,1.0,8.306360807648879,-5.8570131484917995,10.931682586669922,da3_bbox_median,1920.0,1280.0,image_root
right_rear,509,1772699961110653000,data\camera\right_rear_camera\1772699961110653000.jpg,4000000,4,truck,0.740815,0.0,0.0,1708.0,1172.0,0.05221395567059517,-0.0059756445698440075,1708.1439208984375,1173.11962890625,matched,0,VEHICLE_TRUCK,preprocessed/masks/right_rear_camera/masks/frame_000509_gt2d_000_track_55_VEHICLE_TRUCK.png,0.9671528935432434,854.0,586.0,1.2146652936935425,1.5890355110168457,1.0925906896591187,1.5319302082061768,-0.11321538752989252,-0.05788249688528532,1.2146652936935425,da3_bbox_median,1920.0,1280.0,image_root
right_rear,510,1772699961210660000,data\camera\right_rear_camera\1772699961210660000.jpg,-1,1,car,0.345782,1703.0,0.0,1919.0,78.0,1703.0,0.0,1919.0,78.0,unassigned,1,VEHICLE_CAR,preprocessed/masks/right_rear_camera/masks/frame_000510_gt2d_001_track_-1_VEHICLE_CAR.png,0.9694554805755615,1811.0,39.0,10.307844161987305,10.489046096801758,0.22344112396240234,1.0,7.827749943601066,-5.513589229984143,10.307844161987305,da3_bbox_median,1920.0,1280.0,image_root
right_rear,510,1772699961210660000,data\camera\right_rear_camera\1772699961210660000.jpg,4000000,4,truck,0.714985,0.0,0.0,1707.0,1172.0,0.0460670106112957,-0.003243356943130493,1707.391357421875,1172.337158203125,matched,0,VEHICLE_TRUCK,preprocessed/masks/right_rear_camera/masks/frame_000510_gt2d_000_track_55_VEHICLE_TRUCK.png,0.9711631536483765,853.5,586.0,1.139559268951416,1.494262456893921,1.0458412170410156,1.5195704698562622,-0.10672259987432618,-0.05430346629490516,1.139559268951416,da3_bbox_median,1920.0,1280.0,image_root
right_rear,511,1772699961310637000,data\camera\right_rear_camera\1772699961310637000.jpg,-1,1,car,0.381431,1704.0,0.0,1919.0,78.0,1704.0,0.0,1919.0,78.0,unassigned,1,VEHICLE_CAR,preprocessed/masks/right_rear_camera/masks/frame_000511_gt2d_001_track_-1_VEHICLE_CAR.png,0.9699510335922241,1811.5,39.0,9.904195785522461,10.09571361541748,0.2302684783935547,1.0,7.525632312491606,-5.297680713498765,9.904195785522461,da3_bbox_median,1920.0,1280.0,image_root
right_rear,511,1772699961310637000,data\camera\right_rear_camera\1772699961310637000.jpg,4000000,4,truck,0.74485,0.0,0.0,1708.0,1172.0,0.033148691058158875,0.030491521582007408,1707.7611083984375,1172.080078125,matched,0,VEHICLE_TRUCK,preprocessed/masks/right_rear_camera/masks/frame_000511_gt2d_000_track_55_VEHICLE_TRUCK.png,0.9659532308578491,854.0,586.0,1.1215851306915283,1.4593268632888794,0.9857131838798523,1.5536174774169922,-0.10453965868480926,-0.05344694392018575,1.1215851306915283,da3_bbox_median,1920.0,1280.0,image_root
right_rear,512,1772699961410645000,data\camera\right_rear_camera\1772699961410645000.jpg,-1,1,car,0.385283,1703.0,0.0,1919.0,79.0,1703.0,0.0,1919.0,79.0,unassigned,1,VEHICLE_CAR,preprocessed/masks/right_rear_camera/masks/frame_000512_gt2d_001_track_-1_VEHICLE_CAR.png,0.9692356586456299,1811.0,39.5,10.181775093078613,10.400884628295898,0.21822357177734375,1.0,7.732013421828738,-5.441621120688484,10.181775093078613,da3_bbox_median,1920.0,1280.0,image_root
right_rear,512,1772699961410645000,data\camera\right_rear_camera\1772699961410645000.jpg,4000000,4,truck,0.749021,0.0,0.0,1709.0,1173.0,0.041787367314100266,-0.03424283489584923,1708.580078125,1172.57421875,matched,0,VEHICLE_TRUCK,preprocessed/masks/right_rear_camera/masks/frame_000512_gt2d_000_track_55_VEHICLE_TRUCK.png,0.9708971381187439,854.5,586.5,1.156658411026001,1.5178871154785156,1.0059490203857422,1.5675784349441528,-0.10729349478184744,-0.05460314646585471,1.156658411026001,da3_bbox_median,1920.0,1280.0,image_root
right_rear,513,1772699961510652000,data\camera\right_rear_camera\1772699961510652000.jpg,-1,1,car,0.379865,1703.0,0.0,1919.0,79.0,1703.0,0.0,1919.0,79.0,unassigned,1,VEHICLE_CAR,preprocessed/masks/right_rear_camera/masks/frame_000513_gt2d_001_track_-1_VEHICLE_CAR.png,0.968532919883728,1811.0,39.5,10.586435317993164,10.76937484741211,0.25532054901123047,1.0,8.03931134009119,-5.657890642109602,10.586435317993164,da3_bbox_median,1920.0,1280.0,image_root
right_rear,513,1772699961510652000,data\camera\right_rear_camera\1772699961510652000.jpg,4000000,4,truck,0.749086,0.0,0.0,1709.0,1173.0,0.03605706989765167,-0.018027808517217636,1708.8828125,1172.808349609375,matched,0,VEHICLE_TRUCK,preprocessed/masks/right_rear_camera/masks/frame_000513_gt2d_000_track_55_VEHICLE_TRUCK.png,0.9672898054122925,854.5,586.5,1.191778540611267,1.5670197010040283,1.0322920083999634,1.5500344038009644,-0.11055129449563852,-0.05626108588977074,1.191778540611267,da3_bbox_median,1920.0,1280.0,image_root
right_rear,514,1772699961610660000,data\camera\right_rear_camera\1772699961610660000.jpg,-1,1,car,0.379916,1703.0,0.0,1919.0,81.0,1703.0,0.0,1919.0,81.0,unassigned,1,VEHICLE_CAR,preprocessed/masks/right_rear_camera/masks/frame_000514_gt2d_001_track_-1_VEHICLE_CAR.png,0.9646972417831421,1811.0,40.5,10.662220001220703,10.898621559143066,0.26929283142089844,1.0,8.09686203066603,-5.688896195015675,10.662220001220703,da3_bbox_median,1920.0,1280.0,image_root
right_rear,514,1772699961610660000,data\camera\right_rear_camera\1772699961610660000.jpg,4000000,4,truck,0.746103,0.0,0.0,1710.0,1173.0,0.03858166188001633,-0.011826880276203156,1709.661865234375,1172.901123046875,matched,0,VEHICLE_TRUCK,preprocessed/masks/right_rear_camera/masks/frame_000514_gt2d_000_track_55_VEHICLE_TRUCK.png,0.9710721969604492,855.0,586.5,1.1923925876617432,1.569276213645935,1.0351027250289917,1.5366522073745728,-0.11007709501454217,-0.0562900736191768,1.1923925876617432,da3_bbox_median,1920.0,1280.0,image_root
right_rear,515,1772699961710637000,data\camera\right_rear_camera\1772699961710637000.jpg,-1,1,car,0.384053,1702.0,0.0,1919.0,81.0,1702.0,0.0,1919.0,81.0,unassigned,1,VEHICLE_CAR,preprocessed/masks/right_rear_camera/masks/frame_000515_gt2d_001_track_-1_VEHICLE_CAR.png,0.9653772115707397,1810.5,40.5,10.656712532043457,10.84368896484375,0.26952552795410156,1.0,8.087932567113647,-5.685957649342916,10.656712532043457,da3_bbox_median,1920.0,1280.0,image_root
right_rear,515,1772699961710637000,data\camera\right_rear_camera\1772699961710637000.jpg,4000000,4,truck,0.752056,0.0,0.0,1710.0,1175.0,0.01948639750480652,-0.003013328416272998,1709.93359375,1174.2674560546875,matched,0,VEHICLE_TRUCK,preprocessed/masks/right_rear_camera/masks/frame_000515_gt2d_000_track_55_VEHICLE_TRUCK.png,0.9764825105667114,855.0,587.5,1.1919498443603516,1.5671241283416748,1.0381840467453003,1.5233486890792847,-0.1100362226567645,-0.055207444996147485,1.1919498443603516,da3_bbox_median,1920.0,1280.0,image_root
right_rear,516,1772699961810644000,data\camera\right_rear_camera\1772699961810644000.jpg,-1,1,car,0.371732,1704.0,0.0,1919.0,80.0,1704.0,0.0,1919.0,80.0,unassigned,1,VEHICLE_CAR,preprocessed/masks/right_rear_camera/masks/frame_000516_gt2d_001_track_-1_VEHICLE_CAR.png,0.9661178588867188,1811.5,40.0,10.776771545410156,11.108141899108887,0.28715038299560547,1.0,8.188652761189385,-5.75481560713856,10.776771545410156,da3_bbox_median,1920.0,1280.0,image_root
right_rear,516,1772699961810644000,data\camera\right_rear_camera\1772699961810644000.jpg,4000000,4,truck,0.744408,0.0,0.0,1710.0,1174.0,0.022579388692975044,-0.00472502363845706,1710.0416259765625,1174.1185302734375,matched,0,VEHICLE_TRUCK,preprocessed/masks/right_rear_camera/masks/frame_000516_gt2d_000_track_55_VEHICLE_TRUCK.png,0.9766546487808228,855.0,587.0,1.2007654905319214,1.5858144760131836,1.0602099895477295,1.5503990650177002,-0.11085004918611707,-0.056150548704923406,1.2007654905319214,da3_bbox_median,1920.0,1280.0,image_root
right_rear,517,1772699961910651000,data\camera\right_rear_camera\1772699961910651000.jpg,-1,1,car,0.380077,1704.0,0.0,1919.0,78.0,1704.0,0.0,1919.0,78.0,unassigned,1,VEHICLE_CAR,preprocessed/masks/right_rear_camera/masks/frame_000517_gt2d_001_track_-1_VEHICLE_CAR.png,0.9693323969841003,1811.5,39.0,10.62704086303711,10.891016960144043,0.25811004638671875,1.0,8.074880973369403,-5.684325172970631,10.62704086303711,da3_bbox_median,1920.0,1280.0,image_root
right_rear,517,1772699961910651000,data\camera\right_rear_camera\1772699961910651000.jpg,4000000,4,truck,0.750404,0.0,0.0,1710.0,1174.0,0.02469155192375183,-0.0038718797732144594,1710.0780029296875,1174.060302734375,matched,0,VEHICLE_TRUCK,preprocessed/masks/right_rear_camera/masks/frame_000517_gt2d_000_track_55_VEHICLE_TRUCK.png,0.9752450585365295,855.0,587.0,1.189622402191162,1.5685319900512695,1.0436643362045288,1.5676060914993286,-0.10982136215238893,-0.05562947233361305,1.189622402191162,da3_bbox_median,1920.0,1280.0,image_root
right_rear,518,1772699962010645000,data\camera\right_rear_camera\1772699962010645000.jpg,-1,1,car,0.373869,1704.0,0.0,1919.0,78.0,1704.0,0.0,1919.0,78.0,unassigned,1,VEHICLE_CAR,preprocessed/masks/right_rear_camera/masks/frame_000518_gt2d_001_track_-1_VEHICLE_CAR.png,0.9692515134811401,1811.5,39.0,11.112329483032227,11.431012153625488,0.25405406951904297,1.0,8.443624059492379,-5.943902448935491,11.112329483032227,da3_bbox_median,1920.0,1280.0,image_root
right_rear,518,1772699962010645000,data\camera\right_rear_camera\1772699962010645000.jpg,4000000,4,truck,0.752784,0.0,0.0,1710.0,1175.0,0.014610138721764088,0.005335656926035881,1710.0755615234375,1174.7056884765625,matched,0,VEHICLE_TRUCK,preprocessed/masks/right_rear_camera/masks/frame_000518_gt2d_000_track_55_VEHICLE_TRUCK.png,0.9750384092330933,855.0,587.5,1.247084617614746,1.6490416526794434,1.0976918935775757,1.5635349750518799,-0.11512605274873997,-0.05776111785093988,1.247084617614746,da3_bbox_median,1920.0,1280.0,image_root
right_rear,519,1772699962110561000,data\camera\right_rear_camera\1772699962110561000.jpg,-1,1,car,0.380728,1707.0,0.0,1919.0,70.0,1707.0,0.0,1919.0,70.0,unassigned,1,VEHICLE_CAR,preprocessed/masks/right_rear_camera/masks/frame_000519_gt2d_001_track_-1_VEHICLE_CAR.png,0.97652268409729,1813.0,35.0,11.351446151733398,12.039831161499023,0.1650094985961914,1.0,8.640484888665014,-6.112249320269567,11.351446151733398,da3_bbox_median,1920.0,1280.0,image_root
right_rear,519,1772699962110561000,data\camera\right_rear_camera\1772699962110561000.jpg,4000000,4,truck,0.771927,0.0,0.0,1708.0,1175.0,0.01992211490869522,-0.00938158854842186,1708.757568359375,1174.928466796875,matched,0,VEHICLE_TRUCK,preprocessed/masks/right_rear_camera/masks/frame_000519_gt2d_000_track_55_VEHICLE_TRUCK.png,0.9680968523025513,854.0,587.5,1.3078124523162842,1.7171076536178589,1.1879658699035645,1.4539750814437866,-0.12189736084018184,-0.060573844082570424,1.3078124523162842,da3_bbox_median,1920.0,1280.0,image_root
right_rear,520,1772699962210538000,data\camera\right_rear_camera\1772699962210538000.jpg,-1,1,car,0.381426,1706.0,0.0,1919.0,74.0,1706.0,0.0,1919.0,74.0,unassigned,1,VEHICLE_CAR,preprocessed/masks/right_rear_camera/masks/frame_000520_gt2d_001_track_-1_VEHICLE_CAR.png,0.9755353927612305,1812.5,37.0,10.944538116455078,11.545485496520996,0.17319107055664062,1.0,8.325879629434027,-5.87364975969465,10.944538116455078,da3_bbox_median,1920.0,1280.0,image_root
right_rear,520,1772699962210538000,data\camera\right_rear_camera\1772699962210538000.jpg,4000000,4,truck,0.750731,0.0,0.0,1709.0,1173.0,0.01357230730354786,0.00433249119669199,1708.9095458984375,1173.7059326171875,matched,0,VEHICLE_TRUCK,preprocessed/masks/right_rear_camera/masks/frame_000520_gt2d_000_track_55_VEHICLE_TRUCK.png,0.9610578417778015,854.5,586.5,1.2915295362472534,1.7021461725234985,1.1734657287597656,1.3959152698516846,-0.11980435730807261,-0.060970097792424995,1.2915295362472534,da3_bbox_median,1920.0,1280.0,image_root
right_rear,521,1772699962310546000,data\camera\right_rear_camera\1772699962310546000.jpg,-1,1,car,0.370316,1706.0,0.0,1919.0,73.0,1706.0,0.0,1919.0,73.0,unassigned,1,VEHICLE_CAR,preprocessed/masks/right_rear_camera/masks/frame_000521_gt2d_001_track_-1_VEHICLE_CAR.png,0.9755447506904602,1812.5,36.5,10.332380294799805,10.96036434173584,0.18292617797851562,1.0,7.860190508240745,-5.5497223101977395,10.332380294799805,da3_bbox_median,1920.0,1280.0,image_root
right_rear,521,1772699962310546000,data\camera\right_rear_camera\1772699962310546000.jpg,4000000,4,truck,0.755733,0.0,0.0,1710.0,1173.0,0.007702522911131382,0.0010410145623609424,1709.6256103515625,1173.23193359375,matched,0,VEHICLE_TRUCK,preprocessed/masks/right_rear_camera/masks/frame_000521_gt2d_000_track_55_VEHICLE_TRUCK.png,0.9621163606643677,855.0,586.5,1.2197685241699219,1.6037473678588867,1.1042745113372803,1.4352195262908936,-0.11260433612229863,-0.05758242774598427,1.2197685241699219,da3_bbox_median,1920.0,1280.0,image_root
right_rear,522,1772699962410553000,data\camera\right_rear_camera\1772699962410553000.jpg,-1,1,car,0.373488,1707.0,0.0,1919.0,73.0,1707.0,0.0,1919.0,73.0,unassigned,1,VEHICLE_CAR,preprocessed/masks/right_rear_camera/masks/frame_000522_gt2d_001_track_-1_VEHICLE_CAR.png,0.9761423468589783,1813.0,36.5,10.169979095458984,10.77627944946289,0.16288185119628906,1.0,7.741176720371784,-5.462493469072116,10.169979095458984,da3_bbox_median,1920.0,1280.0,image_root
right_rear,522,1772699962410553000,data\camera\right_rear_camera\1772699962410553000.jpg,4000000,4,truck,0.755876,0.0,0.0,1709.0,1177.0,0.01235657837241888,-0.003137469757348299,1709.2423095703125,1175.6953125,matched,0,VEHICLE_TRUCK,preprocessed/masks/right_rear_camera/masks/frame_000522_gt2d_000_track_55_VEHICLE_TRUCK.png,0.9721623063087463,854.5,588.5,1.2227002382278442,1.5930464267730713,1.0952906608581543,1.4343301057815552,-0.11341964090650944,-0.05554258989692676,1.2227002382278442,da3_bbox_median,1920.0,1280.0,image_root
right_rear,523,1772699962510561000,data\camera\right_rear_camera\1772699962510561000.jpg,-1,1,car,0.376807,1706.0,0.0,1919.0,73.0,1706.0,0.0,1919.0,73.0,unassigned,1,VEHICLE_CAR,preprocessed/masks/right_rear_camera/masks/frame_000523_gt2d_001_track_-1_VEHICLE_CAR.png,0.9761999845504761,1812.5,36.5,10.415371894836426,11.013028144836426,0.17013072967529297,1.0,7.92332502015954,-5.594298711872971,10.415371894836426,da3_bbox_median,1920.0,1280.0,image_root
right_rear,523,1772699962510561000,data\camera\right_rear_camera\1772699962510561000.jpg,4000000,4,truck,0.759281,0.0,0.0,1709.0,1174.0,0.0076100630685687065,0.0010402670595794916,1709.089111328125,1174.649169921875,matched,0,VEHICLE_TRUCK,preprocessed/masks/right_rear_camera/masks/frame_000523_gt2d_000_track_55_VEHICLE_TRUCK.png,0.9673988223075867,854.5,587.0,1.2361490726470947,1.627441644668579,1.1235432624816895,1.3901970386505127,-0.11466717642073598,-0.05780516616901506,1.2361490726470947,da3_bbox_median,1920.0,1280.0,image_root
right_rear,524,1772699962610537000,data\camera\right_rear_camera\1772699962610537000.jpg,-1,1,car,0.375339,1706.0,0.0,1919.0,74.0,1706.0,0.0,1919.0,74.0,unassigned,1,VEHICLE_CAR,preprocessed/masks/right_rear_camera/masks/frame_000524_gt2d_001_track_-1_VEHICLE_CAR.png,0.9737843871116638,1812.5,37.0,10.251371383666992,10.782079696655273,0.14487648010253906,1.0,7.798564294706045,-5.501645151537847,10.251371383666992,da3_bbox_median,1920.0,1280.0,image_root
right_rear,524,1772699962610537000,data\camera\right_rear_camera\1772699962610537000.jpg,4000000,4,truck,0.743139,0.0,0.0,1709.0,1173.0,0.009805007837712765,0.0005999345448799431,1709.0350341796875,1173.5836181640625,matched,0,VEHICLE_TRUCK,preprocessed/masks/right_rear_camera/masks/frame_000524_gt2d_000_track_55_VEHICLE_TRUCK.png,0.9686702489852905,854.5,586.5,1.2142260074615479,1.593384027481079,1.1114733219146729,1.356433391571045,-0.11263355762916806,-0.05732077845633069,1.2142260074615479,da3_bbox_median,1920.0,1280.0,image_root
right_rear,525,1772699962710545000,data\camera\right_rear_camera\1772699962710545000.jpg,-1,1,car,0.378979,1706.0,0.0,1919.0,74.0,1706.0,0.0,1919.0,74.0,unassigned,1,VEHICLE_CAR,preprocessed/masks/right_rear_camera/masks/frame_000525_gt2d_001_track_-1_VEHICLE_CAR.png,0.9741787314414978,1812.5,37.0,10.03746223449707,10.620180130004883,0.1413555145263672,1.0,7.635836383425284,-5.386845658927979,10.03746223449707,da3_bbox_median,1920.0,1280.0,image_root
right_rear,525,1772699962710545000,data\camera\right_rear_camera\1772699962710545000.jpg,4000000,4,truck,0.743092,0.0,0.0,1709.0,1177.0,0.010646534152328968,0.0011344028171151876,1709.014892578125,1175.8245849609375,matched,0,VEHICLE_TRUCK,preprocessed/masks/right_rear_camera/masks/frame_000525_gt2d_000_track_55_VEHICLE_TRUCK.png,0.972529411315918,854.5,588.5,1.1889208555221558,1.549068808555603,1.0748517513275146,1.3301142454147339,-0.11028621102996368,-0.05400812188757009,1.1889208555221558,da3_bbox_median,1920.0,1280.0,image_root
right_rear,526,1772699962810552000,data\camera\right_rear_camera\1772699962810552000.jpg,-1,1,car,0.375996,1705.0,0.0,1919.0,75.0,1705.0,0.0,1919.0,75.0,unassigned,1,VEHICLE_CAR,preprocessed/masks/right_rear_camera/masks/frame_000526_gt2d_001_track_-1_VEHICLE_CAR.png,0.9728554487228394,1812.0,37.5,9.799339294433594,10.246153831481934,0.19724655151367188,1.0,7.450323040924117,-5.254686878487295,9.799339294433594,da3_bbox_median,1920.0,1280.0,image_root
right_rear,526,1772699962810552000,data\camera\right_rear_camera\1772699962810552000.jpg,4000000,4,truck,0.750266,0.0,0.0,1709.0,1174.0,0.006219519767910242,-0.005267546512186527,1709.003173828125,1174.681640625,matched,0,VEHICLE_TRUCK,preprocessed/masks/right_rear_camera/masks/frame_000526_gt2d_000_track_55_VEHICLE_TRUCK.png,0.9682906270027161,854.5,587.0,1.1478517055511475,1.5127768516540527,1.0465281009674072,1.3188083171844482,-0.10647657061572886,-0.053676178743301155,1.1478517055511475,da3_bbox_median,1920.0,1280.0,image_root
right_rear,527,1772699962910560000,data\camera\right_rear_camera\1772699962910560000.jpg,-1,1,car,0.375745,1706.0,0.0,1919.0,75.0,1706.0,0.0,1919.0,75.0,unassigned,1,VEHICLE_CAR,preprocessed/masks/right_rear_camera/masks/frame_000527_gt2d_001_track_-1_VEHICLE_CAR.png,0.972058117389679,1812.5,37.5,9.944515228271484,10.399188995361328,0.21432971954345703,1.0,7.565128457927087,-5.33253437939416,9.944515228271484,da3_bbox_median,1920.0,1280.0,image_root
right_rear,527,1772699962910560000,data\camera\right_rear_camera\1772699962910560000.jpg,4000000,4,truck,0.749706,0.0,0.0,1709.0,1175.0,0.0009369218605570495,0.0015523872571066022,1708.99560546875,1174.9129638671875,matched,0,VEHICLE_TRUCK,preprocessed/masks/right_rear_camera/masks/frame_000527_gt2d_000_track_55_VEHICLE_TRUCK.png,0.9695494174957275,854.5,587.5,1.1536157131195068,1.520830750465393,1.0566740036010742,1.3531036376953125,-0.10701124922962466,-0.05343192612514185,1.1536157131195068,da3_bbox_median,1920.0,1280.0,image_root
right_rear,528,1772699963010523000,data\camera\right_rear_camera\1772699963010523000.jpg,-1,1,car,0.377652,1706.0,0.0,1919.0,74.0,1706.0,0.0,1919.0,74.0,unassigned,1,VEHICLE_CAR,preprocessed/masks/right_rear_camera/masks/frame_000528_gt2d_001_track_-1_VEHICLE_CAR.png,0.9730879068374634,1812.5,37.0,10.279762268066406,10.625357627868652,0.1767110824584961,1.0,7.820162198936221,-5.516881802875322,10.279762268066406,da3_bbox_median,1920.0,1280.0,image_root
right_rear,528,1772699963010523000,data\camera\right_rear_camera\1772699963010523000.jpg,4000000,4,truck,0.747778,0.0,0.0,1708.0,1175.0,0.0037403106689453125,-0.002076429547742009,1708.337158203125,1174.991943359375,matched,0,VEHICLE_TRUCK,preprocessed/masks/right_rear_camera/masks/frame_000528_gt2d_000_track_55_VEHICLE_TRUCK.png,0.9706180095672607,854.0,587.5,1.174009084701538,1.5333218574523926,1.0703387260437012,1.3935648202896118,-0.10942594159740061,-0.05437648427515795,1.174009084701538,da3_bbox_median,1920.0,1280.0,image_root
right_rear,529,1772699963110653000,data\camera\right_rear_camera\1772699963110653000.jpg,-1,1,car,0.377202,1705.0,0.0,1919.0,76.0,1705.0,0.0,1919.0,76.0,unassigned,1,VEHICLE_CAR,preprocessed/masks/right_rear_camera/masks/frame_000529_gt2d_001_track_-1_VEHICLE_CAR.png,0.9714093208312988,1812.0,38.0,10.565240859985352,11.014237403869629,0.2100992202758789,1.0,8.032629042324789,-5.6606797849559145,10.565240859985352,da3_bbox_median,1920.0,1280.0,image_root
right_rear,529,1772699963110653000,data\camera\right_rear_camera\1772699963110653000.jpg,4000000,4,truck,0.743172,0.0,0.0,1703.0,1153.0,0.003901729127392173,-0.0013764085015282035,1704.7840576171875,1160.484375,matched,0,VEHICLE_TRUCK,preprocessed/masks/right_rear_camera/masks/frame_000529_gt2d_000_track_55_VEHICLE_TRUCK.png,0.9559441804885864,851.5,576.5,1.1284918785095215,1.5431591272354126,1.0940539836883545,1.3739427328109741,-0.10769688869659594,-0.06332549659689833,1.1284918785095215,da3_bbox_median,1920.0,1280.0,image_root
right_rear,530,1772699963210660000,data\camera\right_rear_camera\1772699963210660000.jpg,-1,1,car,0.38002,1706.0,0.0,1919.0,75.0,1706.0,0.0,1919.0,75.0,unassigned,1,VEHICLE_CAR,preprocessed/masks/right_rear_camera/masks/frame_000530_gt2d_001_track_-1_VEHICLE_CAR.png,0.9723305106163025,1812.5,37.5,10.606870651245117,11.052321434020996,0.18518829345703125,1.0,8.069004589098855,-5.687708360559553,10.606870651245117,da3_bbox_median,1920.0,1280.0,image_root
right_rear,530,1772699963210660000,data\camera\right_rear_camera\1772699963210660000.jpg,4000000,4,truck,0.744304,0.0,0.0,1708.0,1175.0,-0.003771694842725992,0.05575459823012352,1706.7484130859375,1169.6656494140625,matched,0,VEHICLE_TRUCK,preprocessed/masks/right_rear_camera/masks/frame_000530_gt2d_000_track_55_VEHICLE_TRUCK.png,0.9739174842834473,854.0,587.5,1.225143313407898,1.590065836906433,1.1136751174926758,1.3439831733703613,-0.11419201299920136,-0.056744864230139795,1.225143313407898,da3_bbox_median,1920.0,1280.0,image_root
right_rear,531,1772699963310637000,data\camera\right_rear_camera\1772699963310637000.jpg,-1,1,car,0.377892,1707.0,0.0,1919.0,74.0,1707.0,0.0,1919.0,74.0,unassigned,1,VEHICLE_CAR,preprocessed/masks/right_rear_camera/masks/frame_000531_gt2d_001_track_-1_VEHICLE_CAR.png,0.9741008281707764,1813.0,37.0,10.572320938110352,10.909760475158691,0.172760009765625,1.0,8.047430968952781,-5.673890453557128,10.572320938110352,da3_bbox_median,1920.0,1280.0,image_root
right_rear,531,1772699963310637000,data\camera\right_rear_camera\1772699963310637000.jpg,4000000,4,truck,0.74346,0.0,0.0,1708.0,1176.0,0.016842540353536606,-0.04592614248394966,1707.52685546875,1173.6641845703125,matched,0,VEHICLE_TRUCK,preprocessed/masks/right_rear_camera/masks/frame_000531_gt2d_000_track_55_VEHICLE_TRUCK.png,0.9737170338630676,854.0,588.0,1.2348493337631226,1.586943507194519,1.109567403793335,1.3267313241958618,-0.11509668267371584,-0.056644446989904666,1.2348493337631226,da3_bbox_median,1920.0,1280.0,image_root
right_rear,532,1772699963410645000,data\camera\right_rear_camera\1772699963410645000.jpg,-1,1,car,0.386262,1706.0,0.0,1919.0,74.0,1706.0,0.0,1919.0,74.0,unassigned,1,VEHICLE_CAR,preprocessed/masks/right_rear_camera/masks/frame_000532_gt2d_001_track_-1_VEHICLE_CAR.png,0.9734430313110352,1812.5,37.0,10.575563430786133,10.993684768676758,0.14443302154541016,1.0,8.045188129573553,-5.675630615281932,10.575563430786133,da3_bbox_median,1920.0,1280.0,image_root
right_rear,532,1772699963410645000,data\camera\right_rear_camera\1772699963410645000.jpg,4000000,4,truck,0.742237,0.0,0.0,1708.0,1174.0,0.009366382844746113,-0.015999700874090195,1707.812255859375,1173.935791015625,matched,0,VEHICLE_TRUCK,preprocessed/masks/right_rear_camera/masks/frame_000532_gt2d_000_track_55_VEHICLE_TRUCK.png,0.9706122279167175,854.0,587.0,1.2246084213256836,1.5874459743499756,1.1080451011657715,1.3241214752197266,-0.11414215727788539,-0.05726549884078232,1.2246084213256836,da3_bbox_median,1920.0,1280.0,image_root
right_rear,533,1772699963510652000,data\camera\right_rear_camera\1772699963510652000.jpg,-1,1,car,0.37635,1706.0,0.0,1919.0,75.0,1706.0,0.0,1919.0,75.0,unassigned,1,VEHICLE_CAR,preprocessed/masks/right_rear_camera/masks/frame_000533_gt2d_001_track_-1_VEHICLE_CAR.png,0.9728838205337524,1812.5,37.5,10.603950500488281,10.980911254882812,0.13924312591552734,1.0,8.066783131834736,-5.686142491942894,10.603950500488281,da3_bbox_median,1920.0,1280.0,image_root
right_rear,533,1772699963510652000,data\camera\right_rear_camera\1772699963510652000.jpg,4000000,4,truck,0.742996,0.0,0.0,1708.0,1177.0,0.004040253348648548,-0.006175342481583357,1707.920654296875,1176.0130615234375,matched,0,VEHICLE_TRUCK,preprocessed/masks/right_rear_camera/masks/frame_000533_gt2d_000_track_55_VEHICLE_TRUCK.png,0.9776626825332642,854.0,588.5,1.233460545539856,1.592237114906311,1.113740086555481,1.3439387083053589,-0.11496723779889279,-0.056031389455077,1.233460545539856,da3_bbox_median,1920.0,1280.0,image_root
right_rear,534,1772699963610660000,data\camera\right_rear_camera\1772699963610660000.jpg,-1,1,car,0.371161,1707.0,0.0,1919.0,74.0,1707.0,0.0,1919.0,74.0,unassigned,1,VEHICLE_CAR,preprocessed/masks/right_rear_camera/masks/frame_000534_gt2d_001_track_-1_VEHICLE_CAR.png,0.9734221696853638,1813.0,37.0,10.606040954589844,11.03612232208252,0.13024330139160156,1.0,8.073097944679226,-5.691987111870547,10.606040954589844,da3_bbox_median,1920.0,1280.0,image_root
right_rear,534,1772699963610660000,data\camera\right_rear_camera\1772699963610660000.jpg,4000000,4,truck,0.740318,0.0,0.0,1709.0,1174.0,0.0007400330505333841,-0.00020019945804961026,1708.622802734375,1174.8111572265625,matched,0,VEHICLE_TRUCK,preprocessed/masks/right_rear_camera/masks/frame_000534_gt2d_000_track_55_VEHICLE_TRUCK.png,0.9711259007453918,854.5,587.0,1.2307991981506348,1.6205155849456787,1.129538893699646,1.3775126934051514,-0.11417091345675486,-0.05755499376578782,1.2307991981506348,da3_bbox_median,1920.0,1280.0,image_root
right_rear,535,1772699963710637000,data\camera\right_rear_camera\1772699963710637000.jpg,-1,1,car,0.373855,1707.0,0.0,1919.0,73.0,1707.0,0.0,1919.0,73.0,unassigned,1,VEHICLE_CAR,preprocessed/masks/right_rear_camera/masks/frame_000535_gt2d_001_track_-1_VEHICLE_CAR.png,0.9742705821990967,1813.0,36.5,10.496265411376953,10.882609367370605,0.16446781158447266,1.0,7.989539082698356,-5.637748192117253,10.496265411376953,da3_bbox_median,1920.0,1280.0,image_root
right_rear,535,1772699963710637000,data\camera\right_rear_camera\1772699963710637000.jpg,4000000,4,truck,0.742334,0.0,0.0,1708.0,1174.0,0.005196189507842064,-0.002961575984954834,1708.2332763671875,1174.338623046875,matched,0,VEHICLE_TRUCK,preprocessed/masks/right_rear_camera/masks/frame_000535_gt2d_000_track_55_VEHICLE_TRUCK.png,0.9720725417137146,854.0,587.0,1.2243502140045166,1.593904972076416,1.1201376914978027,1.4097661972045898,-0.11411809053120155,-0.05725342447415747,1.2243502140045166,da3_bbox_median,1920.0,1280.0,image_root
right_rear,536,1772699963810644000,data\camera\right_rear_camera\1772699963810644000.jpg,-1,1,car,0.369692,1707.0,0.0,1919.0,74.0,1707.0,0.0,1919.0,74.0,unassigned,1,VEHICLE_CAR,preprocessed/masks/right_rear_camera/masks/frame_000536_gt2d_001_track_-1_VEHICLE_CAR.png,0.9735600352287292,1813.0,37.0,10.494107246398926,10.889498710632324,0.18662548065185547,1.0,7.987896332371162,-5.631915193693494,10.494107246398926,da3_bbox_median,1920.0,1280.0,image_root
right_rear,536,1772699963810644000,data\camera\right_rear_camera\1772699963810644000.jpg,4000000,4,truck,0.74231,0.0,0.0,1708.0,1175.0,-0.0027950815856456757,0.0008808723650872707,1708.0750732421875,1174.819091796875,matched,0,VEHICLE_TRUCK,preprocessed/masks/right_rear_camera/masks/frame_000536_gt2d_000_track_55_VEHICLE_TRUCK.png,0.9732693433761597,854.0,587.5,1.2272648811340332,1.5932613611221313,1.1131064891815186,1.406936764717102,-0.11438975810110917,-0.05684312871173723,1.2272648811340332,da3_bbox_median,1920.0,1280.0,image_root
right_rear,537,1772699963910651000,data\camera\right_rear_camera\1772699963910651000.jpg,-1,1,car,0.372912,1707.0,0.0,1919.0,73.0,1707.0,0.0,1919.0,73.0,unassigned,1,VEHICLE_CAR,preprocessed/masks/right_rear_camera/masks/frame_000537_gt2d_001_track_-1_VEHICLE_CAR.png,0.9749104976654053,1813.0,36.5,10.512824058532715,10.901410102844238,0.13255977630615234,1.0,8.002143180767767,-5.646642163392515,10.512824058532715,da3_bbox_median,1920.0,1280.0,image_root
right_rear,537,1772699963910651000,data\camera\right_rear_camera\1772699963910651000.jpg,4000000,4,truck,0.748123,0.0,0.0,1708.0,1173.0,0.0027495312970131636,9.585346560925245e-05,1708.02392578125,1173.671875,matched,0,VEHICLE_TRUCK,preprocessed/masks/right_rear_camera/masks/frame_000537_gt2d_000_track_55_VEHICLE_TRUCK.png,0.972453236579895,854.0,586.5,1.226517915725708,1.5877714157104492,1.109941005706787,1.4155349731445312,-0.11432013564740605,-0.05790105078296983,1.226517915725708,da3_bbox_median,1920.0,1280.0,image_root
right_rear,538,1772699964010645000,data\camera\right_rear_camera\1772699964010645000.jpg,-1,1,car,0.366619,1707.0,0.0,1919.0,73.0,1707.0,0.0,1919.0,73.0,unassigned,1,VEHICLE_CAR,preprocessed/masks/right_rear_camera/masks/frame_000538_gt2d_001_track_-1_VEHICLE_CAR.png,0.9746872186660767,1813.0,36.5,10.163166999816895,10.602363586425781,0.1552715301513672,1.0,7.735991494747767,-5.4588345600806285,10.163166999816895,da3_bbox_median,1920.0,1280.0,image_root
right_rear,538,1772699964010645000,data\camera\right_rear_camera\1772699964010645000.jpg,4000000,4,truck,0.745549,0.0,0.0,1708.0,1174.0,-0.0023753365967422724,0.002286650473251939,1707.998046875,1173.89697265625,matched,0,VEHICLE_TRUCK,preprocessed/masks/right_rear_camera/masks/frame_000538_gt2d_000_track_55_VEHICLE_TRUCK.png,0.973462700843811,854.0,587.0,1.2033419609069824,1.555691123008728,1.0793811082839966,1.4837987422943115,-0.11215997290973645,-0.056271030369680085,1.2033419609069824,da3_bbox_median,1920.0,1280.0,image_root
right_rear,539,1772699964110561000,data\camera\right_rear_camera\1772699964110561000.jpg,-1,1,car,0.38124,1708.0,0.0,1919.0,72.0,1708.0,0.0,1919.0,72.0,unassigned,1,VEHICLE_CAR,preprocessed/masks/right_rear_camera/masks/frame_000539_gt2d_001_track_-1_VEHICLE_CAR.png,0.9749785661697388,1813.5,36.0,9.768781661987305,10.108441352844238,0.13188743591308594,1.0,7.440145143203755,-5.2513532932313485,9.768781661987305,da3_bbox_median,1920.0,1280.0,image_root
right_rear,539,1772699964110561000,data\camera\right_rear_camera\1772699964110561000.jpg,4000000,4,truck,0.770877,0.0,0.0,1708.0,1176.0,0.0005152231897227466,0.0007810980314388871,1707.993896484375,1175.30029296875,matched,0,VEHICLE_TRUCK,preprocessed/masks/right_rear_camera/masks/frame_000539_gt2d_000_track_55_VEHICLE_TRUCK.png,0.9782055020332336,854.0,588.0,1.1487808227539062,1.4716203212738037,1.003243327140808,1.5861252546310425,-0.10707448933484227,-0.05269635139956701,1.1487808227539062,da3_bbox_median,1920.0,1280.0,image_root
right_rear,540,1772699964210538000,data\camera\right_rear_camera\1772699964210538000.jpg,-1,1,car,0.393929,1707.0,0.0,1919.0,73.0,1707.0,0.0,1919.0,73.0,unassigned,1,VEHICLE_CAR,preprocessed/masks/right_rear_camera/masks/frame_000540_gt2d_001_track_-1_VEHICLE_CAR.png,0.9754138588905334,1813.0,36.5,9.793436050415039,10.130154609680176,0.14764690399169922,1.0,7.454559980341942,-5.260244879859627,9.793436050415039,da3_bbox_median,1920.0,1280.0,image_root
right_rear,540,1772699964210538000,data\camera\right_rear_camera\1772699964210538000.jpg,4000000,4,truck,0.744673,0.0,0.0,1708.0,1160.0,0.01104036346077919,-0.003944841213524342,1708.00244140625,1165.2552490234375,matched,0,VEHICLE_TRUCK,preprocessed/masks/right_rear_camera/masks/frame_000540_gt2d_000_track_55_VEHICLE_TRUCK.png,0.9633263945579529,854.0,580.0,1.0911059379577637,1.4351818561553955,0.9996213912963867,1.6544262170791626,-0.10169878257279115,-0.05782592466206817,1.0911059379577637,da3_bbox_median,1920.0,1280.0,image_root
right_rear,541,1772699964310546000,data\camera\right_rear_camera\1772699964310546000.jpg,-1,1,car,0.397498,1707.0,0.0,1919.0,73.0,1707.0,0.0,1919.0,73.0,unassigned,1,VEHICLE_CAR,preprocessed/masks/right_rear_camera/masks/frame_000541_gt2d_001_track_-1_VEHICLE_CAR.png,0.9742221832275391,1813.0,36.5,10.454122543334961,10.803934097290039,0.1640796661376953,1.0,7.957460807418317,-5.615112438465593,10.454122543334961,da3_bbox_median,1920.0,1280.0,image_root
right_rear,541,1772699964310546000,data\camera\right_rear_camera\1772699964310546000.jpg,4000000,4,truck,0.743934,0.0,0.0,1708.0,1173.0,-0.00015745210112072527,-0.003647635458037257,1707.9912109375,1170.0723876953125,matched,0,VEHICLE_TRUCK,preprocessed/masks/right_rear_camera/masks/frame_000541_gt2d_000_track_55_VEHICLE_TRUCK.png,0.9754102230072021,854.0,586.5,1.1856967210769653,1.5440709590911865,1.060176134109497,1.6670846939086914,-0.11051531188600813,-0.055973977371261974,1.1856967210769653,da3_bbox_median,1920.0,1280.0,image_root
right_rear,542,1772699964410553000,data\camera\right_rear_camera\1772699964410553000.jpg,-1,1,car,0.394573,1707.0,0.0,1919.0,73.0,1707.0,0.0,1919.0,73.0,unassigned,1,VEHICLE_CAR,preprocessed/masks/right_rear_camera/masks/frame_000542_gt2d_001_track_-1_VEHICLE_CAR.png,0.9746646881103516,1813.0,36.5,10.754582405090332,11.099853515625,0.1353282928466797,1.0,8.186164609598732,-5.776495270932757,10.754582405090332,da3_bbox_median,1920.0,1280.0,image_root
right_rear,542,1772699964410553000,data\camera\right_rear_camera\1772699964410553000.jpg,4000000,4,truck,0.741785,0.0,0.0,1709.0,1175.0,-0.009264219552278519,0.004092710092663765,1708.6435546875,1173.231689453125,matched,0,VEHICLE_TRUCK,preprocessed/masks/right_rear_camera/masks/frame_000542_gt2d_000_track_55_VEHICLE_TRUCK.png,0.9783370494842529,854.5,587.5,1.2383657693862915,1.6240357160568237,1.1136431694030762,1.6250309944152832,-0.11487280077599311,-0.05735728765935957,1.2383657693862915,da3_bbox_median,1920.0,1280.0,image_root
right_rear,543,1772699964510561000,data\camera\right_rear_camera\1772699964510561000.jpg,-1,1,car,0.401989,1707.0,0.0,1919.0,73.0,1707.0,0.0,1919.0,73.0,unassigned,1,VEHICLE_CAR,preprocessed/masks/right_rear_camera/masks/frame_000543_gt2d_001_track_-1_VEHICLE_CAR.png,0.9744644165039062,1813.0,36.5,10.604047775268555,11.04730224609375,0.16768741607666016,1.0,8.071580778004973,-5.69564019497318,10.604047775268555,da3_bbox_median,1920.0,1280.0,image_root
right_rear,543,1772699964510561000,data\camera\right_rear_camera\1772699964510561000.jpg,4000000,4,truck,0.739928,0.0,0.0,1709.0,1177.0,0.0009443669114261866,-0.0025966069661080837,1708.9034423828125,1175.7445068359375,matched,0,VEHICLE_TRUCK,preprocessed/masks/right_rear_camera/masks/frame_000543_gt2d_000_track_55_VEHICLE_TRUCK.png,0.983209490776062,854.5,588.5,1.2403392791748047,1.609727382659912,1.0921201705932617,1.578512191772461,-0.11505586671851968,-0.0563438639842796,1.2403392791748047,da3_bbox_median,1920.0,1280.0,image_root
right_rear,544,1772699964610537000,data\camera\right_rear_camera\1772699964610537000.jpg,-1,1,car,0.389704,1707.0,0.0,1919.0,75.0,1707.0,0.0,1919.0,75.0,unassigned,1,VEHICLE_CAR,preprocessed/masks/right_rear_camera/masks/frame_000544_gt2d_001_track_-1_VEHICLE_CAR.png,0.9721417427062988,1813.0,37.5,11.106996536254883,11.510577201843262,0.20494651794433594,1.0,8.454414921865274,-5.955890209007792,11.106996536254883,da3_bbox_median,1920.0,1280.0,image_root
right_rear,544,1772699964610537000,data\camera\right_rear_camera\1772699964610537000.jpg,4000000,4,truck,0.740354,0.0,0.0,1708.0,1176.0,-0.0026236993726342916,0.004503731615841389,1708.330810546875,1176.03857421875,matched,0,VEHICLE_TRUCK,preprocessed/masks/right_rear_camera/masks/frame_000544_gt2d_000_track_55_VEHICLE_TRUCK.png,0.9777679443359375,854.0,588.0,1.299088716506958,1.6707874536514282,1.1422803401947021,1.5645815134048462,-0.12108424702562805,-0.059591206737029744,1.299088716506958,da3_bbox_median,1920.0,1280.0,image_root
right_rear,545,1772699964710545000,data\camera\right_rear_camera\1772699964710545000.jpg,-1,1,car,0.396751,1706.0,0.0,1919.0,75.0,1706.0,0.0,1919.0,75.0,unassigned,1,VEHICLE_CAR,preprocessed/masks/right_rear_camera/masks/frame_000545_gt2d_001_track_-1_VEHICLE_CAR.png,0.9723029136657715,1812.5,37.5,11.109874725341797,11.49787425994873,0.18762588500976562,1.0,8.45165676952731,-5.957433576573134,11.109874725341797,da3_bbox_median,1920.0,1280.0,image_root
right_rear,545,1772699964710545000,data\camera\right_rear_camera\1772699964710545000.jpg,4000000,4,truck,0.738864,0.0,0.0,1708.0,1174.0,-0.0004761110758408904,0.0013426360674202442,1708.11572265625,1174.8094482421875,matched,0,VEHICLE_TRUCK,preprocessed/masks/right_rear_camera/masks/frame_000545_gt2d_000_track_55_VEHICLE_TRUCK.png,0.9718302488327026,854.0,587.0,1.2898101806640625,1.663831353187561,1.1474103927612305,1.528653621673584,-0.12021942192803335,-0.06031448267005153,1.2898101806640625,da3_bbox_median,1920.0,1280.0,image_root
right_rear,546,1772699964810552000,data\camera\right_rear_camera\1772699964810552000.jpg,-1,1,car,0.390427,1707.0,0.0,1919.0,75.0,1707.0,0.0,1919.0,75.0,unassigned,1,VEHICLE_CAR,preprocessed/masks/right_rear_camera/masks/frame_000546_gt2d_001_track_-1_VEHICLE_CAR.png,0.9721099138259888,1813.0,37.5,10.722274780273438,11.20380687713623,0.19109725952148438,1.0,8.161572717051508,-5.749591365556924,10.722274780273438,da3_bbox_median,1920.0,1280.0,image_root
right_rear,546,1772699964810552000,data\camera\right_rear_camera\1772699964810552000.jpg,4000000,4,truck,0.74154,0.0,0.0,1708.0,1174.0,-0.003580767195671797,0.0019040380138903856,1708.0303955078125,1174.3348388671875,matched,0,VEHICLE_TRUCK,preprocessed/masks/right_rear_camera/masks/frame_000546_gt2d_000_track_55_VEHICLE_TRUCK.png,0.9753892421722412,854.0,587.0,1.2295160293579102,1.5901222229003906,1.0935288667678833,1.4994043111801147,-0.11459958102095112,-0.057494989849652116,1.2295160293579102,da3_bbox_median,1920.0,1280.0,image_root
right_rear,547,1772699964910560000,data\camera\right_rear_camera\1772699964910560000.jpg,-1,1,car,0.392147,1707.0,0.0,1919.0,75.0,1707.0,0.0,1919.0,75.0,unassigned,1,VEHICLE_CAR,preprocessed/masks/right_rear_camera/masks/frame_000547_gt2d_001_track_-1_VEHICLE_CAR.png,0.9720519185066223,1813.0,37.5,10.745575904846191,11.296028137207031,0.17915725708007812,1.0,8.179309048798897,-5.762086097075813,10.745575904846191,da3_bbox_median,1920.0,1280.0,image_root
right_rear,547,1772699964910560000,data\camera\right_rear_camera\1772699964910560000.jpg,4000000,4,truck,0.733545,0.0,0.0,1708.0,1174.0,0.006154627073556185,-0.003515813034027815,1708.009765625,1174.14404296875,matched,0,VEHICLE_TRUCK,preprocessed/masks/right_rear_camera/masks/frame_000547_gt2d_000_track_55_VEHICLE_TRUCK.png,0.9752762317657471,854.0,587.0,1.2242056131362915,1.5874916315078735,1.088379144668579,1.4584311246871948,-0.11410461270861268,-0.057246662605867554,1.2242056131362915,da3_bbox_median,1920.0,1280.0,image_root
right_rear,548,1772699965010523000,data\camera\right_rear_camera\1772699965010523000.jpg,-1,1,car,0.386722,1706.0,0.0,1919.0,75.0,1706.0,0.0,1919.0,75.0,unassigned,1,VEHICLE_CAR,preprocessed/masks/right_rear_camera/masks/frame_000548_gt2d_001_track_-1_VEHICLE_CAR.png,0.9731371402740479,1812.5,37.5,10.820804595947266,11.385527610778809,0.15119361877441406,1.0,8.23175136317807,-5.802425879599634,10.820804595947266,da3_bbox_median,1920.0,1280.0,image_root
right_rear,548,1772699965010523000,data\camera\right_rear_camera\1772699965010523000.jpg,4000000,4,truck,0.727682,0.0,0.0,1709.0,1174.0,0.010138921439647675,-0.003712012665346265,1708.6640625,1174.0703125,matched,0,VEHICLE_TRUCK,preprocessed/masks/right_rear_camera/masks/frame_000548_gt2d_000_track_55_VEHICLE_TRUCK.png,0.9779962301254272,854.5,587.0,1.2336130142211914,1.614838719367981,1.1107757091522217,1.4339158535003662,-0.11443192756170184,-0.05768657425969966,1.2336130142211914,da3_bbox_median,1920.0,1280.0,image_root
right_rear,549,1772699965110653000,data\camera\right_rear_camera\1772699965110653000.jpg,-1,1,car,0.378338,1706.0,0.0,1919.0,76.0,1706.0,0.0,1919.0,76.0,unassigned,1,VEHICLE_CAR,preprocessed/masks/right_rear_camera/masks/frame_000549_gt2d_001_track_-1_VEHICLE_CAR.png,0.9713740348815918,1812.5,38.0,10.892654418945312,11.499504089355469,0.1335897445678711,1.0,8.28640994916065,-5.836102507361099,10.892654418945312,da3_bbox_median,1920.0,1280.0,image_root
right_rear,549,1772699965110653000,data\camera\right_rear_camera\1772699965110653000.jpg,4000000,4,truck,0.724085,0.0,0.0,1708.0,1175.0,-0.0026503056287765503,0.00045936403330415487,1708.236328125,1174.7049560546875,matched,0,VEHICLE_TRUCK,preprocessed/masks/right_rear_camera/masks/frame_000549_gt2d_000_track_55_VEHICLE_TRUCK.png,0.9763349294662476,854.0,587.5,1.2370275259017944,1.60414719581604,1.1118898391723633,1.4340397119522095,-0.11529970557094907,-0.057295304343609,1.2370275259017944,da3_bbox_median,1920.0,1280.0,image_root
right_rear,550,1772699965210660000,data\camera\right_rear_camera\1772699965210660000.jpg,-1,1,car,0.388349,1707.0,0.0,1919.0,74.0,1707.0,0.0,1919.0,74.0,unassigned,1,VEHICLE_CAR,preprocessed/masks/right_rear_camera/masks/frame_000550_gt2d_001_track_-1_VEHICLE_CAR.png,0.9735093116760254,1813.0,37.0,10.706944465637207,11.264646530151367,0.1440258026123047,1.0,8.149903600166995,-5.746139409309633,10.706944465637207,da3_bbox_median,1920.0,1280.0,image_root
right_rear,550,1772699965210660000,data\camera\right_rear_camera\1772699965210660000.jpg,4000000,4,truck,0.727009,0.0,0.0,1708.0,1173.0,-0.006707465276122093,0.0040031238459050655,1708.073974609375,1173.6224365234375,matched,0,VEHICLE_TRUCK,preprocessed/masks/right_rear_camera/masks/frame_000550_gt2d_000_track_55_VEHICLE_TRUCK.png,0.9735546112060547,854.0,586.5,1.2473400831222534,1.614367961883545,1.1123356819152832,1.4433512687683105,-0.11626090876675967,-0.058884016752223954,1.2473400831222534,da3_bbox_median,1920.0,1280.0,image_root
right_rear,551,1772699965310637000,data\camera\right_rear_camera\1772699965310637000.jpg,-1,1,car,0.384649,1707.0,0.0,1919.0,74.0,1707.0,0.0,1919.0,74.0,unassigned,1,VEHICLE_CAR,preprocessed/masks/right_rear_camera/masks/frame_000551_gt2d_001_track_-1_VEHICLE_CAR.png,0.9734420776367188,1813.0,37.0,10.392044067382812,10.837352752685547,0.1419811248779297,1.0,7.910207961727464,-5.577140532531655,10.392044067382812,da3_bbox_median,1920.0,1280.0,image_root
right_rear,551,1772699965310637000,data\camera\right_rear_camera\1772699965310637000.jpg,4000000,4,truck,0.732277,0.0,0.0,1708.0,1174.0,0.0025790808722376823,-0.0044711316004395485,1708.0238037109375,1173.861328125,matched,0,VEHICLE_TRUCK,preprocessed/masks/right_rear_camera/masks/frame_000551_gt2d_000_track_55_VEHICLE_TRUCK.png,0.9762892127037048,854.0,587.0,1.2035300731658936,1.5592010021209717,1.0794175863265991,1.4630695581436157,-0.11217750630136485,-0.05627982693040678,1.2035300731658936,da3_bbox_median,1920.0,1280.0,image_root
right_rear,552,1772699965410645000,data\camera\right_rear_camera\1772699965410645000.jpg,-1,1,car,0.384469,1707.0,0.0,1919.0,74.0,1707.0,0.0,1919.0,74.0,unassigned,1,VEHICLE_CAR,preprocessed/masks/right_rear_camera/masks/frame_000552_gt2d_001_track_-1_VEHICLE_CAR.png,0.9739723801612854,1813.0,37.0,10.067771911621094,10.506760597229004,0.14115047454833984,1.0,7.663378736250664,-5.403112076556721,10.067771911621094,da3_bbox_median,1920.0,1280.0,image_root
right_rear,552,1772699965410645000,data\camera\right_rear_camera\1772699965410645000.jpg,4000000,4,truck,0.730431,0.0,0.0,1709.0,1163.0,-0.00010279456910211593,0.0008202831377275288,1708.66015625,1166.69140625,matched,0,VEHICLE_TRUCK,preprocessed/masks/right_rear_camera/masks/frame_000552_gt2d_000_track_55_VEHICLE_TRUCK.png,0.9657046794891357,854.5,581.5,1.1645545959472656,1.5271824598312378,1.065722942352295,1.4487528800964355,-0.10802595759677194,-0.060162534258265246,1.1645545959472656,da3_bbox_median,1920.0,1280.0,image_root
right_rear,553,1772699965510652000,data\camera\right_rear_camera\1772699965510652000.jpg,-1,1,car,0.386929,1707.0,0.0,1919.0,74.0,1707.0,0.0,1919.0,74.0,unassigned,1,VEHICLE_CAR,preprocessed/masks/right_rear_camera/masks/frame_000553_gt2d_001_track_-1_VEHICLE_CAR.png,0.9739163517951965,1813.0,37.0,10.248403549194336,10.842304229736328,0.13460922241210938,1.0,7.800871784625658,-5.50005239174738,10.248403549194336,da3_bbox_median,1920.0,1280.0,image_root
right_rear,553,1772699965510652000,data\camera\right_rear_camera\1772699965510652000.jpg,4000000,4,truck,0.739149,0.0,0.0,1709.0,1171.0,-0.002486003562808037,0.004688680171966553,1708.8992919921875,1169.2874755859375,matched,0,VEHICLE_TRUCK,preprocessed/masks/right_rear_camera/masks/frame_000553_gt2d_000_track_55_VEHICLE_TRUCK.png,0.9710050821304321,854.5,585.5,1.1702592372894287,1.534067153930664,1.0526556968688965,1.4251329898834229,-0.10855512930403058,-0.05628761662374503,1.1702592372894287,da3_bbox_median,1920.0,1280.0,image_root
right_rear,554,1772699965610660000,data\camera\right_rear_camera\1772699965610660000.jpg,-1,1,car,0.379829,1706.0,0.0,1919.0,74.0,1706.0,0.0,1919.0,74.0,unassigned,1,VEHICLE_CAR,preprocessed/masks/right_rear_camera/masks/frame_000554_gt2d_001_track_-1_VEHICLE_CAR.png,0.973984956741333,1812.5,37.0,10.15827751159668,10.710421562194824,0.15382957458496094,1.0,7.7277446434016195,-5.451684084794178,10.15827751159668,da3_bbox_median,1920.0,1280.0,image_root
right_rear,554,1772699965610660000,data\camera\right_rear_camera\1772699965610660000.jpg,4000000,4,truck,0.740755,0.0,0.0,1709.0,1174.0,0.0033959033899009228,0.00019328393682371825,1708.9942626953125,1172.263427734375,matched,0,VEHICLE_TRUCK,preprocessed/masks/right_rear_camera/masks/frame_000554_gt2d_000_track_55_VEHICLE_TRUCK.png,0.976467490196228,854.5,587.0,1.1693603992462158,1.5276408195495605,1.0499128103256226,1.4174025058746338,-0.1084717516412912,-0.05468197459805145,1.1693603992462158,da3_bbox_median,1920.0,1280.0,image_root
right_rear,555,1772699965710637000,data\camera\right_rear_camera\1772699965710637000.jpg,-1,1,car,0.389072,1706.0,0.0,1919.0,76.0,1706.0,0.0,1919.0,76.0,unassigned,1,VEHICLE_CAR,preprocessed/masks/right_rear_camera/masks/frame_000555_gt2d_001_track_-1_VEHICLE_CAR.png,0.9717109203338623,1812.5,38.0,10.263618469238281,10.753486633300781,0.1589794158935547,1.0,7.807881066157974,-5.499075540185826,10.263618469238281,da3_bbox_median,1920.0,1280.0,image_root
right_rear,555,1772699965710637000,data\camera\right_rear_camera\1772699965710637000.jpg,4000000,4,truck,0.749658,0.0,0.0,1709.0,1173.0,0.010589837096631527,-0.007188711781054735,1709.0323486328125,1172.732666015625,matched,0,VEHICLE_TRUCK,preprocessed/masks/right_rear_camera/masks/frame_000555_gt2d_000_track_55_VEHICLE_TRUCK.png,0.9737110733985901,854.5,586.5,1.171994686126709,1.5287644863128662,1.045893669128418,1.4306225776672363,-0.10871611232978122,-0.055327136251933196,1.171994686126709,da3_bbox_median,1920.0,1280.0,image_root
right_rear,556,1772699965810644000,data\camera\right_rear_camera\1772699965810644000.jpg,-1,1,car,0.390766,1706.0,0.0,1919.0,75.0,1706.0,0.0,1919.0,75.0,unassigned,1,VEHICLE_CAR,preprocessed/masks/right_rear_camera/masks/frame_000556_gt2d_001_track_-1_VEHICLE_CAR.png,0.9730186462402344,1812.5,37.5,10.162372589111328,10.608455657958984,0.15249156951904297,1.0,7.730859907115572,-5.449355746732392,10.162372589111328,da3_bbox_median,1920.0,1280.0,image_root
right_rear,556,1772699965810644000,data\camera\right_rear_camera\1772699965810644000.jpg,4000000,4,truck,0.744887,0.0,0.0,1709.0,1174.0,-0.0013008513487875462,0.004485566169023514,1709.029296875,1173.5858154296875,matched,0,VEHICLE_TRUCK,preprocessed/masks/right_rear_camera/masks/frame_000556_gt2d_000_track_55_VEHICLE_TRUCK.png,0.9773565530776978,854.5,587.0,1.1674010753631592,1.5245147943496704,1.0398659706115723,1.4553264379501343,-0.10829000160617391,-0.05459035211889813,1.1674010753631592,da3_bbox_median,1920.0,1280.0,image_root
right_rear,557,1772699965910651000,data\camera\right_rear_camera\1772699965910651000.jpg,-1,1,car,0.402111,1706.0,0.0,1919.0,74.0,1706.0,0.0,1919.0,74.0,unassigned,1,VEHICLE_CAR,preprocessed/masks/right_rear_camera/masks/frame_000557_gt2d_001_track_-1_VEHICLE_CAR.png,0.9736051559448242,1812.5,37.0,10.11215591430664,10.515595436096191,0.14241504669189453,1.0,7.692658387292122,-5.426931819695657,10.11215591430664,da3_bbox_median,1920.0,1280.0,image_root
right_rear,557,1772699965910651000,data\camera\right_rear_camera\1772699965910651000.jpg,4000000,4,truck,0.741983,0.0,0.0,1709.0,1174.0,-0.008344792760908604,0.003273820271715522,1709.0230712890625,1173.900634765625,matched,0,VEHICLE_TRUCK,preprocessed/masks/right_rear_camera/masks/frame_000557_gt2d_000_track_55_VEHICLE_TRUCK.png,0.9782053828239441,854.5,587.0,1.1708323955535889,1.527798056602478,1.0461786985397339,1.470076560974121,-0.10860829638658376,-0.05475080852191281,1.1708323955535889,da3_bbox_median,1920.0,1280.0,image_root
right_rear,558,1772699966010645000,data\camera\right_rear_camera\1772699966010645000.jpg,-1,1,car,0.398055,1707.0,0.0,1919.0,75.0,1707.0,0.0,1919.0,75.0,unassigned,1,VEHICLE_CAR,preprocessed/masks/right_rear_camera/masks/frame_000558_gt2d_001_track_-1_VEHICLE_CAR.png,0.97185218334198,1813.0,37.5,10.385871887207031,10.956842422485352,0.1501007080078125,1.0,7.90550982645676,-5.569202482697717,10.385871887207031,da3_bbox_median,1920.0,1280.0,image_root
right_rear,558,1772699966010645000,data\camera\right_rear_camera\1772699966010645000.jpg,4000000,4,truck,0.742986,0.0,0.0,1709.0,1173.0,0.007080020383000374,-0.0035704532638192177,1709.0364990234375,1173.347900390625,matched,0,VEHICLE_TRUCK,preprocessed/masks/right_rear_camera/masks/frame_000558_gt2d_000_track_55_VEHICLE_TRUCK.png,0.9721341133117676,854.5,586.5,1.2071237564086914,1.5728156566619873,1.067334532737732,1.4803886413574219,-0.11197474139698152,-0.056985497745293115,1.2071237564086914,da3_bbox_median,1920.0,1280.0,image_root
right_rear,559,1772699966110561000,data\camera\right_rear_camera\1772699966110561000.jpg,-1,1,car,0.37217,1705.0,0.0,1919.0,74.0,1705.0,0.0,1919.0,74.0,unassigned,1,VEHICLE_CAR,preprocessed/masks/right_rear_camera/masks/frame_000559_gt2d_001_track_-1_VEHICLE_CAR.png,0.9745636582374573,1812.0,37.0,10.205777168273926,10.795022964477539,0.20491504669189453,1.0,7.759333002228029,-5.477175918625742,10.205777168273926,da3_bbox_median,1920.0,1280.0,image_root
right_rear,559,1772699966110561000,data\camera\right_rear_camera\1772699966110561000.jpg,4000000,4,truck,0.772789,0.0,0.0,1705.0,1176.0,0.014995607547461987,-0.005994698964059353,1706.3983154296875,1175.1170654296875,matched,0,VEHICLE_TRUCK,preprocessed/masks/right_rear_camera/masks/frame_000559_gt2d_000_track_55_VEHICLE_TRUCK.png,0.9764915704727173,852.5,588.0,1.184171199798584,1.530990719795227,1.0997436046600342,1.4822101593017578,-0.1119556141229081,-0.05431976267869925,1.184171199798584,da3_bbox_median,1920.0,1280.0,image_root
right_rear,560,1772699966210538000,data\camera\right_rear_camera\1772699966210538000.jpg,-1,1,car,0.368887,1705.0,0.0,1919.0,75.0,1705.0,0.0,1919.0,75.0,unassigned,1,VEHICLE_CAR,preprocessed/masks/right_rear_camera/masks/frame_000560_gt2d_001_track_-1_VEHICLE_CAR.png,0.9739322662353516,1812.0,37.5,9.725351333618164,10.360625267028809,0.1952667236328125,1.0,7.394070859766626,-5.215012411139917,9.725351333618164,da3_bbox_median,1920.0,1280.0,image_root
right_rear,560,1772699966210538000,data\camera\right_rear_camera\1772699966210538000.jpg,4000000,4,truck,0.73924,0.0,0.0,1709.0,1177.0,0.0014453788753598928,-0.0037994191516190767,1708.031005859375,1176.4439697265625,matched,0,VEHICLE_TRUCK,preprocessed/masks/right_rear_camera/masks/frame_000560_gt2d_000_track_55_VEHICLE_TRUCK.png,0.9774987697601318,854.5,588.5,1.1676737070083618,1.5081048011779785,1.0174756050109863,1.4754860401153564,-0.10831529135613213,-0.0530429452895094,1.1676737070083618,da3_bbox_median,1920.0,1280.0,image_root
right_rear,561,1772699966310546000,data\camera\right_rear_camera\1772699966310546000.jpg,-1,1,car,0.369957,1706.0,0.0,1919.0,75.0,1706.0,0.0,1919.0,75.0,unassigned,1,VEHICLE_CAR,preprocessed/masks/right_rear_camera/masks/frame_000561_gt2d_001_track_-1_VEHICLE_CAR.png,0.9746516942977905,1812.5,37.5,10.22275161743164,10.808445930480957,0.15033721923828125,1.0,7.7767922723362926,-5.481732714027604,10.22275161743164,da3_bbox_median,1920.0,1280.0,image_root
right_rear,561,1772699966310546000,data\camera\right_rear_camera\1772699966310546000.jpg,4000000,4,truck,0.745175,0.0,0.0,1709.0,1176.0,-0.009302882477641106,0.014041931368410587,1708.648193359375,1176.29150390625,matched,0,VEHICLE_TRUCK,preprocessed/masks/right_rear_camera/masks/frame_000561_gt2d_000_track_55_VEHICLE_TRUCK.png,0.9708786606788635,854.5,588.0,1.2257883548736572,1.58126699924469,1.073148250579834,1.483590841293335,-0.11370609957405102,-0.056228805887506485,1.2257883548736572,da3_bbox_median,1920.0,1280.0,image_root
right_rear,562,1772699966410553000,data\camera\right_rear_camera\1772699966410553000.jpg,-1,1,car,0.381226,1706.0,0.0,1919.0,72.0,1706.0,0.0,1919.0,72.0,unassigned,1,VEHICLE_CAR,preprocessed/masks/right_rear_camera/masks/frame_000562_gt2d_001_track_-1_VEHICLE_CAR.png,0.9770093560218811,1812.5,36.0,10.841444969177246,11.395109176635742,0.16770553588867188,1.0,8.24745319190678,-5.827979344017133,10.841444969177246,da3_bbox_median,1920.0,1280.0,image_root
right_rear,562,1772699966410553000,data\camera\right_rear_camera\1772699966410553000.jpg,4000000,4,truck,0.748175,0.0,0.0,1709.0,1174.0,0.006161033175885677,0.0033062705770134926,1708.9017333984375,1174.8814697265625,matched,0,VEHICLE_TRUCK,preprocessed/masks/right_rear_camera/masks/frame_000562_gt2d_000_track_55_VEHICLE_TRUCK.png,0.973589301109314,854.5,587.0,1.3093215227127075,1.6937384605407715,1.1450984477996826,1.4893419742584229,-0.12145477059240309,-0.061226877780203755,1.3093215227127075,da3_bbox_median,1920.0,1280.0,image_root
right_rear,563,1772699966510561000,data\camera\right_rear_camera\1772699966510561000.jpg,-1,1,car,0.365724,1706.0,0.0,1919.0,72.0,1706.0,0.0,1919.0,72.0,unassigned,1,VEHICLE_CAR,preprocessed/masks/right_rear_camera/masks/frame_000563_gt2d_001_track_-1_VEHICLE_CAR.png,0.9768056869506836,1812.5,36.0,10.891429901123047,11.503098487854004,0.1741657257080078,1.0,8.285478417113907,-5.8548494846414165,10.891429901123047,da3_bbox_median,1920.0,1280.0,image_root
right_rear,563,1772699966510561000,data\camera\right_rear_camera\1772699966510561000.jpg,4000000,4,truck,0.740545,0.0,0.0,1709.0,1178.0,0.014126606285572052,-0.002907705958932638,1708.998046875,1176.97998046875,matched,0,VEHICLE_TRUCK,preprocessed/masks/right_rear_camera/masks/frame_000563_gt2d_000_track_55_VEHICLE_TRUCK.png,0.9780765771865845,854.5,589.0,1.309587001800537,1.6901328563690186,1.1406145095825195,1.4851202964782715,-0.12147939685963394,-0.05890626641881212,1.309587001800537,da3_bbox_median,1920.0,1280.0,image_root
right_rear,564,1772699966610537000,data\camera\right_rear_camera\1772699966610537000.jpg,-1,1,car,0.373724,1706.0,0.0,1919.0,73.0,1706.0,0.0,1919.0,73.0,unassigned,1,VEHICLE_CAR,preprocessed/masks/right_rear_camera/masks/frame_000564_gt2d_001_track_-1_VEHICLE_CAR.png,0.9765458106994629,1812.5,36.5,10.816676139831543,11.42656421661377,0.16224193572998047,1.0,8.228610707235429,-5.809847022918719,10.816676139831543,da3_bbox_median,1920.0,1280.0,image_root
right_rear,564,1772699966610537000,data\camera\right_rear_camera\1772699966610537000.jpg,4000000,4,truck,0.739422,0.0,0.0,1710.0,1176.0,-0.006126524414867163,0.0028911957051604986,1709.669677734375,1176.452392578125,matched,0,VEHICLE_TRUCK,preprocessed/masks/right_rear_camera/masks/frame_000564_gt2d_000_track_55_VEHICLE_TRUCK.png,0.9758919477462769,855.0,588.0,1.3003219366073608,1.677364468574524,1.1232025623321533,1.4462240934371948,-0.1200407171652316,-0.05964777644856797,1.3003219366073608,da3_bbox_median,1920.0,1280.0,image_root
right_rear,565,1772699966710545000,data\camera\right_rear_camera\1772699966710545000.jpg,-1,1,car,0.36941,1706.0,0.0,1919.0,73.0,1706.0,0.0,1919.0,73.0,unassigned,1,VEHICLE_CAR,preprocessed/masks/right_rear_camera/masks/frame_000565_gt2d_001_track_-1_VEHICLE_CAR.png,0.9770480394363403,1812.5,36.5,10.860352516174316,11.350785255432129,0.14690208435058594,1.0,8.261836801220433,-5.8333064536890005,10.860352516174316,da3_bbox_median,1920.0,1280.0,image_root
right_rear,565,1772699966710545000,data\camera\right_rear_camera\1772699966710545000.jpg,4000000,4,truck,0.742026,0.0,0.0,1709.0,1176.0,0.004046056419610977,0.0005380945513024926,1709.2774658203125,1176.2359619140625,matched,0,VEHICLE_TRUCK,preprocessed/masks/right_rear_camera/masks/frame_000565_gt2d_000_track_55_VEHICLE_TRUCK.png,0.9743939638137817,854.5,588.0,1.3007683753967285,1.6799893379211426,1.1273112297058105,1.4291634559631348,-0.12066136688896974,-0.05966825528565938,1.3007683753967285,da3_bbox_median,1920.0,1280.0,image_root
right_rear,566,1772699966810552000,data\camera\right_rear_camera\1772699966810552000.jpg,-1,1,car,0.36578,1706.0,0.0,1919.0,74.0,1706.0,0.0,1919.0,74.0,unassigned,1,VEHICLE_CAR,preprocessed/masks/right_rear_camera/masks/frame_000566_gt2d_001_track_-1_VEHICLE_CAR.png,0.9762104749679565,1812.5,37.0,10.803154945373535,11.27687931060791,0.1597146987915039,1.0,8.21832467813985,-5.797773078558201,10.803154945373535,da3_bbox_median,1920.0,1280.0,image_root
right_rear,566,1772699966810552000,data\camera\right_rear_camera\1772699966810552000.jpg,4000000,4,truck,0.74325,0.0,0.0,1709.0,1175.0,0.018154257908463478,-0.003347637364640832,1709.1351318359375,1175.4815673828125,matched,0,VEHICLE_TRUCK,preprocessed/masks/right_rear_camera/masks/frame_000566_gt2d_000_track_55_VEHICLE_TRUCK.png,0.9711335301399231,854.5,587.5,1.2812938690185547,1.6637532711029053,1.1181358098983765,1.463877558708191,-0.11885488035107115,-0.059345584994562564,1.2812938690185547,da3_bbox_median,1920.0,1280.0,image_root
right_rear,567,1772699966910560000,data\camera\right_rear_camera\1772699966910560000.jpg,-1,1,car,0.375655,1706.0,0.0,1919.0,74.0,1706.0,0.0,1919.0,74.0,unassigned,1,VEHICLE_CAR,preprocessed/masks/right_rear_camera/masks/frame_000567_gt2d_001_track_-1_VEHICLE_CAR.png,0.9761307239532471,1812.5,37.0,10.58108901977539,11.052323341369629,0.14911460876464844,1.0,8.049391631659871,-5.678596055585907,10.58108901977539,da3_bbox_median,1920.0,1280.0,image_root
right_rear,567,1772699966910560000,data\camera\right_rear_camera\1772699966910560000.jpg,4000000,4,truck,0.745284,0.0,0.0,1709.0,1175.0,0.018479781225323677,-0.003189536975696683,1709.0738525390625,1175.1917724609375,matched,0,VEHICLE_TRUCK,preprocessed/masks/right_rear_camera/masks/frame_000567_gt2d_000_track_55_VEHICLE_TRUCK.png,0.9730618000030518,854.5,587.5,1.2590501308441162,1.6295911073684692,1.1079638004302979,1.491550087928772,-0.11679151541722617,-0.05831532356402978,1.2590501308441162,da3_bbox_median,1920.0,1280.0,image_root
right_rear,568,1772699967010523000,data\camera\right_rear_camera\1772699967010523000.jpg,-1,1,car,0.37512,1705.0,0.0,1919.0,73.0,1705.0,0.0,1919.0,73.0,unassigned,1,VEHICLE_CAR,preprocessed/masks/right_rear_camera/masks/frame_000568_gt2d_001_track_-1_VEHICLE_CAR.png,0.9768176078796387,1812.0,36.5,10.531033515930176,10.958250045776367,0.15465068817138672,1.0,8.006621598769092,-5.656422816939127,10.531033515930176,da3_bbox_median,1920.0,1280.0,image_root
right_rear,568,1772699967010523000,data\camera\right_rear_camera\1772699967010523000.jpg,4000000,4,truck,0.739985,0.0,0.0,1706.0,1167.0,0.010957919992506504,-0.0013710054336115718,1707.0589599609375,1169.7940673828125,matched,0,VEHICLE_TRUCK,preprocessed/masks/right_rear_camera/masks/frame_000568_gt2d_000_track_55_VEHICLE_TRUCK.png,0.9664533138275146,853.0,583.5,1.2135118246078491,1.5861093997955322,1.1118242740631104,1.4717931747436523,-0.1141890104263006,-0.06052986569764527,1.2135118246078491,da3_bbox_median,1920.0,1280.0,image_root
right_rear,569,1772699967110653000,data\camera\right_rear_camera\1772699967110653000.jpg,-1,1,car,0.378322,1705.0,0.0,1919.0,75.0,1705.0,0.0,1919.0,75.0,unassigned,1,VEHICLE_CAR,preprocessed/masks/right_rear_camera/masks/frame_000569_gt2d_001_track_-1_VEHICLE_CAR.png,0.9755045175552368,1812.0,37.5,10.30390739440918,10.707701683044434,0.15974998474121094,1.0,7.833940265311762,-5.5252507700499685,10.30390739440918,da3_bbox_median,1920.0,1280.0,image_root
right_rear,569,1772699967110653000,data\camera\right_rear_camera\1772699967110653000.jpg,4000000,4,truck,0.736539,0.0,0.0,1709.0,1173.0,0.0015261205844581127,0.034860480576753616,1708.2755126953125,1171.765380859375,matched,0,VEHICLE_TRUCK,preprocessed/masks/right_rear_camera/masks/frame_000569_gt2d_000_track_55_VEHICLE_TRUCK.png,0.9705371856689453,854.5,586.5,1.208669900894165,1.5664042234420776,1.0660474300384521,1.4130836725234985,-0.11211816424654779,-0.0570584876211224,1.208669900894165,da3_bbox_median,1920.0,1280.0,image_root
right_rear,570,1772699967210660000,data\camera\right_rear_camera\1772699967210660000.jpg,-1,1,car,0.371082,1705.0,0.0,1919.0,74.0,1705.0,0.0,1919.0,74.0,unassigned,1,VEHICLE_CAR,preprocessed/masks/right_rear_camera/masks/frame_000570_gt2d_001_track_-1_VEHICLE_CAR.png,0.976199209690094,1812.0,37.0,9.89034652709961,10.309625625610352,0.1416311264038086,1.0,7.519514775392123,-5.3078924742245315,9.89034652709961,da3_bbox_median,1920.0,1280.0,image_root
right_rear,570,1772699967210660000,data\camera\right_rear_camera\1772699967210660000.jpg,4000000,4,truck,0.735938,0.0,0.0,1708.0,1173.0,0.021638313308358192,-0.03155311569571495,1708.1029052734375,1172.444091796875,matched,0,VEHICLE_TRUCK,preprocessed/masks/right_rear_camera/masks/frame_000570_gt2d_000_track_55_VEHICLE_TRUCK.png,0.9720830321311951,854.0,586.5,1.1220488548278809,1.4510152339935303,0.9953159689903259,1.4264898300170898,-0.1045828810507373,-0.052969310020980834,1.1220488548278809,da3_bbox_median,1920.0,1280.0,image_root
right_rear,571,1772699967310637000,data\camera\right_rear_camera\1772699967310637000.jpg,-1,1,car,0.362334,1705.0,0.0,1919.0,75.0,1705.0,0.0,1919.0,75.0,unassigned,1,VEHICLE_CAR,preprocessed/masks/right_rear_camera/masks/frame_000571_gt2d_001_track_-1_VEHICLE_CAR.png,0.9748468399047852,1812.0,37.5,9.640653610229492,10.049674034118652,0.14049625396728516,1.0,7.329676171398719,-5.169595061831377,9.640653610229492,da3_bbox_median,1920.0,1280.0,image_root
right_rear,571,1772699967310637000,data\camera\right_rear_camera\1772699967310637000.jpg,4000000,4,truck,0.756711,0.0,0.0,1706.0,1167.0,0.015438309870660305,-0.01326366700232029,1706.7037353515625,1168.788330078125,matched,0,VEHICLE_TRUCK,preprocessed/masks/right_rear_camera/masks/frame_000571_gt2d_000_track_55_VEHICLE_TRUCK.png,0.9682180881500244,853.0,583.5,1.0382716655731201,1.3846684694290161,0.9669772386550903,1.445603370666504,-0.09769926558711066,-0.05178890159980146,1.0382716655731201,da3_bbox_median,1920.0,1280.0,image_root
right_rear,572,1772699967410645000,data\camera\right_rear_camera\1772699967410645000.jpg,-1,1,car,0.380292,1705.0,0.0,1919.0,74.0,1705.0,0.0,1919.0,74.0,unassigned,1,VEHICLE_CAR,preprocessed/masks/right_rear_camera/masks/frame_000572_gt2d_001_track_-1_VEHICLE_CAR.png,0.9747810363769531,1812.0,37.0,9.569318771362305,10.092949867248535,0.17098331451416016,1.0,7.2754411278244335,-5.135605203598946,9.569318771362305,da3_bbox_median,1920.0,1280.0,image_root
right_rear,572,1772699967410645000,data\camera\right_rear_camera\1772699967410645000.jpg,4000000,4,truck,0.738406,0.0,0.0,1709.0,1173.0,0.0033058403059840202,0.04665829986333847,1708.152099609375,1171.4400634765625,matched,0,VEHICLE_TRUCK,preprocessed/masks/right_rear_camera/masks/frame_000572_gt2d_000_track_55_VEHICLE_TRUCK.png,0.9708419442176819,854.5,586.5,1.0840942859649658,1.4179387092590332,0.9803072214126587,1.438816785812378,-0.10056232981614308,-0.051177563328167884,1.0840942859649658,da3_bbox_median,1920.0,1280.0,image_root
right_rear,573,1772699967510652000,data\camera\right_rear_camera\1772699967510652000.jpg,-1,1,car,0.375617,1705.0,0.0,1919.0,75.0,1705.0,0.0,1919.0,75.0,unassigned,1,VEHICLE_CAR,preprocessed/masks/right_rear_camera/masks/frame_000573_gt2d_001_track_-1_VEHICLE_CAR.png,0.9738812446594238,1812.0,37.5,10.035971641540527,10.510692596435547,0.19274044036865234,1.0,7.630231846498405,-5.381575932127347,10.035971641540527,da3_bbox_median,1920.0,1280.0,image_root
right_rear,573,1772699967510652000,data\camera\right_rear_camera\1772699967510652000.jpg,4000000,4,truck,0.743122,0.0,0.0,1705.0,1167.0,0.0023346419911831617,-0.03364603966474533,1706.065185546875,1168.3883056640625,matched,0,VEHICLE_TRUCK,preprocessed/masks/right_rear_camera/masks/frame_000573_gt2d_000_track_55_VEHICLE_TRUCK.png,0.965246856212616,852.5,583.5,1.102540373802185,1.4672365188598633,1.0289804935455322,1.409795880317688,-0.10423795534405791,-0.054994619252304415,1.102540373802185,da3_bbox_median,1920.0,1280.0,image_root
right_rear,574,1772699967610660000,data\camera\right_rear_camera\1772699967610660000.jpg,-1,1,car,0.373879,1706.0,0.0,1919.0,74.0,1706.0,0.0,1919.0,74.0,unassigned,1,VEHICLE_CAR,preprocessed/masks/right_rear_camera/masks/frame_000574_gt2d_001_track_-1_VEHICLE_CAR.png,0.9755797386169434,1812.5,37.0,10.04826545715332,10.588021278381348,0.200775146484375,1.0,7.644054759613374,-5.3926434683452085,10.04826545715332,da3_bbox_median,1920.0,1280.0,image_root
right_rear,574,1772699967610660000,data\camera\right_rear_camera\1772699967610660000.jpg,4000000,4,truck,0.736239,0.0,0.0,1710.0,1174.0,-0.0021583139896392822,0.006535354070365429,1708.580810546875,1171.946533203125,matched,0,VEHICLE_TRUCK,preprocessed/masks/right_rear_camera/masks/frame_000574_gt2d_000_track_55_VEHICLE_TRUCK.png,0.9748745560646057,855.0,587.0,1.1602030992507935,1.5150976181030273,1.0368609428405762,1.3748749494552612,-0.10710548531908944,-0.054253758244855975,1.1602030992507935,da3_bbox_median,1920.0,1280.0,image_root
right_rear,575,1772699967710637000,data\camera\right_rear_camera\1772699967710637000.jpg,-1,1,car,0.368865,1706.0,0.0,1919.0,74.0,1706.0,0.0,1919.0,74.0,unassigned,1,VEHICLE_CAR,preprocessed/masks/right_rear_camera/masks/frame_000575_gt2d_001_track_-1_VEHICLE_CAR.png,0.9752559661865234,1812.5,37.0,10.133017539978027,10.524721145629883,0.2110300064086914,1.0,7.708528530222424,-5.438127713145683,10.133017539978027,da3_bbox_median,1920.0,1280.0,image_root
right_rear,575,1772699967710637000,data\camera\right_rear_camera\1772699967710637000.jpg,4000000,4,truck,0.72949,0.0,0.0,1709.0,1175.0,-0.002573900856077671,-0.017423806712031364,1708.8763427734375,1173.921630859375,matched,0,VEHICLE_TRUCK,preprocessed/masks/right_rear_camera/masks/frame_000575_gt2d_000_track_55_VEHICLE_TRUCK.png,0.9732490181922913,854.5,587.5,1.1612550020217896,1.5180689096450806,1.0300689935684204,1.347079873085022,-0.10771988195659116,-0.053785754454310164,1.1612550020217896,da3_bbox_median,1920.0,1280.0,image_root
right_rear,576,1772699967810644000,data\camera\right_rear_camera\1772699967810644000.jpg,-1,1,car,0.378835,1705.0,0.0,1919.0,74.0,1705.0,0.0,1919.0,74.0,unassigned,1,VEHICLE_CAR,preprocessed/masks/right_rear_camera/masks/frame_000576_gt2d_001_track_-1_VEHICLE_CAR.png,0.975448489189148,1812.0,37.0,10.174144744873047,10.68813705444336,0.2256002426147461,1.0,7.735283240726485,-5.460199617375734,10.174144744873047,da3_bbox_median,1920.0,1280.0,image_root
right_rear,576,1772699967810644000,data\camera\right_rear_camera\1772699967810644000.jpg,4000000,4,truck,0.735362,0.0,0.0,1710.0,1174.0,-0.015086074359714985,-0.0040999348275363445,1709.6339111328125,1174.0308837890625,matched,0,VEHICLE_TRUCK,preprocessed/masks/right_rear_camera/masks/frame_000576_gt2d_000_track_55_VEHICLE_TRUCK.png,0.9719683527946472,855.0,587.0,1.1484909057617188,1.5050535202026367,1.038484811782837,1.3470866680145264,-0.10602426068815327,-0.05370606921137247,1.1484909057617188,da3_bbox_median,1920.0,1280.0,image_root
right_rear,577,1772699967910651000,data\camera\right_rear_camera\1772699967910651000.jpg,-1,1,car,0.366182,1705.0,0.0,1919.0,74.0,1705.0,0.0,1919.0,74.0,unassigned,1,VEHICLE_CAR,preprocessed/masks/right_rear_camera/masks/frame_000577_gt2d_001_track_-1_VEHICLE_CAR.png,0.9748357534408569,1812.0,37.0,10.322925567626953,10.60329818725586,0.2187032699584961,1.0,7.848399559950244,-5.5400464263060964,10.322925567626953,da3_bbox_median,1920.0,1280.0,image_root
right_rear,577,1772699967910651000,data\camera\right_rear_camera\1772699967910651000.jpg,4000000,4,truck,0.737167,0.0,0.0,1710.0,1176.0,-0.016035107895731926,0.0016943718073889613,1709.919677734375,1175.3878173828125,matched,0,VEHICLE_TRUCK,preprocessed/masks/right_rear_camera/masks/frame_000577_gt2d_000_track_55_VEHICLE_TRUCK.png,0.9763659238815308,855.0,588.0,1.1250039339065552,1.4851199388504028,1.0280826091766357,1.4130369424819946,-0.10385603383128007,-0.05160566876884132,1.1250039339065552,da3_bbox_median,1920.0,1280.0,image_root
right_rear,578,1772699968010645000,data\camera\right_rear_camera\1772699968010645000.jpg,-1,1,car,0.375164,1705.0,0.0,1919.0,74.0,1705.0,0.0,1919.0,74.0,unassigned,1,VEHICLE_CAR,preprocessed/masks/right_rear_camera/masks/frame_000578_gt2d_001_track_-1_VEHICLE_CAR.png,0.9740957617759705,1812.0,37.0,10.03323745727539,10.359139442443848,0.1736927032470703,1.0,7.628153078183867,-5.384578330563014,10.03323745727539,da3_bbox_median,1920.0,1280.0,image_root
right_rear,578,1772699968010645000,data\camera\right_rear_camera\1772699968010645000.jpg,4000000,4,truck,0.739169,0.0,0.0,1710.0,1176.0,-0.019250674173235893,0.04373429715633392,1710.0184326171875,1175.9329833984375,matched,0,VEHICLE_TRUCK,preprocessed/masks/right_rear_camera/masks/frame_000578_gt2d_000_track_55_VEHICLE_TRUCK.png,0.9750516414642334,855.0,588.0,1.1083117723464966,1.4526127576828003,0.9989137649536133,1.4624558687210083,-0.10231507771241673,-0.05083997352588057,1.1083117723464966,da3_bbox_median,1920.0,1280.0,image_root
right_rear,579,1772699968110561000,data\camera\right_rear_camera\1772699968110561000.jpg,-1,1,car,0.386993,1706.0,0.0,1919.0,75.0,1706.0,0.0,1919.0,75.0,unassigned,1,VEHICLE_CAR,preprocessed/masks/right_rear_camera/masks/frame_000579_gt2d_001_track_-1_VEHICLE_CAR.png,0.9716876149177551,1812.5,37.5,9.651470184326172,10.009222030639648,0.13287734985351562,1.0,7.342199199887173,-5.175395219195894,9.651470184326172,da3_bbox_median,1920.0,1280.0,image_root
right_rear,579,1772699968110561000,data\camera\right_rear_camera\1772699968110561000.jpg,4000000,4,truck,0.759009,0.0,0.0,1710.0,1175.0,-0.00012256635818630457,-0.03520074114203453,1710.0694580078125,1175.3724365234375,matched,0,VEHICLE_TRUCK,preprocessed/masks/right_rear_camera/masks/frame_000579_gt2d_000_track_55_VEHICLE_TRUCK.png,0.9757480621337891,855.0,587.5,1.0595941543579102,1.39288330078125,0.9581607580184937,1.4422425031661987,-0.09781765469947439,-0.04907713715617443,1.0595941543579102,da3_bbox_median,1920.0,1280.0,image_root
right_rear,580,1772699968210538000,data\camera\right_rear_camera\1772699968210538000.jpg,-1,1,car,0.395288,1705.0,0.0,1919.0,75.0,1705.0,0.0,1919.0,75.0,unassigned,1,VEHICLE_CAR,preprocessed/masks/right_rear_camera/masks/frame_000580_gt2d_001_track_-1_VEHICLE_CAR.png,0.9719933867454529,1812.0,37.5,9.595216751098633,9.950090408325195,0.11021804809570312,1.0,7.295131058884638,-5.145230514355179,9.595216751098633,da3_bbox_median,1920.0,1280.0,image_root
right_rear,580,1772699968210538000,data\camera\right_rear_camera\1772699968210538000.jpg,4000000,4,truck,0.749668,0.0,0.0,1711.0,1173.0,-0.006551452912390232,-0.007206307258456945,1710.7294921875,1173.8858642578125,matched,0,VEHICLE_TRUCK,preprocessed/masks/right_rear_camera/masks/frame_000580_gt2d_000_track_55_VEHICLE_TRUCK.png,0.9765965342521667,855.5,586.5,1.0917117595672607,1.4231568574905396,0.976007342338562,1.385238766670227,-0.10029631790797541,-0.051537166494358445,1.0917117595672607,da3_bbox_median,1920.0,1280.0,image_root
right_rear,581,1772699968310546000,data\camera\right_rear_camera\1772699968310546000.jpg,-1,1,car,0.382696,1706.0,0.0,1919.0,74.0,1706.0,0.0,1919.0,74.0,unassigned,1,VEHICLE_CAR,preprocessed/masks/right_rear_camera/masks/frame_000581_gt2d_001_track_-1_VEHICLE_CAR.png,0.9730761051177979,1812.5,37.0,9.529012680053711,9.87848949432373,0.11422252655029297,1.0,7.249041642259365,-5.113973969735087,9.529012680053711,da3_bbox_median,1920.0,1280.0,image_root
right_rear,581,1772699968310546000,data\camera\right_rear_camera\1772699968310546000.jpg,4000000,4,truck,0.749073,0.0,0.0,1710.0,1175.0,-0.007491852156817913,-0.00016390421660616994,1710.313232421875,1174.6358642578125,matched,0,VEHICLE_TRUCK,preprocessed/masks/right_rear_camera/masks/frame_000581_gt2d_000_track_55_VEHICLE_TRUCK.png,0.9778530597686768,855.0,587.5,1.096339464187622,1.423824667930603,0.9813019037246704,1.3545035123825073,-0.10120984029616263,-0.05077906671377159,1.096339464187622,da3_bbox_median,1920.0,1280.0,image_root
right_rear,582,1772699968410553000,data\camera\right_rear_camera\1772699968410553000.jpg,-1,1,car,0.386648,1706.0,0.0,1919.0,75.0,1706.0,0.0,1919.0,75.0,unassigned,1,VEHICLE_CAR,preprocessed/masks/right_rear_camera/masks/frame_000582_gt2d_001_track_-1_VEHICLE_CAR.png,0.9733266234397888,1812.5,37.5,8.84160041809082,9.212837219238281,0.11588287353515625,1.0,6.726103927757277,-4.7411198149002365,8.84160041809082,da3_bbox_median,1920.0,1280.0,image_root
right_rear,582,1772699968410553000,data\camera\right_rear_camera\1772699968410553000.jpg,4000000,4,truck,0.730099,0.0,0.0,1710.0,1176.0,0.012139135971665382,-0.003256499534472823,1710.1685791015625,1175.5716552734375,matched,0,VEHICLE_TRUCK,preprocessed/masks/right_rear_camera/masks/frame_000582_gt2d_000_track_55_VEHICLE_TRUCK.png,0.9797146320343018,855.0,588.0,1.0040669441223145,1.3027379512786865,0.8909201622009277,1.3325518369674683,-0.0926915963356077,-0.046058102179421134,1.0040669441223145,da3_bbox_median,1920.0,1280.0,image_root
right_rear,583,1772699968510561000,data\camera\right_rear_camera\1772699968510561000.jpg,-1,1,car,0.381173,1705.0,0.0,1919.0,75.0,1705.0,0.0,1919.0,75.0,unassigned,1,VEHICLE_CAR,preprocessed/masks/right_rear_camera/masks/frame_000583_gt2d_001_track_-1_VEHICLE_CAR.png,0.972740888595581,1812.0,37.5,8.385553359985352,8.741658210754395,0.11199092864990234,1.0,6.375438132271405,-4.4965742980855685,8.385553359985352,da3_bbox_median,1920.0,1280.0,image_root
right_rear,583,1772699968510561000,data\camera\right_rear_camera\1772699968510561000.jpg,4000000,4,truck,0.739917,0.0,0.0,1711.0,1174.0,0.009435306303203106,0.0013499747728928924,1710.759521484375,1174.604736328125,matched,0,VEHICLE_TRUCK,preprocessed/masks/right_rear_camera/masks/frame_000583_gt2d_000_track_55_VEHICLE_TRUCK.png,0.9765030741691589,855.5,587.0,0.9304814338684082,1.219469428062439,0.8402535915374756,1.3103159666061401,-0.0854839758579929,-0.0435114462261156,0.9304814338684082,da3_bbox_median,1920.0,1280.0,image_root
right_rear,584,1772699968610537000,data\camera\right_rear_camera\1772699968610537000.jpg,-1,1,car,0.387233,1705.0,0.0,1919.0,75.0,1705.0,0.0,1919.0,75.0,unassigned,1,VEHICLE_CAR,preprocessed/masks/right_rear_camera/masks/frame_000584_gt2d_001_track_-1_VEHICLE_CAR.png,0.9727016687393188,1812.0,37.5,8.448884010314941,8.803893089294434,0.10769176483154297,1.0,6.423587684926988,-4.530534009785928,8.448884010314941,da3_bbox_median,1920.0,1280.0,image_root
right_rear,584,1772699968610537000,data\camera\right_rear_camera\1772699968610537000.jpg,4000000,4,truck,0.740092,0.0,0.0,1711.0,1175.0,-0.007371542043983936,7.685830496484414e-05,1710.9622802734375,1174.8905029296875,matched,0,VEHICLE_TRUCK,preprocessed/masks/right_rear_camera/masks/frame_000584_gt2d_000_track_55_VEHICLE_TRUCK.png,0.9779176115989685,855.5,587.5,0.9285811185836792,1.2249583005905151,0.8519614934921265,1.3213592767715454,-0.08530939257238451,-0.04300901692401347,0.9285811185836792,da3_bbox_median,1920.0,1280.0,image_root
right_rear,585,1772699968710545000,data\camera\right_rear_camera\1772699968710545000.jpg,-1,1,car,0.391364,1705.0,0.0,1919.0,75.0,1705.0,0.0,1919.0,75.0,unassigned,1,VEHICLE_CAR,preprocessed/masks/right_rear_camera/masks/frame_000585_gt2d_001_track_-1_VEHICLE_CAR.png,0.9727963805198669,1812.0,37.5,8.705610275268555,9.115206718444824,0.11444759368896484,1.0,6.618773661197937,-4.668197998681699,8.705610275268555,da3_bbox_median,1920.0,1280.0,image_root
right_rear,585,1772699968710545000,data\camera\right_rear_camera\1772699968710545000.jpg,4000000,4,truck,0.739559,0.0,0.0,1711.0,1177.0,0.011701892130076885,0.0008841266972012818,1711.0579833984375,1176.3179931640625,matched,0,VEHICLE_TRUCK,preprocessed/masks/right_rear_camera/masks/frame_000585_gt2d_000_track_55_VEHICLE_TRUCK.png,0.9786916971206665,855.5,588.5,0.9790711402893066,1.2784849405288696,0.8801487684249878,1.37794828414917,-0.08994794594857557,-0.04447545287455152,0.9790711402893066,da3_bbox_median,1920.0,1280.0,image_root
right_rear,586,1772699968810552000,data\camera\right_rear_camera\1772699968810552000.jpg,-1,1,car,0.388891,1706.0,0.0,1919.0,75.0,1706.0,0.0,1919.0,75.0,unassigned,1,VEHICLE_CAR,preprocessed/masks/right_rear_camera/masks/frame_000586_gt2d_001_track_-1_VEHICLE_CAR.png,0.9734100699424744,1812.5,37.5,8.800054550170898,9.181355476379395,0.11392688751220703,1.0,6.694498583454847,-4.71884172854617,8.800054550170898,da3_bbox_median,1920.0,1280.0,image_root
right_rear,586,1772699968810552000,data\camera\right_rear_camera\1772699968810552000.jpg,4000000,4,truck,0.74097,0.0,0.0,1711.0,1178.0,0.003769703209400177,-0.0012797113740816712,1711.07275390625,1177.5098876953125,matched,0,VEHICLE_TRUCK,preprocessed/masks/right_rear_camera/masks/frame_000586_gt2d_000_track_55_VEHICLE_TRUCK.png,0.9833479523658752,855.5,589.0,0.9950180053710938,1.3016488552093506,0.8884287476539612,1.414669394493103,-0.0914129955240354,-0.0447567024071853,0.9950180053710938,da3_bbox_median,1920.0,1280.0,image_root
right_rear,587,1772699968910560000,data\camera\right_rear_camera\1772699968910560000.jpg,-1,1,car,0.37491,1705.0,0.0,1919.0,75.0,1705.0,0.0,1919.0,75.0,unassigned,1,VEHICLE_CAR,preprocessed/masks/right_rear_camera/masks/frame_000587_gt2d_001_track_-1_VEHICLE_CAR.png,0.9734506607055664,1812.0,37.5,8.799848556518555,9.17660903930664,0.099029541015625,1.0,6.690421924110192,-4.718731268839704,8.799848556518555,da3_bbox_median,1920.0,1280.0,image_root
right_rear,587,1772699968910560000,data\camera\right_rear_camera\1772699968910560000.jpg,4000000,4,truck,0.744052,0.0,0.0,1711.0,1177.0,0.004851697478443384,-2.0628096535801888e-05,1711.0765380859375,1177.291748046875,matched,0,VEHICLE_TRUCK,preprocessed/masks/right_rear_camera/masks/frame_000587_gt2d_000_track_55_VEHICLE_TRUCK.png,0.9821638464927673,855.5,588.5,0.9921971559524536,1.2962586879730225,0.8873910307884216,1.4091174602508545,-0.09115384212792779,-0.04507171750439692,0.9921971559524536,da3_bbox_median,1920.0,1280.0,image_root
right_rear,588,1772699969010523000,data\camera\right_rear_camera\1772699969010523000.jpg,-1,1,car,0.372419,1705.0,0.0,1919.0,75.0,1705.0,0.0,1919.0,75.0,unassigned,1,VEHICLE_CAR,preprocessed/masks/right_rear_camera/masks/frame_000588_gt2d_001_track_-1_VEHICLE_CAR.png,0.9739298820495605,1812.0,37.5,8.650944709777832,9.104138374328613,0.10223960876464844,1.0,6.57721207118829,-4.638884754078325,8.650944709777832,da3_bbox_median,1920.0,1280.0,image_root
right_rear,588,1772699969010523000,data\camera\right_rear_camera\1772699969010523000.jpg,4000000,4,truck,0.744892,0.0,0.0,1711.0,1175.0,-0.005724077112972736,0.0014133626827970147,1711.0616455078125,1175.8760986328125,matched,0,VEHICLE_TRUCK,preprocessed/masks/right_rear_camera/masks/frame_000588_gt2d_000_track_55_VEHICLE_TRUCK.png,0.9780925512313843,855.5,587.5,0.9714318513870239,1.2807344198226929,0.8795579075813293,1.433039903640747,-0.08924611916909861,-0.04499373086602903,0.9714318513870239,da3_bbox_median,1920.0,1280.0,image_root
right_rear,589,1772699969110653000,data\camera\right_rear_camera\1772699969110653000.jpg,-1,1,car,0.376456,1705.0,0.0,1919.0,74.0,1705.0,0.0,1919.0,74.0,unassigned,1,VEHICLE_CAR,preprocessed/masks/right_rear_camera/masks/frame_000589_gt2d_001_track_-1_VEHICLE_CAR.png,0.975140392780304,1812.0,37.0,8.563867568969727,8.98261547088623,0.10112476348876953,1.0,6.5110083395888605,-4.596005619726264,8.563867568969727,da3_bbox_median,1920.0,1280.0,image_root
right_rear,589,1772699969110653000,data\camera\right_rear_camera\1772699969110653000.jpg,4000000,4,truck,0.744592,0.0,0.0,1711.0,1176.0,-0.007436439394950867,0.001262009609490633,1711.053466796875,1175.9921875,matched,0,VEHICLE_TRUCK,preprocessed/masks/right_rear_camera/masks/frame_000589_gt2d_000_track_55_VEHICLE_TRUCK.png,0.9803091287612915,855.5,588.0,0.9648330807685852,1.2629828453063965,0.8656771183013916,1.488916277885437,-0.08863988552734405,-0.04425838424445905,0.9648330807685852,da3_bbox_median,1920.0,1280.0,image_root
right_rear,590,1772699969210660000,data\camera\right_rear_camera\1772699969210660000.jpg,-1,1,car,0.37213,1705.0,0.0,1919.0,75.0,1705.0,0.0,1919.0,75.0,unassigned,1,VEHICLE_CAR,preprocessed/masks/right_rear_camera/masks/frame_000590_gt2d_001_track_-1_VEHICLE_CAR.png,0.9742097854614258,1812.0,37.5,8.624784469604492,9.097413063049316,0.10215091705322266,1.0,6.557322746585533,-4.624856882744693,8.624784469604492,da3_bbox_median,1920.0,1280.0,image_root
right_rear,590,1772699969210660000,data\camera\right_rear_camera\1772699969210660000.jpg,4000000,4,truck,0.750666,0.0,0.0,1710.0,1177.0,-0.004387820139527321,-0.0014887828147038817,1710.38916015625,1176.6903076171875,matched,0,VEHICLE_TRUCK,preprocessed/masks/right_rear_camera/masks/frame_000590_gt2d_000_track_55_VEHICLE_TRUCK.png,0.9831687211990356,855.0,588.5,0.9827829599380493,1.2848597764968872,0.8760775327682495,1.4938722848892212,-0.09072674082276548,-0.044644066628009425,0.9827829599380493,da3_bbox_median,1920.0,1280.0,image_root
right_rear,591,1772699969310637000,data\camera\right_rear_camera\1772699969310637000.jpg,-1,1,car,0.372166,1705.0,0.0,1919.0,75.0,1705.0,0.0,1919.0,75.0,unassigned,1,VEHICLE_CAR,preprocessed/masks/right_rear_camera/masks/frame_000591_gt2d_001_track_-1_VEHICLE_CAR.png,0.9739963412284851,1812.0,37.5,8.475543975830078,8.810338973999023,0.09993267059326172,1.0,6.443856944861737,-4.5448298481852465,8.475543975830078,da3_bbox_median,1920.0,1280.0,image_root
right_rear,591,1772699969310637000,data\camera\right_rear_camera\1772699969310637000.jpg,4000000,4,truck,0.742268,0.0,0.0,1710.0,1181.0,-0.007815785706043243,-0.0003874126705341041,1710.1307373046875,1179.593994140625,matched,0,VEHICLE_TRUCK,preprocessed/masks/right_rear_camera/masks/frame_000591_gt2d_000_track_55_VEHICLE_TRUCK.png,0.9852944612503052,855.0,590.5,0.9575374722480774,1.2541450262069702,0.8585227131843567,1.469565510749817,-0.08839617455131041,-0.04179141032273761,0.9575374722480774,da3_bbox_median,1920.0,1280.0,image_root
right_rear,592,1772699969410645000,data\camera\right_rear_camera\1772699969410645000.jpg,-1,1,car,0.363911,1704.0,0.0,1919.0,76.0,1704.0,0.0,1919.0,76.0,unassigned,1,VEHICLE_CAR,preprocessed/masks/right_rear_camera/masks/frame_000592_gt2d_001_track_-1_VEHICLE_CAR.png,0.9733358025550842,1811.5,38.0,8.218620300292969,8.591917991638184,0.15160751342773438,1.0,6.244859838735663,-4.40339963950062,8.218620300292969,da3_bbox_median,1920.0,1280.0,image_root
right_rear,592,1772699969410645000,data\camera\right_rear_camera\1772699969410645000.jpg,4000000,4,truck,0.748607,0.0,0.0,1709.0,1179.0,-0.012155644595623016,-0.00036269158590584993,1709.368896484375,1179.3607177734375,matched,0,VEHICLE_TRUCK,preprocessed/masks/right_rear_camera/masks/frame_000592_gt2d_000_track_55_VEHICLE_TRUCK.png,0.98081374168396,854.5,589.5,0.9144138097763062,1.2086052894592285,0.8424071669578552,1.4275093078613281,-0.08482249590063101,-0.04072380504400509,0.9144138097763062,da3_bbox_median,1920.0,1280.0,image_root
right_rear,593,1772699969510652000,data\camera\right_rear_camera\1772699969510652000.jpg,-1,1,car,0.377214,1705.0,0.0,1919.0,74.0,1705.0,0.0,1919.0,74.0,unassigned,1,VEHICLE_CAR,preprocessed/masks/right_rear_camera/masks/frame_000593_gt2d_001_track_-1_VEHICLE_CAR.png,0.9754040837287903,1812.0,37.0,8.414533615112305,8.825712203979492,0.12334728240966797,1.0,6.397471481257173,-4.5158619596781415,8.414533615112305,da3_bbox_median,1920.0,1280.0,image_root
right_rear,593,1772699969510652000,data\camera\right_rear_camera\1772699969510652000.jpg,4000000,4,truck,0.743872,0.0,0.0,1711.0,1178.0,-0.012140822596848011,0.008753044530749321,1710.4061279296875,1178.6033935546875,matched,0,VEHICLE_TRUCK,preprocessed/masks/right_rear_camera/masks/frame_000593_gt2d_000_track_55_VEHICLE_TRUCK.png,0.9857003092765808,855.5,589.0,0.9477517008781433,1.2447781562805176,0.8546954393386841,1.4372127056121826,-0.08707060728811564,-0.042630626383777646,0.9477517008781433,da3_bbox_median,1920.0,1280.0,image_root
right_rear,594,1772699969610660000,data\camera\right_rear_camera\1772699969610660000.jpg,-1,1,car,0.375499,1705.0,0.0,1919.0,74.0,1705.0,0.0,1919.0,74.0,unassigned,1,VEHICLE_CAR,preprocessed/masks/right_rear_camera/masks/frame_000594_gt2d_001_track_-1_VEHICLE_CAR.png,0.975381076335907,1812.0,37.0,8.889822006225586,9.3101224899292,0.11470603942871094,1.0,6.758827685486828,-4.770936912549008,8.889822006225586,da3_bbox_median,1920.0,1280.0,image_root
right_rear,594,1772699969610660000,data\camera\right_rear_camera\1772699969610660000.jpg,4000000,4,truck,0.747623,0.0,0.0,1711.0,1177.0,-0.006063022185117006,-0.008129116147756577,1710.80615234375,1177.622314453125,matched,0,VEHICLE_TRUCK,preprocessed/masks/right_rear_camera/masks/frame_000594_gt2d_000_track_55_VEHICLE_TRUCK.png,0.9846718907356262,855.5,588.5,1.0129661560058594,1.3203892707824707,0.8999221324920654,1.43343186378479,-0.09306190459380508,-0.04601517364881341,1.0129661560058594,da3_bbox_median,1920.0,1280.0,image_root
right_rear,595,1772699969710637000,data\camera\right_rear_camera\1772699969710637000.jpg,-1,1,car,0.374756,1705.0,0.0,1919.0,74.0,1705.0,0.0,1919.0,74.0,unassigned,1,VEHICLE_CAR,preprocessed/masks/right_rear_camera/masks/frame_000595_gt2d_001_track_-1_VEHICLE_CAR.png,0.9755319952964783,1812.0,37.0,9.109148025512695,9.583877563476562,0.13526153564453125,1.0,6.925578692454933,-4.888643498863842,9.109148025512695,da3_bbox_median,1920.0,1280.0,image_root
right_rear,595,1772699969710637000,data\camera\right_rear_camera\1772699969710637000.jpg,4000000,4,truck,0.743443,0.0,0.0,1711.0,1176.0,-0.009740443900227547,-0.0018168677343055606,1710.9498291015625,1176.5947265625,matched,0,VEHICLE_TRUCK,preprocessed/masks/right_rear_camera/masks/frame_000595_gt2d_000_track_55_VEHICLE_TRUCK.png,0.9821650981903076,855.5,588.0,1.052417516708374,1.3722286224365234,0.9297043681144714,1.4156581163406372,-0.09668632851362256,-0.04827601765372139,1.052417516708374,da3_bbox_median,1920.0,1280.0,image_root
right_rear,596,1772699969810644000,data\camera\right_rear_camera\1772699969810644000.jpg,-1,1,car,0.378531,1705.0,0.0,1919.0,74.0,1705.0,0.0,1919.0,74.0,unassigned,1,VEHICLE_CAR,preprocessed/masks/right_rear_camera/masks/frame_000596_gt2d_001_track_-1_VEHICLE_CAR.png,0.9754879474639893,1812.0,37.0,9.29409408569336,9.824739456176758,0.1309356689453125,1.0,7.066191018662971,-4.987899252773033,9.29409408569336,da3_bbox_median,1920.0,1280.0,image_root
right_rear,596,1772699969810644000,data\camera\right_rear_camera\1772699969810644000.jpg,4000000,4,truck,0.740648,0.0,0.0,1710.0,1178.0,0.0009153398568741977,0.00196768157184124,1710.3526611328125,1177.5264892578125,matched,0,VEHICLE_TRUCK,preprocessed/masks/right_rear_camera/masks/frame_000596_gt2d_000_track_55_VEHICLE_TRUCK.png,0.9843710660934448,855.0,589.0,1.0633347034454346,1.3900272846221924,0.9438972473144531,1.4190603494644165,-0.09816296779649843,-0.0478296419003902,1.0633347034454346,da3_bbox_median,1920.0,1280.0,image_root
right_rear,597,1772699969910651000,data\camera\right_rear_camera\1772699969910651000.jpg,-1,1,car,0.381112,1705.0,0.0,1919.0,74.0,1705.0,0.0,1919.0,74.0,unassigned,1,VEHICLE_CAR,preprocessed/masks/right_rear_camera/masks/frame_000597_gt2d_001_track_-1_VEHICLE_CAR.png,0.9750682711601257,1812.0,37.0,9.26361083984375,9.802492141723633,0.1344900131225586,1.0,7.043014963411521,-4.971539685310788,9.26361083984375,da3_bbox_median,1920.0,1280.0,image_root
right_rear,597,1772699969910651000,data\camera\right_rear_camera\1772699969910651000.jpg,4000000,4,truck,0.744924,0.0,0.0,1710.0,1176.0,0.0016136890044435859,-0.0008567311451770365,1710.12158203125,1176.5513916015625,matched,0,VEHICLE_TRUCK,preprocessed/masks/right_rear_camera/masks/frame_000597_gt2d_000_track_55_VEHICLE_TRUCK.png,0.9828453660011292,855.0,588.0,1.052481770515442,1.376975178718567,0.9404393434524536,1.430877923965454,-0.09716106679368863,-0.048278965075134544,1.052481770515442,da3_bbox_median,1920.0,1280.0,image_root
