view,frame,timestamp,image,track_id,class_id,class_name,score,x1,y1,x2,y2,filtered_x1,filtered_y1,filtered_x2,filtered_y2,association_status,source_detection_index,raw_label,mask_path,mask_score
left_rear,0,1772699910213736000,data\camera\left_rear_camera\1772699910213736000.jpg,-1,2,motorcycle,0.499321,158.0,620.0,203.0,647.0,158.0,620.0,203.0,647.0,unassigned,2,VEHICLE_TRIKE,preprocessed/masks/left_rear_camera/masks/frame_000000_gt2d_002_track_-1_VEHICLE_TRIKE.png,0.871036946773529
left_rear,0,1772699910213736000,data\camera\left_rear_camera\1772699910213736000.jpg,-1,1,car,0.354059,50.0,621.0,86.0,644.0,50.0,621.0,86.0,644.0,unassigned,3,VEHICLE_CAR,preprocessed/masks/left_rear_camera/masks/frame_000000_gt2d_003_track_-1_VEHICLE_CAR.png,0.8437899947166443
left_rear,0,1772699910213736000,data\camera\left_rear_camera\1772699910213736000.jpg,1000000,1,car,0.608519,86.0,619.0,131.0,648.0,86.0,619.0,131.0,648.0,matched,0,VEHICLE_SUV,preprocessed/masks/left_rear_camera/masks/frame_000000_gt2d_000_track_-1_VEHICLE_SUV.png,0.8855171799659729
left_rear,0,1772699910213736000,data\camera\left_rear_camera\1772699910213736000.jpg,4000000,4,truck,0.500915,26.0,603.0,65.0,640.0,26.0,603.0,65.0,640.0,matched,1,VEHICLE_TRUCK_SMALL,preprocessed/masks/left_rear_camera/masks/frame_000000_gt2d_001_track_-1_VEHICLE_TRUCK_SMALL.png,0.8630489110946655
left_rear,1,1772699910313744000,data\camera\left_rear_camera\1772699910313744000.jpg,-1,2,motorcycle,0.382471,164.0,621.0,210.0,647.0,164.0,621.0,210.0,647.0,unassigned,2,VEHICLE_TRIKE,preprocessed/masks/left_rear_camera/masks/frame_000001_gt2d_002_track_-1_VEHICLE_TRIKE.png,0.8469861745834351
left_rear,1,1772699910313744000,data\camera\left_rear_camera\1772699910313744000.jpg,-1,4,truck,0.307578,52.0,620.0,85.0,644.0,52.0,620.0,85.0,644.0,unassigned,3,VEHICLE_TRUCK_SMALL,preprocessed/masks/left_rear_camera/masks/frame_000001_gt2d_003_track_-1_VEHICLE_TRUCK_SMALL.png,0.8073215484619141
left_rear,1,1772699910313744000,data\camera\left_rear_camera\1772699910313744000.jpg,1000000,1,car,0.508074,83.0,618.0,127.0,648.0,81.82360076904297,618.1118774414062,125.9558334350586,647.9796142578125,matched,1,VEHICLE_SUV,preprocessed/masks/left_rear_camera/masks/frame_000001_gt2d_001_track_-1_VEHICLE_SUV.png,0.8896055221557617
left_rear,1,1772699910313744000,data\camera\left_rear_camera\1772699910313744000.jpg,4000000,4,truck,0.585001,27.0,603.0,65.0,640.0,25.294675827026367,602.9796142578125,63.42690658569336,639.9796142578125,matched,0,VEHICLE_TRUCK_SMALL,preprocessed/masks/left_rear_camera/masks/frame_000001_gt2d_000_track_-1_VEHICLE_TRUCK_SMALL.png,0.8572032451629639
left_rear,2,1772699910413751000,data\camera\left_rear_camera\1772699910413751000.jpg,-1,4,truck,0.349189,46.0,617.0,85.0,641.0,46.0,617.0,85.0,641.0,unassigned,2,VEHICLE_TRUCK_SMALL,preprocessed/masks/left_rear_camera/masks/frame_000002_gt2d_002_track_-1_VEHICLE_TRUCK_SMALL.png,0.8283777236938477
left_rear,2,1772699910413751000,data\camera\left_rear_camera\1772699910413751000.jpg,1000000,1,car,0.570914,81.0,617.0,124.0,645.0,77.7876205444336,617.6069946289062,120.98577117919922,646.08447265625,matched,0,VEHICLE_SUV,preprocessed/masks/left_rear_camera/masks/frame_000002_gt2d_000_track_-1_VEHICLE_SUV.png,0.8853302001953125
left_rear,2,1772699910413751000,data\camera\left_rear_camera\1772699910413751000.jpg,4000000,4,truck,0.491391,26.0,600.0,64.0,638.0,22.652746200561523,601.0386352539062,60.636898040771484,638.8181762695312,matched,1,VEHICLE_TRUCK_SMALL,preprocessed/masks/left_rear_camera/masks/frame_000002_gt2d_001_track_-1_VEHICLE_TRUCK_SMALL.png,0.8638723492622375
left_rear,3,1772699910513759000,data\camera\left_rear_camera\1772699910513759000.jpg,-1,4,truck,0.339823,43.0,614.0,84.0,642.0,43.0,614.0,84.0,642.0,unassigned,2,VEHICLE_TRUCK_SMALL,preprocessed/masks/left_rear_camera/masks/frame_000003_gt2d_002_track_-1_VEHICLE_TRUCK_SMALL.png,0.8309671878814697
left_rear,3,1772699910513759000,data\camera\left_rear_camera\1772699910513759000.jpg,1000000,1,car,0.51801,78.0,617.0,121.0,645.0,75.43952178955078,617.1806030273438,118.36898803710938,645.1883544921875,matched,0,VEHICLE_SUV,preprocessed/masks/left_rear_camera/masks/frame_000003_gt2d_000_track_-1_VEHICLE_SUV.png,0.9003165364265442
left_rear,3,1772699910513759000,data\camera\left_rear_camera\1772699910513759000.jpg,4000000,4,truck,0.516272,27.0,601.0,64.0,639.0,23.65329360961914,600.9409790039062,60.83962631225586,638.9659423828125,matched,1,VEHICLE_TRUCK_SMALL,preprocessed/masks/left_rear_camera/masks/frame_000003_gt2d_001_track_-1_VEHICLE_TRUCK_SMALL.png,0.8656081557273865
left_rear,4,1772699910613735000,data\camera\left_rear_camera\1772699910613735000.jpg,-1,1,car,0.351161,192.0,613.0,263.0,639.0,192.0,613.0,263.0,639.0,unassigned,2,VEHICLE_SUV,preprocessed/masks/left_rear_camera/masks/frame_000004_gt2d_002_track_-1_VEHICLE_SUV.png,0.8745630979537964
left_rear,4,1772699910613735000,data\camera\left_rear_camera\1772699910613735000.jpg,1000000,1,car,0.529154,76.0,617.0,117.0,646.0,74.2142105102539,617.0322265625,115.59832763671875,645.6688842773438,matched,0,VEHICLE_CAR,preprocessed/masks/left_rear_camera/masks/frame_000004_gt2d_000_track_-1_VEHICLE_CAR.png,0.9019433259963989
left_rear,4,1772699910613735000,data\camera\left_rear_camera\1772699910613735000.jpg,4000000,4,truck,0.42371,29.0,602.0,65.0,641.0,26.50066375732422,601.648193359375,62.698463439941406,640.4662475585938,matched,1,VEHICLE_TRUCK_SMALL,preprocessed/masks/left_rear_camera/masks/frame_000004_gt2d_001_track_-1_VEHICLE_TRUCK_SMALL.png,0.8400419354438782
left_rear,5,1772699910713743000,data\camera\left_rear_camera\1772699910713743000.jpg,-1,1,car,0.302164,49.0,618.0,82.0,643.0,49.0,618.0,82.0,643.0,unassigned,2,VEHICLE_CAR,preprocessed/masks/left_rear_camera/masks/frame_000005_gt2d_002_track_-1_VEHICLE_CAR.png,0.8557752370834351
left_rear,5,1772699910713743000,data\camera\left_rear_camera\1772699910713743000.jpg,1000000,1,car,0.556056,74.0,618.0,114.0,646.0,71.23409271240234,617.9015502929688,111.40401458740234,646.0433349609375,matched,0,VEHICLE_SUV,preprocessed/masks/left_rear_camera/masks/frame_000005_gt2d_000_track_-1_VEHICLE_SUV.png,0.9170366525650024
left_rear,5,1772699910713743000,data\camera\left_rear_camera\1772699910713743000.jpg,4000000,4,truck,0.513629,25.0,603.0,63.0,640.0,23.2210693359375,602.8117065429688,60.58250045776367,640.4740600585938,matched,1,VEHICLE_TRUCK_SMALL,preprocessed/masks/left_rear_camera/masks/frame_000005_gt2d_001_track_-1_VEHICLE_TRUCK_SMALL.png,0.8697335720062256
left_rear,6,1772699910813750000,data\camera\left_rear_camera\1772699910813750000.jpg,-1,4,truck,0.3028,35.0,608.0,67.0,642.0,35.0,608.0,67.0,642.0,unassigned,2,VEHICLE_TRUCK_SMALL,preprocessed/masks/left_rear_camera/masks/frame_000006_gt2d_002_track_-1_VEHICLE_TRUCK_SMALL.png,0.88344407081604
left_rear,6,1772699910813750000,data\camera\left_rear_camera\1772699910813750000.jpg,1000000,1,car,0.505617,70.0,619.0,111.0,646.0,67.23509216308594,618.563720703125,107.76065826416016,645.8325805664062,matched,0,VEHICLE_SUV,preprocessed/masks/left_rear_camera/masks/frame_000006_gt2d_000_track_-1_VEHICLE_SUV.png,0.9282017350196838
left_rear,6,1772699910813750000,data\camera\left_rear_camera\1772699910813750000.jpg,4000000,4,truck,0.480553,25.0,604.0,63.0,641.0,21.65079116821289,603.5726928710938,59.41148376464844,640.7919311523438,matched,1,VEHICLE_TRUCK_SMALL,preprocessed/masks/left_rear_camera/masks/frame_000006_gt2d_001_track_-1_VEHICLE_TRUCK_SMALL.png,0.8814505338668823
left_rear,7,1772699910913758000,data\camera\left_rear_camera\1772699910913758000.jpg,1000000,1,car,0.556823,66.0,617.0,108.0,645.0,64.15555572509766,617.5094604492188,105.5267105102539,645.1873779296875,matched,0,VEHICLE_CAR,preprocessed/masks/left_rear_camera/masks/frame_000007_gt2d_000_track_-1_VEHICLE_CAR.png,0.9357783198356628
left_rear,7,1772699910913758000,data\camera\left_rear_camera\1772699910913758000.jpg,4000000,4,truck,0.428492,26.0,602.0,63.0,639.0,22.925296783447266,602.5650634765625,60.150489807128906,639.6259155273438,matched,1,VEHICLE_TRUCK_SMALL,preprocessed/masks/left_rear_camera/masks/frame_000007_gt2d_001_track_-1_VEHICLE_TRUCK_SMALL.png,0.8515487909317017
left_rear,8,1772699911013721000,data\camera\left_rear_camera\1772699911013721000.jpg,1000000,1,car,0.604579,63.0,617.0,105.0,644.0,65.12445831298828,616.6868896484375,106.81852722167969,643.8330078125,matched,0,VEHICLE_CAR,preprocessed/masks/left_rear_camera/masks/frame_000008_gt2d_000_track_-1_VEHICLE_CAR.png,0.9420379400253296
left_rear,8,1772699911013721000,data\camera\left_rear_camera\1772699911013721000.jpg,4000000,4,truck,0.415222,25.0,600.0,64.0,639.0,26.785009384155273,600.3717041015625,65.18793487548828,638.7460327148438,matched,1,VEHICLE_TRUCK_SMALL,preprocessed/masks/left_rear_camera/masks/frame_000008_gt2d_001_track_-1_VEHICLE_TRUCK_SMALL.png,0.8170315623283386
left_rear,9,1772699911113851000,data\camera\left_rear_camera\1772699911113851000.jpg,1000000,1,car,0.646599,62.0,617.0,103.0,643.0,63.19602584838867,616.5636596679688,104.34681701660156,642.840087890625,matched,0,VEHICLE_CAR,preprocessed/masks/left_rear_camera/masks/frame_000009_gt2d_000_track_-1_VEHICLE_CAR.png,0.9386235475540161
left_rear,9,1772699911113851000,data\camera\left_rear_camera\1772699911113851000.jpg,4000000,4,truck,0.388954,23.0,600.0,63.0,639.0,25.224096298217773,599.7249755859375,64.72154998779297,638.5741577148438,matched,1,VEHICLE_TRUCK_SMALL,preprocessed/masks/left_rear_camera/masks/frame_000009_gt2d_001_track_-1_VEHICLE_TRUCK_SMALL.png,0.8051955699920654
left_rear,10,1772699911213858000,data\camera\left_rear_camera\1772699911213858000.jpg,1000000,1,car,0.584644,59.0,616.0,99.0,642.0,59.71076583862305,616.2791137695312,99.99325561523438,642.2536010742188,matched,0,VEHICLE_CAR,preprocessed/masks/left_rear_camera/masks/frame_000010_gt2d_000_track_-1_VEHICLE_CAR.png,0.9395310878753662
left_rear,10,1772699911213858000,data\camera\left_rear_camera\1772699911213858000.jpg,4000000,4,truck,0.390993,23.0,601.0,62.0,638.0,23.784500122070312,600.6207275390625,63.028076171875,638.3101196289062,matched,1,VEHICLE_TRUCK_SMALL,preprocessed/masks/left_rear_camera/masks/frame_000010_gt2d_001_track_-1_VEHICLE_TRUCK_SMALL.png,0.7914576530456543
left_rear,11,1772699911313835000,data\camera\left_rear_camera\1772699911313835000.jpg,-1,4,truck,0.464075,1809.0,474.0,1919.0,695.0,1809.0,474.0,1919.0,695.0,unassigned,0,VEHICLE_TRUCK,preprocessed/masks/left_rear_camera/masks/frame_000011_gt2d_000_track_6_VEHICLE_TRUCK.png,0.8939112424850464
left_rear,11,1772699911313835000,data\camera\left_rear_camera\1772699911313835000.jpg,1000000,1,car,0.630321,57.0,616.0,97.0,642.0,57.58126449584961,616.1126708984375,97.55754852294922,641.992919921875,matched,1,VEHICLE_CAR,preprocessed/masks/left_rear_camera/masks/frame_000011_gt2d_001_track_-1_VEHICLE_CAR.png,0.9396197199821472
left_rear,11,1772699911313835000,data\camera\left_rear_camera\1772699911313835000.jpg,4000000,4,truck,0.362079,24.0,600.0,62.0,639.0,24.326440811157227,600.2259521484375,62.79513168334961,638.8106689453125,matched,2,VEHICLE_TRUCK_SMALL,preprocessed/masks/left_rear_camera/masks/frame_000011_gt2d_002_track_-1_VEHICLE_TRUCK_SMALL.png,0.7861577868461609
left_rear,12,1772699911413843000,data\camera\left_rear_camera\1772699911413843000.jpg,-1,4,truck,0.41845,0.0,596.0,11.0,640.0,0.0,596.0,11.0,640.0,unassigned,2,VEHICLE_TRUCK_SMALL,preprocessed/masks/left_rear_camera/masks/frame_000012_gt2d_002_track_-1_VEHICLE_TRUCK_SMALL.png,0.7694599032402039
left_rear,12,1772699911413843000,data\camera\left_rear_camera\1772699911413843000.jpg,1000000,1,car,0.566056,53.0,616.0,94.0,642.0,53.620845794677734,615.8294067382812,94.17388153076172,641.6890869140625,matched,1,VEHICLE_CAR,preprocessed/masks/left_rear_camera/masks/frame_000012_gt2d_001_track_-1_VEHICLE_CAR.png,0.9299770593643188
left_rear,12,1772699911413843000,data\camera\left_rear_camera\1772699911413843000.jpg,4000000,4,truck,0.332067,23.0,598.0,62.0,639.0,23.275115966796875,598.527587890625,62.11492156982422,638.7595825195312,matched,3,VEHICLE_TRUCK_SMALL,preprocessed/masks/left_rear_camera/masks/frame_000012_gt2d_003_track_-1_VEHICLE_TRUCK_SMALL.png,0.8487999439239502
left_rear,12,1772699911413843000,data\camera\left_rear_camera\1772699911413843000.jpg,4000001,4,truck,0.572094,1746.0,396.0,1919.0,721.0,1746.0,396.0,1919.0,721.0,tentative,0,VEHICLE_TRUCK,preprocessed/masks/left_rear_camera/masks/frame_000012_gt2d_000_track_6_VEHICLE_TRUCK.png,0.9371193647384644
left_rear,13,1772699911513850000,data\camera\left_rear_camera\1772699911513850000.jpg,1000000,1,car,0.508684,53.0,616.0,91.0,642.0,49.60661315917969,615.7793579101562,88.3819351196289,641.6438598632812,matched,2,VEHICLE_SUV,preprocessed/masks/left_rear_camera/masks/frame_000013_gt2d_002_track_-1_VEHICLE_SUV.png,0.9208952784538269
left_rear,13,1772699911513850000,data\camera\left_rear_camera\1772699911513850000.jpg,4000001,4,truck,0.724054,1665.0,414.0,1919.0,725.0,1676.26318359375,410.5036926269531,1914.0631103515625,724.3037109375,matched,0,VEHICLE_TRUCK,preprocessed/masks/left_rear_camera/masks/frame_000013_gt2d_000_track_6_VEHICLE_TRUCK.png,0.8904900550842285
left_rear,13,1772699911513850000,data\camera\left_rear_camera\1772699911513850000.jpg,4000002,4,truck,0.649442,0.0,576.0,19.0,643.0,0.0,576.0,19.0,643.0,tentative,1,VEHICLE_TRUCK,preprocessed/masks/left_rear_camera/masks/frame_000013_gt2d_001_track_-1_VEHICLE_TRUCK.png,0.8434020280838013
left_rear,14,1772699911613858000,data\camera\left_rear_camera\1772699911613858000.jpg,1000000,1,car,0.532103,51.0,617.0,89.0,642.0,47.92574691772461,616.6600952148438,86.03889465332031,641.8667602539062,matched,2,VEHICLE_CAR,preprocessed/masks/left_rear_camera/masks/frame_000014_gt2d_002_track_-1_VEHICLE_CAR.png,0.918316125869751
left_rear,14,1772699911613858000,data\camera\left_rear_camera\1772699911613858000.jpg,4000001,4,truck,0.61841,1591.0,412.0,1919.0,722.0,1610.1746826171875,411.92425537109375,1910.424072265625,722.7623291015625,matched,0,VEHICLE_TRUCK,preprocessed/masks/left_rear_camera/masks/frame_000014_gt2d_000_track_6_VEHICLE_TRUCK.png,0.9398102760314941
left_rear,14,1772699911613858000,data\camera\left_rear_camera\1772699911613858000.jpg,4000003,4,truck,0.695846,0.0,578.0,26.0,644.0,0.0,578.0,26.0,644.0,tentative,1,VEHICLE_TRUCK,preprocessed/masks/left_rear_camera/masks/frame_000014_gt2d_001_track_-1_VEHICLE_TRUCK.png,0.9412137269973755
left_rear,15,1772699911713835000,data\camera\left_rear_camera\1772699911713835000.jpg,1000000,1,car,0.482652,49.0,619.0,86.0,644.0,45.53308868408203,618.1636352539062,82.74726104736328,643.1364135742188,matched,3,VEHICLE_SUV,preprocessed/masks/left_rear_camera/masks/frame_000015_gt2d_003_track_-1_VEHICLE_SUV.png,0.9206386208534241
left_rear,15,1772699911713835000,data\camera\left_rear_camera\1772699911713835000.jpg,1000001,1,car,0.722785,1324.0,592.0,1683.0,715.0,1324.0,592.0,1683.0,715.0,tentative,1,VEHICLE_SUV,preprocessed/masks/left_rear_camera/masks/frame_000015_gt2d_001_track_-1_VEHICLE_SUV.png,0.9514024257659912
left_rear,15,1772699911713835000,data\camera\left_rear_camera\1772699911713835000.jpg,4000000,4,truck,0.688378,0.0,580.0,33.0,646.0,-0.14240218698978424,582.7465209960938,33.75532531738281,644.7525024414062,matched,2,VEHICLE_TRUCK,preprocessed/masks/left_rear_camera/masks/frame_000015_gt2d_002_track_-1_VEHICLE_TRUCK.png,0.9498041868209839
left_rear,15,1772699911713835000,data\camera\left_rear_camera\1772699911713835000.jpg,4000001,4,truck,0.74335,1529.0,406.0,1919.0,714.0,1543.05517578125,407.4311218261719,1909.6614990234375,715.7378540039062,matched,0,VEHICLE_TRUCK,preprocessed/masks/left_rear_camera/masks/frame_000015_gt2d_000_track_6_VEHICLE_TRUCK.png,0.9466369152069092
left_rear,16,1772699911813842000,data\camera\left_rear_camera\1772699911813842000.jpg,1000000,1,car,0.49779,44.0,619.0,84.0,644.0,43.63935852050781,618.657958984375,82.57583618164062,643.5562744140625,matched,3,VEHICLE_SUV,preprocessed/masks/left_rear_camera/masks/frame_000016_gt2d_003_track_-1_VEHICLE_SUV.png,0.8944354057312012
left_rear,16,1772699911813842000,data\camera\left_rear_camera\1772699911813842000.jpg,1000001,1,car,0.700693,1260.0,594.0,1608.0,711.0,1268.9727783203125,593.68994140625,1619.1728515625,711.8899536132812,matched,1,VEHICLE_SUV,preprocessed/masks/left_rear_camera/masks/frame_000016_gt2d_001_track_-1_VEHICLE_SUV.png,0.9427390694618225
left_rear,16,1772699911813842000,data\camera\left_rear_camera\1772699911813842000.jpg,4000000,4,truck,0.692767,0.0,581.0,40.0,646.0,-0.8214296102523804,580.8546752929688,37.3525505065918,645.5059814453125,matched,2,VEHICLE_TRUCK,preprocessed/masks/left_rear_camera/masks/frame_000016_gt2d_002_track_-1_VEHICLE_TRUCK.png,0.9388635158538818
left_rear,16,1772699911813842000,data\camera\left_rear_camera\1772699911813842000.jpg,4000001,4,truck,0.747333,1463.0,406.0,1919.0,714.0,1477.4219970703125,405.9722900390625,1912.6387939453125,713.5955200195312,matched,0,VEHICLE_TRUCK,preprocessed/masks/left_rear_camera/masks/frame_000016_gt2d_000_track_6_VEHICLE_TRUCK.png,0.9597198367118835
left_rear,17,1772699911913849000,data\camera\left_rear_camera\1772699911913849000.jpg,1000000,1,car,0.458376,45.0,619.0,81.0,643.0,44.47385787963867,618.73974609375,81.39973449707031,642.9513549804688,matched,3,VEHICLE_SUV,preprocessed/masks/left_rear_camera/masks/frame_000017_gt2d_003_track_-1_VEHICLE_SUV.png,0.8900277614593506
left_rear,17,1772699911913849000,data\camera\left_rear_camera\1772699911913849000.jpg,1000001,1,car,0.721885,1190.0,595.0,1535.0,708.0,1203.877685546875,594.7398071289062,1550.03759765625,708.8805541992188,matched,1,VEHICLE_SUV,preprocessed/masks/left_rear_camera/masks/frame_000017_gt2d_001_track_-1_VEHICLE_SUV.png,0.9332887530326843
left_rear,17,1772699911913849000,data\camera\left_rear_camera\1772699911913849000.jpg,4000000,4,truck,0.64434,0.0,577.0,50.0,646.0,-0.36193567514419556,577.555908203125,45.478759765625,645.72705078125,matched,2,VEHICLE_TRUCK,preprocessed/masks/left_rear_camera/masks/frame_000017_gt2d_002_track_-1_VEHICLE_TRUCK.png,0.929388701915741
left_rear,17,1772699911913849000,data\camera\left_rear_camera\1772699911913849000.jpg,4000001,4,truck,0.79084,1415.0,408.0,1919.0,720.0,1422.4122314453125,406.9506530761719,1915.1890869140625,717.3609619140625,matched,0,VEHICLE_TRUCK,preprocessed/masks/left_rear_camera/masks/frame_000017_gt2d_000_track_6_VEHICLE_TRUCK.png,0.9633775949478149
left_rear,18,1772699912013843000,data\camera\left_rear_camera\1772699912013843000.jpg,1000000,1,car,0.337286,30.0,616.0,78.0,645.0,34.18716812133789,616.5145263671875,78.48958587646484,643.8604125976562,matched,3,VEHICLE_CAR,preprocessed/masks/left_rear_camera/masks/frame_000018_gt2d_003_track_-1_VEHICLE_CAR.png,0.8314864635467529
left_rear,18,1772699912013843000,data\camera\left_rear_camera\1772699912013843000.jpg,1000001,1,car,0.68146,1126.0,597.0,1468.0,705.0,1133.91845703125,596.4985961914062,1476.40185546875,705.3539428710938,matched,1,VEHICLE_SUV,preprocessed/masks/left_rear_camera/masks/frame_000018_gt2d_001_track_-1_VEHICLE_SUV.png,0.9311341643333435
left_rear,18,1772699912013843000,data\camera\left_rear_camera\1772699912013843000.jpg,4000000,4,truck,0.647683,0.0,577.0,59.0,647.0,-0.7209018468856812,575.9796752929688,53.55881881713867,646.1480712890625,matched,2,VEHICLE_TRUCK,preprocessed/masks/left_rear_camera/masks/frame_000018_gt2d_002_track_-1_VEHICLE_TRUCK.png,0.9361053705215454
left_rear,18,1772699912013843000,data\camera\left_rear_camera\1772699912013843000.jpg,4000001,4,truck,0.830714,1356.0,399.0,1919.0,730.0,1363.9251708984375,400.780517578125,1915.9173583984375,725.6015625,matched,0,VEHICLE_TRUCK,preprocessed/masks/left_rear_camera/masks/frame_000018_gt2d_000_track_-1_VEHICLE_TRUCK.png,0.9624751806259155
left_rear,19,1772699912113759000,data\camera\left_rear_camera\1772699912113759000.jpg,1000001,1,car,0.635868,1080.0,609.0,1405.0,713.0,1080.7547607421875,606.8939819335938,1409.3544921875,711.2395629882812,matched,2,VEHICLE_SUV,preprocessed/masks/left_rear_camera/masks/frame_000019_gt2d_002_track_-1_VEHICLE_SUV.png,0.9374920129776001
left_rear,19,1772699912113759000,data\camera\left_rear_camera\1772699912113759000.jpg,4000000,4,truck,0.692599,0.0,581.0,71.0,653.0,-0.13306397199630737,578.869140625,64.8870849609375,651.0274047851562,matched,1,VEHICLE_TRUCK,preprocessed/masks/left_rear_camera/masks/frame_000019_gt2d_001_track_-1_VEHICLE_TRUCK.png,0.9476773738861084
left_rear,19,1772699912113759000,data\camera\left_rear_camera\1772699912113759000.jpg,4000001,4,truck,0.869622,1306.0,415.0,1919.0,746.0,1310.8544921875,410.3341064453125,1917.0738525390625,740.2218017578125,matched,0,VEHICLE_TRUCK,preprocessed/masks/left_rear_camera/masks/frame_000019_gt2d_000_track_-1_VEHICLE_TRUCK.png,0.9546706676483154
left_rear,20,1772699912213736000,data\camera\left_rear_camera\1772699912213736000.jpg,1000001,1,car,0.771966,1043.0,598.0,1349.0,698.0,1039.4171142578125,603.7120361328125,1349.6302490234375,703.870849609375,matched,1,VEHICLE_SUV,preprocessed/masks/left_rear_camera/masks/frame_000020_gt2d_001_track_-1_VEHICLE_SUV.png,0.9256682395935059
left_rear,20,1772699912213736000,data\camera\left_rear_camera\1772699912213736000.jpg,4000000,4,truck,0.738975,0.0,573.0,75.0,648.0,0.031353116035461426,578.2630004882812,71.9176254272461,653.0380249023438,matched,2,VEHICLE_TRUCK,preprocessed/masks/left_rear_camera/masks/frame_000020_gt2d_002_track_-1_VEHICLE_TRUCK.png,0.9514397382736206
left_rear,20,1772699912213736000,data\camera\left_rear_camera\1772699912213736000.jpg,4000001,4,truck,0.875779,1265.0,410.0,1919.0,727.0,1264.7457275390625,413.4025573730469,1917.55615234375,735.6172485351562,matched,0,VEHICLE_TRUCK,preprocessed/masks/left_rear_camera/masks/frame_000020_gt2d_000_track_-1_VEHICLE_TRUCK.png,0.9662380218505859
left_rear,21,1772699912313744000,data\camera\left_rear_camera\1772699912313744000.jpg,-1,1,car,0.45938,920.0,626.0,1036.0,675.0,920.0,626.0,1036.0,675.0,unassigned,3,VEHICLE_CAR,preprocessed/masks/left_rear_camera/masks/frame_000021_gt2d_003_track_-1_VEHICLE_CAR.png,0.8292200565338135
left_rear,21,1772699912313744000,data\camera\left_rear_camera\1772699912313744000.jpg,1000001,1,car,0.627078,1007.0,597.0,1293.0,693.0,1000.6046752929688,595.5830078125,1290.54052734375,691.66845703125,matched,2,VEHICLE_SUV,preprocessed/masks/left_rear_camera/masks/frame_000021_gt2d_002_track_-1_VEHICLE_SUV.png,0.9310468435287476
left_rear,21,1772699912313744000,data\camera\left_rear_camera\1772699912313744000.jpg,4000000,4,truck,0.718464,0.0,569.0,82.0,645.0,-2.8872363567352295,567.2939453125,76.13262939453125,643.6796875,matched,1,VEHICLE_TRUCK,preprocessed/masks/left_rear_camera/masks/frame_000021_gt2d_001_track_-1_VEHICLE_TRUCK.png,0.9387413859367371
left_rear,21,1772699912313744000,data\camera\left_rear_camera\1772699912313744000.jpg,4000001,4,truck,0.853323,1218.0,409.0,1919.0,722.0,1215.1436767578125,406.4075927734375,1914.85546875,722.8341064453125,matched,0,VEHICLE_TRUCK,preprocessed/masks/left_rear_camera/masks/frame_000021_gt2d_000_track_-1_VEHICLE_TRUCK.png,0.9621453285217285
left_rear,22,1772699912413751000,data\camera\left_rear_camera\1772699912413751000.jpg,-1,2,motorcycle,0.440474,915.0,611.0,953.0,673.0,915.0,611.0,953.0,673.0,unassigned,3,CYCLIST_MOTOR,preprocessed/masks/left_rear_camera/masks/frame_000022_gt2d_003_track_-1_CYCLIST_MOTOR.png,0.8855557441711426
left_rear,22,1772699912413751000,data\camera\left_rear_camera\1772699912413751000.jpg,-1,1,car,0.381171,908.0,628.0,1007.0,673.0,908.0,628.0,1007.0,673.0,unassigned,4,VEHICLE_CAR,preprocessed/masks/left_rear_camera/masks/frame_000022_gt2d_004_track_-1_VEHICLE_CAR.png,0.8696162700653076
left_rear,22,1772699912413751000,data\camera\left_rear_camera\1772699912413751000.jpg,1000001,1,car,0.659902,973.0,601.0,1250.0,695.0,964.7193603515625,598.9869384765625,1242.009765625,692.4899291992188,matched,2,VEHICLE_SUV,preprocessed/masks/left_rear_camera/masks/frame_000022_gt2d_002_track_-1_VEHICLE_SUV.png,0.9203401803970337
left_rear,22,1772699912413751000,data\camera\left_rear_camera\1772699912413751000.jpg,4000000,4,truck,0.72887,0.0,566.0,92.0,642.0,-6.253604412078857,564.8594970703125,81.7527847290039,641.8147583007812,matched,1,VEHICLE_TRUCK,preprocessed/masks/left_rear_camera/masks/frame_000022_gt2d_001_track_-1_VEHICLE_TRUCK.png,0.9363565444946289
left_rear,22,1772699912413751000,data\camera\left_rear_camera\1772699912413751000.jpg,4000001,4,truck,0.869373,1180.0,415.0,1919.0,723.0,1170.420166015625,411.43609619140625,1911.672607421875,722.29296875,matched,0,VEHICLE_TRUCK,preprocessed/masks/left_rear_camera/masks/frame_000022_gt2d_000_track_-1_VEHICLE_TRUCK.png,0.9587293267250061
left_rear,23,1772699912513759000,data\camera\left_rear_camera\1772699912513759000.jpg,-1,1,car,0.354523,883.0,630.0,979.0,675.0,883.0,630.0,979.0,675.0,unassigned,5,VEHICLE_CAR,preprocessed/masks/left_rear_camera/masks/frame_000023_gt2d_005_track_-1_VEHICLE_CAR.png,0.850406289100647
left_rear,23,1772699912513759000,data\camera\left_rear_camera\1772699912513759000.jpg,0,0,bus,0.522861,1792.0,355.0,1919.0,753.0,1792.0,355.0,1919.0,753.0,matched,0,VEHICLE_BUS,preprocessed/masks/left_rear_camera/masks/frame_000023_gt2d_000_track_0_VEHICLE_BUS.png,0.9253100156784058
left_rear,23,1772699912513759000,data\camera\left_rear_camera\1772699912513759000.jpg,1000001,1,car,0.638554,942.0,607.0,1207.0,699.0,935.0284423828125,606.0343627929688,1200.1033935546875,697.4271850585938,matched,3,VEHICLE_SUV,preprocessed/masks/left_rear_camera/masks/frame_000023_gt2d_003_track_-1_VEHICLE_SUV.png,0.9276981949806213
left_rear,23,1772699912513759000,data\camera\left_rear_camera\1772699912513759000.jpg,1000002,1,car,0.552975,792.0,608.0,929.0,677.0,792.0,608.0,929.0,677.0,tentative,4,VEHICLE_SUV,preprocessed/masks/left_rear_camera/masks/frame_000023_gt2d_004_track_-1_VEHICLE_SUV.png,0.8885713815689087
left_rear,23,1772699912513759000,data\camera\left_rear_camera\1772699912513759000.jpg,4000000,4,truck,0.764752,0.0,558.0,104.0,635.0,-5.038130760192871,560.9099731445312,93.88350677490234,638.6499633789062,matched,2,VEHICLE_TRUCK,preprocessed/masks/left_rear_camera/masks/frame_000023_gt2d_002_track_-1_VEHICLE_TRUCK.png,0.9496796131134033
left_rear,23,1772699912513759000,data\camera\left_rear_camera\1772699912513759000.jpg,4000001,4,truck,0.83417,1146.0,440.0,1919.0,721.0,1135.064453125,432.0521545410156,1913.130615234375,722.5889892578125,matched,1,VEHICLE_TRUCK,preprocessed/masks/left_rear_camera/masks/frame_000023_gt2d_001_track_-1_VEHICLE_TRUCK.png,0.9559361338615417
left_rear,24,1772699912613735000,data\camera\left_rear_camera\1772699912613735000.jpg,0,0,bus,0.760199,1631.0,337.0,1919.0,739.0,1648.806640625,340.2161865234375,1915.5174560546875,741.687255859375,matched,0,VEHICLE_BUS,preprocessed/masks/left_rear_camera/masks/frame_000024_gt2d_000_track_0_VEHICLE_BUS.png,0.9631228446960449
left_rear,24,1772699912613735000,data\camera\left_rear_camera\1772699912613735000.jpg,1000001,1,car,0.651088,920.0,603.0,1166.0,691.0,911.0565185546875,606.1876220703125,1159.0543212890625,694.2069091796875,matched,3,VEHICLE_SUV,preprocessed/masks/left_rear_camera/masks/frame_000024_gt2d_003_track_-1_VEHICLE_SUV.png,0.9294854402542114
left_rear,24,1772699912613735000,data\camera\left_rear_camera\1772699912613735000.jpg,1000002,1,car,0.641206,765.0,604.0,904.0,670.0,765.1326293945312,606.0645141601562,903.7326049804688,672.6644897460938,matched,4,VEHICLE_SUV,preprocessed/masks/left_rear_camera/masks/frame_000024_gt2d_004_track_-1_VEHICLE_SUV.png,0.8490523099899292
left_rear,24,1772699912613735000,data\camera\left_rear_camera\1772699912613735000.jpg,4000000,4,truck,0.7288,0.0,561.0,109.0,637.0,-5.351566314697266,562.1896362304688,101.05626678466797,639.5291137695312,matched,2,VEHICLE_TRUCK,preprocessed/masks/left_rear_camera/masks/frame_000024_gt2d_002_track_-1_VEHICLE_TRUCK.png,0.9273185133934021
left_rear,24,1772699912613735000,data\camera\left_rear_camera\1772699912613735000.jpg,4000001,4,truck,0.7761,1111.0,448.0,1784.0,704.0,1099.57568359375,445.8138427734375,1829.9683837890625,711.5554809570312,matched,1,VEHICLE_TRUCK,preprocessed/masks/left_rear_camera/masks/frame_000024_gt2d_001_track_-1_VEHICLE_TRUCK.png,0.9287590980529785
left_rear,25,1772699912713743000,data\camera\left_rear_camera\1772699912713743000.jpg,0,0,bus,0.803887,1483.0,307.0,1919.0,741.0,1530.2490234375,312.3835754394531,1905.6622314453125,739.3043823242188,matched,0,VEHICLE_BUS,preprocessed/masks/left_rear_camera/masks/frame_000025_gt2d_000_track_0_VEHICLE_BUS.png,0.9414142370223999
left_rear,25,1772699912713743000,data\camera\left_rear_camera\1772699912713743000.jpg,1000001,1,car,0.762826,883.0,605.0,1127.0,690.0,877.4422607421875,604.1661376953125,1118.9144287109375,689.072265625,matched,2,VEHICLE_SUV,preprocessed/masks/left_rear_camera/masks/frame_000025_gt2d_002_track_-1_VEHICLE_SUV.png,0.9412384629249573
left_rear,25,1772699912713743000,data\camera\left_rear_camera\1772699912713743000.jpg,1000002,1,car,0.668322,735.0,607.0,874.0,670.0,734.5888671875,605.8938598632812,873.4960327148438,669.6875610351562,matched,4,VEHICLE_SUV,preprocessed/masks/left_rear_camera/masks/frame_000025_gt2d_004_track_-1_VEHICLE_SUV.png,0.8796164989471436
left_rear,25,1772699912713743000,data\camera\left_rear_camera\1772699912713743000.jpg,4000000,4,truck,0.741353,0.0,570.0,119.0,646.0,-7.378060817718506,564.69189453125,108.17870330810547,641.7965087890625,matched,3,VEHICLE_TRUCK,preprocessed/masks/left_rear_camera/masks/frame_000025_gt2d_003_track_-1_VEHICLE_TRUCK.png,0.9040625095367432
left_rear,25,1772699912713743000,data\camera\left_rear_camera\1772699912713743000.jpg,4000001,4,truck,0.794183,1074.0,458.0,1632.0,697.0,1062.3785400390625,454.1271057128906,1695.5361328125,699.261474609375,matched,1,VEHICLE_TRUCK,preprocessed/masks/left_rear_camera/masks/frame_000025_gt2d_001_track_-1_VEHICLE_TRUCK.png,0.940410852432251
left_rear,26,1772699912813750000,data\camera\left_rear_camera\1772699912813750000.jpg,0,0,bus,0.850307,1353.0,318.0,1919.0,732.0,1398.2381591796875,313.3510437011719,1902.1602783203125,733.6179809570312,matched,0,VEHICLE_BUS,preprocessed/masks/left_rear_camera/masks/frame_000026_gt2d_000_track_0_VEHICLE_BUS.png,0.9304177761077881
left_rear,26,1772699912813750000,data\camera\left_rear_camera\1772699912813750000.jpg,1000001,1,car,0.730886,861.0,604.0,1092.0,687.0,851.9359741210938,604.3624877929688,1082.5389404296875,686.9458618164062,matched,2,VEHICLE_SUV,preprocessed/masks/left_rear_camera/masks/frame_000026_gt2d_002_track_-1_VEHICLE_SUV.png,0.9458861351013184
left_rear,26,1772699912813750000,data\camera\left_rear_camera\1772699912813750000.jpg,1000002,1,car,0.638093,706.0,606.0,860.0,671.0,704.9345092773438,606.4773559570312,855.5821533203125,670.9688110351562,matched,4,VEHICLE_SUV,preprocessed/masks/left_rear_camera/masks/frame_000026_gt2d_004_track_-1_VEHICLE_SUV.png,0.8566210865974426
left_rear,26,1772699912813750000,data\camera\left_rear_camera\1772699912813750000.jpg,4000000,4,truck,0.746976,0.0,572.0,126.0,646.0,-8.736084938049316,568.8696899414062,114.77010345458984,644.52294921875,matched,1,VEHICLE_TRUCK,preprocessed/masks/left_rear_camera/masks/frame_000026_gt2d_001_track_-1_VEHICLE_TRUCK.png,0.9278872013092041
left_rear,26,1772699912813750000,data\camera\left_rear_camera\1772699912813750000.jpg,4000001,4,truck,0.705444,1044.0,470.0,1498.0,686.0,1030.88916015625,466.8907165527344,1552.3251953125,688.9910278320312,matched,3,VEHICLE_TRUCK,preprocessed/masks/left_rear_camera/masks/frame_000026_gt2d_003_track_-1_VEHICLE_TRUCK.png,0.911249041557312
left_rear,27,1772699912913758000,data\camera\left_rear_camera\1772699912913758000.jpg,0,0,bus,0.868928,1243.0,332.0,1919.0,728.0,1277.936279296875,324.63543701171875,1903.9656982421875,728.4581909179688,matched,0,VEHICLE_BUS,preprocessed/masks/left_rear_camera/masks/frame_000027_gt2d_000_track_0_VEHICLE_BUS.png,0.92537921667099
left_rear,27,1772699912913758000,data\camera\left_rear_camera\1772699912913758000.jpg,1000001,1,car,0.789465,834.0,604.0,1060.0,685.0,828.0209350585938,604.0076293945312,1051.958984375,684.5345458984375,matched,2,VEHICLE_SUV,preprocessed/masks/left_rear_camera/masks/frame_000027_gt2d_002_track_-1_VEHICLE_SUV.png,0.948258638381958
left_rear,27,1772699912913758000,data\camera\left_rear_camera\1772699912913758000.jpg,1000002,1,car,0.644895,696.0,606.0,837.0,666.0,690.9616088867188,606.2301025390625,836.0128784179688,667.212158203125,matched,3,VEHICLE_SUV,preprocessed/masks/left_rear_camera/masks/frame_000027_gt2d_003_track_-1_VEHICLE_SUV.png,0.8680642247200012
left_rear,27,1772699912913758000,data\camera\left_rear_camera\1772699912913758000.jpg,4000000,4,truck,0.819142,0.0,572.0,137.0,645.0,-6.889214515686035,570.1259155273438,126.54358673095703,644.494140625,matched,1,VEHICLE_TRUCK,preprocessed/masks/left_rear_camera/masks/frame_000027_gt2d_001_track_-1_VEHICLE_TRUCK.png,0.9333305358886719
left_rear,27,1772699912913758000,data\camera\left_rear_camera\1772699912913758000.jpg,4000001,4,truck,0.588118,1011.0,483.0,1395.0,683.0,1001.917724609375,479.92547607421875,1430.477294921875,683.1620483398438,matched,4,VEHICLE_TRUCK,preprocessed/masks/left_rear_camera/masks/frame_000027_gt2d_004_track_-1_VEHICLE_TRUCK.png,0.9061627388000488
left_rear,28,1772699913013721000,data\camera\left_rear_camera\1772699913013721000.jpg,0,0,bus,0.908357,1141.0,349.0,1919.0,737.0,1169.5177001953125,341.8101501464844,1909.2808837890625,733.9706420898438,matched,0,VEHICLE_BUS,preprocessed/masks/left_rear_camera/masks/frame_000028_gt2d_000_track_-1_VEHICLE_BUS.png,0.9692288637161255
left_rear,28,1772699913013721000,data\camera\left_rear_camera\1772699913013721000.jpg,1000001,1,car,0.809517,811.0,606.0,1029.0,683.0,807.8294677734375,605.8177490234375,1024.3699951171875,682.9873657226562,matched,1,VEHICLE_SUV,preprocessed/masks/left_rear_camera/masks/frame_000028_gt2d_001_track_-1_VEHICLE_SUV.png,0.9466375112533569
left_rear,28,1772699913013721000,data\camera\left_rear_camera\1772699913013721000.jpg,1000002,1,car,0.706093,680.0,607.0,817.0,666.0,678.9642333984375,607.3012084960938,818.6541748046875,666.432861328125,matched,3,VEHICLE_SUV,preprocessed/masks/left_rear_camera/masks/frame_000028_gt2d_003_track_-1_VEHICLE_SUV.png,0.8946117162704468
left_rear,28,1772699913013721000,data\camera\left_rear_camera\1772699913013721000.jpg,4000000,4,truck,0.807901,0.0,571.0,142.0,644.0,-2.717834949493408,570.6300659179688,137.7392120361328,644.4580078125,matched,2,VEHICLE_TRUCK,preprocessed/masks/left_rear_camera/masks/frame_000028_gt2d_002_track_-1_VEHICLE_TRUCK.png,0.9278256297111511
left_rear,28,1772699913013721000,data\camera\left_rear_camera\1772699913013721000.jpg,4000001,4,truck,0.620775,992.0,494.0,1309.0,680.0,983.9827270507812,492.3808898925781,1331.141357421875,679.8384399414062,matched,4,VEHICLE_TRUCK,preprocessed/masks/left_rear_camera/masks/frame_000028_gt2d_004_track_-1_VEHICLE_TRUCK.png,0.8757340312004089
left_rear,29,1772699913113851000,data\camera\left_rear_camera\1772699913113851000.jpg,0,0,bus,0.88405,1067.0,356.0,1919.0,732.0,1076.8492431640625,353.3474426269531,1909.5169677734375,733.079833984375,matched,0,VEHICLE_BUS,preprocessed/masks/left_rear_camera/masks/frame_000029_gt2d_000_track_-1_VEHICLE_BUS.png,0.9759248495101929
left_rear,29,1772699913113851000,data\camera\left_rear_camera\1772699913113851000.jpg,1000001,1,car,0.854945,789.0,606.0,1000.0,683.0,784.9383544921875,607.1298828125,994.5166015625,683.2618408203125,matched,1,VEHICLE_SUV,preprocessed/masks/left_rear_camera/masks/frame_000029_gt2d_001_track_-1_VEHICLE_SUV.png,0.9450072050094604
left_rear,29,1772699913113851000,data\camera\left_rear_camera\1772699913113851000.jpg,1000002,1,car,0.690554,660.0,607.0,799.0,667.0,659.706298828125,608.2179565429688,798.9156494140625,667.5578002929688,matched,3,VEHICLE_SUV,preprocessed/masks/left_rear_camera/masks/frame_000029_gt2d_003_track_-1_VEHICLE_SUV.png,0.9193347692489624
left_rear,29,1772699913113851000,data\camera\left_rear_camera\1772699913113851000.jpg,4000000,4,truck,0.836263,0.0,572.0,133.0,644.0,-3.2488276958465576,572.3228759765625,134.4005889892578,645.2507934570312,matched,2,VEHICLE_TRUCK,preprocessed/masks/left_rear_camera/masks/frame_000029_gt2d_002_track_-1_VEHICLE_TRUCK.png,0.9214133024215698
left_rear,29,1772699913113851000,data\camera\left_rear_camera\1772699913113851000.jpg,4000001,4,truck,0.47649,964.0,504.0,1268.0,681.0,958.7000122070312,503.9434814453125,1269.8353271484375,680.3447875976562,matched,4,VEHICLE_TRUCK,preprocessed/masks/left_rear_camera/masks/frame_000029_gt2d_004_track_-1_VEHICLE_TRUCK.png,0.8216949105262756
left_rear,30,1772699913213828000,data\camera\left_rear_camera\1772699913213828000.jpg,0,0,bus,0.88424,932.0,375.0,1906.0,722.0,963.1516723632812,369.68829345703125,1906.6707763671875,724.8386840820312,matched,0,VEHICLE_BUS,preprocessed/masks/left_rear_camera/masks/frame_000030_gt2d_000_track_-1_VEHICLE_BUS.png,0.9796748161315918
left_rear,30,1772699913213828000,data\camera\left_rear_camera\1772699913213828000.jpg,1000001,1,car,0.810214,768.0,607.0,973.0,681.0,766.7970581054688,607.3018188476562,970.2313842773438,681.1138916015625,matched,2,VEHICLE_SUV,preprocessed/masks/left_rear_camera/masks/frame_000030_gt2d_002_track_-1_VEHICLE_SUV.png,0.9396687746047974
left_rear,30,1772699913213828000,data\camera\left_rear_camera\1772699913213828000.jpg,1000002,1,car,0.746657,643.0,608.0,777.0,667.0,645.0767822265625,608.2867431640625,780.6392822265625,667.04541015625,matched,3,VEHICLE_SUV,preprocessed/masks/left_rear_camera/masks/frame_000030_gt2d_003_track_-1_VEHICLE_SUV.png,0.9085437655448914
left_rear,30,1772699913213828000,data\camera\left_rear_camera\1772699913213828000.jpg,4000000,4,truck,0.811006,0.0,573.0,143.0,645.0,0.4549313187599182,572.6224365234375,143.0607452392578,645.1725463867188,matched,1,VEHICLE_TRUCK,preprocessed/masks/left_rear_camera/masks/frame_000030_gt2d_001_track_-1_VEHICLE_TRUCK.png,0.9102298021316528
left_rear,31,1772699913313835000,data\camera\left_rear_camera\1772699913313835000.jpg,0,0,bus,0.915067,912.0,402.0,1734.0,710.0,906.0780029296875,394.2437744140625,1807.5748291015625,713.3301391601562,matched,0,VEHICLE_BUS,preprocessed/masks/left_rear_camera/masks/frame_000031_gt2d_000_track_-1_VEHICLE_BUS.png,0.9743225574493408
left_rear,31,1772699913313835000,data\camera\left_rear_camera\1772699913313835000.jpg,1000001,1,car,0.79415,747.0,609.0,941.0,680.0,748.8109130859375,608.5250244140625,942.87744140625,679.5671997070312,matched,2,VEHICLE_SUV,preprocessed/masks/left_rear_camera/masks/frame_000031_gt2d_002_track_-1_VEHICLE_SUV.png,0.9273526072502136
left_rear,31,1772699913313835000,data\camera\left_rear_camera\1772699913313835000.jpg,1000002,1,car,0.729078,622.0,609.0,761.0,668.0,627.8017578125,608.7952270507812,765.5308227539062,667.4056396484375,matched,3,VEHICLE_SUV,preprocessed/masks/left_rear_camera/masks/frame_000031_gt2d_003_track_-1_VEHICLE_SUV.png,0.8882532119750977
left_rear,31,1772699913313835000,data\camera\left_rear_camera\1772699913313835000.jpg,4000000,4,truck,0.815398,0.0,575.0,149.0,646.0,4.278625965118408,573.8755493164062,152.5089111328125,645.5970458984375,matched,1,VEHICLE_TRUCK,preprocessed/masks/left_rear_camera/masks/frame_000031_gt2d_001_track_-1_VEHICLE_TRUCK.png,0.9078326225280762
left_rear,31,1772699913313835000,data\camera\left_rear_camera\1772699913313835000.jpg,4000004,4,truck,0.536293,1783.0,482.0,1919.0,728.0,1783.0,482.0,1919.0,728.0,tentative,4,VEHICLE_TRUCK,preprocessed/masks/left_rear_camera/masks/frame_000031_gt2d_004_track_-1_VEHICLE_TRUCK.png,0.9114750623703003
left_rear,32,1772699913413843000,data\camera\left_rear_camera\1772699913413843000.jpg,0,0,bus,0.93159,869.0,419.0,1601.0,704.0,858.7354736328125,414.68084716796875,1679.9476318359375,705.2969970703125,matched,0,VEHICLE_BUS,preprocessed/masks/left_rear_camera/masks/frame_000032_gt2d_000_track_-1_VEHICLE_BUS.png,0.9693096876144409
left_rear,32,1772699913413843000,data\camera\left_rear_camera\1772699913413843000.jpg,1000001,1,car,0.780563,728.0,610.0,900.0,677.0,730.202392578125,609.6920776367188,906.05419921875,677.1080322265625,matched,1,VEHICLE_SUV,preprocessed/masks/left_rear_camera/masks/frame_000032_gt2d_001_track_-1_VEHICLE_SUV.png,0.9285838603973389
left_rear,32,1772699913413843000,data\camera\left_rear_camera\1772699913413843000.jpg,1000002,1,car,0.714867,607.0,610.0,743.0,668.0,611.9752197265625,609.7113647460938,748.4563598632812,667.625244140625,matched,3,VEHICLE_SUV,preprocessed/masks/left_rear_camera/masks/frame_000032_gt2d_003_track_-1_VEHICLE_SUV.png,0.9187524318695068
left_rear,32,1772699913413843000,data\camera\left_rear_camera\1772699913413843000.jpg,4000000,4,truck,0.730259,0.0,578.0,145.0,647.0,5.865849494934082,576.430419921875,153.69761657714844,646.4891357421875,matched,2,VEHICLE_TRUCK,preprocessed/masks/left_rear_camera/masks/frame_000032_gt2d_002_track_-1_VEHICLE_TRUCK.png,0.9369850158691406
left_rear,32,1772699913413843000,data\camera\left_rear_camera\1772699913413843000.jpg,4000004,4,truck,0.614758,1712.0,486.0,1919.0,718.0,1724.451171875,485.2937316894531,1917.2510986328125,720.0936889648438,matched,4,VEHICLE_TRUCK,preprocessed/masks/left_rear_camera/masks/frame_000032_gt2d_004_track_-1_VEHICLE_TRUCK.png,0.9504852294921875
left_rear,33,1772699913513850000,data\camera\left_rear_camera\1772699913513850000.jpg,-1,1,car,0.420753,580.0,608.0,673.0,656.0,580.0,608.0,673.0,656.0,unassigned,5,VEHICLE_SUV,preprocessed/masks/left_rear_camera/masks/frame_000033_gt2d_005_track_-1_VEHICLE_SUV.png,0.876563310623169
left_rear,33,1772699913513850000,data\camera\left_rear_camera\1772699913513850000.jpg,0,0,bus,0.938985,818.0,432.0,1479.0,701.0,809.73974609375,430.447265625,1548.6961669921875,700.8925170898438,matched,0,VEHICLE_BUS,preprocessed/masks/left_rear_camera/masks/frame_000033_gt2d_000_track_-1_VEHICLE_BUS.png,0.9671844840049744
left_rear,33,1772699913513850000,data\camera\left_rear_camera\1772699913513850000.jpg,1000001,1,car,0.712223,711.0,610.0,868.0,674.0,712.2327270507812,610.2385864257812,871.577392578125,674.418212890625,matched,2,VEHICLE_SUV,preprocessed/masks/left_rear_camera/masks/frame_000033_gt2d_002_track_-1_VEHICLE_SUV.png,0.8981723785400391
left_rear,33,1772699913513850000,data\camera\left_rear_camera\1772699913513850000.jpg,1000002,1,car,0.693588,594.0,610.0,726.0,667.0,597.351806640625,610.1951904296875,730.66845703125,667.2134399414062,matched,3,VEHICLE_SUV,preprocessed/masks/left_rear_camera/masks/frame_000033_gt2d_003_track_-1_VEHICLE_SUV.png,0.8696819543838501
left_rear,33,1772699913513850000,data\camera\left_rear_camera\1772699913513850000.jpg,4000000,4,truck,0.770659,0.0,578.0,113.0,647.0,5.781803607940674,577.5924682617188,132.7884521484375,647.00537109375,matched,1,VEHICLE_TRUCK,preprocessed/masks/left_rear_camera/masks/frame_000033_gt2d_001_track_-1_VEHICLE_TRUCK.png,0.9508430361747742
left_rear,33,1772699913513850000,data\camera\left_rear_camera\1772699913513850000.jpg,4000004,4,truck,0.667547,1637.0,487.0,1919.0,720.0,1661.5931396484375,486.84490966796875,1915.50341796875,720.23681640625,matched,4,VEHICLE_TRUCK_SMALL,preprocessed/masks/left_rear_camera/masks/frame_000033_gt2d_004_track_-1_VEHICLE_TRUCK_SMALL.png,0.9653680324554443
left_rear,34,1772699913613858000,data\camera\left_rear_camera\1772699913613858000.jpg,-1,1,car,0.38219,562.0,609.0,655.0,659.0,562.0,609.0,655.0,659.0,unassigned,5,VEHICLE_SUV,preprocessed/masks/left_rear_camera/masks/frame_000034_gt2d_005_track_-1_VEHICLE_SUV.png,0.883149266242981
left_rear,34,1772699913613858000,data\camera\left_rear_camera\1772699913613858000.jpg,0,0,bus,0.938924,771.0,445.0,1377.0,695.0,762.6961669921875,444.15692138671875,1430.6954345703125,695.098388671875,matched,0,VEHICLE_BUS,preprocessed/masks/left_rear_camera/masks/frame_000034_gt2d_000_track_-1_VEHICLE_BUS.png,0.9604289531707764
left_rear,34,1772699913613858000,data\camera\left_rear_camera\1772699913613858000.jpg,1000001,1,car,0.543005,693.0,610.0,846.0,672.0,694.0261840820312,610.1090087890625,845.6094360351562,671.8978271484375,matched,4,VEHICLE_CAR,preprocessed/masks/left_rear_camera/masks/frame_000034_gt2d_004_track_-1_VEHICLE_CAR.png,0.7912500500679016
left_rear,34,1772699913613858000,data\camera\left_rear_camera\1772699913613858000.jpg,1000002,1,car,0.693135,570.0,610.0,710.0,668.0,575.9542846679688,610.0462036132812,713.5638427734375,667.4608764648438,matched,2,VEHICLE_SUV,preprocessed/masks/left_rear_camera/masks/frame_000034_gt2d_002_track_-1_VEHICLE_SUV.png,0.8516808748245239
left_rear,34,1772699913613858000,data\camera\left_rear_camera\1772699913613858000.jpg,4000000,4,truck,0.828654,0.0,578.0,118.0,646.0,4.763519763946533,577.7118530273438,126.27546691894531,646.2130126953125,matched,1,VEHICLE_TRUCK,preprocessed/masks/left_rear_camera/masks/frame_000034_gt2d_001_track_-1_VEHICLE_TRUCK.png,0.9501703977584839
left_rear,34,1772699913613858000,data\camera\left_rear_camera\1772699913613858000.jpg,4000004,4,truck,0.58545,1566.0,487.0,1919.0,723.0,1590.643798828125,487.0451354980469,1915.2095947265625,722.3430786132812,matched,3,VEHICLE_TRUCK_SMALL,preprocessed/masks/left_rear_camera/masks/frame_000034_gt2d_003_track_-1_VEHICLE_TRUCK_SMALL.png,0.9624266028404236
left_rear,35,1772699913713835000,data\camera\left_rear_camera\1772699913713835000.jpg,-1,4,truck,0.410153,1826.0,437.0,1919.0,724.0,1826.0,437.0,1919.0,724.0,unassigned,0,VEHICLE_TRUCK,preprocessed/masks/left_rear_camera/masks/frame_000035_gt2d_000_track_7_VEHICLE_TRUCK.png,0.9255967140197754
left_rear,35,1772699913713835000,data\camera\left_rear_camera\1772699913713835000.jpg,-1,1,car,0.367315,550.0,609.0,643.0,656.0,550.0,609.0,643.0,656.0,unassigned,6,VEHICLE_SUV,preprocessed/masks/left_rear_camera/masks/frame_000035_gt2d_006_track_-1_VEHICLE_SUV.png,0.8424968719482422
left_rear,35,1772699913713835000,data\camera\left_rear_camera\1772699913713835000.jpg,0,0,bus,0.945023,727.0,457.0,1291.0,692.0,716.1603393554688,456.85235595703125,1326.9500732421875,691.4337768554688,matched,1,VEHICLE_BUS,preprocessed/masks/left_rear_camera/masks/frame_000035_gt2d_001_track_-1_VEHICLE_BUS.png,0.9521141052246094
left_rear,35,1772699913713835000,data\camera\left_rear_camera\1772699913713835000.jpg,1000001,1,car,0.55153,676.0,611.0,814.0,669.0,674.644287109375,610.87939453125,813.4137573242188,669.1759643554688,matched,5,VEHICLE_CAR,preprocessed/masks/left_rear_camera/masks/frame_000035_gt2d_005_track_-1_VEHICLE_CAR.png,0.650393009185791
left_rear,35,1772699913713835000,data\camera\left_rear_camera\1772699913713835000.jpg,1000002,1,car,0.715489,567.0,610.0,696.0,666.0,564.179931640625,610.126708984375,696.0452880859375,666.365478515625,matched,3,VEHICLE_SUV,preprocessed/masks/left_rear_camera/masks/frame_000035_gt2d_003_track_-1_VEHICLE_SUV.png,0.8906502723693848
left_rear,35,1772699913713835000,data\camera\left_rear_camera\1772699913713835000.jpg,4000000,4,truck,0.833483,0.0,578.0,130.0,645.0,1.9984924793243408,577.9103393554688,129.62625122070312,645.4000244140625,matched,2,VEHICLE_TRUCK,preprocessed/masks/left_rear_camera/masks/frame_000035_gt2d_002_track_-1_VEHICLE_TRUCK.png,0.9459738731384277
left_rear,35,1772699913713835000,data\camera\left_rear_camera\1772699913713835000.jpg,4000004,4,truck,0.655121,1500.0,495.0,1919.0,714.0,1517.8258056640625,493.1962890625,1912.7069091796875,716.3441162109375,matched,4,VEHICLE_TRUCK_SMALL,preprocessed/masks/left_rear_camera/masks/frame_000035_gt2d_004_track_-1_VEHICLE_TRUCK_SMALL.png,0.9066668748855591
left_rear,36,1772699913813842000,data\camera\left_rear_camera\1772699913813842000.jpg,-1,1,car,0.3612,547.0,608.0,646.0,656.0,547.0,608.0,646.0,656.0,unassigned,5,VEHICLE_SUV,preprocessed/masks/left_rear_camera/masks/frame_000036_gt2d_005_track_-1_VEHICLE_SUV.png,0.8852500915527344
left_rear,36,1772699913813842000,data\camera\left_rear_camera\1772699913813842000.jpg,0,0,bus,0.936062,682.0,467.0,1218.0,689.0,670.5403442382812,467.93511962890625,1239.2630615234375,688.6514282226562,matched,1,VEHICLE_BUS,preprocessed/masks/left_rear_camera/masks/frame_000036_gt2d_001_track_-1_VEHICLE_BUS.png,0.9452076554298401
left_rear,36,1772699913813842000,data\camera\left_rear_camera\1772699913813842000.jpg,1000002,1,car,0.718725,555.0,609.0,681.0,665.0,551.416015625,609.844482421875,679.0397338867188,665.6801147460938,matched,4,VEHICLE_SUV,preprocessed/masks/left_rear_camera/masks/frame_000036_gt2d_004_track_-1_VEHICLE_SUV.png,0.8833392858505249
left_rear,36,1772699913813842000,data\camera\left_rear_camera\1772699913813842000.jpg,4000000,4,truck,0.740762,0.0,578.0,129.0,642.0,-0.30003154277801514,578.3773803710938,128.8594512939453,643.4862060546875,matched,2,VEHICLE_TRUCK,preprocessed/masks/left_rear_camera/masks/frame_000036_gt2d_002_track_-1_VEHICLE_TRUCK.png,0.9336041212081909
left_rear,36,1772699913813842000,data\camera\left_rear_camera\1772699913813842000.jpg,4000004,4,truck,0.59599,1700.0,455.0,1919.0,727.0,1604.056640625,465.6295166015625,1910.6207275390625,724.3026733398438,matched,0,VEHICLE_TRUCK,preprocessed/masks/left_rear_camera/masks/frame_000036_gt2d_000_track_7_VEHICLE_TRUCK.png,0.9477688074111938
left_rear,36,1772699913813842000,data\camera\left_rear_camera\1772699913813842000.jpg,4000005,4,truck,0.73059,1442.0,504.0,1857.0,705.0,1442.0,504.0,1857.0,705.0,tentative,3,VEHICLE_TRUCK_SMALL,preprocessed/masks/left_rear_camera/masks/frame_000036_gt2d_003_track_-1_VEHICLE_TRUCK_SMALL.png,0.9746180772781372
left_rear,37,1772699913913849000,data\camera\left_rear_camera\1772699913913849000.jpg,-1,1,car,0.396535,533.0,608.0,623.0,654.0,533.0,608.0,623.0,654.0,unassigned,4,VEHICLE_SUV,preprocessed/masks/left_rear_camera/masks/frame_000037_gt2d_004_track_-1_VEHICLE_SUV.png,0.8603017926216125
left_rear,37,1772699913913849000,data\camera\left_rear_camera\1772699913913849000.jpg,0,0,bus,0.939258,655.0,475.0,1182.0,685.0,639.69091796875,476.06787109375,1185.572509765625,684.4320068359375,matched,1,VEHICLE_BUS,preprocessed/masks/left_rear_camera/masks/frame_000037_gt2d_001_track_-1_VEHICLE_BUS.png,0.94342440366745
left_rear,37,1772699913913849000,data\camera\left_rear_camera\1772699913913849000.jpg,1000002,1,car,0.647066,542.0,609.0,666.0,663.0,539.7260131835938,608.97802734375,664.4844970703125,663.346923828125,matched,3,VEHICLE_SUV,preprocessed/masks/left_rear_camera/masks/frame_000037_gt2d_003_track_-1_VEHICLE_SUV.png,0.8646172285079956
left_rear,37,1772699913913849000,data\camera\left_rear_camera\1772699913913849000.jpg,4000000,4,truck,0.813262,2.0,576.0,150.0,639.0,1.2199863195419312,576.4360961914062,143.31640625,639.9874267578125,matched,2,VEHICLE_TRUCK,preprocessed/masks/left_rear_camera/masks/frame_000037_gt2d_002_track_-1_VEHICLE_TRUCK.png,0.9059252142906189
left_rear,37,1772699913913849000,data\camera\left_rear_camera\1772699913913849000.jpg,4000004,4,truck,0.619745,1578.0,469.0,1919.0,724.0,1575.0009765625,465.618408203125,1913.2891845703125,724.08056640625,matched,0,VEHICLE_TRUCK,preprocessed/masks/left_rear_camera/masks/frame_000037_gt2d_000_track_7_VEHICLE_TRUCK.png,0.9415205717086792
left_rear,38,1772699914013843000,data\camera\left_rear_camera\1772699914013843000.jpg,-1,4,truck,0.340051,902.0,495.0,1155.0,671.0,902.0,495.0,1155.0,671.0,unassigned,5,VEHICLE_TRUCK_SMALL,preprocessed/masks/left_rear_camera/masks/frame_000038_gt2d_005_track_-1_VEHICLE_TRUCK_SMALL.png,0.8205304741859436
left_rear,38,1772699914013843000,data\camera\left_rear_camera\1772699914013843000.jpg,0,0,bus,0.891247,626.0,482.0,1148.0,680.0,612.5262451171875,483.4785461425781,1145.9744873046875,679.94921875,matched,0,VEHICLE_BUS,preprocessed/masks/left_rear_camera/masks/frame_000038_gt2d_000_track_-1_VEHICLE_BUS.png,0.9468274116516113
left_rear,38,1772699914013843000,data\camera\left_rear_camera\1772699914013843000.jpg,1000002,1,car,0.598496,528.0,609.0,637.0,658.0,527.690185546875,608.9662475585938,641.2901000976562,659.4365844726562,matched,3,VEHICLE_SUV,preprocessed/masks/left_rear_camera/masks/frame_000038_gt2d_003_track_-1_VEHICLE_SUV.png,0.8763501048088074
left_rear,38,1772699914013843000,data\camera\left_rear_camera\1772699914013843000.jpg,4000000,4,truck,0.838049,6.0,576.0,152.0,637.0,5.4943928718566895,576.0368041992188,151.1708221435547,637.686767578125,matched,1,VEHICLE_TRUCK,preprocessed/masks/left_rear_camera/masks/frame_000038_gt2d_001_track_-1_VEHICLE_TRUCK.png,0.9318386912345886
left_rear,38,1772699914013843000,data\camera\left_rear_camera\1772699914013843000.jpg,4000004,4,truck,0.69023,1467.0,465.0,1919.0,717.0,1495.2181396484375,463.72442626953125,1914.884765625,719.5147094726562,matched,2,VEHICLE_TRUCK,preprocessed/masks/left_rear_camera/masks/frame_000038_gt2d_002_track_-1_VEHICLE_TRUCK.png,0.9750322103500366
left_rear,38,1772699914013843000,data\camera\left_rear_camera\1772699914013843000.jpg,4000006,4,truck,0.592031,1335.0,520.0,1671.0,699.0,1335.0,520.0,1671.0,699.0,tentative,4,VEHICLE_TRUCK_SMALL,preprocessed/masks/left_rear_camera/masks/frame_000038_gt2d_004_track_-1_VEHICLE_TRUCK_SMALL.png,0.8842023015022278
left_rear,39,1772699914113759000,data\camera\left_rear_camera\1772699914113759000.jpg,-1,4,truck,0.496222,860.0,502.0,1122.0,672.0,860.0,502.0,1122.0,672.0,unassigned,4,VEHICLE_TRUCK_SMALL,preprocessed/masks/left_rear_camera/masks/frame_000039_gt2d_004_track_-1_VEHICLE_TRUCK_SMALL.png,0.8724536895751953
left_rear,39,1772699914113759000,data\camera\left_rear_camera\1772699914113759000.jpg,-1,1,car,0.443807,462.0,622.0,519.0,650.0,462.0,622.0,519.0,650.0,unassigned,5,VEHICLE_CAR,preprocessed/masks/left_rear_camera/masks/frame_000039_gt2d_005_track_-1_VEHICLE_CAR.png,0.7808036208152771
left_rear,39,1772699914113759000,data\camera\left_rear_camera\1772699914113759000.jpg,-1,4,truck,0.376571,1291.0,543.0,1564.0,689.0,1291.0,543.0,1564.0,689.0,unassigned,6,VEHICLE_TRUCK_SMALL,preprocessed/masks/left_rear_camera/masks/frame_000039_gt2d_006_track_-1_VEHICLE_TRUCK_SMALL.png,0.923359215259552
left_rear,39,1772699914113759000,data\camera\left_rear_camera\1772699914113759000.jpg,0,0,bus,0.924627,593.0,488.0,1012.0,676.0,582.4546508789062,489.7340393066406,1041.03955078125,675.8695678710938,matched,0,VEHICLE_BUS,preprocessed/masks/left_rear_camera/masks/frame_000039_gt2d_000_track_-1_VEHICLE_BUS.png,0.9453343152999878
left_rear,39,1772699914113759000,data\camera\left_rear_camera\1772699914113759000.jpg,1000002,1,car,0.588706,519.0,607.0,614.0,655.0,517.64599609375,607.63427734375,617.4185791015625,656.0243530273438,matched,3,VEHICLE_SUV,preprocessed/masks/left_rear_camera/masks/frame_000039_gt2d_003_track_-1_VEHICLE_SUV.png,0.8911502957344055
left_rear,39,1772699914113759000,data\camera\left_rear_camera\1772699914113759000.jpg,4000000,4,truck,0.725442,10.0,576.0,154.0,634.0,9.425614356994629,575.9608764648438,155.12985229492188,634.9051513671875,matched,2,VEHICLE_TRUCK,preprocessed/masks/left_rear_camera/masks/frame_000039_gt2d_002_track_-1_VEHICLE_TRUCK.png,0.885009765625
left_rear,39,1772699914113759000,data\camera\left_rear_camera\1772699914113759000.jpg,4000004,4,truck,0.748845,1369.0,468.0,1919.0,723.0,1405.086181640625,465.33782958984375,1915.199951171875,721.885986328125,matched,1,VEHICLE_TRUCK,preprocessed/masks/left_rear_camera/masks/frame_000039_gt2d_001_track_-1_VEHICLE_TRUCK.png,0.9610944986343384
left_rear,40,1772699914213736000,data\camera\left_rear_camera\1772699914213736000.jpg,-1,4,truck,0.492454,834.0,506.0,1094.0,671.0,834.0,506.0,1094.0,671.0,unassigned,4,VEHICLE_TRUCK_SMALL,preprocessed/masks/left_rear_camera/masks/frame_000040_gt2d_004_track_-1_VEHICLE_TRUCK_SMALL.png,0.8972623348236084
left_rear,40,1772699914213736000,data\camera\left_rear_camera\1772699914213736000.jpg,-1,1,car,0.485642,447.0,620.0,510.0,650.0,447.0,620.0,510.0,650.0,unassigned,5,VEHICLE_CAR,preprocessed/masks/left_rear_camera/masks/frame_000040_gt2d_005_track_-1_VEHICLE_CAR.png,0.841356098651886
left_rear,40,1772699914213736000,data\camera\left_rear_camera\1772699914213736000.jpg,-1,1,car,0.322555,5.0,616.0,37.0,636.0,5.0,616.0,37.0,636.0,unassigned,6,VEHICLE_CAR,preprocessed/masks/left_rear_camera/masks/frame_000040_gt2d_006_track_-1_VEHICLE_CAR.png,0.8917551040649414
left_rear,40,1772699914213736000,data\camera\left_rear_camera\1772699914213736000.jpg,0,0,bus,0.922973,569.0,493.0,963.0,673.0,559.5169677734375,494.86968994140625,970.7871704101562,672.5713500976562,matched,0,VEHICLE_BUS,preprocessed/masks/left_rear_camera/masks/frame_000040_gt2d_000_track_-1_VEHICLE_BUS.png,0.9356420040130615
left_rear,40,1772699914213736000,data\camera\left_rear_camera\1772699914213736000.jpg,1000002,1,car,0.528105,509.0,607.0,599.0,654.0,508.45465087890625,607.1563110351562,599.991455078125,654.1785888671875,matched,3,VEHICLE_SUV,preprocessed/masks/left_rear_camera/masks/frame_000040_gt2d_003_track_-1_VEHICLE_SUV.png,0.8884676694869995
left_rear,40,1772699914213736000,data\camera\left_rear_camera\1772699914213736000.jpg,4000000,4,truck,0.779426,32.0,577.0,163.0,633.0,25.87631607055664,576.6129760742188,163.0274658203125,633.2366333007812,matched,1,VEHICLE_TRUCK,preprocessed/masks/left_rear_camera/masks/frame_000040_gt2d_001_track_-1_VEHICLE_TRUCK.png,0.8664357662200928
left_rear,40,1772699914213736000,data\camera\left_rear_camera\1772699914213736000.jpg,4000004,4,truck,0.689955,1276.0,465.0,1919.0,739.0,1312.9002685546875,464.0660400390625,1916.3643798828125,733.47021484375,matched,2,VEHICLE_TRUCK,preprocessed/masks/left_rear_camera/masks/frame_000040_gt2d_002_track_-1_VEHICLE_TRUCK.png,0.9668121337890625
left_rear,41,1772699914313744000,data\camera\left_rear_camera\1772699914313744000.jpg,-1,1,car,0.43592,429.0,620.0,503.0,650.0,429.0,620.0,503.0,650.0,unassigned,4,VEHICLE_CAR,preprocessed/masks/left_rear_camera/masks/frame_000041_gt2d_004_track_-1_VEHICLE_CAR.png,0.8043243885040283
left_rear,41,1772699914313744000,data\camera\left_rear_camera\1772699914313744000.jpg,-1,1,car,0.306978,5.0,618.0,32.0,636.0,5.0,618.0,32.0,636.0,unassigned,6,VEHICLE_CAR,preprocessed/masks/left_rear_camera/masks/frame_000041_gt2d_006_track_-1_VEHICLE_CAR.png,0.9159414768218994
left_rear,41,1772699914313744000,data\camera\left_rear_camera\1772699914313744000.jpg,0,0,bus,0.918771,542.0,499.0,916.0,672.0,535.5706176757812,500.23712158203125,916.997802734375,670.7887573242188,matched,0,VEHICLE_BUS,preprocessed/masks/left_rear_camera/masks/frame_000041_gt2d_000_track_-1_VEHICLE_BUS.png,0.9282500743865967
left_rear,41,1772699914313744000,data\camera\left_rear_camera\1772699914313744000.jpg,1000002,1,car,0.384432,499.0,608.0,579.0,652.0,499.4541015625,607.4876098632812,581.317626953125,652.017578125,matched,5,VEHICLE_SUV,preprocessed/masks/left_rear_camera/masks/frame_000041_gt2d_005_track_-1_VEHICLE_SUV.png,0.8630839586257935
left_rear,41,1772699914313744000,data\camera\left_rear_camera\1772699914313744000.jpg,4000000,4,truck,0.768206,38.0,578.0,169.0,632.0,36.88106918334961,577.3455200195312,170.50384521484375,631.8091430664062,matched,1,VEHICLE_TRUCK,preprocessed/masks/left_rear_camera/masks/frame_000041_gt2d_001_track_-1_VEHICLE_TRUCK.png,0.844037652015686
left_rear,41,1772699914313744000,data\camera\left_rear_camera\1772699914313744000.jpg,4000004,4,truck,0.737602,1206.0,472.0,1918.0,720.0,1233.2060546875,468.03326416015625,1917.4268798828125,725.1097412109375,matched,2,VEHICLE_TRUCK,preprocessed/masks/left_rear_camera/masks/frame_000041_gt2d_002_track_-1_VEHICLE_TRUCK.png,0.9617265462875366
left_rear,41,1772699914313744000,data\camera\left_rear_camera\1772699914313744000.jpg,4000007,4,truck,0.554688,808.0,510.0,1067.0,672.0,808.0,510.0,1067.0,672.0,tentative,3,VEHICLE_TRUCK_SMALL,preprocessed/masks/left_rear_camera/masks/frame_000041_gt2d_003_track_-1_VEHICLE_TRUCK_SMALL.png,0.9028680324554443
left_rear,42,1772699914413751000,data\camera\left_rear_camera\1772699914413751000.jpg,-1,4,truck,0.358406,430.0,603.0,526.0,649.0,430.0,603.0,526.0,649.0,unassigned,5,VEHICLE_TRUCK,preprocessed/masks/left_rear_camera/masks/frame_000042_gt2d_005_track_-1_VEHICLE_TRUCK.png,0.8675390481948853
left_rear,42,1772699914413751000,data\camera\left_rear_camera\1772699914413751000.jpg,0,0,bus,0.917935,524.0,504.0,873.0,671.0,512.6102905273438,505.82232666015625,866.7959594726562,670.309814453125,matched,0,VEHICLE_BUS,preprocessed/masks/left_rear_camera/masks/frame_000042_gt2d_000_track_-1_VEHICLE_BUS.png,0.9454097151756287
left_rear,42,1772699914413751000,data\camera\left_rear_camera\1772699914413751000.jpg,1000003,1,car,0.519612,424.0,620.0,491.0,652.0,424.0,620.0,491.0,652.0,tentative,3,VEHICLE_CAR,preprocessed/masks/left_rear_camera/masks/frame_000042_gt2d_003_track_-1_VEHICLE_CAR.png,0.889216423034668
left_rear,42,1772699914413751000,data\camera\left_rear_camera\1772699914413751000.jpg,4000000,4,truck,0.617,41.0,578.0,168.0,633.0,37.8411979675293,578.3047485351562,167.45094299316406,632.7348022460938,matched,2,VEHICLE_TRUCK,preprocessed/masks/left_rear_camera/masks/frame_000042_gt2d_002_track_-1_VEHICLE_TRUCK.png,0.7931742072105408
left_rear,42,1772699914413751000,data\camera\left_rear_camera\1772699914413751000.jpg,4000004,4,truck,0.679211,1141.0,482.0,1765.0,713.0,1155.0263671875,477.28302001953125,1821.6846923828125,717.683837890625,matched,1,VEHICLE_TRUCK,preprocessed/masks/left_rear_camera/masks/frame_000042_gt2d_001_track_-1_VEHICLE_TRUCK.png,0.9462024569511414
left_rear,42,1772699914413751000,data\camera\left_rear_camera\1772699914413751000.jpg,4000007,4,truck,0.504038,774.0,512.0,1043.0,672.0,775.9526977539062,511.99871826171875,1042.95263671875,672.398681640625,matched,4,VEHICLE_TRUCK,preprocessed/masks/left_rear_camera/masks/frame_000042_gt2d_004_track_-1_VEHICLE_TRUCK.png,0.9222704172134399
left_rear,43,1772699914513759000,data\camera\left_rear_camera\1772699914513759000.jpg,-1,1,car,0.364845,2.0,619.0,28.0,637.0,2.0,619.0,28.0,637.0,unassigned,5,VEHICLE_CAR,preprocessed/masks/left_rear_camera/masks/frame_000043_gt2d_005_track_-1_VEHICLE_CAR.png,0.8938753604888916
left_rear,43,1772699914513759000,data\camera\left_rear_camera\1772699914513759000.jpg,-1,4,truck,0.36256,421.0,603.0,511.0,648.0,421.0,603.0,511.0,648.0,unassigned,6,VEHICLE_TRUCK,preprocessed/masks/left_rear_camera/masks/frame_000043_gt2d_006_track_-1_VEHICLE_TRUCK.png,0.8954649567604065
left_rear,43,1772699914513759000,data\camera\left_rear_camera\1772699914513759000.jpg,0,0,bus,0.908221,496.0,508.0,833.0,668.0,488.175537109375,509.9670104980469,825.3847045898438,667.9926147460938,matched,0,VEHICLE_BUS,preprocessed/masks/left_rear_camera/masks/frame_000043_gt2d_000_track_-1_VEHICLE_BUS.png,0.9418193697929382
left_rear,43,1772699914513759000,data\camera\left_rear_camera\1772699914513759000.jpg,1000003,1,car,0.56631,410.0,620.0,484.0,654.0,408.378662109375,620.3121948242188,480.9786376953125,653.9121704101562,matched,4,VEHICLE_CAR,preprocessed/masks/left_rear_camera/masks/frame_000043_gt2d_004_track_-1_VEHICLE_CAR.png,0.8426549434661865
left_rear,43,1772699914513759000,data\camera\left_rear_camera\1772699914513759000.jpg,4000000,4,truck,0.633519,48.0,579.0,168.0,635.0,43.809898376464844,579.1318359375,167.1909637451172,634.2664184570312,matched,2,VEHICLE_TRUCK,preprocessed/masks/left_rear_camera/masks/frame_000043_gt2d_002_track_-1_VEHICLE_TRUCK.png,0.813328742980957
left_rear,43,1772699914513759000,data\camera\left_rear_camera\1772699914513759000.jpg,4000004,4,truck,0.692515,1080.0,498.0,1703.0,708.0,1086.87353515625,491.5558776855469,1741.8343505859375,711.2412109375,matched,1,VEHICLE_TRUCK,preprocessed/masks/left_rear_camera/masks/frame_000043_gt2d_001_track_-1_VEHICLE_TRUCK.png,0.9584580659866333
left_rear,43,1772699914513759000,data\camera\left_rear_camera\1772699914513759000.jpg,4000007,4,truck,0.570404,739.0,514.0,1019.0,672.0,742.5154418945312,513.900146484375,1019.4371337890625,672.4443969726562,matched,3,VEHICLE_TRUCK_SMALL,preprocessed/masks/left_rear_camera/masks/frame_000043_gt2d_003_track_-1_VEHICLE_TRUCK_SMALL.png,0.933917760848999
left_rear,44,1772699914613735000,data\camera\left_rear_camera\1772699914613735000.jpg,-1,1,car,0.37552,1.0,621.0,28.0,640.0,1.0,621.0,28.0,640.0,unassigned,5,VEHICLE_CAR,preprocessed/masks/left_rear_camera/masks/frame_000044_gt2d_005_track_-1_VEHICLE_CAR.png,0.8562310934066772
left_rear,44,1772699914613735000,data\camera\left_rear_camera\1772699914613735000.jpg,-1,4,truck,0.314507,422.0,605.0,495.0,648.0,422.0,605.0,495.0,648.0,unassigned,6,VEHICLE_TRUCK,preprocessed/masks/left_rear_camera/masks/frame_000044_gt2d_006_track_-1_VEHICLE_TRUCK.png,0.908312201499939
left_rear,44,1772699914613735000,data\camera\left_rear_camera\1772699914613735000.jpg,0,0,bus,0.90741,478.0,513.0,797.0,668.0,471.96868896484375,514.1865844726562,791.4468994140625,667.0,matched,0,VEHICLE_BUS,preprocessed/masks/left_rear_camera/masks/frame_000044_gt2d_000_track_-1_VEHICLE_BUS.png,0.9299577474594116
left_rear,44,1772699914613735000,data\camera\left_rear_camera\1772699914613735000.jpg,1000003,1,car,0.684389,399.0,621.0,473.0,656.0,398.2232971191406,620.952392578125,471.87432861328125,655.6144409179688,matched,2,VEHICLE_CAR,preprocessed/masks/left_rear_camera/masks/frame_000044_gt2d_002_track_-1_VEHICLE_CAR.png,0.8992387652397156
left_rear,44,1772699914613735000,data\camera\left_rear_camera\1772699914613735000.jpg,4000000,4,truck,0.4015,61.0,582.0,162.0,634.0,58.066585540771484,581.0535888671875,166.23391723632812,633.7999267578125,matched,4,VEHICLE_TRUCK,preprocessed/masks/left_rear_camera/masks/frame_000044_gt2d_004_track_-1_VEHICLE_TRUCK.png,0.8316850662231445
left_rear,44,1772699914613735000,data\camera\left_rear_camera\1772699914613735000.jpg,4000004,4,truck,0.688271,1028.0,501.0,1610.0,705.0,1032.0662841796875,498.4673156738281,1655.1317138671875,706.4613037109375,matched,1,VEHICLE_TRUCK,preprocessed/masks/left_rear_camera/masks/frame_000044_gt2d_001_track_-1_VEHICLE_TRUCK.png,0.9603250622749329
left_rear,44,1772699914613735000,data\camera\left_rear_camera\1772699914613735000.jpg,4000007,4,truck,0.596919,706.0,518.0,992.0,672.0,710.53369140625,517.2545776367188,995.4389038085938,672.0489501953125,matched,3,VEHICLE_TRUCK,preprocessed/masks/left_rear_camera/masks/frame_000044_gt2d_003_track_-1_VEHICLE_TRUCK.png,0.9289965629577637
left_rear,45,1772699914713743000,data\camera\left_rear_camera\1772699914713743000.jpg,-1,1,car,0.365918,1704.0,610.0,1784.0,667.0,1704.0,610.0,1784.0,667.0,unassigned,5,VEHICLE_SUV,preprocessed/masks/left_rear_camera/masks/frame_000045_gt2d_005_track_-1_VEHICLE_SUV.png,0.9081954956054688
left_rear,45,1772699914713743000,data\camera\left_rear_camera\1772699914713743000.jpg,-1,1,car,0.352025,0.0,622.0,27.0,641.0,0.0,622.0,27.0,641.0,unassigned,6,VEHICLE_CAR,preprocessed/masks/left_rear_camera/masks/frame_000045_gt2d_006_track_-1_VEHICLE_CAR.png,0.8619366884231567
left_rear,45,1772699914713743000,data\camera\left_rear_camera\1772699914713743000.jpg,-1,4,truck,0.330333,0.0,583.0,42.0,641.0,0.0,583.0,42.0,641.0,unassigned,7,VEHICLE_TRUCK_SMALL,preprocessed/masks/left_rear_camera/masks/frame_000045_gt2d_007_track_-1_VEHICLE_TRUCK_SMALL.png,0.9036655426025391
left_rear,45,1772699914713743000,data\camera\left_rear_camera\1772699914713743000.jpg,0,0,bus,0.905227,458.0,518.0,764.0,669.0,451.76531982421875,519.20263671875,756.8291015625,667.8759765625,matched,0,VEHICLE_BUS,preprocessed/masks/left_rear_camera/masks/frame_000045_gt2d_000_track_-1_VEHICLE_BUS.png,0.9332838654518127
left_rear,45,1772699914713743000,data\camera\left_rear_camera\1772699914713743000.jpg,1000003,1,car,0.528825,388.0,623.0,462.0,657.0,385.9998474121094,622.9390258789062,460.0272521972656,657.2134399414062,matched,3,VEHICLE_CAR,preprocessed/masks/left_rear_camera/masks/frame_000045_gt2d_003_track_-1_VEHICLE_CAR.png,0.8717937469482422
left_rear,45,1772699914713743000,data\camera\left_rear_camera\1772699914713743000.jpg,4000000,4,truck,0.426694,69.0,584.0,154.0,636.0,66.27621459960938,583.5345458984375,157.49285888671875,635.4337158203125,matched,4,VEHICLE_TRUCK,preprocessed/masks/left_rear_camera/masks/frame_000045_gt2d_004_track_-1_VEHICLE_TRUCK.png,0.873218834400177
left_rear,45,1772699914713743000,data\camera\left_rear_camera\1772699914713743000.jpg,4000004,4,truck,0.683798,978.0,508.0,1513.0,704.0,977.4617309570312,506.0517272949219,1555.7869873046875,704.5497436523438,matched,1,VEHICLE_TRUCK,preprocessed/masks/left_rear_camera/masks/frame_000045_gt2d_001_track_-1_VEHICLE_TRUCK.png,0.9600683450698853
left_rear,45,1772699914713743000,data\camera\left_rear_camera\1772699914713743000.jpg,4000007,4,truck,0.667847,681.0,521.0,972.0,672.0,680.8086547851562,520.8135375976562,971.7372436523438,672.2371826171875,matched,2,VEHICLE_TRUCK,preprocessed/masks/left_rear_camera/masks/frame_000045_gt2d_002_track_-1_VEHICLE_TRUCK.png,0.93694007396698
left_rear,46,1772699914813750000,data\camera\left_rear_camera\1772699914813750000.jpg,-1,1,car,0.341638,1668.0,611.0,1759.0,668.0,1668.0,611.0,1759.0,668.0,unassigned,4,VEHICLE_SUV,preprocessed/masks/left_rear_camera/masks/frame_000046_gt2d_004_track_-1_VEHICLE_SUV.png,0.8768098950386047
left_rear,46,1772699914813750000,data\camera\left_rear_camera\1772699914813750000.jpg,-1,1,car,0.319585,0.0,624.0,26.0,642.0,0.0,624.0,26.0,642.0,unassigned,5,VEHICLE_CAR,preprocessed/masks/left_rear_camera/masks/frame_000046_gt2d_005_track_-1_VEHICLE_CAR.png,0.8457756042480469
left_rear,46,1772699914813750000,data\camera\left_rear_camera\1772699914813750000.jpg,-1,4,truck,0.308331,0.0,586.0,41.0,642.0,0.0,586.0,41.0,642.0,unassigned,6,VEHICLE_TRUCK,preprocessed/masks/left_rear_camera/masks/frame_000046_gt2d_006_track_-1_VEHICLE_TRUCK.png,0.9090651869773865
left_rear,46,1772699914813750000,data\camera\left_rear_camera\1772699914813750000.jpg,0,0,bus,0.912996,438.0,523.0,734.0,668.0,433.26708984375,524.3130493164062,727.162353515625,667.7692260742188,matched,0,VEHICLE_BUS,preprocessed/masks/left_rear_camera/masks/frame_000046_gt2d_000_track_-1_VEHICLE_BUS.png,0.9402841925621033
left_rear,46,1772699914813750000,data\camera\left_rear_camera\1772699914813750000.jpg,1000003,1,car,0.493357,380.0,624.0,441.0,654.0,378.0841979980469,624.3909301757812,442.5831298828125,655.5142822265625,matched,3,VEHICLE_CAR,preprocessed/masks/left_rear_camera/masks/frame_000046_gt2d_003_track_-1_VEHICLE_CAR.png,0.8945407271385193
left_rear,46,1772699914813750000,data\camera\left_rear_camera\1772699914813750000.jpg,4000004,4,truck,0.718926,929.0,515.0,1428.0,701.0,927.5826416015625,513.656982421875,1463.0433349609375,702.04931640625,matched,1,VEHICLE_TRUCK,preprocessed/masks/left_rear_camera/masks/frame_000046_gt2d_001_track_-1_VEHICLE_TRUCK.png,0.9552855491638184
left_rear,46,1772699914813750000,data\camera\left_rear_camera\1772699914813750000.jpg,4000007,4,truck,0.710282,658.0,524.0,948.0,673.0,656.7183837890625,524.18359375,948.7116088867188,673.178955078125,matched,2,VEHICLE_TRUCK,preprocessed/masks/left_rear_camera/masks/frame_000046_gt2d_002_track_-1_VEHICLE_TRUCK.png,0.9261850118637085
left_rear,47,1772699914913758000,data\camera\left_rear_camera\1772699914913758000.jpg,-1,1,car,0.479919,1615.0,611.0,1729.0,669.0,1615.0,611.0,1729.0,669.0,unassigned,5,VEHICLE_SUV,preprocessed/masks/left_rear_camera/masks/frame_000047_gt2d_005_track_-1_VEHICLE_SUV.png,0.8865811228752136
left_rear,47,1772699914913758000,data\camera\left_rear_camera\1772699914913758000.jpg,0,0,bus,0.916731,421.0,527.0,705.0,666.0,415.4645690917969,528.700927734375,697.8309936523438,666.5546875,matched,0,VEHICLE_BUS,preprocessed/masks/left_rear_camera/masks/frame_000047_gt2d_000_track_-1_VEHICLE_BUS.png,0.9443868398666382
left_rear,47,1772699914913758000,data\camera\left_rear_camera\1772699914913758000.jpg,1000003,1,car,0.485314,370.0,626.0,427.0,655.0,368.4516296386719,626.3167724609375,426.6217041015625,655.6356811523438,matched,4,VEHICLE_CAR,preprocessed/masks/left_rear_camera/masks/frame_000047_gt2d_004_track_-1_VEHICLE_CAR.png,0.9164438247680664
left_rear,47,1772699914913758000,data\camera\left_rear_camera\1772699914913758000.jpg,1000004,1,car,0.504709,0.0,626.0,23.0,644.0,0.0,626.0,23.0,644.0,tentative,3,VEHICLE_CAR,preprocessed/masks/left_rear_camera/masks/frame_000047_gt2d_003_track_-1_VEHICLE_CAR.png,0.8608061671257019
left_rear,47,1772699914913758000,data\camera\left_rear_camera\1772699914913758000.jpg,4000004,4,truck,0.814857,892.0,519.0,1329.0,696.0,885.4300537109375,519.0926513671875,1361.94970703125,697.877197265625,matched,1,VEHICLE_TRUCK,preprocessed/masks/left_rear_camera/masks/frame_000047_gt2d_001_track_-1_VEHICLE_TRUCK.png,0.947717547416687
left_rear,47,1772699914913758000,data\camera\left_rear_camera\1772699914913758000.jpg,4000007,4,truck,0.811401,641.0,528.0,933.0,672.0,636.8076782226562,528.1629028320312,930.2649536132812,672.8827514648438,matched,2,VEHICLE_TRUCK,preprocessed/masks/left_rear_camera/masks/frame_000047_gt2d_002_track_-1_VEHICLE_TRUCK.png,0.9010646343231201
left_rear,48,1772699915013721000,data\camera\left_rear_camera\1772699915013721000.jpg,-1,1,car,0.484565,1588.0,610.0,1699.0,671.0,1588.0,610.0,1699.0,671.0,unassigned,4,VEHICLE_SUV,preprocessed/masks/left_rear_camera/masks/frame_000048_gt2d_004_track_-1_VEHICLE_SUV.png,0.9036470055580139
left_rear,48,1772699915013721000,data\camera\left_rear_camera\1772699915013721000.jpg,-1,1,car,0.433604,0.0,626.0,22.0,644.0,0.0,626.0,22.0,644.0,unassigned,5,VEHICLE_CAR,preprocessed/masks/left_rear_camera/masks/frame_000048_gt2d_005_track_-1_VEHICLE_CAR.png,0.8078715801239014
left_rear,48,1772699915013721000,data\camera\left_rear_camera\1772699915013721000.jpg,-1,1,car,0.307277,1203.0,626.0,1364.0,687.0,1203.0,626.0,1364.0,687.0,unassigned,6,VEHICLE_CAR,preprocessed/masks/left_rear_camera/masks/frame_000048_gt2d_006_track_-1_VEHICLE_CAR.png,0.9606173038482666
left_rear,48,1772699915013721000,data\camera\left_rear_camera\1772699915013721000.jpg,0,0,bus,0.920092,402.0,530.0,678.0,666.0,396.6365966796875,531.5643920898438,670.145263671875,665.7582397460938,matched,0,VEHICLE_BUS,preprocessed/masks/left_rear_camera/masks/frame_000048_gt2d_000_track_-1_VEHICLE_BUS.png,0.9429672956466675
left_rear,48,1772699915013721000,data\camera\left_rear_camera\1772699915013721000.jpg,1000003,1,car,0.487814,363.0,626.0,413.0,653.0,360.4166564941406,626.4505615234375,411.5543518066406,653.7771606445312,matched,3,VEHICLE_CAR,preprocessed/masks/left_rear_camera/masks/frame_000048_gt2d_003_track_-1_VEHICLE_CAR.png,0.8937278985977173
left_rear,48,1772699915013721000,data\camera\left_rear_camera\1772699915013721000.jpg,4000004,4,truck,0.801382,853.0,524.0,1266.0,690.0,845.4478149414062,523.8384399414062,1281.8956298828125,691.8384399414062,matched,2,VEHICLE_TRUCK,preprocessed/masks/left_rear_camera/masks/frame_000048_gt2d_002_track_-1_VEHICLE_TRUCK.png,0.9557019472122192
left_rear,48,1772699915013721000,data\camera\left_rear_camera\1772699915013721000.jpg,4000007,4,truck,0.837356,608.0,531.0,909.0,671.0,607.5167236328125,531.0631103515625,907.4410400390625,671.6069946289062,matched,1,VEHICLE_TRUCK,preprocessed/masks/left_rear_camera/masks/frame_000048_gt2d_001_track_-1_VEHICLE_TRUCK.png,0.9168055057525635
left_rear,49,1772699915113851000,data\camera\left_rear_camera\1772699915113851000.jpg,-1,1,car,0.331741,1122.0,627.0,1270.0,683.0,1122.0,627.0,1270.0,683.0,unassigned,5,VEHICLE_CAR,preprocessed/masks/left_rear_camera/masks/frame_000049_gt2d_005_track_-1_VEHICLE_CAR.png,0.9259405732154846
left_rear,49,1772699915113851000,data\camera\left_rear_camera\1772699915113851000.jpg,-1,1,car,0.312251,0.0,627.0,21.0,645.0,0.0,627.0,21.0,645.0,unassigned,6,VEHICLE_CAR,preprocessed/masks/left_rear_camera/masks/frame_000049_gt2d_006_track_-1_VEHICLE_CAR.png,0.8407964110374451
left_rear,49,1772699915113851000,data\camera\left_rear_camera\1772699915113851000.jpg,0,0,bus,0.923172,390.0,533.0,653.0,665.0,384.9789123535156,534.1261596679688,646.97900390625,664.5868530273438,matched,0,VEHICLE_BUS,preprocessed/masks/left_rear_camera/masks/frame_000049_gt2d_000_track_-1_VEHICLE_BUS.png,0.9342921376228333
left_rear,49,1772699915113851000,data\camera\left_rear_camera\1772699915113851000.jpg,1000003,1,car,0.4254,355.0,626.0,403.0,653.0,354.389892578125,626.19189453125,402.1101989746094,652.937744140625,matched,4,VEHICLE_CAR,preprocessed/masks/left_rear_camera/masks/frame_000049_gt2d_004_track_-1_VEHICLE_CAR.png,0.8380564451217651
left_rear,49,1772699915113851000,data\camera\left_rear_camera\1772699915113851000.jpg,1000005,1,car,0.572741,1564.0,611.0,1668.0,670.0,1564.0,611.0,1668.0,670.0,tentative,3,VEHICLE_SUV,preprocessed/masks/left_rear_camera/masks/frame_000049_gt2d_003_track_-1_VEHICLE_SUV.png,0.916463315486908
left_rear,49,1772699915113851000,data\camera\left_rear_camera\1772699915113851000.jpg,4000004,4,truck,0.85089,818.0,530.0,1228.0,687.0,811.595703125,529.2405395507812,1231.2000732421875,687.4695434570312,matched,1,VEHICLE_TRUCK,preprocessed/masks/left_rear_camera/masks/frame_000049_gt2d_001_track_-1_VEHICLE_TRUCK.png,0.9470013380050659
left_rear,49,1772699915113851000,data\camera\left_rear_camera\1772699915113851000.jpg,4000007,4,truck,0.83667,596.0,531.0,890.0,671.0,591.8912963867188,531.6659545898438,889.3316040039062,670.9083251953125,matched,2,VEHICLE_TRUCK,preprocessed/masks/left_rear_camera/masks/frame_000049_gt2d_002_track_-1_VEHICLE_TRUCK.png,0.9184879064559937
left_rear,50,1772699915213828000,data\camera\left_rear_camera\1772699915213828000.jpg,-1,1,car,0.394058,0.0,628.0,20.0,645.0,0.0,628.0,20.0,645.0,unassigned,4,VEHICLE_CAR,preprocessed/masks/left_rear_camera/masks/frame_000050_gt2d_004_track_-1_VEHICLE_CAR.png,0.8335795402526855
left_rear,50,1772699915213828000,data\camera\left_rear_camera\1772699915213828000.jpg,0,0,bus,0.929842,374.0,537.0,633.0,666.0,372.27520751953125,537.680908203125,628.1537475585938,665.0665893554688,matched,0,VEHICLE_BUS,preprocessed/masks/left_rear_camera/masks/frame_000050_gt2d_000_track_-1_VEHICLE_BUS.png,0.9283462762832642
left_rear,50,1772699915213828000,data\camera\left_rear_camera\1772699915213828000.jpg,1000005,1,car,0.523545,1540.0,613.0,1643.0,671.0,1542.49951171875,612.8705444335938,1645.6995849609375,671.070556640625,matched,3,VEHICLE_SUV,preprocessed/masks/left_rear_camera/masks/frame_000050_gt2d_003_track_-1_VEHICLE_SUV.png,0.8907425403594971
left_rear,50,1772699915213828000,data\camera\left_rear_camera\1772699915213828000.jpg,4000004,4,truck,0.870311,787.0,538.0,1215.0,686.0,781.7418823242188,536.666748046875,1207.6334228515625,685.5262451171875,matched,1,VEHICLE_TRUCK,preprocessed/masks/left_rear_camera/masks/frame_000050_gt2d_001_track_-1_VEHICLE_TRUCK.png,0.9003466367721558
left_rear,50,1772699915213828000,data\camera\left_rear_camera\1772699915213828000.jpg,4000007,4,truck,0.818953,612.0,534.0,877.0,670.0,599.5460205078125,533.970458984375,876.3062744140625,670.1127319335938,matched,2,VEHICLE_TRUCK,preprocessed/masks/left_rear_camera/masks/frame_000050_gt2d_002_track_-1_VEHICLE_TRUCK.png,0.9371923804283142
left_rear,51,1772699915313835000,data\camera\left_rear_camera\1772699915313835000.jpg,-1,1,car,0.376179,1766.0,613.0,1871.0,682.0,1766.0,613.0,1871.0,682.0,unassigned,3,VEHICLE_SUV,preprocessed/masks/left_rear_camera/masks/frame_000051_gt2d_003_track_-1_VEHICLE_SUV.png,0.8407332897186279
left_rear,51,1772699915313835000,data\camera\left_rear_camera\1772699915313835000.jpg,-1,1,car,0.309324,0.0,627.0,19.0,643.0,0.0,627.0,19.0,643.0,unassigned,4,VEHICLE_CAR,preprocessed/masks/left_rear_camera/masks/frame_000051_gt2d_004_track_-1_VEHICLE_CAR.png,0.8276827335357666
left_rear,51,1772699915313835000,data\camera\left_rear_camera\1772699915313835000.jpg,0,0,bus,0.933837,361.0,539.0,612.0,664.0,357.6061096191406,540.5457763671875,606.3353271484375,664.3643188476562,matched,0,VEHICLE_BUS,preprocessed/masks/left_rear_camera/masks/frame_000051_gt2d_000_track_-1_VEHICLE_BUS.png,0.9328550100326538
left_rear,51,1772699915313835000,data\camera\left_rear_camera\1772699915313835000.jpg,4000004,4,truck,0.873406,760.0,541.0,1184.0,684.0,752.0596313476562,541.5365600585938,1177.4549560546875,684.0233154296875,matched,1,VEHICLE_TRUCK,preprocessed/masks/left_rear_camera/masks/frame_000051_gt2d_001_track_-1_VEHICLE_TRUCK.png,0.9021918177604675
left_rear,51,1772699915313835000,data\camera\left_rear_camera\1772699915313835000.jpg,4000007,4,truck,0.77513,595.0,535.0,864.0,669.0,589.9986572265625,535.8275146484375,861.4398193359375,669.6143188476562,matched,2,VEHICLE_TRUCK,preprocessed/masks/left_rear_camera/masks/frame_000051_gt2d_002_track_-1_VEHICLE_TRUCK.png,0.9035857319831848
left_rear,52,1772699915413843000,data\camera\left_rear_camera\1772699915413843000.jpg,-1,1,car,0.431159,306.0,618.0,349.0,650.0,306.0,618.0,349.0,650.0,unassigned,3,VEHICLE_SUV,preprocessed/masks/left_rear_camera/masks/frame_000052_gt2d_003_track_-1_VEHICLE_SUV.png,0.8871315717697144
left_rear,52,1772699915413843000,data\camera\left_rear_camera\1772699915413843000.jpg,-1,1,car,0.364327,0.0,625.0,16.0,641.0,0.0,625.0,16.0,641.0,unassigned,4,VEHICLE_CAR,preprocessed/masks/left_rear_camera/masks/frame_000052_gt2d_004_track_-1_VEHICLE_CAR.png,0.7289474010467529
left_rear,52,1772699915413843000,data\camera\left_rear_camera\1772699915413843000.jpg,0,0,bus,0.932859,348.0,540.0,590.0,662.0,345.1964111328125,541.2539672851562,585.7188110351562,662.0121459960938,matched,0,VEHICLE_BUS,preprocessed/masks/left_rear_camera/masks/frame_000052_gt2d_000_track_-1_VEHICLE_BUS.png,0.9346182346343994
left_rear,52,1772699915413843000,data\camera\left_rear_camera\1772699915413843000.jpg,4000004,4,truck,0.8493,731.0,544.0,1153.0,681.0,724.405517578125,544.3466186523438,1148.1627197265625,680.7767944335938,matched,1,VEHICLE_TRUCK,preprocessed/masks/left_rear_camera/masks/frame_000052_gt2d_001_track_-1_VEHICLE_TRUCK.png,0.9300527572631836
left_rear,52,1772699915413843000,data\camera\left_rear_camera\1772699915413843000.jpg,4000007,4,truck,0.736197,583.0,535.0,847.0,665.0,579.9330444335938,535.6011962890625,846.098388671875,665.9232177734375,matched,2,VEHICLE_TRUCK,preprocessed/masks/left_rear_camera/masks/frame_000052_gt2d_002_track_-1_VEHICLE_TRUCK.png,0.8041595816612244
left_rear,53,1772699915513850000,data\camera\left_rear_camera\1772699915513850000.jpg,-1,1,car,0.432592,0.0,625.0,16.0,642.0,0.0,625.0,16.0,642.0,unassigned,4,VEHICLE_CAR,preprocessed/masks/left_rear_camera/masks/frame_000053_gt2d_004_track_-1_VEHICLE_CAR.png,0.7342971563339233
left_rear,53,1772699915513850000,data\camera\left_rear_camera\1772699915513850000.jpg,-1,4,truck,0.367706,909.0,548.0,1124.0,675.0,909.0,548.0,1124.0,675.0,unassigned,5,VEHICLE_TRUCK_SMALL,preprocessed/masks/left_rear_camera/masks/frame_000053_gt2d_005_track_-1_VEHICLE_TRUCK_SMALL.png,0.906124472618103
left_rear,53,1772699915513850000,data\camera\left_rear_camera\1772699915513850000.jpg,-1,1,car,0.366925,876.0,625.0,1021.0,675.0,876.0,625.0,1021.0,675.0,unassigned,6,VEHICLE_CAR,preprocessed/masks/left_rear_camera/masks/frame_000053_gt2d_006_track_-1_VEHICLE_CAR.png,0.8392617702484131
left_rear,53,1772699915513850000,data\camera\left_rear_camera\1772699915513850000.jpg,-1,1,car,0.31853,1269.0,635.0,1417.0,682.0,1269.0,635.0,1417.0,682.0,unassigned,7,VEHICLE_CAR,preprocessed/masks/left_rear_camera/masks/frame_000053_gt2d_007_track_-1_VEHICLE_CAR.png,0.9566032886505127
left_rear,53,1772699915513850000,data\camera\left_rear_camera\1772699915513850000.jpg,0,0,bus,0.935358,337.0,542.0,572.0,661.0,334.8642578125,542.5575561523438,568.170166015625,660.4105834960938,matched,0,VEHICLE_BUS,preprocessed/masks/left_rear_camera/masks/frame_000053_gt2d_000_track_-1_VEHICLE_BUS.png,0.9268541932106018
left_rear,53,1772699915513850000,data\camera\left_rear_camera\1772699915513850000.jpg,1000005,1,car,0.541265,1460.0,612.0,1562.0,667.0,1461.915283203125,612.2100219726562,1563.9779052734375,667.3753662109375,matched,3,VEHICLE_SUV,preprocessed/masks/left_rear_camera/masks/frame_000053_gt2d_003_track_-1_VEHICLE_SUV.png,0.9107927083969116
left_rear,53,1772699915513850000,data\camera\left_rear_camera\1772699915513850000.jpg,4000004,4,truck,0.739569,706.0,546.0,1122.0,677.0,699.98974609375,546.3740844726562,1119.0308837890625,676.8505249023438,matched,2,VEHICLE_TRUCK,preprocessed/masks/left_rear_camera/masks/frame_000053_gt2d_002_track_-1_VEHICLE_TRUCK.png,0.9253993034362793
left_rear,53,1772699915513850000,data\camera\left_rear_camera\1772699915513850000.jpg,4000007,4,truck,0.814322,571.0,537.0,829.0,663.0,569.6893310546875,536.6593017578125,829.8884887695312,663.1159057617188,matched,1,VEHICLE_TRUCK,preprocessed/masks/left_rear_camera/masks/frame_000053_gt2d_001_track_-1_VEHICLE_TRUCK.png,0.8717886209487915
left_rear,54,1772699915613858000,data\camera\left_rear_camera\1772699915613858000.jpg,-1,1,car,0.494068,0.0,625.0,14.0,641.0,0.0,625.0,14.0,641.0,unassigned,3,VEHICLE_CAR,preprocessed/masks/left_rear_camera/masks/frame_000054_gt2d_003_track_-1_VEHICLE_CAR.png,0.7400751113891602
left_rear,54,1772699915613858000,data\camera\left_rear_camera\1772699915613858000.jpg,-1,4,truck,0.459703,866.0,550.0,1100.0,676.0,866.0,550.0,1100.0,676.0,unassigned,4,VEHICLE_TRUCK_SMALL,preprocessed/masks/left_rear_camera/masks/frame_000054_gt2d_004_track_-1_VEHICLE_TRUCK_SMALL.png,0.892473042011261
left_rear,54,1772699915613858000,data\camera\left_rear_camera\1772699915613858000.jpg,-1,4,truck,0.312976,703.0,549.0,1105.0,680.0,703.0,549.0,1105.0,680.0,unassigned,5,VEHICLE_TRUCK,preprocessed/masks/left_rear_camera/masks/frame_000054_gt2d_005_track_-1_VEHICLE_TRUCK.png,0.9016629457473755
left_rear,54,1772699915613858000,data\camera\left_rear_camera\1772699915613858000.jpg,0,0,bus,0.925559,325.0,544.0,553.0,661.0,322.5059509277344,544.8504028320312,548.908935546875,660.527099609375,matched,0,VEHICLE_BUS,preprocessed/masks/left_rear_camera/masks/frame_000054_gt2d_000_track_-1_VEHICLE_BUS.png,0.931133508682251
left_rear,54,1772699915613858000,data\camera\left_rear_camera\1772699915613858000.jpg,4000004,4,truck,0.740651,682.0,550.0,988.0,675.0,675.234619140625,550.2823486328125,1018.6851806640625,674.8306884765625,matched,2,VEHICLE_TRUCK,preprocessed/masks/left_rear_camera/masks/frame_000054_gt2d_002_track_-1_VEHICLE_TRUCK.png,0.9126867651939392
left_rear,54,1772699915613858000,data\camera\left_rear_camera\1772699915613858000.jpg,4000007,4,truck,0.742846,562.0,540.0,814.0,663.0,559.2888793945312,539.64990234375,813.2899780273438,662.7903442382812,matched,1,VEHICLE_TRUCK,preprocessed/masks/left_rear_camera/masks/frame_000054_gt2d_001_track_-1_VEHICLE_TRUCK.png,0.8690962791442871
left_rear,55,1772699915713835000,data\camera\left_rear_camera\1772699915713835000.jpg,-1,4,truck,0.491844,851.0,553.0,1075.0,678.0,851.0,553.0,1075.0,678.0,unassigned,4,VEHICLE_TRUCK_SMALL,preprocessed/masks/left_rear_camera/masks/frame_000055_gt2d_004_track_-1_VEHICLE_TRUCK_SMALL.png,0.8938860893249512
left_rear,55,1772699915713835000,data\camera\left_rear_camera\1772699915713835000.jpg,-1,1,car,0.436023,1644.0,616.0,1763.0,678.0,1644.0,616.0,1763.0,678.0,unassigned,5,VEHICLE_SUV,preprocessed/masks/left_rear_camera/masks/frame_000055_gt2d_005_track_-1_VEHICLE_SUV.png,0.8944136500358582
left_rear,55,1772699915713835000,data\camera\left_rear_camera\1772699915713835000.jpg,-1,1,car,0.412582,0.0,625.0,12.0,641.0,0.0,625.0,12.0,641.0,unassigned,6,VEHICLE_CAR,preprocessed/masks/left_rear_camera/masks/frame_000055_gt2d_006_track_-1_VEHICLE_CAR.png,0.7585110664367676
left_rear,55,1772699915713835000,data\camera\left_rear_camera\1772699915713835000.jpg,-1,1,car,0.352415,496.0,620.0,556.0,658.0,496.0,620.0,556.0,658.0,unassigned,7,VEHICLE_SUV,preprocessed/masks/left_rear_camera/masks/frame_000055_gt2d_007_track_-1_VEHICLE_SUV.png,0.7702401876449585
left_rear,55,1772699915713835000,data\camera\left_rear_camera\1772699915713835000.jpg,-1,1,car,0.340746,781.0,625.0,940.0,674.0,781.0,625.0,940.0,674.0,unassigned,8,VEHICLE_CAR,preprocessed/masks/left_rear_camera/masks/frame_000055_gt2d_008_track_-1_VEHICLE_CAR.png,0.8600659370422363
left_rear,55,1772699915713835000,data\camera\left_rear_camera\1772699915713835000.jpg,-1,1,car,0.333694,1490.0,637.0,1634.0,688.0,1490.0,637.0,1634.0,688.0,unassigned,9,VEHICLE_CAR,preprocessed/masks/left_rear_camera/masks/frame_000055_gt2d_009_track_-1_VEHICLE_CAR.png,0.9252127408981323
left_rear,55,1772699915713835000,data\camera\left_rear_camera\1772699915713835000.jpg,-1,1,car,0.331516,1091.0,635.0,1218.0,679.0,1091.0,635.0,1218.0,679.0,unassigned,10,VEHICLE_CAR,preprocessed/masks/left_rear_camera/masks/frame_000055_gt2d_010_track_-1_VEHICLE_CAR.png,0.9480164051055908
left_rear,55,1772699915713835000,data\camera\left_rear_camera\1772699915713835000.jpg,0,0,bus,0.920676,314.0,545.0,538.0,661.0,311.5586853027344,546.2297973632812,533.22412109375,660.6524658203125,matched,0,VEHICLE_BUS,preprocessed/masks/left_rear_camera/masks/frame_000055_gt2d_000_track_-1_VEHICLE_BUS.png,0.9282374382019043
left_rear,55,1772699915713835000,data\camera\left_rear_camera\1772699915713835000.jpg,1000006,1,car,0.550137,1799.0,613.0,1905.0,679.0,1799.0,613.0,1905.0,679.0,tentative,3,VEHICLE_SUV,preprocessed/masks/left_rear_camera/masks/frame_000055_gt2d_003_track_-1_VEHICLE_SUV.png,0.9259227514266968
left_rear,55,1772699915713835000,data\camera\left_rear_camera\1772699915713835000.jpg,4000004,4,truck,0.864651,660.0,551.0,958.0,672.0,654.2907104492188,552.154052734375,962.2723388671875,672.1837768554688,matched,1,VEHICLE_TRUCK,preprocessed/masks/left_rear_camera/masks/frame_000055_gt2d_001_track_-1_VEHICLE_TRUCK.png,0.8822051882743835
left_rear,55,1772699915713835000,data\camera\left_rear_camera\1772699915713835000.jpg,4000007,4,truck,0.769572,555.0,541.0,798.0,663.0,551.6930541992188,541.3552856445312,797.4038696289062,662.7557983398438,matched,2,VEHICLE_TRUCK,preprocessed/masks/left_rear_camera/masks/frame_000055_gt2d_002_track_-1_VEHICLE_TRUCK.png,0.8828625679016113
left_rear,56,1772699915813842000,data\camera\left_rear_camera\1772699915813842000.jpg,-1,4,truck,0.493407,795.0,554.0,1053.0,678.0,795.0,554.0,1053.0,678.0,unassigned,3,VEHICLE_TRUCK,preprocessed/masks/left_rear_camera/masks/frame_000056_gt2d_003_track_-1_VEHICLE_TRUCK.png,0.8876526355743408
left_rear,56,1772699915813842000,data\camera\left_rear_camera\1772699915813842000.jpg,-1,4,truck,0.491412,651.0,553.0,1051.0,680.0,651.0,553.0,1051.0,680.0,unassigned,4,VEHICLE_TRUCK,preprocessed/masks/left_rear_camera/masks/frame_000056_gt2d_004_track_-1_VEHICLE_TRUCK.png,0.9205095171928406
left_rear,56,1772699915813842000,data\camera\left_rear_camera\1772699915813842000.jpg,-1,1,car,0.45208,1612.0,617.0,1736.0,677.0,1612.0,617.0,1736.0,677.0,unassigned,5,VEHICLE_SUV,preprocessed/masks/left_rear_camera/masks/frame_000056_gt2d_005_track_-1_VEHICLE_SUV.png,0.86492520570755
left_rear,56,1772699915813842000,data\camera\left_rear_camera\1772699915813842000.jpg,-1,1,car,0.389934,1759.0,615.0,1893.0,678.0,1759.0,615.0,1893.0,678.0,unassigned,6,VEHICLE_CAR,preprocessed/masks/left_rear_camera/masks/frame_000056_gt2d_006_track_-1_VEHICLE_CAR.png,0.866204023361206
left_rear,56,1772699915813842000,data\camera\left_rear_camera\1772699915813842000.jpg,-1,1,car,0.36824,0.0,625.0,11.0,642.0,0.0,625.0,11.0,642.0,unassigned,7,VEHICLE_CAR,preprocessed/masks/left_rear_camera/masks/frame_000056_gt2d_007_track_-1_VEHICLE_CAR.png,0.7698566913604736
left_rear,56,1772699915813842000,data\camera\left_rear_camera\1772699915813842000.jpg,-1,1,car,0.330653,1022.0,636.0,1128.0,675.0,1022.0,636.0,1128.0,675.0,unassigned,8,VEHICLE_CAR,preprocessed/masks/left_rear_camera/masks/frame_000056_gt2d_008_track_-1_VEHICLE_CAR.png,0.9485074281692505
left_rear,56,1772699915813842000,data\camera\left_rear_camera\1772699915813842000.jpg,-1,1,car,0.318685,742.0,624.0,913.0,673.0,742.0,624.0,913.0,673.0,unassigned,9,VEHICLE_CAR,preprocessed/masks/left_rear_camera/masks/frame_000056_gt2d_009_track_-1_VEHICLE_CAR.png,0.8384416103363037
left_rear,56,1772699915813842000,data\camera\left_rear_camera\1772699915813842000.jpg,-1,1,car,0.308941,487.0,620.0,544.0,656.0,487.0,620.0,544.0,656.0,unassigned,10,VEHICLE_SUV,preprocessed/masks/left_rear_camera/masks/frame_000056_gt2d_010_track_-1_VEHICLE_SUV.png,0.7626523375511169
left_rear,56,1772699915813842000,data\camera\left_rear_camera\1772699915813842000.jpg,0,0,bus,0.922353,307.0,548.0,521.0,661.0,303.1336669921875,548.5330810546875,516.639892578125,660.638427734375,matched,0,VEHICLE_BUS,preprocessed/masks/left_rear_camera/masks/frame_000056_gt2d_000_track_-1_VEHICLE_BUS.png,0.9268646836280823
left_rear,56,1772699915813842000,data\camera\left_rear_camera\1772699915813842000.jpg,4000004,4,truck,0.779249,637.0,554.0,915.0,669.0,632.0465698242188,554.6239624023438,914.75634765625,669.1932373046875,matched,1,VEHICLE_TRUCK,preprocessed/masks/left_rear_camera/masks/frame_000056_gt2d_001_track_-1_VEHICLE_TRUCK.png,0.8887789249420166
left_rear,56,1772699915813842000,data\camera\left_rear_camera\1772699915813842000.jpg,4000007,4,truck,0.759235,546.0,542.0,771.0,662.0,543.0448608398438,542.4671630859375,773.5680541992188,662.0009155273438,matched,2,VEHICLE_TRUCK,preprocessed/masks/left_rear_camera/masks/frame_000056_gt2d_002_track_-1_VEHICLE_TRUCK.png,0.8742015957832336
left_rear,57,1772699915913849000,data\camera\left_rear_camera\1772699915913849000.jpg,-1,1,car,0.47812,476.0,621.0,538.0,657.0,476.0,621.0,538.0,657.0,unassigned,5,VEHICLE_SUV,preprocessed/masks/left_rear_camera/masks/frame_000057_gt2d_005_track_-1_VEHICLE_SUV.png,0.7363646030426025
left_rear,57,1772699915913849000,data\camera\left_rear_camera\1772699915913849000.jpg,-1,1,car,0.436986,1585.0,616.0,1697.0,677.0,1585.0,616.0,1697.0,677.0,unassigned,6,VEHICLE_SUV,preprocessed/masks/left_rear_camera/masks/frame_000057_gt2d_006_track_-1_VEHICLE_SUV.png,0.8606274724006653
left_rear,57,1772699915913849000,data\camera\left_rear_camera\1772699915913849000.jpg,-1,1,car,0.428645,1738.0,616.0,1836.0,678.0,1738.0,616.0,1836.0,678.0,unassigned,7,VEHICLE_SUV,preprocessed/masks/left_rear_camera/masks/frame_000057_gt2d_007_track_-1_VEHICLE_SUV.png,0.8986403346061707
left_rear,57,1772699915913849000,data\camera\left_rear_camera\1772699915913849000.jpg,-1,4,truck,0.411103,777.0,556.0,1030.0,677.0,777.0,556.0,1030.0,677.0,unassigned,8,VEHICLE_TRUCK,preprocessed/masks/left_rear_camera/masks/frame_000057_gt2d_008_track_-1_VEHICLE_TRUCK.png,0.8967095613479614
left_rear,57,1772699915913849000,data\camera\left_rear_camera\1772699915913849000.jpg,-1,1,car,0.310892,960.0,635.0,1052.0,673.0,960.0,635.0,1052.0,673.0,unassigned,9,VEHICLE_CAR,preprocessed/masks/left_rear_camera/masks/frame_000057_gt2d_009_track_-1_VEHICLE_CAR.png,0.9479762315750122
left_rear,57,1772699915913849000,data\camera\left_rear_camera\1772699915913849000.jpg,0,0,bus,0.920506,297.0,551.0,506.0,661.0,294.63250732421875,551.2606811523438,502.2201232910156,660.66455078125,matched,0,VEHICLE_BUS,preprocessed/masks/left_rear_camera/masks/frame_000057_gt2d_000_track_-1_VEHICLE_BUS.png,0.9200849533081055
left_rear,57,1772699915913849000,data\camera\left_rear_camera\1772699915913849000.jpg,1000005,1,car,0.537144,1368.0,615.0,1469.0,668.0,1367.5748291015625,614.9182739257812,1468.62451171875,668.0006103515625,matched,4,VEHICLE_SUV,preprocessed/masks/left_rear_camera/masks/frame_000057_gt2d_004_track_-1_VEHICLE_SUV.png,0.7710144519805908
left_rear,57,1772699915913849000,data\camera\left_rear_camera\1772699915913849000.jpg,4000004,4,truck,0.663573,618.0,555.0,887.0,669.0,613.3049926757812,555.986083984375,881.9212036132812,668.2827758789062,matched,2,VEHICLE_TRUCK,preprocessed/masks/left_rear_camera/masks/frame_000057_gt2d_002_track_-1_VEHICLE_TRUCK.png,0.9176208972930908
left_rear,57,1772699915913849000,data\camera\left_rear_camera\1772699915913849000.jpg,4000007,4,truck,0.711263,539.0,544.0,760.0,662.0,536.5049438476562,544.1390991210938,758.9172973632812,661.7570190429688,matched,1,VEHICLE_TRUCK,preprocessed/masks/left_rear_camera/masks/frame_000057_gt2d_001_track_-1_VEHICLE_TRUCK.png,0.8973323106765747
left_rear,57,1772699915913849000,data\camera\left_rear_camera\1772699915913849000.jpg,4000008,4,truck,0.573026,619.0,552.0,1030.0,680.0,619.0,552.0,1030.0,680.0,tentative,3,VEHICLE_TRUCK,preprocessed/masks/left_rear_camera/masks/frame_000057_gt2d_003_track_-1_VEHICLE_TRUCK.png,0.887761116027832
left_rear,58,1772699916013843000,data\camera\left_rear_camera\1772699916013843000.jpg,-1,1,car,0.474996,1690.0,616.0,1805.0,679.0,1690.0,616.0,1805.0,679.0,unassigned,6,VEHICLE_SUV,preprocessed/masks/left_rear_camera/masks/frame_000058_gt2d_006_track_-1_VEHICLE_SUV.png,0.8278075456619263
left_rear,58,1772699916013843000,data\camera\left_rear_camera\1772699916013843000.jpg,-1,1,car,0.399133,1558.0,616.0,1693.0,677.0,1558.0,616.0,1693.0,677.0,unassigned,7,VEHICLE_SUV,preprocessed/masks/left_rear_camera/masks/frame_000058_gt2d_007_track_-1_VEHICLE_SUV.png,0.8256782293319702
left_rear,58,1772699916013843000,data\camera\left_rear_camera\1772699916013843000.jpg,-1,1,car,0.389766,272.0,616.0,310.0,646.0,272.0,616.0,310.0,646.0,unassigned,8,VEHICLE_SUV,preprocessed/masks/left_rear_camera/masks/frame_000058_gt2d_008_track_-1_VEHICLE_SUV.png,0.8393486738204956
left_rear,58,1772699916013843000,data\camera\left_rear_camera\1772699916013843000.jpg,-1,4,truck,0.376184,761.0,557.0,1005.0,676.0,761.0,557.0,1005.0,676.0,unassigned,9,VEHICLE_TRUCK,preprocessed/masks/left_rear_camera/masks/frame_000058_gt2d_009_track_-1_VEHICLE_TRUCK.png,0.8857937455177307
left_rear,58,1772699916013843000,data\camera\left_rear_camera\1772699916013843000.jpg,0,0,bus,0.921683,290.0,554.0,491.0,661.0,286.8833923339844,553.982177734375,487.24298095703125,660.53466796875,matched,0,VEHICLE_BUS,preprocessed/masks/left_rear_camera/masks/frame_000058_gt2d_000_track_-1_VEHICLE_BUS.png,0.920120358467102
left_rear,58,1772699916013843000,data\camera\left_rear_camera\1772699916013843000.jpg,1000005,1,car,0.541169,1342.0,616.0,1450.0,671.0,1342.20654296875,615.6427612304688,1448.159912109375,670.0452270507812,matched,4,VEHICLE_SUV,preprocessed/masks/left_rear_camera/masks/frame_000058_gt2d_004_track_-1_VEHICLE_SUV.png,0.7778233289718628
left_rear,58,1772699916013843000,data\camera\left_rear_camera\1772699916013843000.jpg,1000007,1,car,0.592708,468.0,620.0,525.0,657.0,468.0,620.0,525.0,657.0,tentative,3,VEHICLE_SUV,preprocessed/masks/left_rear_camera/masks/frame_000058_gt2d_003_track_-1_VEHICLE_SUV.png,0.8355759978294373
left_rear,58,1772699916013843000,data\camera\left_rear_camera\1772699916013843000.jpg,4000004,4,truck,0.532978,594.0,555.0,862.0,669.0,590.8453979492188,556.1549072265625,854.781982421875,667.9037475585938,matched,5,VEHICLE_TRUCK,preprocessed/masks/left_rear_camera/masks/frame_000058_gt2d_005_track_-1_VEHICLE_TRUCK.png,0.9148633480072021
left_rear,58,1772699916013843000,data\camera\left_rear_camera\1772699916013843000.jpg,4000007,4,truck,0.674568,525.0,544.0,746.0,660.0,524.5380249023438,544.4910888671875,744.307861328125,660.1697998046875,matched,1,VEHICLE_TRUCK,preprocessed/masks/left_rear_camera/masks/frame_000058_gt2d_001_track_-1_VEHICLE_TRUCK.png,0.9353935718536377
left_rear,58,1772699916013843000,data\camera\left_rear_camera\1772699916013843000.jpg,4000008,4,truck,0.610264,600.0,553.0,1003.0,680.0,600.5193481445312,553.0101318359375,1005.1193237304688,680.2100830078125,matched,2,VEHICLE_TRUCK,preprocessed/masks/left_rear_camera/masks/frame_000058_gt2d_002_track_-1_VEHICLE_TRUCK.png,0.9095444083213806
left_rear,59,1772699916113759000,data\camera\left_rear_camera\1772699916113759000.jpg,-1,1,car,0.40132,1660.0,617.0,1769.0,679.0,1660.0,617.0,1769.0,679.0,unassigned,6,VEHICLE_SUV,preprocessed/masks/left_rear_camera/masks/frame_000059_gt2d_006_track_-1_VEHICLE_SUV.png,0.84674072265625
left_rear,59,1772699916113759000,data\camera\left_rear_camera\1772699916113759000.jpg,-1,4,truck,0.397427,737.0,558.0,994.0,675.0,737.0,558.0,994.0,675.0,unassigned,7,VEHICLE_TRUCK,preprocessed/masks/left_rear_camera/masks/frame_000059_gt2d_007_track_-1_VEHICLE_TRUCK.png,0.8642311096191406
left_rear,59,1772699916113759000,data\camera\left_rear_camera\1772699916113759000.jpg,-1,1,car,0.368929,264.0,616.0,305.0,646.0,264.0,616.0,305.0,646.0,unassigned,8,VEHICLE_SUV,preprocessed/masks/left_rear_camera/masks/frame_000059_gt2d_008_track_-1_VEHICLE_SUV.png,0.7639849781990051
left_rear,59,1772699916113759000,data\camera\left_rear_camera\1772699916113759000.jpg,-1,1,car,0.331706,1530.0,629.0,1605.0,674.0,1530.0,629.0,1605.0,674.0,unassigned,9,VEHICLE_SUV,preprocessed/masks/left_rear_camera/masks/frame_000059_gt2d_009_track_-1_VEHICLE_SUV.png,0.8951332569122314
left_rear,59,1772699916113759000,data\camera\left_rear_camera\1772699916113759000.jpg,-1,1,car,0.316938,1529.0,617.0,1676.0,677.0,1529.0,617.0,1676.0,677.0,unassigned,10,VEHICLE_SUV,preprocessed/masks/left_rear_camera/masks/frame_000059_gt2d_010_track_-1_VEHICLE_SUV.png,0.8652670383453369
left_rear,59,1772699916113759000,data\camera\left_rear_camera\1772699916113759000.jpg,0,0,bus,0.921858,282.0,553.0,474.0,659.0,279.26995849609375,554.0457763671875,471.2392883300781,659.0553588867188,matched,0,VEHICLE_BUS,preprocessed/masks/left_rear_camera/masks/frame_000059_gt2d_000_track_-1_VEHICLE_BUS.png,0.9125540852546692
left_rear,59,1772699916113759000,data\camera\left_rear_camera\1772699916113759000.jpg,1000005,1,car,0.508549,1321.0,617.0,1433.0,672.0,1319.7459716796875,616.429931640625,1429.927734375,671.2471313476562,matched,4,VEHICLE_SUV,preprocessed/masks/left_rear_camera/masks/frame_000059_gt2d_004_track_-1_VEHICLE_SUV.png,0.8418728709220886
left_rear,59,1772699916113759000,data\camera\left_rear_camera\1772699916113759000.jpg,1000007,1,car,0.680221,455.0,619.0,513.0,657.0,454.3168640136719,619.3396606445312,512.1168212890625,657.1396484375,matched,1,VEHICLE_SUV,preprocessed/masks/left_rear_camera/masks/frame_000059_gt2d_001_track_-1_VEHICLE_SUV.png,0.8893643617630005
left_rear,59,1772699916113759000,data\camera\left_rear_camera\1772699916113759000.jpg,4000004,4,truck,0.580222,578.0,558.0,827.0,667.0,573.2117919921875,558.0684814453125,822.7603759765625,666.3880004882812,matched,2,VEHICLE_TRUCK,preprocessed/masks/left_rear_camera/masks/frame_000059_gt2d_002_track_-1_VEHICLE_TRUCK.png,0.8909082412719727
left_rear,59,1772699916113759000,data\camera\left_rear_camera\1772699916113759000.jpg,4000007,4,truck,0.537298,518.0,546.0,734.0,658.0,515.9943237304688,545.8059692382812,731.6090087890625,658.17431640625,matched,3,VEHICLE_TRUCK,preprocessed/masks/left_rear_camera/masks/frame_000059_gt2d_003_track_-1_VEHICLE_TRUCK.png,0.9319013357162476
left_rear,59,1772699916113759000,data\camera\left_rear_camera\1772699916113759000.jpg,4000008,4,truck,0.492568,580.0,554.0,990.0,678.0,580.9246826171875,553.93359375,989.7078857421875,678.662109375,matched,5,VEHICLE_TRUCK,preprocessed/masks/left_rear_camera/masks/frame_000059_gt2d_005_track_-1_VEHICLE_TRUCK.png,0.927031934261322
left_rear,60,1772699916213736000,data\camera\left_rear_camera\1772699916213736000.jpg,-1,4,truck,0.455622,720.0,558.0,961.0,669.0,720.0,558.0,961.0,669.0,unassigned,5,VEHICLE_TRUCK,preprocessed/masks/left_rear_camera/masks/frame_000060_gt2d_005_track_-1_VEHICLE_TRUCK.png,0.852135419845581
left_rear,60,1772699916213736000,data\camera\left_rear_camera\1772699916213736000.jpg,-1,1,car,0.358828,1628.0,616.0,1745.0,677.0,1628.0,616.0,1745.0,677.0,unassigned,7,VEHICLE_SUV,preprocessed/masks/left_rear_camera/masks/frame_000060_gt2d_007_track_-1_VEHICLE_SUV.png,0.8510661125183105
left_rear,60,1772699916213736000,data\camera\left_rear_camera\1772699916213736000.jpg,-1,3,person,0.300352,1870.0,633.0,1896.0,701.0,1870.0,633.0,1896.0,701.0,unassigned,8,PEDESTRIAN_NORMAL,preprocessed/masks/left_rear_camera/masks/frame_000060_gt2d_008_track_-1_PEDESTRIAN_NORMAL.png,0.8520083427429199
left_rear,60,1772699916213736000,data\camera\left_rear_camera\1772699916213736000.jpg,0,0,bus,0.894938,275.0,555.0,458.0,657.0,273.14141845703125,555.5089111328125,456.3000183105469,657.3804321289062,matched,0,VEHICLE_BUS,preprocessed/masks/left_rear_camera/masks/frame_000060_gt2d_000_track_-1_VEHICLE_BUS.png,0.913746178150177
left_rear,60,1772699916213736000,data\camera\left_rear_camera\1772699916213736000.jpg,1000005,1,car,0.385024,1305.0,614.0,1414.0,671.0,1302.476318359375,614.8970336914062,1412.2635498046875,671.2061157226562,matched,6,VEHICLE_SUV,preprocessed/masks/left_rear_camera/masks/frame_000060_gt2d_006_track_-1_VEHICLE_SUV.png,0.7613651752471924
left_rear,60,1772699916213736000,data\camera\left_rear_camera\1772699916213736000.jpg,1000007,1,car,0.581401,442.0,617.0,507.0,655.0,441.63641357421875,617.8330688476562,504.9610290527344,655.7861328125,matched,1,VEHICLE_SUV,preprocessed/masks/left_rear_camera/masks/frame_000060_gt2d_001_track_-1_VEHICLE_SUV.png,0.8606513738632202
left_rear,60,1772699916213736000,data\camera\left_rear_camera\1772699916213736000.jpg,4000004,4,truck,0.560255,562.0,558.0,805.0,664.0,558.1407470703125,558.8095092773438,799.182373046875,664.0706176757812,matched,4,VEHICLE_TRUCK,preprocessed/masks/left_rear_camera/masks/frame_000060_gt2d_004_track_-1_VEHICLE_TRUCK.png,0.8905478715896606
left_rear,60,1772699916213736000,data\camera\left_rear_camera\1772699916213736000.jpg,4000007,4,truck,0.579981,510.0,544.0,723.0,656.0,508.8169860839844,545.04248046875,721.101318359375,656.3223266601562,matched,3,VEHICLE_TRUCK,preprocessed/masks/left_rear_camera/masks/frame_000060_gt2d_003_track_-1_VEHICLE_TRUCK.png,0.9110606908798218
left_rear,60,1772699916213736000,data\camera\left_rear_camera\1772699916213736000.jpg,4000008,4,truck,0.580838,564.0,554.0,960.0,673.0,564.3486328125,554.2667236328125,963.6558837890625,674.2424926757812,matched,2,VEHICLE_TRUCK,preprocessed/masks/left_rear_camera/masks/frame_000060_gt2d_002_track_-1_VEHICLE_TRUCK.png,0.9210389256477356
left_rear,61,1772699916313744000,data\camera\left_rear_camera\1772699916313744000.jpg,-1,3,person,0.470399,1798.0,620.0,1830.0,698.0,1798.0,620.0,1830.0,698.0,unassigned,6,PEDESTRIAN_NORMAL,preprocessed/masks/left_rear_camera/masks/frame_000061_gt2d_006_track_-1_PEDESTRIAN_NORMAL.png,0.9116873741149902
left_rear,61,1772699916313744000,data\camera\left_rear_camera\1772699916313744000.jpg,-1,4,truck,0.391423,710.0,555.0,941.0,669.0,710.0,555.0,941.0,669.0,unassigned,8,VEHICLE_TRUCK_SMALL,preprocessed/masks/left_rear_camera/masks/frame_000061_gt2d_008_track_-1_VEHICLE_TRUCK_SMALL.png,0.8795464038848877
left_rear,61,1772699916313744000,data\camera\left_rear_camera\1772699916313744000.jpg,0,0,bus,0.910257,267.0,551.0,450.0,653.0,266.49774169921875,552.6384887695312,446.9737243652344,653.5335693359375,matched,0,VEHICLE_BUS,preprocessed/masks/left_rear_camera/masks/frame_000061_gt2d_000_track_-1_VEHICLE_BUS.png,0.9053272008895874
left_rear,61,1772699916313744000,data\camera\left_rear_camera\1772699916313744000.jpg,1000005,1,car,0.455978,1284.0,610.0,1391.0,664.0,1283.6455078125,611.0902709960938,1391.8990478515625,665.96728515625,matched,7,VEHICLE_SUV,preprocessed/masks/left_rear_camera/masks/frame_000061_gt2d_007_track_-1_VEHICLE_SUV.png,0.7969424724578857
left_rear,61,1772699916313744000,data\camera\left_rear_camera\1772699916313744000.jpg,1000007,1,car,0.684187,428.0,612.0,500.0,652.0,428.59381103515625,612.9219360351562,498.99249267578125,652.4749145507812,matched,1,VEHICLE_SUV,preprocessed/masks/left_rear_camera/masks/frame_000061_gt2d_001_track_-1_VEHICLE_SUV.png,0.8273319005966187
left_rear,61,1772699916313744000,data\camera\left_rear_camera\1772699916313744000.jpg,3000000,3,person,0.534528,1819.0,627.0,1843.0,684.0,1819.0,627.0,1843.0,684.0,tentative,5,PEDESTRIAN_NORMAL,preprocessed/masks/left_rear_camera/masks/frame_000061_gt2d_005_track_-1_PEDESTRIAN_NORMAL.png,0.8628137111663818
left_rear,61,1772699916313744000,data\camera\left_rear_camera\1772699916313744000.jpg,4000004,4,truck,0.539622,547.0,545.0,782.0,659.0,544.0861206054688,549.4491577148438,777.173583984375,659.3612060546875,matched,3,VEHICLE_TRUCK,preprocessed/masks/left_rear_camera/masks/frame_000061_gt2d_003_track_-1_VEHICLE_TRUCK.png,0.9158952832221985
left_rear,61,1772699916313744000,data\camera\left_rear_camera\1772699916313744000.jpg,4000007,4,truck,0.557869,502.0,541.0,706.0,653.0,501.81121826171875,542.1297607421875,706.9695434570312,653.113037109375,matched,2,VEHICLE_TRUCK,preprocessed/masks/left_rear_camera/masks/frame_000061_gt2d_002_track_-1_VEHICLE_TRUCK.png,0.890533447265625
left_rear,61,1772699916313744000,data\camera\left_rear_camera\1772699916313744000.jpg,4000008,4,truck,0.538237,546.0,547.0,941.0,671.0,547.075439453125,548.49609375,942.4989013671875,670.96728515625,matched,4,VEHICLE_TRUCK,preprocessed/masks/left_rear_camera/masks/frame_000061_gt2d_004_track_-1_VEHICLE_TRUCK.png,0.9238797426223755
left_rear,62,1772699916413751000,data\camera\left_rear_camera\1772699916413751000.jpg,-1,4,truck,0.316738,525.0,547.0,920.0,674.0,525.0,547.0,920.0,674.0,unassigned,7,VEHICLE_TRUCK,preprocessed/masks/left_rear_camera/masks/frame_000062_gt2d_007_track_-1_VEHICLE_TRUCK.png,0.8663819432258606
left_rear,62,1772699916413751000,data\camera\left_rear_camera\1772699916413751000.jpg,0,0,bus,0.928044,259.0,551.0,439.0,652.0,255.1360626220703,550.60888671875,432.9011535644531,650.5940551757812,matched,0,VEHICLE_BUS,preprocessed/masks/left_rear_camera/masks/frame_000062_gt2d_000_track_-1_VEHICLE_BUS.png,0.9089115858078003
left_rear,62,1772699916413751000,data\camera\left_rear_camera\1772699916413751000.jpg,1000005,1,car,0.592429,1263.0,610.0,1372.0,663.0,1259.2855224609375,608.7035522460938,1368.2471923828125,662.3421630859375,matched,3,VEHICLE_SUV,preprocessed/masks/left_rear_camera/masks/frame_000062_gt2d_003_track_-1_VEHICLE_SUV.png,0.8610061407089233
left_rear,62,1772699916413751000,data\camera\left_rear_camera\1772699916413751000.jpg,1000007,1,car,0.730416,417.0,611.0,491.0,652.0,413.1326599121094,609.8895874023438,487.31890869140625,650.6787719726562,matched,1,VEHICLE_SUV,preprocessed/masks/left_rear_camera/masks/frame_000062_gt2d_001_track_-1_VEHICLE_SUV.png,0.8668792247772217
left_rear,62,1772699916413751000,data\camera\left_rear_camera\1772699916413751000.jpg,3000001,3,person,0.503798,1751.0,621.0,1784.0,694.0,1751.0,621.0,1784.0,694.0,tentative,5,PEDESTRIAN_NORMAL,preprocessed/masks/left_rear_camera/masks/frame_000062_gt2d_005_track_-1_PEDESTRIAN_NORMAL.png,0.926781952381134
left_rear,62,1772699916413751000,data\camera\left_rear_camera\1772699916413751000.jpg,4000004,4,truck,0.71109,527.0,548.0,761.0,659.0,522.497314453125,547.1947631835938,752.710205078125,656.7709350585938,matched,2,VEHICLE_TRUCK,preprocessed/masks/left_rear_camera/masks/frame_000062_gt2d_002_track_-1_VEHICLE_TRUCK.png,0.9032946825027466
left_rear,62,1772699916413751000,data\camera\left_rear_camera\1772699916413751000.jpg,4000007,4,truck,0.547949,491.0,543.0,699.0,653.0,488.21441650390625,541.4336547851562,693.7463989257812,651.0510864257812,matched,4,VEHICLE_TRUCK,preprocessed/masks/left_rear_camera/masks/frame_000062_gt2d_004_track_-1_VEHICLE_TRUCK.png,0.9077743291854858
left_rear,62,1772699916413751000,data\camera\left_rear_camera\1772699916413751000.jpg,4000008,4,truck,0.456552,718.0,556.0,926.0,669.0,664.7455444335938,552.4261474609375,922.3187866210938,667.7694702148438,matched,6,VEHICLE_TRUCK,preprocessed/masks/left_rear_camera/masks/frame_000062_gt2d_006_track_-1_VEHICLE_TRUCK.png,0.8925426006317139
left_rear,63,1772699916513759000,data\camera\left_rear_camera\1772699916513759000.jpg,-1,3,person,0.321306,1704.0,626.0,1738.0,701.0,1704.0,626.0,1738.0,701.0,unassigned,5,PEDESTRIAN_NORMAL,preprocessed/masks/left_rear_camera/masks/frame_000063_gt2d_005_track_-1_PEDESTRIAN_NORMAL.png,0.8799548149108887
left_rear,63,1772699916513759000,data\camera\left_rear_camera\1772699916513759000.jpg,-1,1,car,0.307904,866.0,634.0,967.0,674.0,866.0,634.0,967.0,674.0,unassigned,6,VEHICLE_CAR,preprocessed/masks/left_rear_camera/masks/frame_000063_gt2d_006_track_-1_VEHICLE_CAR.png,0.8907055854797363
left_rear,63,1772699916513759000,data\camera\left_rear_camera\1772699916513759000.jpg,0,0,bus,0.917362,251.0,557.0,427.0,657.0,250.2544403076172,555.2230224609375,424.623046875,654.3204345703125,matched,0,VEHICLE_BUS,preprocessed/masks/left_rear_camera/masks/frame_000063_gt2d_000_track_-1_VEHICLE_BUS.png,0.8784772157669067
left_rear,63,1772699916513759000,data\camera\left_rear_camera\1772699916513759000.jpg,1000005,1,car,0.699772,1244.0,614.0,1352.0,668.0,1242.8531494140625,611.9132080078125,1351.39697265625,665.7630004882812,matched,3,VEHICLE_SUV,preprocessed/masks/left_rear_camera/masks/frame_000063_gt2d_003_track_-1_VEHICLE_SUV.png,0.6480363011360168
left_rear,63,1772699916513759000,data\camera\left_rear_camera\1772699916513759000.jpg,1000007,1,car,0.703056,402.0,615.0,482.0,657.0,402.4446105957031,613.0408325195312,481.89691162109375,654.9286499023438,matched,2,VEHICLE_SUV,preprocessed/masks/left_rear_camera/masks/frame_000063_gt2d_002_track_-1_VEHICLE_SUV.png,0.8406399488449097
left_rear,63,1772699916513759000,data\camera\left_rear_camera\1772699916513759000.jpg,4000004,4,truck,0.840127,483.0,548.0,737.0,663.0,489.5058898925781,547.7227172851562,733.0188598632812,660.0223999023438,matched,1,VEHICLE_TRUCK,preprocessed/masks/left_rear_camera/masks/frame_000063_gt2d_001_track_-1_VEHICLE_TRUCK.png,0.9146455526351929
left_rear,63,1772699916513759000,data\camera\left_rear_camera\1772699916513759000.jpg,4000008,4,truck,0.467876,715.0,562.0,905.0,670.0,710.8627319335938,559.5579223632812,905.2696533203125,668.8602294921875,matched,4,VEHICLE_TRUCK_SMALL,preprocessed/masks/left_rear_camera/masks/frame_000063_gt2d_004_track_-1_VEHICLE_TRUCK_SMALL.png,0.8883817791938782
left_rear,64,1772699916613735000,data\camera\left_rear_camera\1772699916613735000.jpg,-1,3,person,0.427917,1675.0,633.0,1698.0,689.0,1675.0,633.0,1698.0,689.0,unassigned,5,PEDESTRIAN_NORMAL,preprocessed/masks/left_rear_camera/masks/frame_000064_gt2d_005_track_-1_PEDESTRIAN_NORMAL.png,0.9130382537841797
left_rear,64,1772699916613735000,data\camera\left_rear_camera\1772699916613735000.jpg,0,0,bus,0.925089,246.0,563.0,416.0,660.0,245.1192626953125,562.7073974609375,414.45660400390625,659.5626220703125,matched,0,VEHICLE_BUS,preprocessed/masks/left_rear_camera/masks/frame_000064_gt2d_000_track_-1_VEHICLE_BUS.png,0.907543420791626
left_rear,64,1772699916613735000,data\camera\left_rear_camera\1772699916613735000.jpg,1000005,1,car,0.616681,1226.0,619.0,1336.0,670.0,1225.215576171875,618.296142578125,1334.898681640625,670.228271484375,matched,3,VEHICLE_SUV,preprocessed/masks/left_rear_camera/masks/frame_000064_gt2d_003_track_-1_VEHICLE_SUV.png,0.8469492197036743
left_rear,64,1772699916613735000,data\camera\left_rear_camera\1772699916613735000.jpg,1000007,1,car,0.659244,403.0,620.0,474.0,659.0,399.15435791015625,619.405517578125,474.5236511230469,659.5883178710938,matched,2,VEHICLE_SUV,preprocessed/masks/left_rear_camera/masks/frame_000064_gt2d_002_track_-1_VEHICLE_SUV.png,0.8889232277870178
left_rear,64,1772699916613735000,data\camera\left_rear_camera\1772699916613735000.jpg,4000004,4,truck,0.846535,479.0,553.0,711.0,666.0,475.43023681640625,553.0906372070312,708.9841918945312,665.1311645507812,matched,1,VEHICLE_TRUCK,preprocessed/masks/left_rear_camera/masks/frame_000064_gt2d_001_track_-1_VEHICLE_TRUCK.png,0.8952217102050781
left_rear,64,1772699916613735000,data\camera\left_rear_camera\1772699916613735000.jpg,4000008,4,truck,0.538564,702.0,567.0,889.0,673.0,707.1871337890625,567.0235595703125,888.94384765625,673.0221557617188,matched,4,VEHICLE_TRUCK_SMALL,preprocessed/masks/left_rear_camera/masks/frame_000064_gt2d_004_track_-1_VEHICLE_TRUCK_SMALL.png,0.8547141551971436
left_rear,65,1772699916713743000,data\camera\left_rear_camera\1772699916713743000.jpg,0,0,bus,0.917105,239.0,565.0,405.0,660.0,237.790283203125,565.9593505859375,402.8701477050781,660.750244140625,matched,0,VEHICLE_BUS,preprocessed/masks/left_rear_camera/masks/frame_000065_gt2d_000_track_-1_VEHICLE_BUS.png,0.9090920090675354
left_rear,65,1772699916713743000,data\camera\left_rear_camera\1772699916713743000.jpg,1000005,1,car,0.669188,1208.0,615.0,1317.0,667.0,1206.3004150390625,617.201416015625,1315.735107421875,669.086669921875,matched,2,VEHICLE_SUV,preprocessed/masks/left_rear_camera/masks/frame_000065_gt2d_002_track_-1_VEHICLE_SUV.png,0.8625278472900391
left_rear,65,1772699916713743000,data\camera\left_rear_camera\1772699916713743000.jpg,1000007,1,car,0.655267,390.0,621.0,466.0,661.0,388.8674011230469,621.6231689453125,465.6163330078125,661.801025390625,matched,3,VEHICLE_SUV,preprocessed/masks/left_rear_camera/masks/frame_000065_gt2d_003_track_-1_VEHICLE_SUV.png,0.878911554813385
left_rear,65,1772699916713743000,data\camera\left_rear_camera\1772699916713743000.jpg,4000004,4,truck,0.866494,470.0,554.0,699.0,665.0,464.319091796875,554.98046875,692.472900390625,665.6820678710938,matched,1,VEHICLE_TRUCK,preprocessed/masks/left_rear_camera/masks/frame_000065_gt2d_001_track_-1_VEHICLE_TRUCK.png,0.8928011655807495
left_rear,65,1772699916713743000,data\camera\left_rear_camera\1772699916713743000.jpg,4000008,4,truck,0.627233,687.0,567.0,869.0,668.0,693.9202270507812,568.70166015625,869.0399780273438,670.192138671875,matched,4,VEHICLE_TRUCK_SMALL,preprocessed/masks/left_rear_camera/masks/frame_000065_gt2d_004_track_-1_VEHICLE_TRUCK_SMALL.png,0.9044942259788513
left_rear,66,1772699916813750000,data\camera\left_rear_camera\1772699916813750000.jpg,-1,3,person,0.490733,1573.0,627.0,1608.0,702.0,1573.0,627.0,1608.0,702.0,unassigned,5,PEDESTRIAN_NORMAL,preprocessed/masks/left_rear_camera/masks/frame_000066_gt2d_005_track_-1_PEDESTRIAN_NORMAL.png,0.8958128690719604
left_rear,66,1772699916813750000,data\camera\left_rear_camera\1772699916813750000.jpg,0,0,bus,0.919902,231.0,565.0,394.0,658.0,229.87283325195312,565.2971801757812,391.6412658691406,658.0853881835938,matched,0,VEHICLE_BUS,preprocessed/masks/left_rear_camera/masks/frame_000066_gt2d_000_track_-1_VEHICLE_BUS.png,0.9026232957839966
left_rear,66,1772699916813750000,data\camera\left_rear_camera\1772699916813750000.jpg,1000005,1,car,0.615148,1188.0,615.0,1302.0,666.0,1186.5477294921875,615.0187377929688,1299.166015625,666.2273559570312,matched,4,VEHICLE_SUV,preprocessed/masks/left_rear_camera/masks/frame_000066_gt2d_004_track_-1_VEHICLE_SUV.png,0.7880244255065918
left_rear,66,1772699916813750000,data\camera\left_rear_camera\1772699916813750000.jpg,1000007,1,car,0.724076,384.0,620.0,458.0,660.0,381.2310791015625,619.9863891601562,457.0775146484375,660.1484985351562,matched,2,VEHICLE_SUV,preprocessed/masks/left_rear_camera/masks/frame_000066_gt2d_002_track_-1_VEHICLE_SUV.png,0.9003835320472717
left_rear,66,1772699916813750000,data\camera\left_rear_camera\1772699916813750000.jpg,4000004,4,truck,0.848207,470.0,554.0,682.0,663.0,461.0404357910156,553.8526000976562,675.936767578125,662.797119140625,matched,1,VEHICLE_TRUCK,preprocessed/masks/left_rear_camera/masks/frame_000066_gt2d_001_track_-1_VEHICLE_TRUCK.png,0.9206557273864746
left_rear,66,1772699916813750000,data\camera\left_rear_camera\1772699916813750000.jpg,4000008,4,truck,0.643368,668.0,567.0,853.0,667.0,675.1033325195312,567.4979248046875,851.9488525390625,666.9027709960938,matched,3,VEHICLE_TRUCK_SMALL,preprocessed/masks/left_rear_camera/masks/frame_000066_gt2d_003_track_-1_VEHICLE_TRUCK_SMALL.png,0.9207136631011963
left_rear,67,1772699916913758000,data\camera\left_rear_camera\1772699916913758000.jpg,-1,3,person,0.393145,1551.0,633.0,1572.0,686.0,1551.0,633.0,1572.0,686.0,unassigned,6,PEDESTRIAN_NORMAL,preprocessed/masks/left_rear_camera/masks/frame_000067_gt2d_006_track_-1_PEDESTRIAN_NORMAL.png,0.8548634052276611
left_rear,67,1772699916913758000,data\camera\left_rear_camera\1772699916913758000.jpg,0,0,bus,0.916239,225.0,565.0,387.0,656.0,224.056396484375,565.5790405273438,384.2027282714844,656.3845825195312,matched,0,VEHICLE_BUS,preprocessed/masks/left_rear_camera/masks/frame_000067_gt2d_000_track_-1_VEHICLE_BUS.png,0.911283016204834
left_rear,67,1772699916913758000,data\camera\left_rear_camera\1772699916913758000.jpg,1000005,1,car,0.591328,1172.0,615.0,1284.0,667.0,1170.0810546875,614.8320922851562,1282.572265625,666.4697265625,matched,4,VEHICLE_SUV,preprocessed/masks/left_rear_camera/masks/frame_000067_gt2d_004_track_-1_VEHICLE_SUV.png,0.7710921764373779
left_rear,67,1772699916913758000,data\camera\left_rear_camera\1772699916913758000.jpg,1000007,1,car,0.709761,376.0,618.0,451.0,658.0,374.3616943359375,618.6315307617188,450.387451171875,658.7738037109375,matched,2,VEHICLE_SUV,preprocessed/masks/left_rear_camera/masks/frame_000067_gt2d_002_track_-1_VEHICLE_SUV.png,0.8970832824707031
left_rear,67,1772699916913758000,data\camera\left_rear_camera\1772699916913758000.jpg,3000002,3,person,0.557186,1533.0,627.0,1560.0,695.0,1533.0,627.0,1560.0,695.0,tentative,5,PEDESTRIAN_NORMAL,preprocessed/masks/left_rear_camera/masks/frame_000067_gt2d_005_track_-1_PEDESTRIAN_NORMAL.png,0.8781613111495972
left_rear,67,1772699916913758000,data\camera\left_rear_camera\1772699916913758000.jpg,4000004,4,truck,0.874705,461.0,554.0,667.0,661.0,455.52947998046875,554.0267333984375,661.8585815429688,661.0556030273438,matched,1,VEHICLE_TRUCK,preprocessed/masks/left_rear_camera/masks/frame_000067_gt2d_001_track_-1_VEHICLE_TRUCK.png,0.91800856590271
left_rear,67,1772699916913758000,data\camera\left_rear_camera\1772699916913758000.jpg,4000008,4,truck,0.595825,654.0,567.0,838.0,666.0,659.757080078125,567.5755615234375,837.0701904296875,665.7110595703125,matched,3,VEHICLE_TRUCK_SMALL,preprocessed/masks/left_rear_camera/masks/frame_000067_gt2d_003_track_-1_VEHICLE_TRUCK_SMALL.png,0.92252117395401
left_rear,68,1772699917013585000,data\camera\left_rear_camera\1772699917013585000.jpg,0,0,bus,0.918134,218.0,564.0,379.0,655.0,216.42184448242188,565.2810668945312,375.51800537109375,655.468505859375,matched,0,VEHICLE_BUS,preprocessed/masks/left_rear_camera/masks/frame_000068_gt2d_000_track_-1_VEHICLE_BUS.png,0.9089973568916321
left_rear,68,1772699917013585000,data\camera\left_rear_camera\1772699917013585000.jpg,1000005,1,car,0.628809,1155.0,617.0,1264.0,666.0,1152.2569580078125,616.4677124023438,1262.69091796875,666.279296875,matched,3,VEHICLE_SUV,preprocessed/masks/left_rear_camera/masks/frame_000068_gt2d_003_track_-1_VEHICLE_SUV.png,0.835326611995697
left_rear,68,1772699917013585000,data\camera\left_rear_camera\1772699917013585000.jpg,1000007,1,car,0.712643,376.0,618.0,438.0,654.0,371.01348876953125,618.4813232421875,438.4164733886719,655.9173583984375,matched,2,VEHICLE_SUV,preprocessed/masks/left_rear_camera/masks/frame_000068_gt2d_002_track_-1_VEHICLE_SUV.png,0.9007022380828857
left_rear,68,1772699917013585000,data\camera\left_rear_camera\1772699917013585000.jpg,4000004,4,truck,0.84578,451.0,554.0,646.0,656.0,446.3552551269531,554.430908203125,642.4027709960938,657.46728515625,matched,1,VEHICLE_TRUCK,preprocessed/masks/left_rear_camera/masks/frame_000068_gt2d_001_track_-1_VEHICLE_TRUCK.png,0.9026224613189697
left_rear,68,1772699917013585000,data\camera\left_rear_camera\1772699917013585000.jpg,4000008,4,truck,0.605568,644.0,569.0,822.0,666.0,646.5999755859375,569.2569580078125,820.5248413085938,665.7001953125,matched,4,VEHICLE_TRUCK_SMALL,preprocessed/masks/left_rear_camera/masks/frame_000068_gt2d_004_track_-1_VEHICLE_TRUCK_SMALL.png,0.9241312146186829
left_rear,69,1772699917113284000,data\camera\left_rear_camera\1772699917113284000.jpg,-1,3,person,0.411876,1476.0,635.0,1496.0,688.0,1476.0,635.0,1496.0,688.0,unassigned,4,PEDESTRIAN_NORMAL,preprocessed/masks/left_rear_camera/masks/frame_000069_gt2d_004_track_-1_PEDESTRIAN_NORMAL.png,0.8097883462905884
left_rear,69,1772699917113284000,data\camera\left_rear_camera\1772699917113284000.jpg,0,0,bus,0.925322,213.0,565.0,369.0,655.0,213.27090454101562,565.6114501953125,368.7930908203125,654.9835815429688,matched,0,VEHICLE_BUS,preprocessed/masks/left_rear_camera/masks/frame_000069_gt2d_000_track_-1_VEHICLE_BUS.png,0.9006646871566772
left_rear,69,1772699917113284000,data\camera\left_rear_camera\1772699917113284000.jpg,1000007,1,car,0.725712,365.0,618.0,431.0,654.0,365.65069580078125,618.2205810546875,432.2613830566406,654.6137084960938,matched,2,VEHICLE_SUV,preprocessed/masks/left_rear_camera/masks/frame_000069_gt2d_002_track_-1_VEHICLE_SUV.png,0.8918110728263855
left_rear,69,1772699917113284000,data\camera\left_rear_camera\1772699917113284000.jpg,4000004,4,truck,0.858284,445.0,555.0,631.0,655.0,442.31622314453125,555.0465698242188,628.8614501953125,655.342529296875,matched,1,VEHICLE_TRUCK,preprocessed/masks/left_rear_camera/masks/frame_000069_gt2d_001_track_-1_VEHICLE_TRUCK.png,0.9096837639808655
left_rear,69,1772699917113284000,data\camera\left_rear_camera\1772699917113284000.jpg,4000008,4,truck,0.554735,629.0,571.0,807.0,666.0,634.1348266601562,570.9856567382812,807.5744018554688,665.5802001953125,matched,3,VEHICLE_TRUCK,preprocessed/masks/left_rear_camera/masks/frame_000069_gt2d_003_track_-1_VEHICLE_TRUCK.png,0.9291874170303345
left_rear,70,1772699917213291000,data\camera\left_rear_camera\1772699917213291000.jpg,-1,3,person,0.445947,1423.0,627.0,1446.0,685.0,1423.0,627.0,1446.0,685.0,unassigned,5,PEDESTRIAN_NORMAL,preprocessed/masks/left_rear_camera/masks/frame_000070_gt2d_005_track_-1_PEDESTRIAN_NORMAL.png,0.8970400094985962
left_rear,70,1772699917213291000,data\camera\left_rear_camera\1772699917213291000.jpg,-1,1,car,0.345592,1106.0,615.0,1224.0,665.0,1106.0,615.0,1224.0,665.0,unassigned,6,VEHICLE_SUV,preprocessed/masks/left_rear_camera/masks/frame_000070_gt2d_006_track_-1_VEHICLE_SUV.png,0.8415027856826782
left_rear,70,1772699917213291000,data\camera\left_rear_camera\1772699917213291000.jpg,-1,1,car,0.325099,1150.0,616.0,1224.0,663.0,1150.0,616.0,1224.0,663.0,unassigned,7,VEHICLE_SUV,preprocessed/masks/left_rear_camera/masks/frame_000070_gt2d_007_track_-1_VEHICLE_SUV.png,0.8999232053756714
left_rear,70,1772699917213291000,data\camera\left_rear_camera\1772699917213291000.jpg,-1,1,car,0.304056,553.0,614.0,643.0,655.0,553.0,614.0,643.0,655.0,unassigned,8,VEHICLE_SUV,preprocessed/masks/left_rear_camera/masks/frame_000070_gt2d_008_track_-1_VEHICLE_SUV.png,0.8917380571365356
left_rear,70,1772699917213291000,data\camera\left_rear_camera\1772699917213291000.jpg,0,0,bus,0.911902,209.0,564.0,359.0,652.0,205.8649139404297,565.4813842773438,356.2070617675781,653.2904663085938,matched,0,VEHICLE_BUS,preprocessed/masks/left_rear_camera/masks/frame_000070_gt2d_000_track_-1_VEHICLE_BUS.png,0.9021098613739014
left_rear,70,1772699917213291000,data\camera\left_rear_camera\1772699917213291000.jpg,1000007,1,car,0.710039,353.0,616.0,425.0,653.0,352.073486328125,617.2291259765625,422.4639892578125,653.9439086914062,matched,2,VEHICLE_SUV,preprocessed/masks/left_rear_camera/masks/frame_000070_gt2d_002_track_-1_VEHICLE_SUV.png,0.8414627313613892
left_rear,70,1772699917213291000,data\camera\left_rear_camera\1772699917213291000.jpg,3000003,3,person,0.507493,1440.0,632.0,1458.0,677.0,1440.0,632.0,1458.0,677.0,tentative,3,PEDESTRIAN_NORMAL,preprocessed/masks/left_rear_camera/masks/frame_000070_gt2d_003_track_-1_PEDESTRIAN_NORMAL.png,0.8727189898490906
left_rear,70,1772699917213291000,data\camera\left_rear_camera\1772699917213291000.jpg,4000004,4,truck,0.841888,435.0,554.0,616.0,652.0,430.9495849609375,555.0426635742188,611.0809936523438,653.0765991210938,matched,1,VEHICLE_TRUCK,preprocessed/masks/left_rear_camera/masks/frame_000070_gt2d_001_track_-1_VEHICLE_TRUCK.png,0.9025323390960693
left_rear,70,1772699917213291000,data\camera\left_rear_camera\1772699917213291000.jpg,4000008,4,truck,0.491153,620.0,570.0,799.0,664.0,620.1787719726562,571.31103515625,794.5701293945312,664.6788940429688,matched,4,VEHICLE_TRUCK,preprocessed/masks/left_rear_camera/masks/frame_000070_gt2d_004_track_-1_VEHICLE_TRUCK.png,0.9075297713279724
left_rear,71,1772699917313268000,data\camera\left_rear_camera\1772699917313268000.jpg,-1,3,person,0.403788,1406.0,631.0,1426.0,681.0,1406.0,631.0,1426.0,681.0,unassigned,4,PEDESTRIAN_NORMAL,preprocessed/masks/left_rear_camera/masks/frame_000071_gt2d_004_track_-1_PEDESTRIAN_NORMAL.png,0.8527836799621582
left_rear,71,1772699917313268000,data\camera\left_rear_camera\1772699917313268000.jpg,-1,3,person,0.386874,1392.0,627.0,1413.0,676.0,1392.0,627.0,1413.0,676.0,unassigned,5,PEDESTRIAN_NORMAL,preprocessed/masks/left_rear_camera/masks/frame_000071_gt2d_005_track_-1_PEDESTRIAN_NORMAL.png,0.8760238885879517
left_rear,71,1772699917313268000,data\camera\left_rear_camera\1772699917313268000.jpg,-1,1,car,0.352329,528.0,613.0,616.0,651.0,528.0,613.0,616.0,651.0,unassigned,6,VEHICLE_CAR,preprocessed/masks/left_rear_camera/masks/frame_000071_gt2d_006_track_-1_VEHICLE_CAR.png,0.8992727994918823
left_rear,71,1772699917313268000,data\camera\left_rear_camera\1772699917313268000.jpg,-1,1,car,0.329283,1104.0,615.0,1209.0,661.0,1104.0,615.0,1209.0,661.0,unassigned,7,VEHICLE_SUV,preprocessed/masks/left_rear_camera/masks/frame_000071_gt2d_007_track_-1_VEHICLE_SUV.png,0.8134722113609314
left_rear,71,1772699917313268000,data\camera\left_rear_camera\1772699917313268000.jpg,0,0,bus,0.916211,204.0,563.0,350.0,650.0,203.4358367919922,563.6689453125,349.3721618652344,650.3126220703125,matched,0,VEHICLE_BUS,preprocessed/masks/left_rear_camera/masks/frame_000071_gt2d_000_track_-1_VEHICLE_BUS.png,0.8920092582702637
left_rear,71,1772699917313268000,data\camera\left_rear_camera\1772699917313268000.jpg,1000007,1,car,0.703458,343.0,615.0,417.0,650.0,344.17523193359375,615.1767578125,417.2344970703125,650.671142578125,matched,2,VEHICLE_SUV,preprocessed/masks/left_rear_camera/masks/frame_000071_gt2d_002_track_-1_VEHICLE_SUV.png,0.8273556232452393
left_rear,71,1772699917313268000,data\camera\left_rear_camera\1772699917313268000.jpg,4000004,4,truck,0.822214,427.0,554.0,607.0,650.0,425.2189636230469,553.9974975585938,602.7858276367188,649.9443969726562,matched,1,VEHICLE_TRUCK,preprocessed/masks/left_rear_camera/masks/frame_000071_gt2d_001_track_-1_VEHICLE_TRUCK.png,0.9064453840255737
left_rear,71,1772699917313268000,data\camera\left_rear_camera\1772699917313268000.jpg,4000008,4,truck,0.532036,605.0,569.0,775.0,662.0,608.4808349609375,569.6726684570312,777.3578491210938,662.024169921875,matched,3,VEHICLE_TRUCK_SMALL,preprocessed/masks/left_rear_camera/masks/frame_000071_gt2d_003_track_-1_VEHICLE_TRUCK_SMALL.png,0.9092116951942444
left_rear,72,1772699917413276000,data\camera\left_rear_camera\1772699917413276000.jpg,0,0,bus,0.897019,199.0,564.0,342.0,649.0,199.15866088867188,563.951416015625,341.6571960449219,648.8948364257812,matched,0,VEHICLE_BUS,preprocessed/masks/left_rear_camera/masks/frame_000072_gt2d_000_track_-1_VEHICLE_BUS.png,0.8835054636001587
left_rear,72,1772699917413276000,data\camera\left_rear_camera\1772699917413276000.jpg,1000005,1,car,0.470293,1090.0,615.0,1190.0,659.0,1088.7557373046875,615.119140625,1189.9927978515625,659.7000122070312,matched,4,VEHICLE_SUV,preprocessed/masks/left_rear_camera/masks/frame_000072_gt2d_004_track_-1_VEHICLE_SUV.png,0.8818485736846924
left_rear,72,1772699917413276000,data\camera\left_rear_camera\1772699917413276000.jpg,1000007,1,car,0.595063,337.0,614.0,412.0,648.0,337.2734680175781,614.066162109375,411.98419189453125,648.43408203125,matched,2,VEHICLE_SUV,preprocessed/masks/left_rear_camera/masks/frame_000072_gt2d_002_track_-1_VEHICLE_SUV.png,0.8824549317359924
left_rear,72,1772699917413276000,data\camera\left_rear_camera\1772699917413276000.jpg,4000004,4,truck,0.819689,421.0,554.0,596.0,649.0,419.3118896484375,553.9091186523438,592.83447265625,648.51171875,matched,1,VEHICLE_TRUCK,preprocessed/masks/left_rear_camera/masks/frame_000072_gt2d_001_track_-1_VEHICLE_TRUCK.png,0.9132297039031982
left_rear,72,1772699917413276000,data\camera\left_rear_camera\1772699917413276000.jpg,4000008,4,truck,0.535867,596.0,569.0,763.0,661.0,598.1163330078125,569.3365478515625,763.3508911132812,660.739013671875,matched,3,VEHICLE_TRUCK_SMALL,preprocessed/masks/left_rear_camera/masks/frame_000072_gt2d_003_track_-1_VEHICLE_TRUCK_SMALL.png,0.9117504358291626
left_rear,73,1772699917513283000,data\camera\left_rear_camera\1772699917513283000.jpg,-1,3,person,0.380434,1328.0,628.0,1347.0,675.0,1328.0,628.0,1347.0,675.0,unassigned,6,PEDESTRIAN_NORMAL,preprocessed/masks/left_rear_camera/masks/frame_000073_gt2d_006_track_-1_PEDESTRIAN_NORMAL.png,0.9162655472755432
left_rear,73,1772699917513283000,data\camera\left_rear_camera\1772699917513283000.jpg,-1,4,truck,0.358066,1884.0,474.0,1919.0,712.0,1884.0,474.0,1919.0,712.0,unassigned,7,VEHICLE_TRUCK,preprocessed/masks/left_rear_camera/masks/frame_000073_gt2d_007_track_-1_VEHICLE_TRUCK.png,0.9140538573265076
left_rear,73,1772699917513283000,data\camera\left_rear_camera\1772699917513283000.jpg,0,0,bus,0.849412,195.0,565.0,331.0,648.0,195.2174835205078,564.8298950195312,331.8868408203125,647.875244140625,matched,1,VEHICLE_BUS,preprocessed/masks/left_rear_camera/masks/frame_000073_gt2d_001_track_-1_VEHICLE_BUS.png,0.8641895055770874
left_rear,73,1772699917513283000,data\camera\left_rear_camera\1772699917513283000.jpg,1000005,1,car,0.498167,1075.0,615.0,1171.0,661.0,1074.5811767578125,614.9072265625,1171.8251953125,660.3710327148438,matched,5,VEHICLE_SUV,preprocessed/masks/left_rear_camera/masks/frame_000073_gt2d_005_track_-1_VEHICLE_SUV.png,0.8651170134544373
left_rear,73,1772699917513283000,data\camera\left_rear_camera\1772699917513283000.jpg,1000007,1,car,0.626545,327.0,615.0,408.0,651.0,328.5061950683594,614.492919921875,407.7266540527344,649.8308715820312,matched,3,VEHICLE_SUV,preprocessed/masks/left_rear_camera/masks/frame_000073_gt2d_003_track_-1_VEHICLE_SUV.png,0.8494292497634888
left_rear,73,1772699917513283000,data\camera\left_rear_camera\1772699917513283000.jpg,3000004,3,person,0.627425,1342.0,631.0,1361.0,676.0,1342.0,631.0,1361.0,676.0,tentative,2,PEDESTRIAN_NORMAL,preprocessed/masks/left_rear_camera/masks/frame_000073_gt2d_002_track_-1_PEDESTRIAN_NORMAL.png,0.8751946091651917
left_rear,73,1772699917513283000,data\camera\left_rear_camera\1772699917513283000.jpg,4000004,4,truck,0.850009,415.0,556.0,587.0,650.0,413.6628723144531,555.348388671875,584.0047607421875,648.8720703125,matched,0,VEHICLE_TRUCK,preprocessed/masks/left_rear_camera/masks/frame_000073_gt2d_000_track_-1_VEHICLE_TRUCK.png,0.9083492755889893
left_rear,73,1772699917513283000,data\camera\left_rear_camera\1772699917513283000.jpg,4000008,4,truck,0.566069,586.0,570.0,749.0,660.0,587.9727783203125,569.9835205078125,749.4747314453125,659.7753295898438,matched,4,VEHICLE_TRUCK_SMALL,preprocessed/masks/left_rear_camera/masks/frame_000073_gt2d_004_track_-1_VEHICLE_TRUCK_SMALL.png,0.9179040789604187
left_rear,74,1772699917613291000,data\camera\left_rear_camera\1772699917613291000.jpg,-1,3,person,0.459447,1297.0,627.0,1319.0,678.0,1297.0,627.0,1319.0,678.0,unassigned,6,PEDESTRIAN_NORMAL,preprocessed/masks/left_rear_camera/masks/frame_000074_gt2d_006_track_-1_PEDESTRIAN_NORMAL.png,0.8378595113754272
left_rear,74,1772699917613291000,data\camera\left_rear_camera\1772699917613291000.jpg,-1,3,person,0.450534,1311.0,630.0,1332.0,680.0,1311.0,630.0,1332.0,680.0,unassigned,7,PEDESTRIAN_NORMAL,preprocessed/masks/left_rear_camera/masks/frame_000074_gt2d_007_track_-1_PEDESTRIAN_NORMAL.png,0.8682439923286438
left_rear,74,1772699917613291000,data\camera\left_rear_camera\1772699917613291000.jpg,0,0,bus,0.831673,189.0,568.0,325.0,649.0,188.74209594726562,567.5879516601562,323.5264892578125,648.6621704101562,matched,0,VEHICLE_BUS,preprocessed/masks/left_rear_camera/masks/frame_000074_gt2d_000_track_-1_VEHICLE_BUS.png,0.8223287463188171
left_rear,74,1772699917613291000,data\camera\left_rear_camera\1772699917613291000.jpg,1000005,1,car,0.527323,1062.0,615.0,1159.0,662.0,1060.093505859375,615.2667236328125,1156.774169921875,661.6531982421875,matched,5,VEHICLE_SUV,preprocessed/masks/left_rear_camera/masks/frame_000074_gt2d_005_track_-1_VEHICLE_SUV.png,0.8490104079246521
left_rear,74,1772699917613291000,data\camera\left_rear_camera\1772699917613291000.jpg,1000007,1,car,0.589395,321.0,616.0,403.0,651.0,320.1871032714844,615.7670288085938,401.7439880371094,650.7938232421875,matched,3,VEHICLE_SUV,preprocessed/masks/left_rear_camera/masks/frame_000074_gt2d_003_track_-1_VEHICLE_SUV.png,0.8466129302978516
left_rear,74,1772699917613291000,data\camera\left_rear_camera\1772699917613291000.jpg,4000004,4,truck,0.811482,404.0,558.0,579.0,658.0,403.35833740234375,557.6493530273438,574.9105834960938,654.9168090820312,matched,1,VEHICLE_TRUCK,preprocessed/masks/left_rear_camera/masks/frame_000074_gt2d_001_track_-1_VEHICLE_TRUCK.png,0.9115152359008789
left_rear,74,1772699917613291000,data\camera\left_rear_camera\1772699917613291000.jpg,4000008,4,truck,0.645822,576.0,572.0,736.0,662.0,576.6520385742188,571.9757690429688,735.0631713867188,661.2691040039062,matched,2,VEHICLE_TRUCK_SMALL,preprocessed/masks/left_rear_camera/masks/frame_000074_gt2d_002_track_-1_VEHICLE_TRUCK_SMALL.png,0.9255517721176147
left_rear,74,1772699917613291000,data\camera\left_rear_camera\1772699917613291000.jpg,4000009,4,truck,0.570646,1739.0,397.0,1919.0,733.0,1739.0,397.0,1919.0,733.0,tentative,4,VEHICLE_TRUCK,preprocessed/masks/left_rear_camera/masks/frame_000074_gt2d_004_track_-1_VEHICLE_TRUCK.png,0.9643182754516602
left_rear,75,1772699917713268000,data\camera\left_rear_camera\1772699917713268000.jpg,0,0,bus,0.797639,185.0,568.0,318.0,648.0,183.79847717285156,568.5331420898438,316.02740478515625,648.2890625,matched,1,VEHICLE_BUS,preprocessed/masks/left_rear_camera/masks/frame_000075_gt2d_001_track_-1_VEHICLE_BUS.png,0.8600746989250183
left_rear,75,1772699917713268000,data\camera\left_rear_camera\1772699917713268000.jpg,1000005,1,car,0.486322,1047.0,616.0,1152.0,661.0,1045.187255859375,616.0591430664062,1147.0933837890625,661.4688720703125,matched,5,VEHICLE_SUV,preprocessed/masks/left_rear_camera/masks/frame_000075_gt2d_005_track_-1_VEHICLE_SUV.png,0.829552173614502
left_rear,75,1772699917713268000,data\camera\left_rear_camera\1772699917713268000.jpg,1000007,1,car,0.608729,318.0,616.0,392.0,650.0,315.1509094238281,616.2342529296875,392.4245300292969,650.485595703125,matched,3,VEHICLE_SUV,preprocessed/masks/left_rear_camera/masks/frame_000075_gt2d_003_track_-1_VEHICLE_SUV.png,0.8586927652359009
left_rear,75,1772699917713268000,data\camera\left_rear_camera\1772699917713268000.jpg,4000004,4,truck,0.813379,391.0,559.0,570.0,654.0,391.09124755859375,559.1305541992188,565.9776611328125,654.4807739257812,matched,0,VEHICLE_TRUCK,preprocessed/masks/left_rear_camera/masks/frame_000075_gt2d_000_track_-1_VEHICLE_TRUCK.png,0.9029970169067383
left_rear,75,1772699917713268000,data\camera\left_rear_camera\1772699917713268000.jpg,4000008,4,truck,0.66367,567.0,572.0,723.0,664.0,566.691162109375,572.649169921875,721.52734375,663.1845703125,matched,2,VEHICLE_TRUCK_SMALL,preprocessed/masks/left_rear_camera/masks/frame_000075_gt2d_002_track_-1_VEHICLE_TRUCK_SMALL.png,0.9332945942878723
left_rear,75,1772699917713268000,data\camera\left_rear_camera\1772699917713268000.jpg,4000009,4,truck,0.603698,1619.0,402.0,1919.0,720.0,1639.838134765625,401.4129638671875,1915.838134765625,723.012939453125,matched,4,VEHICLE_TRUCK,preprocessed/masks/left_rear_camera/masks/frame_000075_gt2d_004_track_-1_VEHICLE_TRUCK.png,0.9691193103790283
left_rear,76,1772699917813275000,data\camera\left_rear_camera\1772699917813275000.jpg,-1,3,person,0.486049,1240.0,625.0,1261.0,672.0,1240.0,625.0,1261.0,672.0,unassigned,5,PEDESTRIAN_NORMAL,preprocessed/masks/left_rear_camera/masks/frame_000076_gt2d_005_track_-1_PEDESTRIAN_NORMAL.png,0.8597438335418701
left_rear,76,1772699917813275000,data\camera\left_rear_camera\1772699917813275000.jpg,-1,3,person,0.305513,1254.0,628.0,1274.0,673.0,1254.0,628.0,1274.0,673.0,unassigned,7,PEDESTRIAN_NORMAL,preprocessed/masks/left_rear_camera/masks/frame_000076_gt2d_007_track_-1_PEDESTRIAN_NORMAL.png,0.872933030128479
left_rear,76,1772699917813275000,data\camera\left_rear_camera\1772699917813275000.jpg,0,0,bus,0.70847,179.0,568.0,310.0,647.0,179.61895751953125,568.3954467773438,309.7408752441406,647.068603515625,matched,1,VEHICLE_BUS,preprocessed/masks/left_rear_camera/masks/frame_000076_gt2d_001_track_-1_VEHICLE_BUS.png,0.7869278788566589
left_rear,76,1772699917813275000,data\camera\left_rear_camera\1772699917813275000.jpg,1000005,1,car,0.403164,1034.0,615.0,1136.0,659.0,1033.0882568359375,615.235595703125,1134.9361572265625,659.6109619140625,matched,6,VEHICLE_SUV,preprocessed/masks/left_rear_camera/masks/frame_000076_gt2d_006_track_-1_VEHICLE_SUV.png,0.8438034057617188
left_rear,76,1772699917813275000,data\camera\left_rear_camera\1772699917813275000.jpg,1000007,1,car,0.501659,312.0,615.0,385.0,647.0,311.2647399902344,615.2872314453125,386.0516357421875,647.91455078125,matched,4,VEHICLE_SUV,preprocessed/masks/left_rear_camera/masks/frame_000076_gt2d_004_track_-1_VEHICLE_SUV.png,0.8812791109085083
left_rear,76,1772699917813275000,data\camera\left_rear_camera\1772699917813275000.jpg,4000004,4,truck,0.775468,391.0,559.0,563.0,654.0,388.46514892578125,559.197021484375,560.0408325195312,653.879150390625,matched,0,VEHICLE_TRUCK,preprocessed/masks/left_rear_camera/masks/frame_000076_gt2d_000_track_-1_VEHICLE_TRUCK.png,0.9080734252929688
left_rear,76,1772699917813275000,data\camera\left_rear_camera\1772699917813275000.jpg,4000008,4,truck,0.601642,562.0,572.0,710.0,662.0,561.5226440429688,572.4193725585938,709.8555908203125,662.1275024414062,matched,2,VEHICLE_TRUCK_SMALL,preprocessed/masks/left_rear_camera/masks/frame_000076_gt2d_002_track_-1_VEHICLE_TRUCK_SMALL.png,0.93605637550354
left_rear,76,1772699917813275000,data\camera\left_rear_camera\1772699917813275000.jpg,4000009,4,truck,0.546698,1512.0,416.0,1919.0,717.0,1550.7252197265625,412.9949035644531,1914.1290283203125,718.493896484375,matched,3,VEHICLE_TRAILER,preprocessed/masks/left_rear_camera/masks/frame_000076_gt2d_003_track_-1_VEHICLE_TRAILER.png,0.9323749542236328
left_rear,77,1772699917913282000,data\camera\left_rear_camera\1772699917913282000.jpg,0,0,bus,0.522214,177.0,571.0,300.0,644.0,176.55166625976562,570.3088989257812,300.6294860839844,644.600341796875,matched,3,VEHICLE_BUS,preprocessed/masks/left_rear_camera/masks/frame_000077_gt2d_003_track_-1_VEHICLE_BUS.png,0.8232972621917725
left_rear,77,1772699917913282000,data\camera\left_rear_camera\1772699917913282000.jpg,1000007,1,car,0.415427,306.0,617.0,378.0,647.0,305.69183349609375,616.2826538085938,378.8496398925781,646.9619750976562,matched,4,VEHICLE_SUV,preprocessed/masks/left_rear_camera/masks/frame_000077_gt2d_004_track_-1_VEHICLE_SUV.png,0.8840801119804382
left_rear,77,1772699917913282000,data\camera\left_rear_camera\1772699917913282000.jpg,4000004,4,truck,0.832,375.0,560.0,558.0,655.0,376.7295227050781,559.834228515625,554.7109375,654.31884765625,matched,0,VEHICLE_TRUCK,preprocessed/masks/left_rear_camera/masks/frame_000077_gt2d_000_track_-1_VEHICLE_TRUCK.png,0.9070178270339966
left_rear,77,1772699917913282000,data\camera\left_rear_camera\1772699917913282000.jpg,4000008,4,truck,0.528656,548.0,574.0,697.0,660.0,549.9923095703125,573.6083374023438,696.9728393554688,660.387451171875,matched,2,VEHICLE_TRUCK,preprocessed/masks/left_rear_camera/masks/frame_000077_gt2d_002_track_-1_VEHICLE_TRUCK.png,0.9385724067687988
left_rear,77,1772699917913282000,data\camera\left_rear_camera\1772699917913282000.jpg,4000009,4,truck,0.596579,1419.0,431.0,1919.0,719.0,1454.01708984375,428.6126708984375,1913.717529296875,718.5399169921875,matched,1,VEHICLE_TRAILER,preprocessed/masks/left_rear_camera/masks/frame_000077_gt2d_001_track_-1_VEHICLE_TRAILER.png,0.9369709491729736
left_rear,78,1772699918013276000,data\camera\left_rear_camera\1772699918013276000.jpg,-1,3,person,0.468798,1188.0,626.0,1211.0,681.0,1188.0,626.0,1211.0,681.0,unassigned,3,PEDESTRIAN_NORMAL,preprocessed/masks/left_rear_camera/masks/frame_000078_gt2d_003_track_-1_PEDESTRIAN_NORMAL.png,0.8451643586158752
left_rear,78,1772699918013276000,data\camera\left_rear_camera\1772699918013276000.jpg,0,0,bus,0.465704,173.0,570.0,293.0,643.0,173.03213500976562,570.5033569335938,293.0425109863281,643.2756958007812,matched,4,VEHICLE_BUS,preprocessed/masks/left_rear_camera/masks/frame_000078_gt2d_004_track_-1_VEHICLE_BUS.png,0.8313311338424683
left_rear,78,1772699918013276000,data\camera\left_rear_camera\1772699918013276000.jpg,1000007,1,car,0.383161,299.0,615.0,364.0,644.0,299.3416748046875,615.4923706054688,367.20526123046875,644.8035888671875,matched,5,VEHICLE_SUV,preprocessed/masks/left_rear_camera/masks/frame_000078_gt2d_005_track_-1_VEHICLE_SUV.png,0.9075416326522827
left_rear,78,1772699918013276000,data\camera\left_rear_camera\1772699918013276000.jpg,4000004,4,truck,0.878041,366.0,562.0,547.0,653.0,366.88482666015625,561.611083984375,545.9190063476562,653.3984985351562,matched,0,VEHICLE_TRUCK,preprocessed/masks/left_rear_camera/masks/frame_000078_gt2d_000_track_-1_VEHICLE_TRUCK.png,0.9245699644088745
left_rear,78,1772699918013276000,data\camera\left_rear_camera\1772699918013276000.jpg,4000008,4,truck,0.625259,542.0,575.0,686.0,661.0,542.2435302734375,574.919677734375,685.5211181640625,660.6765747070312,matched,2,VEHICLE_TRUCK,preprocessed/masks/left_rear_camera/masks/frame_000078_gt2d_002_track_-1_VEHICLE_TRUCK.png,0.9542095065116882
left_rear,78,1772699918013276000,data\camera\left_rear_camera\1772699918013276000.jpg,4000009,4,truck,0.740372,1330.0,450.0,1919.0,719.0,1359.0587158203125,447.62933349609375,1914.197265625,718.8115234375,matched,1,VEHICLE_TRAILER,preprocessed/masks/left_rear_camera/masks/frame_000078_gt2d_001_track_-1_VEHICLE_TRAILER.png,0.6033660173416138
left_rear,79,1772699918113192000,data\camera\left_rear_camera\1772699918113192000.jpg,-1,3,person,0.337718,1165.0,626.0,1184.0,670.0,1165.0,626.0,1184.0,670.0,unassigned,5,PEDESTRIAN_NORMAL,preprocessed/masks/left_rear_camera/masks/frame_000079_gt2d_005_track_-1_PEDESTRIAN_NORMAL.png,0.8884957432746887
left_rear,79,1772699918113192000,data\camera\left_rear_camera\1772699918113192000.jpg,0,0,bus,0.711435,170.0,571.0,293.0,645.0,169.56698608398438,571.4027099609375,290.3716735839844,644.391845703125,matched,1,VEHICLE_BUS,preprocessed/masks/left_rear_camera/masks/frame_000079_gt2d_001_track_-1_VEHICLE_BUS.png,0.8660404682159424
left_rear,79,1772699918113192000,data\camera\left_rear_camera\1772699918113192000.jpg,1000007,1,car,0.426202,290.0,615.0,369.0,647.0,290.8343200683594,615.388671875,366.2301025390625,646.3184204101562,matched,4,VEHICLE_SUV,preprocessed/masks/left_rear_camera/masks/frame_000079_gt2d_004_track_-1_VEHICLE_SUV.png,0.859880805015564
left_rear,79,1772699918113192000,data\camera\left_rear_camera\1772699918113192000.jpg,4000004,4,truck,0.850341,358.0,563.0,538.0,652.0,357.86700439453125,563.0985717773438,536.7554931640625,652.5830688476562,matched,0,VEHICLE_TRUCK,preprocessed/masks/left_rear_camera/masks/frame_000079_gt2d_000_track_-1_VEHICLE_TRUCK.png,0.9003375172615051
left_rear,79,1772699918113192000,data\camera\left_rear_camera\1772699918113192000.jpg,4000008,4,truck,0.647387,534.0,575.0,673.0,659.0,533.9960327148438,575.5502319335938,672.7520751953125,659.6437377929688,matched,3,VEHICLE_TRUCK,preprocessed/masks/left_rear_camera/masks/frame_000079_gt2d_003_track_-1_VEHICLE_TRUCK.png,0.9393330812454224
left_rear,79,1772699918113192000,data\camera\left_rear_camera\1772699918113192000.jpg,4000009,4,truck,0.657468,1256.0,459.0,1919.0,717.0,1274.19580078125,459.61602783203125,1914.326416015625,717.5272216796875,matched,2,VEHICLE_TRAILER,preprocessed/masks/left_rear_camera/masks/frame_000079_gt2d_002_track_-1_VEHICLE_TRAILER.png,0.6673817038536072
left_rear,80,1772699918213169000,data\camera\left_rear_camera\1772699918213169000.jpg,0,0,bus,0.806386,165.0,573.0,287.0,644.0,166.25973510742188,572.405029296875,286.7771301269531,643.5088500976562,matched,1,VEHICLE_BUS,preprocessed/masks/left_rear_camera/masks/frame_000080_gt2d_001_track_-1_VEHICLE_BUS.png,0.8473079204559326
left_rear,80,1772699918213169000,data\camera\left_rear_camera\1772699918213169000.jpg,1000007,1,car,0.342646,282.0,614.0,360.0,645.0,283.9806823730469,614.049560546875,361.30963134765625,644.8792724609375,matched,4,VEHICLE_SUV,preprocessed/masks/left_rear_camera/masks/frame_000080_gt2d_004_track_-1_VEHICLE_SUV.png,0.812761127948761
left_rear,80,1772699918213169000,data\camera\left_rear_camera\1772699918213169000.jpg,4000004,4,truck,0.816627,351.0,563.0,519.0,649.0,351.4157409667969,562.961669921875,522.3656616210938,649.6318359375,matched,0,VEHICLE_TRUCK,preprocessed/masks/left_rear_camera/masks/frame_000080_gt2d_000_track_-1_VEHICLE_TRUCK.png,0.9008105397224426
left_rear,80,1772699918213169000,data\camera\left_rear_camera\1772699918213169000.jpg,4000008,4,truck,0.484995,522.0,575.0,665.0,658.0,524.3026733398438,575.0955200195312,664.4177856445312,657.965576171875,matched,3,VEHICLE_TRUCK_SMALL,preprocessed/masks/left_rear_camera/masks/frame_000080_gt2d_003_track_-1_VEHICLE_TRUCK_SMALL.png,0.931056559085846
left_rear,80,1772699918213169000,data\camera\left_rear_camera\1772699918213169000.jpg,4000009,4,truck,0.747755,1192.0,469.0,1919.0,714.0,1202.085205078125,469.5499267578125,1916.135498046875,714.4052734375,matched,2,VEHICLE_TRAILER,preprocessed/masks/left_rear_camera/masks/frame_000080_gt2d_002_track_-1_VEHICLE_TRAILER.png,0.6222920417785645
left_rear,81,1772699918313177000,data\camera\left_rear_camera\1772699918313177000.jpg,-1,4,truck,0.359699,345.0,585.0,436.0,647.0,345.0,585.0,436.0,647.0,unassigned,4,VEHICLE_TRUCK,preprocessed/masks/left_rear_camera/masks/frame_000081_gt2d_004_track_-1_VEHICLE_TRUCK.png,0.8168805837631226
left_rear,81,1772699918313177000,data\camera\left_rear_camera\1772699918313177000.jpg,-1,4,truck,0.313974,346.0,575.0,477.0,649.0,346.0,575.0,477.0,649.0,unassigned,5,VEHICLE_TRUCK,preprocessed/masks/left_rear_camera/masks/frame_000081_gt2d_005_track_-1_VEHICLE_TRUCK.png,0.922563374042511
left_rear,81,1772699918313177000,data\camera\left_rear_camera\1772699918313177000.jpg,0,0,bus,0.837426,162.0,575.0,280.0,646.0,162.11605834960938,574.4859008789062,279.96380615234375,644.9761352539062,matched,0,VEHICLE_BUS,preprocessed/masks/left_rear_camera/masks/frame_000081_gt2d_000_track_-1_VEHICLE_BUS.png,0.8732054233551025
left_rear,81,1772699918313177000,data\camera\left_rear_camera\1772699918313177000.jpg,4000004,4,truck,0.709871,346.0,565.0,522.0,652.0,344.9674987792969,564.6195068359375,518.4464111328125,651.0028076171875,matched,2,VEHICLE_TRUCK,preprocessed/masks/left_rear_camera/masks/frame_000081_gt2d_002_track_-1_VEHICLE_TRUCK.png,0.9054808616638184
left_rear,81,1772699918313177000,data\camera\left_rear_camera\1772699918313177000.jpg,4000008,4,truck,0.654351,513.0,578.0,657.0,659.0,514.0072021484375,577.3090209960938,655.4071044921875,658.4422607421875,matched,3,VEHICLE_TRUCK,preprocessed/masks/left_rear_camera/masks/frame_000081_gt2d_003_track_-1_VEHICLE_TRUCK.png,0.9300066232681274
left_rear,81,1772699918313177000,data\camera\left_rear_camera\1772699918313177000.jpg,4000009,4,truck,0.723449,1130.0,474.0,1919.0,710.0,1134.2960205078125,476.06182861328125,1915.859375,710.8605346679688,matched,1,VEHICLE_TRAILER,preprocessed/masks/left_rear_camera/masks/frame_000081_gt2d_001_track_-1_VEHICLE_TRAILER.png,0.7218778133392334
left_rear,82,1772699918413184000,data\camera\left_rear_camera\1772699918413184000.jpg,-1,4,truck,0.351772,336.0,588.0,426.0,648.0,336.0,588.0,426.0,648.0,unassigned,4,VEHICLE_TRUCK,preprocessed/masks/left_rear_camera/masks/frame_000082_gt2d_004_track_-1_VEHICLE_TRUCK.png,0.863234281539917
left_rear,82,1772699918413184000,data\camera\left_rear_camera\1772699918413184000.jpg,-1,1,car,0.319652,263.0,620.0,307.0,644.0,263.0,620.0,307.0,644.0,unassigned,5,VEHICLE_SUV,preprocessed/masks/left_rear_camera/masks/frame_000082_gt2d_005_track_-1_VEHICLE_SUV.png,0.8543633222579956
left_rear,82,1772699918413184000,data\camera\left_rear_camera\1772699918413184000.jpg,0,0,bus,0.824247,160.0,578.0,274.0,648.0,158.6474609375,577.5012817382812,272.9368896484375,647.1553955078125,matched,0,VEHICLE_BUS,preprocessed/masks/left_rear_camera/masks/frame_000082_gt2d_000_track_-1_VEHICLE_BUS.png,0.857303261756897
left_rear,82,1772699918413184000,data\camera\left_rear_camera\1772699918413184000.jpg,4000004,4,truck,0.626406,337.0,567.0,516.0,654.0,336.06500244140625,566.81005859375,512.4971923828125,653.1406860351562,matched,2,VEHICLE_TRUCK,preprocessed/masks/left_rear_camera/masks/frame_000082_gt2d_002_track_-1_VEHICLE_TRUCK.png,0.914461612701416
left_rear,82,1772699918413184000,data\camera\left_rear_camera\1772699918413184000.jpg,4000008,4,truck,0.540944,505.0,579.0,640.0,661.0,504.3902587890625,579.03662109375,640.3635864257812,660.272216796875,matched,3,VEHICLE_TRUCK_SMALL,preprocessed/masks/left_rear_camera/masks/frame_000082_gt2d_003_track_-1_VEHICLE_TRUCK_SMALL.png,0.92781662940979
left_rear,82,1772699918413184000,data\camera\left_rear_camera\1772699918413184000.jpg,4000009,4,truck,0.721072,1074.0,485.0,1919.0,710.0,1072.4202880859375,485.7904968261719,1914.9461669921875,710.004150390625,matched,1,VEHICLE_TRAILER,preprocessed/masks/left_rear_camera/masks/frame_000082_gt2d_001_track_-1_VEHICLE_TRAILER.png,0.6669246554374695
left_rear,83,1772699918513192000,data\camera\left_rear_camera\1772699918513192000.jpg,-1,4,truck,0.382052,330.0,591.0,411.0,649.0,330.0,591.0,411.0,649.0,unassigned,4,VEHICLE_TRUCK,preprocessed/masks/left_rear_camera/masks/frame_000083_gt2d_004_track_-1_VEHICLE_TRUCK.png,0.8391802906990051
left_rear,83,1772699918513192000,data\camera\left_rear_camera\1772699918513192000.jpg,-1,1,car,0.319629,256.0,621.0,340.0,652.0,256.0,621.0,340.0,652.0,unassigned,5,VEHICLE_SUV,preprocessed/masks/left_rear_camera/masks/frame_000083_gt2d_005_track_-1_VEHICLE_SUV.png,0.83736652135849
left_rear,83,1772699918513192000,data\camera\left_rear_camera\1772699918513192000.jpg,0,0,bus,0.812772,154.0,581.0,268.0,650.0,152.71664428710938,580.5835571289062,265.84716796875,649.3198852539062,matched,0,VEHICLE_BUS,preprocessed/masks/left_rear_camera/masks/frame_000083_gt2d_000_track_-1_VEHICLE_BUS.png,0.840971827507019
left_rear,83,1772699918513192000,data\camera\left_rear_camera\1772699918513192000.jpg,4000004,4,truck,0.735723,335.0,570.0,509.0,656.0,330.86358642578125,569.5933837890625,505.16400146484375,655.2877197265625,matched,1,VEHICLE_TRUCK,preprocessed/masks/left_rear_camera/masks/frame_000083_gt2d_001_track_-1_VEHICLE_TRUCK.png,0.8774092197418213
left_rear,83,1772699918513192000,data\camera\left_rear_camera\1772699918513192000.jpg,4000008,4,truck,0.59469,496.0,582.0,628.0,662.0,494.39990234375,581.6509399414062,626.4922485351562,661.6309204101562,matched,3,VEHICLE_TRUCK_SMALL,preprocessed/masks/left_rear_camera/masks/frame_000083_gt2d_003_track_-1_VEHICLE_TRUCK_SMALL.png,0.917477011680603
left_rear,83,1772699918513192000,data\camera\left_rear_camera\1772699918513192000.jpg,4000009,4,truck,0.724482,1022.0,494.0,1919.0,708.0,1015.5145263671875,494.92279052734375,1913.7039794921875,708.35595703125,matched,2,VEHICLE_TRAILER,preprocessed/masks/left_rear_camera/masks/frame_000083_gt2d_002_track_-1_VEHICLE_TRAILER.png,0.6618223786354065
left_rear,84,1772699918613168000,data\camera\left_rear_camera\1772699918613168000.jpg,0,0,bus,0.81438,149.0,583.0,261.0,650.0,147.35467529296875,582.908203125,258.8207702636719,650.0180053710938,matched,0,VEHICLE_BUS,preprocessed/masks/left_rear_camera/masks/frame_000084_gt2d_000_track_-1_VEHICLE_BUS.png,0.8912913799285889
left_rear,84,1772699918613168000,data\camera\left_rear_camera\1772699918613168000.jpg,4000004,4,truck,0.761522,323.0,572.0,500.0,656.0,321.3399353027344,571.8226318359375,496.90087890625,655.9916381835938,matched,1,VEHICLE_TRUCK,preprocessed/masks/left_rear_camera/masks/frame_000084_gt2d_001_track_-1_VEHICLE_TRUCK.png,0.888530433177948
left_rear,84,1772699918613168000,data\camera\left_rear_camera\1772699918613168000.jpg,4000008,4,truck,0.51772,486.0,584.0,617.0,664.0,484.3857727050781,583.82080078125,614.5545654296875,663.3924560546875,matched,3,VEHICLE_TRUCK_SMALL,preprocessed/masks/left_rear_camera/masks/frame_000084_gt2d_003_track_-1_VEHICLE_TRUCK_SMALL.png,0.9219940900802612
left_rear,84,1772699918613168000,data\camera\left_rear_camera\1772699918613168000.jpg,4000009,4,truck,0.676287,969.0,501.0,1919.0,710.0,961.0973510742188,502.35760498046875,1913.275146484375,709.220458984375,matched,2,VEHICLE_TRAILER,preprocessed/masks/left_rear_camera/masks/frame_000084_gt2d_002_track_-1_VEHICLE_TRAILER.png,0.7173771858215332
left_rear,85,1772699918713176000,data\camera\left_rear_camera\1772699918713176000.jpg,-1,4,truck,0.423388,307.0,594.0,388.0,649.0,307.0,594.0,388.0,649.0,unassigned,4,VEHICLE_TRUCK,preprocessed/masks/left_rear_camera/masks/frame_000085_gt2d_004_track_-1_VEHICLE_TRUCK.png,0.8375988006591797
left_rear,85,1772699918713176000,data\camera\left_rear_camera\1772699918713176000.jpg,0,0,bus,0.640773,143.0,584.0,254.0,648.0,142.37823486328125,584.0614013671875,252.67562866210938,648.6034545898438,matched,0,VEHICLE_BUS,preprocessed/masks/left_rear_camera/masks/frame_000085_gt2d_000_track_-1_VEHICLE_BUS.png,0.8925271034240723
left_rear,85,1772699918713176000,data\camera\left_rear_camera\1772699918713176000.jpg,4000004,4,truck,0.594052,355.0,573.0,495.0,654.0,340.1286926269531,572.9540405273438,491.7041015625,654.5905151367188,matched,2,VEHICLE_TRUCK,preprocessed/masks/left_rear_camera/masks/frame_000085_gt2d_002_track_-1_VEHICLE_TRUCK.png,0.8965628147125244
left_rear,85,1772699918713176000,data\camera\left_rear_camera\1772699918713176000.jpg,4000008,4,truck,0.495134,480.0,585.0,606.0,664.0,477.8948974609375,584.9313354492188,604.1158447265625,663.7298583984375,matched,3,VEHICLE_TRUCK_SMALL,preprocessed/masks/left_rear_camera/masks/frame_000085_gt2d_003_track_-1_VEHICLE_TRUCK_SMALL.png,0.900469958782196
left_rear,85,1772699918713176000,data\camera\left_rear_camera\1772699918713176000.jpg,4000009,4,truck,0.63935,931.0,504.0,1919.0,709.0,917.8849487304688,506.2572937011719,1914.184326171875,708.59033203125,matched,1,VEHICLE_TRAILER,preprocessed/masks/left_rear_camera/masks/frame_000085_gt2d_001_track_-1_VEHICLE_TRAILER.png,0.706903874874115
left_rear,86,1772699918813183000,data\camera\left_rear_camera\1772699918813183000.jpg,-1,4,truck,0.331389,306.0,592.0,385.0,648.0,306.0,592.0,385.0,648.0,unassigned,4,VEHICLE_TRUCK,preprocessed/masks/left_rear_camera/masks/frame_000086_gt2d_004_track_-1_VEHICLE_TRUCK.png,0.8414096236228943
left_rear,86,1772699918813183000,data\camera\left_rear_camera\1772699918813183000.jpg,-1,4,truck,0.325278,886.0,417.0,1871.0,711.0,886.0,417.0,1871.0,711.0,unassigned,5,VEHICLE_TRAILER,preprocessed/masks/left_rear_camera/masks/frame_000086_gt2d_005_track_-1_VEHICLE_TRAILER.png,0.7633371949195862
left_rear,86,1772699918813183000,data\camera\left_rear_camera\1772699918813183000.jpg,0,0,bus,0.745496,138.0,584.0,248.0,650.0,137.6611785888672,584.574951171875,246.9605712890625,649.6158447265625,matched,0,VEHICLE_BUS,preprocessed/masks/left_rear_camera/masks/frame_000086_gt2d_000_track_-1_VEHICLE_BUS.png,0.8895107507705688
left_rear,86,1772699918813183000,data\camera\left_rear_camera\1772699918813183000.jpg,4000004,4,truck,0.552971,310.0,574.0,477.0,655.0,317.01226806640625,574.1578979492188,478.3191833496094,654.9176635742188,matched,2,VEHICLE_TRUCK,preprocessed/masks/left_rear_camera/masks/frame_000086_gt2d_002_track_-1_VEHICLE_TRUCK.png,0.9062590003013611
left_rear,86,1772699918813183000,data\camera\left_rear_camera\1772699918813183000.jpg,4000008,4,truck,0.51125,469.0,585.0,595.0,663.0,468.7503967285156,585.46240234375,593.6971435546875,663.3519897460938,matched,3,VEHICLE_TRUCK,preprocessed/masks/left_rear_camera/masks/frame_000086_gt2d_003_track_-1_VEHICLE_TRUCK.png,0.9161952137947083
left_rear,86,1772699918813183000,data\camera\left_rear_camera\1772699918813183000.jpg,4000009,4,truck,0.686781,892.0,511.0,1850.0,707.0,878.1915893554688,512.2501831054688,1872.58056640625,707.1868286132812,matched,1,VEHICLE_TRAILER,preprocessed/masks/left_rear_camera/masks/frame_000086_gt2d_001_track_-1_VEHICLE_TRAILER.png,0.7651827335357666
left_rear,87,1772699918913191000,data\camera\left_rear_camera\1772699918913191000.jpg,-1,4,truck,0.356751,299.0,577.0,426.0,651.0,299.0,577.0,426.0,651.0,unassigned,4,VEHICLE_TRUCK,preprocessed/masks/left_rear_camera/masks/frame_000087_gt2d_004_track_-1_VEHICLE_TRUCK.png,0.9243431091308594
left_rear,87,1772699918913191000,data\camera\left_rear_camera\1772699918913191000.jpg,-1,1,car,0.312922,269.0,622.0,326.0,648.0,269.0,622.0,326.0,648.0,unassigned,5,VEHICLE_CAR,preprocessed/masks/left_rear_camera/masks/frame_000087_gt2d_005_track_-1_VEHICLE_CAR.png,0.8846687078475952
left_rear,87,1772699918913191000,data\camera\left_rear_camera\1772699918913191000.jpg,0,0,bus,0.708924,133.0,584.0,244.0,650.0,132.57923889160156,584.5223999023438,242.28439331054688,649.7804565429688,matched,0,VEHICLE_BUS,preprocessed/masks/left_rear_camera/masks/frame_000087_gt2d_000_track_-1_VEHICLE_BUS.png,0.8783962726593018
left_rear,87,1772699918913191000,data\camera\left_rear_camera\1772699918913191000.jpg,4000004,4,truck,0.670235,302.0,574.0,476.0,654.0,303.97705078125,574.3513793945312,472.9689025878906,654.1689453125,matched,2,VEHICLE_TRUCK,preprocessed/masks/left_rear_camera/masks/frame_000087_gt2d_002_track_-1_VEHICLE_TRUCK.png,0.8842043280601501
left_rear,87,1772699918913191000,data\camera\left_rear_camera\1772699918913191000.jpg,4000008,4,truck,0.525105,460.0,587.0,585.0,662.0,459.5233459472656,586.7528076171875,583.4602661132812,662.338623046875,matched,3,VEHICLE_TRUCK,preprocessed/masks/left_rear_camera/masks/frame_000087_gt2d_003_track_-1_VEHICLE_TRUCK.png,0.9240283370018005
left_rear,87,1772699918913191000,data\camera\left_rear_camera\1772699918913191000.jpg,4000009,4,truck,0.708474,855.0,525.0,1729.0,707.0,840.9585571289062,523.5435180664062,1779.25244140625,706.5742797851562,matched,1,VEHICLE_TRAILER,preprocessed/masks/left_rear_camera/masks/frame_000087_gt2d_001_track_-1_VEHICLE_TRAILER.png,0.7508951425552368
left_rear,88,1772699919013154000,data\camera\left_rear_camera\1772699919013154000.jpg,-1,4,truck,0.471965,294.0,591.0,409.0,646.0,294.0,591.0,409.0,646.0,unassigned,4,VEHICLE_TRUCK,preprocessed/masks/left_rear_camera/masks/frame_000088_gt2d_004_track_-1_VEHICLE_TRUCK.png,0.918755054473877
left_rear,88,1772699919013154000,data\camera\left_rear_camera\1772699919013154000.jpg,-1,4,truck,0.424688,296.0,576.0,454.0,650.0,296.0,576.0,454.0,650.0,unassigned,5,VEHICLE_TRUCK,preprocessed/masks/left_rear_camera/masks/frame_000088_gt2d_005_track_-1_VEHICLE_TRUCK.png,0.8775858879089355
left_rear,88,1772699919013154000,data\camera\left_rear_camera\1772699919013154000.jpg,-1,1,car,0.413199,261.0,620.0,326.0,648.0,261.0,620.0,326.0,648.0,unassigned,6,VEHICLE_SUV,preprocessed/masks/left_rear_camera/masks/frame_000088_gt2d_006_track_-1_VEHICLE_SUV.png,0.8643248677253723
left_rear,88,1772699919013154000,data\camera\left_rear_camera\1772699919013154000.jpg,0,0,bus,0.79196,130.0,583.0,236.0,647.0,129.9028778076172,583.8822021484375,236.4844207763672,647.929931640625,matched,0,VEHICLE_BUS,preprocessed/masks/left_rear_camera/masks/frame_000088_gt2d_000_track_-1_VEHICLE_BUS.png,0.8742632865905762
left_rear,88,1772699919013154000,data\camera\left_rear_camera\1772699919013154000.jpg,4000004,4,truck,0.61133,342.0,573.0,469.0,648.0,326.5513000488281,573.7996215820312,467.7584228515625,649.9581909179688,matched,2,VEHICLE_TRUCK,preprocessed/masks/left_rear_camera/masks/frame_000088_gt2d_002_track_-1_VEHICLE_TRUCK.png,0.8693473935127258
left_rear,88,1772699919013154000,data\camera\left_rear_camera\1772699919013154000.jpg,4000008,4,truck,0.527715,450.0,585.0,578.0,659.0,450.7753601074219,585.9266967773438,576.4987182617188,660.0350952148438,matched,3,VEHICLE_TRUCK,preprocessed/masks/left_rear_camera/masks/frame_000088_gt2d_003_track_-1_VEHICLE_TRUCK.png,0.9087001085281372
left_rear,88,1772699919013154000,data\camera\left_rear_camera\1772699919013154000.jpg,4000009,4,truck,0.732603,830.0,522.0,1636.0,699.0,813.9866943359375,524.9801635742188,1682.525634765625,700.8622436523438,matched,1,VEHICLE_TRAILER,preprocessed/masks/left_rear_camera/masks/frame_000088_gt2d_001_track_-1_VEHICLE_TRAILER.png,0.784143328666687
left_rear,89,1772699919113284000,data\camera\left_rear_camera\1772699919113284000.jpg,-1,4,truck,0.40769,287.0,586.0,376.0,642.0,287.0,586.0,376.0,642.0,unassigned,4,VEHICLE_TRUCK,preprocessed/masks/left_rear_camera/masks/frame_000089_gt2d_004_track_-1_VEHICLE_TRUCK.png,0.8619694709777832
left_rear,89,1772699919113284000,data\camera\left_rear_camera\1772699919113284000.jpg,-1,4,truck,0.387306,290.0,575.0,406.0,644.0,290.0,575.0,406.0,644.0,unassigned,5,VEHICLE_TRUCK,preprocessed/masks/left_rear_camera/masks/frame_000089_gt2d_005_track_-1_VEHICLE_TRUCK.png,0.9126002788543701
left_rear,89,1772699919113284000,data\camera\left_rear_camera\1772699919113284000.jpg,-1,1,car,0.3233,252.0,616.0,307.0,642.0,252.0,616.0,307.0,642.0,unassigned,6,VEHICLE_CAR,preprocessed/masks/left_rear_camera/masks/frame_000089_gt2d_006_track_-1_VEHICLE_CAR.png,0.8745356798171997
left_rear,89,1772699919113284000,data\camera\left_rear_camera\1772699919113284000.jpg,0,0,bus,0.655173,125.0,581.0,227.0,642.0,124.59669494628906,581.6405029296875,227.4031524658203,643.266845703125,matched,1,VEHICLE_BUS,preprocessed/masks/left_rear_camera/masks/frame_000089_gt2d_001_track_-1_VEHICLE_BUS.png,0.883955180644989
left_rear,89,1772699919113284000,data\camera\left_rear_camera\1772699919113284000.jpg,4000004,4,truck,0.571089,339.0,571.0,460.0,647.0,333.517333984375,571.5846557617188,459.1853332519531,647.1384887695312,matched,2,VEHICLE_TRUCK,preprocessed/masks/left_rear_camera/masks/frame_000089_gt2d_002_track_-1_VEHICLE_TRUCK.png,0.8596318960189819
left_rear,89,1772699919113284000,data\camera\left_rear_camera\1772699919113284000.jpg,4000008,4,truck,0.511357,444.0,583.0,560.0,657.0,442.7197570800781,583.6334228515625,561.1603393554688,657.2540893554688,matched,3,VEHICLE_TRUCK,preprocessed/masks/left_rear_camera/masks/frame_000089_gt2d_003_track_-1_VEHICLE_TRUCK.png,0.9146499633789062
left_rear,89,1772699919113284000,data\camera\left_rear_camera\1772699919113284000.jpg,4000009,4,truck,0.726462,801.0,523.0,1543.0,692.0,786.015625,525.2738647460938,1582.892578125,693.5162353515625,matched,0,VEHICLE_TRAILER,preprocessed/masks/left_rear_camera/masks/frame_000089_gt2d_000_track_-1_VEHICLE_TRAILER.png,0.8493024706840515
left_rear,90,1772699919213261000,data\camera\left_rear_camera\1772699919213261000.jpg,-1,4,truck,0.448207,282.0,590.0,360.0,643.0,282.0,590.0,360.0,643.0,unassigned,4,VEHICLE_TRUCK,preprocessed/masks/left_rear_camera/masks/frame_000090_gt2d_004_track_-1_VEHICLE_TRUCK.png,0.8385939598083496
left_rear,90,1772699919213261000,data\camera\left_rear_camera\1772699919213261000.jpg,-1,4,truck,0.384983,287.0,577.0,401.0,645.0,287.0,577.0,401.0,645.0,unassigned,5,VEHICLE_TRUCK,preprocessed/masks/left_rear_camera/masks/frame_000090_gt2d_005_track_-1_VEHICLE_TRUCK.png,0.9169619679450989
left_rear,90,1772699919213261000,data\camera\left_rear_camera\1772699919213261000.jpg,0,0,bus,0.706512,123.0,583.0,224.0,645.0,118.29873657226562,581.7650146484375,219.1437225341797,643.23583984375,matched,1,VEHICLE_BUS,preprocessed/masks/left_rear_camera/masks/frame_000090_gt2d_001_track_-1_VEHICLE_BUS.png,0.8731979727745056
left_rear,90,1772699919213261000,data\camera\left_rear_camera\1772699919213261000.jpg,4000004,4,truck,0.624849,334.0,574.0,452.0,648.0,329.5798034667969,572.3911743164062,448.1970520019531,646.4268188476562,matched,2,VEHICLE_TRUCK,preprocessed/masks/left_rear_camera/masks/frame_000090_gt2d_002_track_-1_VEHICLE_TRUCK.png,0.891555905342102
left_rear,90,1772699919213261000,data\camera\left_rear_camera\1772699919213261000.jpg,4000008,4,truck,0.541774,436.0,585.0,552.0,658.0,431.6352233886719,583.7119750976562,547.4715576171875,656.528564453125,matched,3,VEHICLE_TRUCK,preprocessed/masks/left_rear_camera/masks/frame_000090_gt2d_003_track_-1_VEHICLE_TRUCK.png,0.9028216600418091
left_rear,90,1772699919213261000,data\camera\left_rear_camera\1772699919213261000.jpg,4000009,4,truck,0.740362,762.0,529.0,1458.0,694.0,748.7349853515625,528.9095458984375,1485.806884765625,692.1573486328125,matched,0,VEHICLE_TRAILER,preprocessed/masks/left_rear_camera/masks/frame_000090_gt2d_000_track_-1_VEHICLE_TRAILER.png,0.7586126327514648
left_rear,91,1772699919313268000,data\camera\left_rear_camera\1772699919313268000.jpg,-1,4,truck,0.409217,274.0,590.0,348.0,644.0,274.0,590.0,348.0,644.0,unassigned,5,VEHICLE_TRUCK,preprocessed/masks/left_rear_camera/masks/frame_000091_gt2d_005_track_-1_VEHICLE_TRUCK.png,0.8546231985092163
left_rear,91,1772699919313268000,data\camera\left_rear_camera\1772699919313268000.jpg,-1,4,truck,0.314516,277.0,575.0,443.0,652.0,277.0,575.0,443.0,652.0,unassigned,6,VEHICLE_TRUCK,preprocessed/masks/left_rear_camera/masks/frame_000091_gt2d_006_track_-1_VEHICLE_TRUCK.png,0.9161282181739807
left_rear,91,1772699919313268000,data\camera\left_rear_camera\1772699919313268000.jpg,0,0,bus,0.599741,132.0,583.0,220.0,643.0,124.97713470458984,584.12744140625,216.3845977783203,644.2347412109375,matched,2,VEHICLE_BUS,preprocessed/masks/left_rear_camera/masks/frame_000091_gt2d_002_track_-1_VEHICLE_BUS.png,0.9136933088302612
left_rear,91,1772699919313268000,data\camera\left_rear_camera\1772699919313268000.jpg,4000004,4,truck,0.537211,275.0,578.0,394.0,646.0,289.01763916015625,577.720703125,406.23724365234375,647.19873046875,matched,3,VEHICLE_TRUCK,preprocessed/masks/left_rear_camera/masks/frame_000091_gt2d_003_track_-1_VEHICLE_TRUCK.png,0.9301395416259766
left_rear,91,1772699919313268000,data\camera\left_rear_camera\1772699919313268000.jpg,4000008,4,truck,0.522032,434.0,586.0,543.0,657.0,429.2638854980469,586.7643432617188,539.5155029296875,657.9877319335938,matched,4,VEHICLE_TRUCK,preprocessed/masks/left_rear_camera/masks/frame_000091_gt2d_004_track_-1_VEHICLE_TRUCK.png,0.9321495890617371
left_rear,91,1772699919313268000,data\camera\left_rear_camera\1772699919313268000.jpg,4000009,4,truck,0.773988,732.0,531.0,1385.0,693.0,719.9422607421875,533.4740600585938,1404.5693359375,693.2887573242188,matched,0,VEHICLE_TRAILER,preprocessed/masks/left_rear_camera/masks/frame_000091_gt2d_000_track_-1_VEHICLE_TRAILER.png,0.7254430055618286
left_rear,91,1772699919313268000,data\camera\left_rear_camera\1772699919313268000.jpg,4000010,4,truck,0.607796,329.0,574.0,444.0,648.0,329.0,574.0,444.0,648.0,tentative,1,VEHICLE_TRUCK,preprocessed/masks/left_rear_camera/masks/frame_000091_gt2d_001_track_-1_VEHICLE_TRUCK.png,0.9332102537155151
left_rear,92,1772699919413276000,data\camera\left_rear_camera\1772699919413276000.jpg,-1,4,truck,0.3938,271.0,591.0,342.0,643.0,271.0,591.0,342.0,643.0,unassigned,5,VEHICLE_TRUCK,preprocessed/masks/left_rear_camera/masks/frame_000092_gt2d_005_track_-1_VEHICLE_TRUCK.png,0.8346086740493774
left_rear,92,1772699919413276000,data\camera\left_rear_camera\1772699919413276000.jpg,0,0,bus,0.673465,130.0,582.0,215.0,643.0,128.85169982910156,582.9393310546875,214.82180786132812,643.2724609375,matched,1,VEHICLE_BUS,preprocessed/masks/left_rear_camera/masks/frame_000092_gt2d_001_track_-1_VEHICLE_BUS.png,0.9066439270973206
left_rear,92,1772699919413276000,data\camera\left_rear_camera\1772699919413276000.jpg,4000004,4,truck,0.517322,275.0,578.0,387.0,646.0,277.887939453125,578.2847290039062,389.9460144042969,646.1705322265625,matched,4,VEHICLE_TRUCK,preprocessed/masks/left_rear_camera/masks/frame_000092_gt2d_004_track_-1_VEHICLE_TRUCK.png,0.9178544282913208
left_rear,92,1772699919413276000,data\camera\left_rear_camera\1772699919413276000.jpg,4000008,4,truck,0.58588,421.0,586.0,538.0,656.0,422.41021728515625,586.5116577148438,536.2918701171875,656.5223999023438,matched,3,VEHICLE_TRUCK_SMALL,preprocessed/masks/left_rear_camera/masks/frame_000092_gt2d_003_track_-1_VEHICLE_TRUCK_SMALL.png,0.8934394121170044
left_rear,92,1772699919413276000,data\camera\left_rear_camera\1772699919413276000.jpg,4000009,4,truck,0.740061,707.0,534.0,1312.0,685.0,697.3854370117188,535.6187744140625,1329.2032470703125,686.9462280273438,matched,0,VEHICLE_TRAILER,preprocessed/masks/left_rear_camera/masks/frame_000092_gt2d_000_track_-1_VEHICLE_TRAILER.png,0.7001146078109741
left_rear,92,1772699919413276000,data\camera\left_rear_camera\1772699919413276000.jpg,4000010,4,truck,0.607216,321.0,574.0,429.0,647.0,320.218994140625,574.2359619140625,429.6189880371094,647.4359741210938,matched,2,VEHICLE_TRUCK,preprocessed/masks/left_rear_camera/masks/frame_000092_gt2d_002_track_-1_VEHICLE_TRUCK.png,0.9076296091079712
left_rear,93,1772699919513283000,data\camera\left_rear_camera\1772699919513283000.jpg,-1,4,truck,0.327663,263.0,587.0,339.0,640.0,263.0,587.0,339.0,640.0,unassigned,5,VEHICLE_TRUCK,preprocessed/masks/left_rear_camera/masks/frame_000093_gt2d_005_track_-1_VEHICLE_TRUCK.png,0.8850617408752441
left_rear,93,1772699919513283000,data\camera\left_rear_camera\1772699919513283000.jpg,0,0,bus,0.560646,126.0,581.0,210.0,640.0,127.25916290283203,581.33740234375,210.80931091308594,640.448486328125,matched,2,VEHICLE_BUS,preprocessed/masks/left_rear_camera/masks/frame_000093_gt2d_002_track_-1_VEHICLE_BUS.png,0.8997135162353516
left_rear,93,1772699919513283000,data\camera\left_rear_camera\1772699919513283000.jpg,4000004,4,truck,0.498841,266.0,577.0,380.0,644.0,267.8292236328125,577.3001708984375,379.7392883300781,644.0072021484375,matched,4,VEHICLE_TRUCK,preprocessed/masks/left_rear_camera/masks/frame_000093_gt2d_004_track_-1_VEHICLE_TRUCK.png,0.9213715195655823
left_rear,93,1772699919513283000,data\camera\left_rear_camera\1772699919513283000.jpg,4000008,4,truck,0.519807,412.0,584.0,519.0,653.0,414.01171875,584.5665283203125,522.5162963867188,653.5072631835938,matched,3,VEHICLE_TRUCK_SMALL,preprocessed/masks/left_rear_camera/masks/frame_000093_gt2d_003_track_-1_VEHICLE_TRUCK_SMALL.png,0.8938804268836975
left_rear,93,1772699919513283000,data\camera\left_rear_camera\1772699919513283000.jpg,4000009,4,truck,0.785151,683.0,534.0,1252.0,682.0,674.94287109375,535.6239013671875,1262.37158203125,682.2760009765625,matched,0,VEHICLE_TRAILER,preprocessed/masks/left_rear_camera/masks/frame_000093_gt2d_000_track_-1_VEHICLE_TRAILER.png,0.7405789494514465
left_rear,93,1772699919513283000,data\camera\left_rear_camera\1772699919513283000.jpg,4000010,4,truck,0.591591,318.0,572.0,428.0,646.0,315.85638427734375,572.4454345703125,425.72625732421875,646.2642211914062,matched,1,VEHICLE_TRUCK,preprocessed/masks/left_rear_camera/masks/frame_000093_gt2d_001_track_-1_VEHICLE_TRUCK.png,0.8642977476119995
left_rear,94,1772699919613291000,data\camera\left_rear_camera\1772699919613291000.jpg,-1,4,truck,0.339931,260.0,588.0,324.0,638.0,260.0,588.0,324.0,638.0,unassigned,5,VEHICLE_TRUCK,preprocessed/masks/left_rear_camera/masks/frame_000094_gt2d_005_track_-1_VEHICLE_TRUCK.png,0.8844913244247437
left_rear,94,1772699919613291000,data\camera\left_rear_camera\1772699919613291000.jpg,0,0,bus,0.530334,117.0,580.0,206.0,637.0,118.27616119384766,579.6626586914062,204.589111328125,637.016357421875,matched,2,VEHICLE_BUS,preprocessed/masks/left_rear_camera/masks/frame_000094_gt2d_002_track_-1_VEHICLE_BUS.png,0.8835119605064392
left_rear,94,1772699919613291000,data\camera\left_rear_camera\1772699919613291000.jpg,4000004,4,truck,0.507998,261.0,585.0,372.0,641.0,258.9355773925781,581.9774169921875,368.8822937011719,640.8353881835938,matched,3,VEHICLE_TRUCK,preprocessed/masks/left_rear_camera/masks/frame_000094_gt2d_003_track_-1_VEHICLE_TRUCK.png,0.8935121297836304
left_rear,94,1772699919613291000,data\camera\left_rear_camera\1772699919613291000.jpg,4000008,4,truck,0.498786,406.0,583.0,512.0,651.0,404.779296875,582.7652587890625,510.708251953125,650.6880493164062,matched,4,VEHICLE_TRUCK,preprocessed/masks/left_rear_camera/masks/frame_000094_gt2d_004_track_-1_VEHICLE_TRUCK.png,0.8975750207901001
left_rear,94,1772699919613291000,data\camera\left_rear_camera\1772699919613291000.jpg,4000009,4,truck,0.756695,662.0,536.0,1190.0,677.0,652.3765869140625,536.4586791992188,1195.59814453125,676.93505859375,matched,0,VEHICLE_TRAILER,preprocessed/masks/left_rear_camera/masks/frame_000094_gt2d_000_track_-1_VEHICLE_TRAILER.png,0.7635138034820557
left_rear,94,1772699919613291000,data\camera\left_rear_camera\1772699919613291000.jpg,4000010,4,truck,0.691329,313.0,570.0,426.0,643.0,310.2633056640625,570.0201416015625,422.6304016113281,643.2684936523438,matched,1,VEHICLE_TRUCK,preprocessed/masks/left_rear_camera/masks/frame_000094_gt2d_001_track_-1_VEHICLE_TRUCK.png,0.8801422715187073
left_rear,95,1772699919713268000,data\camera\left_rear_camera\1772699919713268000.jpg,0,0,bus,0.604717,116.0,580.0,202.0,638.0,116.71663665771484,580.34765625,202.02688598632812,637.7817993164062,matched,2,VEHICLE_BUS,preprocessed/masks/left_rear_camera/masks/frame_000095_gt2d_002_track_-1_VEHICLE_BUS.png,0.8921149373054504
left_rear,95,1772699919713268000,data\camera\left_rear_camera\1772699919713268000.jpg,4000004,4,truck,0.591984,258.0,585.0,365.0,643.0,256.3132629394531,584.9287719726562,363.0014953613281,642.4446411132812,matched,3,VEHICLE_TRUCK,preprocessed/masks/left_rear_camera/masks/frame_000095_gt2d_003_track_-1_VEHICLE_TRUCK.png,0.8995364904403687
left_rear,95,1772699919713268000,data\camera\left_rear_camera\1772699919713268000.jpg,4000008,4,truck,0.52241,398.0,584.0,506.0,654.0,398.5352783203125,584.0796508789062,505.0128173828125,653.0265502929688,matched,4,VEHICLE_TRUCK,preprocessed/masks/left_rear_camera/masks/frame_000095_gt2d_004_track_-1_VEHICLE_TRUCK.png,0.9095832109451294
left_rear,95,1772699919713268000,data\camera\left_rear_camera\1772699919713268000.jpg,4000009,4,truck,0.773844,637.0,540.0,1156.0,675.0,631.2254028320312,540.5716552734375,1153.178955078125,675.05224609375,matched,0,VEHICLE_TRAILER,preprocessed/masks/left_rear_camera/masks/frame_000095_gt2d_000_track_-1_VEHICLE_TRAILER.png,0.728563666343689
left_rear,95,1772699919713268000,data\camera\left_rear_camera\1772699919713268000.jpg,4000010,4,truck,0.65437,301.0,571.0,414.0,644.0,302.0882568359375,571.0851440429688,415.2187805175781,644.1343994140625,matched,1,VEHICLE_TRUCK,preprocessed/masks/left_rear_camera/masks/frame_000095_gt2d_001_track_-1_VEHICLE_TRUCK.png,0.9078922867774963
left_rear,96,1772699919813275000,data\camera\left_rear_camera\1772699919813275000.jpg,0,0,bus,0.640525,113.0,582.0,196.0,640.0,109.84925079345703,581.90771484375,192.87355041503906,639.4043579101562,matched,2,VEHICLE_BUS,preprocessed/masks/left_rear_camera/masks/frame_000096_gt2d_002_track_-1_VEHICLE_BUS.png,0.8991848826408386
left_rear,96,1772699919813275000,data\camera\left_rear_camera\1772699919813275000.jpg,4000004,4,truck,0.593286,251.0,589.0,358.0,644.0,246.7346649169922,588.6258544921875,352.4435729980469,643.670654296875,matched,3,VEHICLE_TRUCK,preprocessed/masks/left_rear_camera/masks/frame_000096_gt2d_003_track_-1_VEHICLE_TRUCK.png,0.872227132320404
left_rear,96,1772699919813275000,data\camera\left_rear_camera\1772699919813275000.jpg,4000008,4,truck,0.523412,390.0,587.0,498.0,656.0,386.7459716796875,586.52685546875,493.5003356933594,655.2125244140625,matched,4,VEHICLE_TRUCK_SMALL,preprocessed/masks/left_rear_camera/masks/frame_000096_gt2d_004_track_-1_VEHICLE_TRUCK_SMALL.png,0.914402961730957
left_rear,96,1772699919813275000,data\camera\left_rear_camera\1772699919813275000.jpg,4000009,4,truck,0.743051,616.0,543.0,1095.0,672.0,606.7701416015625,543.8585205078125,1094.0426025390625,672.39501953125,matched,0,VEHICLE_TRAILER,preprocessed/masks/left_rear_camera/masks/frame_000096_gt2d_000_track_-1_VEHICLE_TRAILER.png,0.7508491277694702
left_rear,96,1772699919813275000,data\camera\left_rear_camera\1772699919813275000.jpg,4000010,4,truck,0.643338,294.0,574.0,414.0,646.0,290.885498046875,573.5548706054688,409.251953125,645.8161010742188,matched,1,VEHICLE_TRUCK,preprocessed/masks/left_rear_camera/masks/frame_000096_gt2d_001_track_-1_VEHICLE_TRUCK.png,0.8660269379615784
left_rear,97,1772699919913282000,data\camera\left_rear_camera\1772699919913282000.jpg,-1,4,truck,0.405756,245.0,591.0,348.0,646.0,245.0,591.0,348.0,646.0,unassigned,5,VEHICLE_TRUCK,preprocessed/masks/left_rear_camera/masks/frame_000097_gt2d_005_track_-1_VEHICLE_TRUCK.png,0.8708559274673462
left_rear,97,1772699919913282000,data\camera\left_rear_camera\1772699919913282000.jpg,0,0,bus,0.713612,106.0,585.0,192.0,643.0,102.44200134277344,584.65478515625,186.78468322753906,642.2105102539062,matched,2,VEHICLE_BUS,preprocessed/masks/left_rear_camera/masks/frame_000097_gt2d_002_track_-1_VEHICLE_BUS.png,0.8884499669075012
left_rear,97,1772699919913282000,data\camera\left_rear_camera\1772699919913282000.jpg,4000004,4,truck,0.436918,246.0,592.0,316.0,644.0,239.8571014404297,592.0758666992188,320.07623291015625,644.2752075195312,matched,4,VEHICLE_TRUCK,preprocessed/masks/left_rear_camera/masks/frame_000097_gt2d_004_track_-1_VEHICLE_TRUCK.png,0.8599883317947388
left_rear,97,1772699919913282000,data\camera\left_rear_camera\1772699919913282000.jpg,4000008,4,truck,0.622346,383.0,589.0,488.0,657.0,377.63330078125,588.9328002929688,482.5639343261719,656.8905029296875,matched,3,VEHICLE_TRUCK,preprocessed/masks/left_rear_camera/masks/frame_000097_gt2d_003_track_-1_VEHICLE_TRUCK.png,0.9165757894515991
left_rear,97,1772699919913282000,data\camera\left_rear_camera\1772699919913282000.jpg,4000009,4,truck,0.774653,596.0,547.0,1047.0,671.0,586.0536499023438,547.7496948242188,1042.236328125,671.0532836914062,matched,0,VEHICLE_TRAILER,preprocessed/masks/left_rear_camera/masks/frame_000097_gt2d_000_track_-1_VEHICLE_TRAILER.png,0.7737562656402588
left_rear,97,1772699919913282000,data\camera\left_rear_camera\1772699919913282000.jpg,4000010,4,truck,0.717089,289.0,576.0,405.0,648.0,283.4603271484375,575.9396362304688,400.8395690917969,647.9378662109375,matched,1,VEHICLE_TRUCK,preprocessed/masks/left_rear_camera/masks/frame_000097_gt2d_001_track_-1_VEHICLE_TRUCK.png,0.9261515736579895
left_rear,98,1772699920013276000,data\camera\left_rear_camera\1772699920013276000.jpg,-1,4,truck,0.358121,240.0,585.0,340.0,645.0,240.0,585.0,340.0,645.0,unassigned,5,VEHICLE_TRUCK,preprocessed/masks/left_rear_camera/masks/frame_000098_gt2d_005_track_-1_VEHICLE_TRUCK.png,0.8775555491447449
left_rear,98,1772699920013276000,data\camera\left_rear_camera\1772699920013276000.jpg,-1,4,truck,0.350834,241.0,578.0,377.0,647.0,241.0,578.0,377.0,647.0,unassigned,6,VEHICLE_TRUCK,preprocessed/masks/left_rear_camera/masks/frame_000098_gt2d_006_track_-1_VEHICLE_TRUCK.png,0.9149017333984375
left_rear,98,1772699920013276000,data\camera\left_rear_camera\1772699920013276000.jpg,-1,1,car,0.335968,176.0,615.0,218.0,642.0,176.0,615.0,218.0,642.0,unassigned,7,VEHICLE_SUV,preprocessed/masks/left_rear_camera/masks/frame_000098_gt2d_007_track_-1_VEHICLE_SUV.png,0.8579097390174866
left_rear,98,1772699920013276000,data\camera\left_rear_camera\1772699920013276000.jpg,0,0,bus,0.721425,99.0,585.0,187.0,643.0,96.8337631225586,585.3282470703125,183.0436553955078,642.9375610351562,matched,1,VEHICLE_BUS,preprocessed/masks/left_rear_camera/masks/frame_000098_gt2d_001_track_-1_VEHICLE_BUS.png,0.8907608985900879
left_rear,98,1772699920013276000,data\camera\left_rear_camera\1772699920013276000.jpg,4000004,4,truck,0.412756,240.0,593.0,310.0,643.0,236.5706787109375,593.5584716796875,307.46722412109375,643.48291015625,matched,4,VEHICLE_TRUCK,preprocessed/masks/left_rear_camera/masks/frame_000098_gt2d_004_track_-1_VEHICLE_TRUCK.png,0.8895134329795837
left_rear,98,1772699920013276000,data\camera\left_rear_camera\1772699920013276000.jpg,4000008,4,truck,0.511797,376.0,590.0,474.0,657.0,371.7538757324219,590.1385498046875,471.3769226074219,657.189697265625,matched,3,VEHICLE_TRUCK_SMALL,preprocessed/masks/left_rear_camera/masks/frame_000098_gt2d_003_track_-1_VEHICLE_TRUCK_SMALL.png,0.9141573905944824
left_rear,98,1772699920013276000,data\camera\left_rear_camera\1772699920013276000.jpg,4000009,4,truck,0.758097,575.0,550.0,1011.0,667.0,567.5390014648438,550.6998901367188,1003.4326782226562,667.6039428710938,matched,0,VEHICLE_TRAILER,preprocessed/masks/left_rear_camera/masks/frame_000098_gt2d_000_track_-1_VEHICLE_TRAILER.png,0.8028631210327148
left_rear,98,1772699920013276000,data\camera\left_rear_camera\1772699920013276000.jpg,4000010,4,truck,0.673962,283.0,576.0,398.0,649.0,279.0179443359375,576.4268188476562,395.2163391113281,649.0421142578125,matched,2,VEHICLE_TRUCK,preprocessed/masks/left_rear_camera/masks/frame_000098_gt2d_002_track_-1_VEHICLE_TRUCK.png,0.8913316130638123
left_rear,99,1772699920113192000,data\camera\left_rear_camera\1772699920113192000.jpg,-1,4,truck,0.41728,236.0,592.0,329.0,646.0,236.0,592.0,329.0,646.0,unassigned,4,VEHICLE_TRUCK,preprocessed/masks/left_rear_camera/masks/frame_000099_gt2d_004_track_-1_VEHICLE_TRUCK.png,0.861598014831543
left_rear,99,1772699920113192000,data\camera\left_rear_camera\1772699920113192000.jpg,0,0,bus,0.679465,92.0,587.0,184.0,642.0,94.61637878417969,586.7025756835938,184.2296905517578,642.3602294921875,matched,1,VEHICLE_BUS,preprocessed/masks/left_rear_camera/masks/frame_000099_gt2d_001_track_-1_VEHICLE_BUS.png,0.8848062753677368
left_rear,99,1772699920113192000,data\camera\left_rear_camera\1772699920113192000.jpg,4000004,4,truck,0.310575,236.0,594.0,299.0,645.0,236.13687133789062,594.5029907226562,299.3804016113281,644.4569702148438,matched,5,VEHICLE_TRUCK,preprocessed/masks/left_rear_camera/masks/frame_000099_gt2d_005_track_-1_VEHICLE_TRUCK.png,0.809015154838562
left_rear,99,1772699920113192000,data\camera\left_rear_camera\1772699920113192000.jpg,4000008,4,truck,0.542911,370.0,591.0,466.0,656.0,370.1850891113281,591.0386962890625,466.5842590332031,656.4461059570312,matched,3,VEHICLE_TRUCK_SMALL,preprocessed/masks/left_rear_camera/masks/frame_000099_gt2d_003_track_-1_VEHICLE_TRUCK_SMALL.png,0.8971282839775085
left_rear,99,1772699920113192000,data\camera\left_rear_camera\1772699920113192000.jpg,4000009,4,truck,0.753092,560.0,552.0,956.0,669.0,555.93798828125,552.7599487304688,957.6174926757812,667.7827758789062,matched,0,VEHICLE_TRAILER,preprocessed/masks/left_rear_camera/masks/frame_000099_gt2d_000_track_-1_VEHICLE_TRAILER.png,0.7745365500450134
left_rear,99,1772699920113192000,data\camera\left_rear_camera\1772699920113192000.jpg,4000010,4,truck,0.576031,281.0,578.0,391.0,648.0,280.6033935546875,577.7595825195312,392.8901062011719,648.5533447265625,matched,2,VEHICLE_TRUCK,preprocessed/masks/left_rear_camera/masks/frame_000099_gt2d_002_track_-1_VEHICLE_TRUCK.png,0.9008548259735107
left_rear,100,1772699920213169000,data\camera\left_rear_camera\1772699920213169000.jpg,-1,1,car,0.347782,198.0,622.0,240.0,645.0,198.0,622.0,240.0,645.0,unassigned,5,VEHICLE_SUV,preprocessed/masks/left_rear_camera/masks/frame_000100_gt2d_005_track_-1_VEHICLE_SUV.png,0.8048540949821472
left_rear,100,1772699920213169000,data\camera\left_rear_camera\1772699920213169000.jpg,0,0,bus,0.673713,86.0,588.0,180.0,644.0,89.43782043457031,587.731201171875,181.66702270507812,643.3629760742188,matched,1,VEHICLE_BUS,preprocessed/masks/left_rear_camera/masks/frame_000100_gt2d_001_track_-1_VEHICLE_BUS.png,0.8735858798027039
left_rear,100,1772699920213169000,data\camera\left_rear_camera\1772699920213169000.jpg,4000004,4,truck,0.496318,232.0,593.0,316.0,644.0,232.75457763671875,593.9586791992188,309.90106201171875,643.9907836914062,matched,4,VEHICLE_TRUCK,preprocessed/masks/left_rear_camera/masks/frame_000100_gt2d_004_track_-1_VEHICLE_TRUCK.png,0.7784319519996643
left_rear,100,1772699920213169000,data\camera\left_rear_camera\1772699920213169000.jpg,4000008,4,truck,0.546524,364.0,592.0,464.0,654.0,365.2648620605469,591.8790283203125,463.3450622558594,654.6924438476562,matched,3,VEHICLE_TRUCK,preprocessed/masks/left_rear_camera/masks/frame_000100_gt2d_003_track_-1_VEHICLE_TRUCK.png,0.8643680810928345
left_rear,100,1772699920213169000,data\camera\left_rear_camera\1772699920213169000.jpg,4000009,4,truck,0.801432,544.0,555.0,940.0,666.0,541.51123046875,555.2990112304688,932.684814453125,665.7308959960938,matched,0,VEHICLE_TRAILER,preprocessed/masks/left_rear_camera/masks/frame_000100_gt2d_000_track_-1_VEHICLE_TRAILER.png,0.7764427661895752
left_rear,100,1772699920213169000,data\camera\left_rear_camera\1772699920213169000.jpg,4000010,4,truck,0.627665,276.0,579.0,387.0,647.0,277.4150695800781,578.773681640625,388.8923034667969,647.52880859375,matched,2,VEHICLE_TRUCK,preprocessed/masks/left_rear_camera/masks/frame_000100_gt2d_002_track_-1_VEHICLE_TRUCK.png,0.8908719420433044
left_rear,101,1772699920313177000,data\camera\left_rear_camera\1772699920313177000.jpg,-1,1,car,0.474184,192.0,622.0,236.0,646.0,192.0,622.0,236.0,646.0,unassigned,3,VEHICLE_SUV,preprocessed/masks/left_rear_camera/masks/frame_000101_gt2d_003_track_-1_VEHICLE_SUV.png,0.8022051453590393
left_rear,101,1772699920313177000,data\camera\left_rear_camera\1772699920313177000.jpg,0,0,bus,0.404705,90.0,589.0,180.0,644.0,88.81348419189453,589.0195922851562,179.4510040283203,643.9970092773438,matched,5,VEHICLE_BUS,preprocessed/masks/left_rear_camera/masks/frame_000101_gt2d_005_track_-1_VEHICLE_BUS.png,0.7511467337608337
left_rear,101,1772699920313177000,data\camera\left_rear_camera\1772699920313177000.jpg,4000004,4,truck,0.468687,237.0,594.0,307.0,644.0,233.77783203125,594.6392211914062,305.3066711425781,644.0950317382812,matched,4,VEHICLE_TRUCK,preprocessed/masks/left_rear_camera/masks/frame_000101_gt2d_004_track_-1_VEHICLE_TRUCK.png,0.8345900177955627
left_rear,101,1772699920313177000,data\camera\left_rear_camera\1772699920313177000.jpg,4000008,4,truck,0.507925,362.0,591.0,456.0,654.0,361.0785827636719,591.7330932617188,455.7879638671875,654.3167114257812,matched,2,VEHICLE_TRUCK_SMALL,preprocessed/masks/left_rear_camera/masks/frame_000101_gt2d_002_track_-1_VEHICLE_TRUCK_SMALL.png,0.7680965065956116
left_rear,101,1772699920313177000,data\camera\left_rear_camera\1772699920313177000.jpg,4000009,4,truck,0.749763,528.0,556.0,856.0,665.0,525.1344604492188,556.9681396484375,865.68603515625,664.6829223632812,matched,0,VEHICLE_TRAILER,preprocessed/masks/left_rear_camera/masks/frame_000101_gt2d_000_track_-1_VEHICLE_TRAILER.png,0.7925324440002441
left_rear,101,1772699920313177000,data\camera\left_rear_camera\1772699920313177000.jpg,4000010,4,truck,0.691619,272.0,579.0,379.0,647.0,272.42889404296875,579.3637084960938,380.8960876464844,647.4004516601562,matched,1,VEHICLE_TRUCK,preprocessed/masks/left_rear_camera/masks/frame_000101_gt2d_001_track_-1_VEHICLE_TRUCK.png,0.8967719078063965
left_rear,102,1772699920413184000,data\camera\left_rear_camera\1772699920413184000.jpg,-1,1,car,0.404868,183.0,620.0,229.0,645.0,183.0,620.0,229.0,645.0,unassigned,5,VEHICLE_SUV,preprocessed/masks/left_rear_camera/masks/frame_000102_gt2d_005_track_-1_VEHICLE_SUV.png,0.8513273596763611
left_rear,102,1772699920413184000,data\camera\left_rear_camera\1772699920413184000.jpg,0,0,bus,0.606438,85.0,588.0,172.0,644.0,86.09069061279297,588.4600830078125,174.14157104492188,643.8939208984375,matched,2,VEHICLE_BUS,preprocessed/masks/left_rear_camera/masks/frame_000102_gt2d_002_track_-1_VEHICLE_BUS.png,0.8302544355392456
left_rear,102,1772699920413184000,data\camera\left_rear_camera\1772699920413184000.jpg,4000004,4,truck,0.498573,230.0,594.0,299.0,643.0,230.51611328125,594.49462890625,299.32086181640625,643.1360473632812,matched,4,VEHICLE_TRUCK,preprocessed/masks/left_rear_camera/masks/frame_000102_gt2d_004_track_-1_VEHICLE_TRUCK.png,0.7983834743499756
left_rear,102,1772699920413184000,data\camera\left_rear_camera\1772699920413184000.jpg,4000008,4,truck,0.500871,355.0,593.0,454.0,653.0,355.73919677734375,592.6740112304688,452.69384765625,653.1907958984375,matched,3,VEHICLE_TRUCK_SMALL,preprocessed/masks/left_rear_camera/masks/frame_000102_gt2d_003_track_-1_VEHICLE_TRUCK_SMALL.png,0.8719770312309265
left_rear,102,1772699920413184000,data\camera\left_rear_camera\1772699920413184000.jpg,4000009,4,truck,0.768214,512.0,558.0,873.0,665.0,510.18255615234375,558.4906616210938,859.0338745117188,664.1005859375,matched,0,VEHICLE_TRAILER,preprocessed/masks/left_rear_camera/masks/frame_000102_gt2d_000_track_-1_VEHICLE_TRAILER.png,0.7428606748580933
left_rear,102,1772699920413184000,data\camera\left_rear_camera\1772699920413184000.jpg,4000010,4,truck,0.693731,266.0,579.0,368.0,647.0,267.3653869628906,579.2189331054688,371.3139343261719,647.0228271484375,matched,1,VEHICLE_TRUCK,preprocessed/masks/left_rear_camera/masks/frame_000102_gt2d_001_track_-1_VEHICLE_TRUCK.png,0.8980748653411865
left_rear,103,1772699920513192000,data\camera\left_rear_camera\1772699920513192000.jpg,-1,4,truck,0.332666,215.0,597.0,277.0,643.0,215.0,597.0,277.0,643.0,unassigned,5,VEHICLE_TRUCK,preprocessed/masks/left_rear_camera/masks/frame_000103_gt2d_005_track_-1_VEHICLE_TRUCK.png,0.8641546964645386
left_rear,103,1772699920513192000,data\camera\left_rear_camera\1772699920513192000.jpg,0,0,bus,0.528349,85.0,589.0,168.0,643.0,82.69538879394531,588.8129272460938,167.1232147216797,643.1062622070312,matched,2,VEHICLE_BUS,preprocessed/masks/left_rear_camera/masks/frame_000103_gt2d_002_track_-1_VEHICLE_BUS.png,0.8490793704986572
left_rear,103,1772699920513192000,data\camera\left_rear_camera\1772699920513192000.jpg,4000004,4,truck,0.49542,218.0,594.0,316.0,645.0,218.91343688964844,594.313720703125,307.16156005859375,644.0908813476562,matched,3,VEHICLE_TRUCK,preprocessed/masks/left_rear_camera/masks/frame_000103_gt2d_003_track_-1_VEHICLE_TRUCK.png,0.9094502925872803
left_rear,103,1772699920513192000,data\camera\left_rear_camera\1772699920513192000.jpg,4000008,4,truck,0.482096,352.0,592.0,438.0,652.0,349.5044860839844,592.2387084960938,438.63836669921875,652.0401000976562,matched,4,VEHICLE_TRUCK_SMALL,preprocessed/masks/left_rear_camera/masks/frame_000103_gt2d_004_track_-1_VEHICLE_TRUCK_SMALL.png,0.8775800466537476
left_rear,103,1772699920513192000,data\camera\left_rear_camera\1772699920513192000.jpg,4000009,4,truck,0.755846,502.0,558.0,844.0,665.0,496.46783447265625,558.8300170898438,834.56787109375,663.9133911132812,matched,0,VEHICLE_TRAILER,preprocessed/masks/left_rear_camera/masks/frame_000103_gt2d_000_track_-1_VEHICLE_TRAILER.png,0.7230060696601868
left_rear,103,1772699920513192000,data\camera\left_rear_camera\1772699920513192000.jpg,4000010,4,truck,0.592072,264.0,580.0,357.0,644.0,261.9696960449219,579.7371826171875,358.1156005859375,644.7799682617188,matched,1,VEHICLE_TRUCK,preprocessed/masks/left_rear_camera/masks/frame_000103_gt2d_001_track_-1_VEHICLE_TRUCK.png,0.9022688865661621
left_rear,104,1772699920613168000,data\camera\left_rear_camera\1772699920613168000.jpg,-1,4,truck,0.364561,218.0,598.0,277.0,645.0,218.0,598.0,277.0,645.0,unassigned,5,VEHICLE_TRUCK,preprocessed/masks/left_rear_camera/masks/frame_000104_gt2d_005_track_-1_VEHICLE_TRUCK.png,0.8252299427986145
left_rear,104,1772699920613168000,data\camera\left_rear_camera\1772699920613168000.jpg,-1,1,car,0.308309,178.0,621.0,220.0,646.0,178.0,621.0,220.0,646.0,unassigned,6,VEHICLE_SUV,preprocessed/masks/left_rear_camera/masks/frame_000104_gt2d_006_track_-1_VEHICLE_SUV.png,0.7717710137367249
left_rear,104,1772699920613168000,data\camera\left_rear_camera\1772699920613168000.jpg,0,0,bus,0.514514,77.0,590.0,162.0,645.0,75.97006225585938,589.6311645507812,160.44268798828125,644.1928100585938,matched,3,VEHICLE_BUS,preprocessed/masks/left_rear_camera/masks/frame_000104_gt2d_003_track_-1_VEHICLE_BUS.png,0.8373591899871826
left_rear,104,1772699920613168000,data\camera\left_rear_camera\1772699920613168000.jpg,4000004,4,truck,0.430962,218.0,596.0,307.0,647.0,214.08384704589844,595.5889892578125,302.88348388671875,645.8077392578125,matched,4,VEHICLE_TRUCK,preprocessed/masks/left_rear_camera/masks/frame_000104_gt2d_004_track_-1_VEHICLE_TRUCK.png,0.9044761657714844
left_rear,104,1772699920613168000,data\camera\left_rear_camera\1772699920613168000.jpg,4000008,4,truck,0.525516,342.0,593.0,436.0,656.0,340.6319580078125,592.7686767578125,432.41796875,654.3792114257812,matched,2,VEHICLE_TRUCK_SMALL,preprocessed/masks/left_rear_camera/masks/frame_000104_gt2d_002_track_-1_VEHICLE_TRUCK_SMALL.png,0.8627967834472656
left_rear,104,1772699920613168000,data\camera\left_rear_camera\1772699920613168000.jpg,4000009,4,truck,0.750548,485.0,561.0,816.0,667.0,480.7629699707031,560.9376220703125,808.4382934570312,665.3209838867188,matched,0,VEHICLE_TRAILER,preprocessed/masks/left_rear_camera/masks/frame_000104_gt2d_000_track_-1_VEHICLE_TRAILER.png,0.7513725161552429
left_rear,104,1772699920613168000,data\camera\left_rear_camera\1772699920613168000.jpg,4000010,4,truck,0.668629,258.0,581.0,360.0,648.0,256.020263671875,580.62841796875,355.67669677734375,646.7297973632812,matched,1,VEHICLE_TRUCK,preprocessed/masks/left_rear_camera/masks/frame_000104_gt2d_001_track_-1_VEHICLE_TRUCK.png,0.8838469982147217
left_rear,105,1772699920713176000,data\camera\left_rear_camera\1772699920713176000.jpg,-1,1,car,0.329684,177.0,623.0,217.0,647.0,177.0,623.0,217.0,647.0,unassigned,5,VEHICLE_SUV,preprocessed/masks/left_rear_camera/masks/frame_000105_gt2d_005_track_-1_VEHICLE_SUV.png,0.7832727432250977
left_rear,105,1772699920713176000,data\camera\left_rear_camera\1772699920713176000.jpg,0,0,bus,0.428502,78.0,592.0,162.0,646.0,74.3304214477539,591.6575317382812,158.1798553466797,645.671142578125,matched,3,VEHICLE_BUS,preprocessed/masks/left_rear_camera/masks/frame_000105_gt2d_003_track_-1_VEHICLE_BUS.png,0.8057588934898376
left_rear,105,1772699920713176000,data\camera\left_rear_camera\1772699920713176000.jpg,4000004,4,truck,0.420224,212.0,590.0,303.0,646.0,208.9251708984375,592.4336547851562,299.24609375,646.2001342773438,matched,4,VEHICLE_TRUCK,preprocessed/masks/left_rear_camera/masks/frame_000105_gt2d_004_track_-1_VEHICLE_TRUCK.png,0.903335452079773
left_rear,105,1772699920713176000,data\camera\left_rear_camera\1772699920713176000.jpg,4000008,4,truck,0.486069,333.0,594.0,428.0,656.0,331.5685729980469,594.0228881835938,424.9447937011719,655.6492919921875,matched,2,VEHICLE_TRUCK_SMALL,preprocessed/masks/left_rear_camera/masks/frame_000105_gt2d_002_track_-1_VEHICLE_TRUCK_SMALL.png,0.878258466720581
left_rear,105,1772699920713176000,data\camera\left_rear_camera\1772699920713176000.jpg,4000009,4,truck,0.737115,469.0,563.0,799.0,667.0,465.179931640625,563.3566284179688,789.373779296875,666.2911987304688,matched,0,VEHICLE_TRAILER,preprocessed/masks/left_rear_camera/masks/frame_000105_gt2d_000_track_-1_VEHICLE_TRAILER.png,0.7953757047653198
left_rear,105,1772699920713176000,data\camera\left_rear_camera\1772699920713176000.jpg,4000010,4,truck,0.638926,251.0,582.0,353.0,650.0,249.27554321289062,582.0050048828125,350.1356201171875,649.1727905273438,matched,1,VEHICLE_TRUCK,preprocessed/masks/left_rear_camera/masks/frame_000105_gt2d_001_track_-1_VEHICLE_TRUCK.png,0.9045833945274353
left_rear,106,1772699920813183000,data\camera\left_rear_camera\1772699920813183000.jpg,-1,1,car,0.429366,1898.0,647.0,1919.0,690.0,1898.0,647.0,1919.0,690.0,unassigned,4,VEHICLE_CAR,preprocessed/masks/left_rear_camera/masks/frame_000106_gt2d_004_track_-1_VEHICLE_CAR.png,0.8813754320144653
left_rear,106,1772699920813183000,data\camera\left_rear_camera\1772699920813183000.jpg,-1,1,car,0.321165,172.0,624.0,213.0,647.0,172.0,624.0,213.0,647.0,unassigned,6,VEHICLE_SUV,preprocessed/masks/left_rear_camera/masks/frame_000106_gt2d_006_track_-1_VEHICLE_SUV.png,0.7997933626174927
left_rear,106,1772699920813183000,data\camera\left_rear_camera\1772699920813183000.jpg,0,0,bus,0.494387,69.0,592.0,154.0,645.0,71.73572540283203,592.3845825195312,156.05914306640625,645.5471801757812,matched,3,VEHICLE_BUS,preprocessed/masks/left_rear_camera/masks/frame_000106_gt2d_003_track_-1_VEHICLE_BUS.png,0.8190407752990723
left_rear,106,1772699920813183000,data\camera\left_rear_camera\1772699920813183000.jpg,4000004,4,truck,0.339373,208.0,594.0,295.0,648.0,208.5971221923828,593.8828735351562,296.8944091796875,647.6578369140625,matched,5,VEHICLE_TRUCK,preprocessed/masks/left_rear_camera/masks/frame_000106_gt2d_005_track_-1_VEHICLE_TRUCK.png,0.8920769691467285
left_rear,106,1772699920813183000,data\camera\left_rear_camera\1772699920813183000.jpg,4000008,4,truck,0.500266,328.0,596.0,421.0,659.0,329.02288818359375,595.79736328125,421.7227783203125,658.1277465820312,matched,2,VEHICLE_TRUCK,preprocessed/masks/left_rear_camera/masks/frame_000106_gt2d_002_track_-1_VEHICLE_TRUCK.png,0.8870916962623596
left_rear,106,1772699920813183000,data\camera\left_rear_camera\1772699920813183000.jpg,4000009,4,truck,0.705366,457.0,565.0,762.0,667.0,455.8060302734375,565.483154296875,762.12109375,666.6881713867188,matched,0,VEHICLE_TRAILER,preprocessed/masks/left_rear_camera/masks/frame_000106_gt2d_000_track_-1_VEHICLE_TRAILER.png,0.789833128452301
left_rear,106,1772699920813183000,data\camera\left_rear_camera\1772699920813183000.jpg,4000010,4,truck,0.58492,243.0,584.0,354.0,652.0,245.509765625,583.8214721679688,352.88629150390625,651.4078979492188,matched,1,VEHICLE_TRUCK,preprocessed/masks/left_rear_camera/masks/frame_000106_gt2d_001_track_-1_VEHICLE_TRUCK.png,0.9140023589134216
left_rear,107,1772699920913191000,data\camera\left_rear_camera\1772699920913191000.jpg,-1,4,truck,0.440047,74.0,594.0,148.0,645.0,74.0,594.0,148.0,645.0,unassigned,4,VEHICLE_TRUCK,preprocessed/masks/left_rear_camera/masks/frame_000107_gt2d_004_track_-1_VEHICLE_TRUCK.png,0.8331792950630188
left_rear,107,1772699920913191000,data\camera\left_rear_camera\1772699920913191000.jpg,-1,4,truck,0.404942,199.0,599.0,256.0,645.0,199.0,599.0,256.0,645.0,unassigned,5,VEHICLE_TRUCK,preprocessed/masks/left_rear_camera/masks/frame_000107_gt2d_005_track_-1_VEHICLE_TRUCK.png,0.8707678914070129
left_rear,107,1772699920913191000,data\camera\left_rear_camera\1772699920913191000.jpg,-1,1,car,0.320445,170.0,621.0,206.0,645.0,170.0,621.0,206.0,645.0,unassigned,6,VEHICLE_SUV,preprocessed/masks/left_rear_camera/masks/frame_000107_gt2d_006_track_-1_VEHICLE_SUV.png,0.828829288482666
left_rear,107,1772699920913191000,data\camera\left_rear_camera\1772699920913191000.jpg,1000008,1,car,0.59843,1875.0,651.0,1919.0,690.0,1875.0,651.0,1919.0,690.0,tentative,2,VEHICLE_CAR,preprocessed/masks/left_rear_camera/masks/frame_000107_gt2d_002_track_-1_VEHICLE_CAR.png,0.9519388675689697
left_rear,107,1772699920913191000,data\camera\left_rear_camera\1772699920913191000.jpg,4000008,4,truck,0.561409,322.0,596.0,414.0,658.0,323.96038818359375,596.2965698242188,415.7944030761719,658.2476806640625,matched,3,VEHICLE_TRUCK_SMALL,preprocessed/masks/left_rear_camera/masks/frame_000107_gt2d_003_track_-1_VEHICLE_TRUCK_SMALL.png,0.8941844701766968
left_rear,107,1772699920913191000,data\camera\left_rear_camera\1772699920913191000.jpg,4000009,4,truck,0.730581,445.0,567.0,743.0,667.0,444.641357421875,567.3739013671875,740.53564453125,666.7344360351562,matched,0,VEHICLE_TRAILER,preprocessed/masks/left_rear_camera/masks/frame_000107_gt2d_000_track_-1_VEHICLE_TRAILER.png,0.7415348291397095
left_rear,107,1772699920913191000,data\camera\left_rear_camera\1772699920913191000.jpg,4000010,4,truck,0.721607,245.0,584.0,345.0,652.0,245.279541015625,584.3323364257812,347.90325927734375,652.092529296875,matched,1,VEHICLE_TRUCK,preprocessed/masks/left_rear_camera/masks/frame_000107_gt2d_001_track_-1_VEHICLE_TRUCK.png,0.877447247505188
left_rear,108,1772699921013154000,data\camera\left_rear_camera\1772699921013154000.jpg,-1,0,bus,0.412012,68.0,594.0,146.0,645.0,68.0,594.0,146.0,645.0,unassigned,4,VEHICLE_BUS,preprocessed/masks/left_rear_camera/masks/frame_000108_gt2d_004_track_-1_VEHICLE_BUS.png,0.8787427544593811
left_rear,108,1772699921013154000,data\camera\left_rear_camera\1772699921013154000.jpg,-1,4,truck,0.377677,196.0,599.0,264.0,647.0,196.0,599.0,264.0,647.0,unassigned,5,VEHICLE_TRUCK,preprocessed/masks/left_rear_camera/masks/frame_000108_gt2d_005_track_-1_VEHICLE_TRUCK.png,0.8151331543922424
left_rear,108,1772699921013154000,data\camera\left_rear_camera\1772699921013154000.jpg,-1,1,car,0.359961,162.0,623.0,204.0,647.0,162.0,623.0,204.0,647.0,unassigned,6,VEHICLE_SUV,preprocessed/masks/left_rear_camera/masks/frame_000108_gt2d_006_track_-1_VEHICLE_SUV.png,0.8031129837036133
left_rear,108,1772699921013154000,data\camera\left_rear_camera\1772699921013154000.jpg,1000008,1,car,0.658416,1851.0,652.0,1915.0,690.0,1849.593017578125,652.22314453125,1909.593017578125,690.4231567382812,matched,2,VEHICLE_CAR,preprocessed/masks/left_rear_camera/masks/frame_000108_gt2d_002_track_-1_VEHICLE_CAR.png,0.9358763098716736
left_rear,108,1772699921013154000,data\camera\left_rear_camera\1772699921013154000.jpg,4000008,4,truck,0.579106,317.0,598.0,400.0,657.0,312.6674499511719,597.9287109375,398.20550537109375,657.7616577148438,matched,3,VEHICLE_TRUCK_SMALL,preprocessed/masks/left_rear_camera/masks/frame_000108_gt2d_003_track_-1_VEHICLE_TRUCK_SMALL.png,0.9213249683380127
left_rear,108,1772699921013154000,data\camera\left_rear_camera\1772699921013154000.jpg,4000009,4,truck,0.718574,435.0,568.0,721.0,665.0,428.7264709472656,568.7784423828125,713.290283203125,665.5634155273438,matched,0,VEHICLE_TRAILER,preprocessed/masks/left_rear_camera/masks/frame_000108_gt2d_000_track_-1_VEHICLE_TRAILER.png,0.7504352331161499
left_rear,108,1772699921013154000,data\camera\left_rear_camera\1772699921013154000.jpg,4000010,4,truck,0.713401,240.0,585.0,341.0,652.0,235.75338745117188,585.3021850585938,337.1473388671875,652.4755249023438,matched,1,VEHICLE_TRUCK,preprocessed/masks/left_rear_camera/masks/frame_000108_gt2d_001_track_-1_VEHICLE_TRUCK.png,0.8840227127075195
left_rear,109,1772699921113284000,data\camera\left_rear_camera\1772699921113284000.jpg,-1,4,truck,0.371534,1860.0,556.0,1919.0,702.0,1860.0,556.0,1919.0,702.0,unassigned,3,VEHICLE_TRUCK,preprocessed/masks/left_rear_camera/masks/frame_000109_gt2d_003_track_-1_VEHICLE_TRUCK.png,0.8871598243713379
left_rear,109,1772699921113284000,data\camera\left_rear_camera\1772699921113284000.jpg,-1,4,truck,0.342259,190.0,600.0,256.0,646.0,190.0,600.0,256.0,646.0,unassigned,5,VEHICLE_TRUCK,preprocessed/masks/left_rear_camera/masks/frame_000109_gt2d_005_track_-1_VEHICLE_TRUCK.png,0.8791134357452393
left_rear,109,1772699921113284000,data\camera\left_rear_camera\1772699921113284000.jpg,-1,0,bus,0.330751,68.0,595.0,139.0,644.0,68.0,595.0,139.0,644.0,unassigned,6,VEHICLE_BUS,preprocessed/masks/left_rear_camera/masks/frame_000109_gt2d_006_track_-1_VEHICLE_BUS.png,0.8474447727203369
left_rear,109,1772699921113284000,data\camera\left_rear_camera\1772699921113284000.jpg,1000008,1,car,0.356159,1829.0,653.0,1893.0,690.0,1828.986572265625,653.4679565429688,1891.7635498046875,690.7368774414062,matched,4,VEHICLE_CAR,preprocessed/masks/left_rear_camera/masks/frame_000109_gt2d_004_track_-1_VEHICLE_CAR.png,0.9023939371109009
left_rear,109,1772699921113284000,data\camera\left_rear_camera\1772699921113284000.jpg,4000008,4,truck,0.485517,312.0,599.0,393.0,655.0,309.5025329589844,599.3870849609375,391.372802734375,656.4267578125,matched,2,VEHICLE_TRUCK,preprocessed/masks/left_rear_camera/masks/frame_000109_gt2d_002_track_-1_VEHICLE_TRUCK.png,0.9219436645507812
left_rear,109,1772699921113284000,data\camera\left_rear_camera\1772699921113284000.jpg,4000009,4,truck,0.71592,423.0,570.0,703.0,663.0,419.3340148925781,570.755859375,696.4354858398438,664.0131225585938,matched,0,VEHICLE_TRAILER,preprocessed/masks/left_rear_camera/masks/frame_000109_gt2d_000_track_-1_VEHICLE_TRAILER.png,0.6528527736663818
left_rear,109,1772699921113284000,data\camera\left_rear_camera\1772699921113284000.jpg,4000010,4,truck,0.661615,228.0,586.0,336.0,649.0,228.30557250976562,586.5175170898438,333.948486328125,650.8168334960938,matched,1,VEHICLE_TRUCK,preprocessed/masks/left_rear_camera/masks/frame_000109_gt2d_001_track_-1_VEHICLE_TRUCK.png,0.8785973191261292
left_rear,110,1772699921213261000,data\camera\left_rear_camera\1772699921213261000.jpg,-1,4,truck,0.443631,186.0,599.0,264.0,647.0,186.0,599.0,264.0,647.0,unassigned,3,VEHICLE_TRUCK,preprocessed/masks/left_rear_camera/masks/frame_000110_gt2d_003_track_-1_VEHICLE_TRUCK.png,0.8560352325439453
left_rear,110,1772699921213261000,data\camera\left_rear_camera\1772699921213261000.jpg,-1,4,truck,0.359792,71.0,596.0,133.0,644.0,71.0,596.0,133.0,644.0,unassigned,4,VEHICLE_TRUCK,preprocessed/masks/left_rear_camera/masks/frame_000110_gt2d_004_track_-1_VEHICLE_TRUCK.png,0.8664407134056091
left_rear,110,1772699921213261000,data\camera\left_rear_camera\1772699921213261000.jpg,4000008,4,truck,0.494619,304.0,598.0,393.0,657.0,304.0373840332031,599.178466796875,390.17108154296875,657.263916015625,matched,2,VEHICLE_TRUCK,preprocessed/masks/left_rear_camera/masks/frame_000110_gt2d_002_track_-1_VEHICLE_TRUCK.png,0.8958398699760437
left_rear,110,1772699921213261000,data\camera\left_rear_camera\1772699921213261000.jpg,4000009,4,truck,0.71489,413.0,570.0,690.0,662.0,410.63958740234375,571.3450317382812,683.6394653320312,662.7835693359375,matched,0,VEHICLE_TRAILER,preprocessed/masks/left_rear_camera/masks/frame_000110_gt2d_000_track_-1_VEHICLE_TRAILER.png,0.6091839075088501
left_rear,110,1772699921213261000,data\camera\left_rear_camera\1772699921213261000.jpg,4000010,4,truck,0.67457,227.0,586.0,330.0,649.0,225.95436096191406,586.9010620117188,329.8844909667969,650.1331176757812,matched,1,VEHICLE_TRUCK,preprocessed/masks/left_rear_camera/masks/frame_000110_gt2d_001_track_-1_VEHICLE_TRUCK.png,0.8965761661529541
left_rear,111,1772699921313268000,data\camera\left_rear_camera\1772699921313268000.jpg,-1,4,truck,0.416701,62.0,594.0,135.0,644.0,62.0,594.0,135.0,644.0,unassigned,4,VEHICLE_TRUCK,preprocessed/masks/left_rear_camera/masks/frame_000111_gt2d_004_track_-1_VEHICLE_TRUCK.png,0.8689283728599548
left_rear,111,1772699921313268000,data\camera\left_rear_camera\1772699921313268000.jpg,4000004,4,truck,0.47948,184.0,600.0,252.0,646.0,182.49302673339844,600.1943969726562,252.3501434326172,646.856689453125,matched,3,VEHICLE_TRUCK,preprocessed/masks/left_rear_camera/masks/frame_000111_gt2d_003_track_-1_VEHICLE_TRUCK.png,0.8412753343582153
left_rear,111,1772699921313268000,data\camera\left_rear_camera\1772699921313268000.jpg,4000008,4,truck,0.552003,301.0,598.0,388.0,656.0,298.3309020996094,599.0601806640625,384.6373291015625,656.8674926757812,matched,2,VEHICLE_TRUCK,preprocessed/masks/left_rear_camera/masks/frame_000111_gt2d_002_track_-1_VEHICLE_TRUCK.png,0.8810454607009888
left_rear,111,1772699921313268000,data\camera\left_rear_camera\1772699921313268000.jpg,4000009,4,truck,0.735486,401.0,572.0,670.0,666.0,398.1500549316406,572.7908935546875,664.702880859375,665.0628051757812,matched,0,VEHICLE_TRAILER,preprocessed/masks/left_rear_camera/masks/frame_000111_gt2d_000_track_-1_VEHICLE_TRAILER.png,0.7246907949447632
left_rear,111,1772699921313268000,data\camera\left_rear_camera\1772699921313268000.jpg,4000010,4,truck,0.6455,225.0,586.0,323.0,652.0,222.0879364013672,586.9629516601562,322.02716064453125,651.84716796875,matched,1,VEHICLE_TRUCK,preprocessed/masks/left_rear_camera/masks/frame_000111_gt2d_001_track_-1_VEHICLE_TRUCK.png,0.88946133852005
left_rear,112,1772699921413276000,data\camera\left_rear_camera\1772699921413276000.jpg,-1,1,car,0.323493,145.0,626.0,184.0,649.0,145.0,626.0,184.0,649.0,unassigned,5,VEHICLE_SUV,preprocessed/masks/left_rear_camera/masks/frame_000112_gt2d_005_track_-1_VEHICLE_SUV.png,0.8743852376937866
left_rear,112,1772699921413276000,data\camera\left_rear_camera\1772699921413276000.jpg,0,0,bus,0.451869,54.0,595.0,131.0,646.0,52.412906646728516,595.4942016601562,129.8533477783203,646.599365234375,matched,4,VEHICLE_BUS,preprocessed/masks/left_rear_camera/masks/frame_000112_gt2d_004_track_-1_VEHICLE_BUS.png,0.8736546635627747
left_rear,112,1772699921413276000,data\camera\left_rear_camera\1772699921413276000.jpg,4000004,4,truck,0.498461,182.0,600.0,247.0,646.0,180.5560760498047,600.3909912109375,246.35568237304688,646.409423828125,matched,2,VEHICLE_TRUCK,preprocessed/masks/left_rear_camera/masks/frame_000112_gt2d_002_track_-1_VEHICLE_TRUCK.png,0.8644634485244751
left_rear,112,1772699921413276000,data\camera\left_rear_camera\1772699921413276000.jpg,4000008,4,truck,0.474882,296.0,600.0,381.0,653.0,294.3383483886719,600.0362548828125,379.43536376953125,654.4274291992188,matched,3,VEHICLE_TRUCK,preprocessed/masks/left_rear_camera/masks/frame_000112_gt2d_003_track_-1_VEHICLE_TRUCK.png,0.8871525526046753
left_rear,112,1772699921413276000,data\camera\left_rear_camera\1772699921413276000.jpg,4000009,4,truck,0.666695,393.0,574.0,648.0,665.0,389.95355224609375,574.3345947265625,645.0921020507812,664.966552734375,matched,0,VEHICLE_TRAILER,preprocessed/masks/left_rear_camera/masks/frame_000112_gt2d_000_track_-1_VEHICLE_TRAILER.png,0.6547279953956604
left_rear,112,1772699921413276000,data\camera\left_rear_camera\1772699921413276000.jpg,4000010,4,truck,0.659135,222.0,587.0,312.0,650.0,220.06109619140625,587.36328125,313.120849609375,650.8792114257812,matched,1,VEHICLE_TRUCK,preprocessed/masks/left_rear_camera/masks/frame_000112_gt2d_001_track_-1_VEHICLE_TRUCK.png,0.8945850133895874
left_rear,113,1772699921513283000,data\camera\left_rear_camera\1772699921513283000.jpg,0,0,bus,0.548965,46.0,598.0,128.0,649.0,45.928096771240234,597.6845703125,126.463623046875,648.67626953125,matched,2,VEHICLE_BUS,preprocessed/masks/left_rear_camera/masks/frame_000113_gt2d_002_track_-1_VEHICLE_BUS.png,0.8822595477104187
left_rear,113,1772699921513283000,data\camera\left_rear_camera\1772699921513283000.jpg,4000004,4,truck,0.501775,173.0,603.0,235.0,647.0,172.88531494140625,602.7193603515625,235.45053100585938,647.1729125976562,matched,3,VEHICLE_TRUCK,preprocessed/masks/left_rear_camera/masks/frame_000113_gt2d_003_track_-1_VEHICLE_TRUCK.png,0.8605144023895264
left_rear,113,1772699921513283000,data\camera\left_rear_camera\1772699921513283000.jpg,4000008,4,truck,0.322146,303.0,603.0,375.0,654.0,297.16851806640625,602.5853881835938,373.1461486816406,654.3582153320312,matched,4,VEHICLE_TRUCK,preprocessed/masks/left_rear_camera/masks/frame_000113_gt2d_004_track_-1_VEHICLE_TRUCK.png,0.8841489553451538
left_rear,113,1772699921513283000,data\camera\left_rear_camera\1772699921513283000.jpg,4000009,4,truck,0.701792,382.0,577.0,617.0,668.0,379.50347900390625,577.030517578125,617.25341796875,667.169189453125,matched,0,VEHICLE_TRAILER,preprocessed/masks/left_rear_camera/masks/frame_000113_gt2d_000_track_-1_VEHICLE_TRAILER.png,0.561778724193573
left_rear,113,1772699921513283000,data\camera\left_rear_camera\1772699921513283000.jpg,4000010,4,truck,0.603477,219.0,590.0,308.0,652.0,216.9308624267578,589.6703491210938,306.7923889160156,652.0123901367188,matched,1,VEHICLE_TRUCK,preprocessed/masks/left_rear_camera/masks/frame_000113_gt2d_001_track_-1_VEHICLE_TRUCK.png,0.8675326704978943
left_rear,114,1772699921613291000,data\camera\left_rear_camera\1772699921613291000.jpg,-1,4,truck,0.312165,1846.0,584.0,1919.0,696.0,1846.0,584.0,1919.0,696.0,unassigned,6,VEHICLE_TRUCK,preprocessed/masks/left_rear_camera/masks/frame_000114_gt2d_006_track_-1_VEHICLE_TRUCK.png,0.8127453923225403
left_rear,114,1772699921613291000,data\camera\left_rear_camera\1772699921613291000.jpg,0,0,bus,0.438827,52.0,602.0,126.0,651.0,48.69931411743164,601.1980590820312,124.86441040039062,650.816162109375,matched,4,VEHICLE_BUS,preprocessed/masks/left_rear_camera/masks/frame_000114_gt2d_004_track_-1_VEHICLE_BUS.png,0.8825144171714783
left_rear,114,1772699921613291000,data\camera\left_rear_camera\1772699921613291000.jpg,1000008,1,car,0.615632,1730.0,652.0,1782.0,688.0,1729.8446044921875,652.2865600585938,1782.34765625,688.3076171875,matched,2,VEHICLE_CAR,preprocessed/masks/left_rear_camera/masks/frame_000114_gt2d_002_track_-1_VEHICLE_CAR.png,0.9090318083763123
left_rear,114,1772699921613291000,data\camera\left_rear_camera\1772699921613291000.jpg,4000004,4,truck,0.519515,168.0,606.0,226.0,650.0,167.98789978027344,605.6490478515625,226.72840881347656,649.5634765625,matched,3,VEHICLE_TRUCK,preprocessed/masks/left_rear_camera/masks/frame_000114_gt2d_003_track_-1_VEHICLE_TRUCK.png,0.900397777557373
left_rear,114,1772699921613291000,data\camera\left_rear_camera\1772699921613291000.jpg,4000008,4,truck,0.39427,295.0,605.0,371.0,657.0,294.25506591796875,604.912109375,369.6494140625,656.4782104492188,matched,5,VEHICLE_TRUCK,preprocessed/masks/left_rear_camera/masks/frame_000114_gt2d_005_track_-1_VEHICLE_TRUCK.png,0.9136033058166504
left_rear,114,1772699921613291000,data\camera\left_rear_camera\1772699921613291000.jpg,4000009,4,truck,0.711247,373.0,581.0,603.0,666.0,371.2690124511719,580.7238159179688,600.0053100585938,666.7210083007812,matched,0,VEHICLE_TRAILER,preprocessed/masks/left_rear_camera/masks/frame_000114_gt2d_000_track_-1_VEHICLE_TRAILER.png,0.6760247945785522
left_rear,114,1772699921613291000,data\camera\left_rear_camera\1772699921613291000.jpg,4000010,4,truck,0.658852,214.0,593.0,299.0,654.0,213.6269989013672,592.5912475585938,299.67730712890625,653.8477783203125,matched,1,VEHICLE_TRUCK,preprocessed/masks/left_rear_camera/masks/frame_000114_gt2d_001_track_-1_VEHICLE_TRUCK.png,0.8671912550926208
left_rear,115,1772699921713268000,data\camera\left_rear_camera\1772699921713268000.jpg,-1,2,motorcycle,0.411262,1717.0,617.0,1919.0,709.0,1717.0,617.0,1919.0,709.0,unassigned,3,VEHICLE_TRIKE,preprocessed/masks/left_rear_camera/masks/frame_000115_gt2d_003_track_-1_VEHICLE_TRIKE.png,0.8718279004096985
left_rear,115,1772699921713268000,data\camera\left_rear_camera\1772699921713268000.jpg,-1,3,person,0.32381,1773.0,618.0,1807.0,698.0,1773.0,618.0,1807.0,698.0,unassigned,6,PEDESTRIAN_NORMAL,preprocessed/masks/left_rear_camera/masks/frame_000115_gt2d_006_track_-1_PEDESTRIAN_NORMAL.png,0.8084255456924438
left_rear,115,1772699921713268000,data\camera\left_rear_camera\1772699921713268000.jpg,0,0,bus,0.335403,43.0,603.0,121.0,650.0,42.93769073486328,603.0895385742188,120.14437103271484,650.8599853515625,matched,5,VEHICLE_BUS,preprocessed/masks/left_rear_camera/masks/frame_000115_gt2d_005_track_-1_VEHICLE_BUS.png,0.8900340795516968
left_rear,115,1772699921713268000,data\camera\left_rear_camera\1772699921713268000.jpg,4000004,4,truck,0.363343,164.0,609.0,215.0,650.0,162.857177734375,608.6508178710938,215.43319702148438,650.36474609375,matched,4,VEHICLE_TRUCK,preprocessed/masks/left_rear_camera/masks/frame_000115_gt2d_004_track_-1_VEHICLE_TRUCK.png,0.8572018146514893
left_rear,115,1772699921713268000,data\camera\left_rear_camera\1772699921713268000.jpg,4000008,4,truck,0.434182,283.0,606.0,359.0,660.0,284.2361755371094,606.3433227539062,359.4655456542969,659.2222290039062,matched,2,VEHICLE_TRUCK,preprocessed/masks/left_rear_camera/masks/frame_000115_gt2d_002_track_-1_VEHICLE_TRUCK.png,0.925865650177002
left_rear,115,1772699921713268000,data\camera\left_rear_camera\1772699921713268000.jpg,4000009,4,truck,0.696105,361.0,583.0,587.0,668.0,359.6602783203125,583.2857055664062,582.9964599609375,667.8648071289062,matched,0,VEHICLE_TRAILER,preprocessed/masks/left_rear_camera/masks/frame_000115_gt2d_000_track_-1_VEHICLE_TRAILER.png,0.6070669889450073
left_rear,115,1772699921713268000,data\camera\left_rear_camera\1772699921713268000.jpg,4000010,4,truck,0.692328,198.0,594.0,300.0,655.0,200.715576171875,594.2518310546875,297.1354064941406,655.1311645507812,matched,1,VEHICLE_TRUCK,preprocessed/masks/left_rear_camera/masks/frame_000115_gt2d_001_track_-1_VEHICLE_TRUCK.png,0.8859680891036987
left_rear,116,1772699921813275000,data\camera\left_rear_camera\1772699921813275000.jpg,-1,2,motorcycle,0.392288,1263.0,634.0,1327.0,684.0,1263.0,634.0,1327.0,684.0,unassigned,5,CYCLIST_MOTOR,preprocessed/masks/left_rear_camera/masks/frame_000116_gt2d_005_track_-1_CYCLIST_MOTOR.png,0.8838155269622803
left_rear,116,1772699921813275000,data\camera\left_rear_camera\1772699921813275000.jpg,-1,3,person,0.322917,1607.0,616.0,1656.0,696.0,1607.0,616.0,1656.0,696.0,unassigned,7,PEDESTRIAN_NORMAL,preprocessed/masks/left_rear_camera/masks/frame_000116_gt2d_007_track_-1_PEDESTRIAN_NORMAL.png,0.7487322092056274
left_rear,116,1772699921813275000,data\camera\left_rear_camera\1772699921813275000.jpg,0,0,bus,0.400054,41.0,603.0,119.0,650.0,40.811038970947266,603.3482666015625,118.40271759033203,650.4485473632812,matched,4,VEHICLE_BUS,preprocessed/masks/left_rear_camera/masks/frame_000116_gt2d_004_track_-1_VEHICLE_BUS.png,0.8467563986778259
left_rear,116,1772699921813275000,data\camera\left_rear_camera\1772699921813275000.jpg,2000000,2,motorcycle,0.557553,1580.0,616.0,1851.0,709.0,1580.0,616.0,1851.0,709.0,tentative,2,VEHICLE_TRIKE,preprocessed/masks/left_rear_camera/masks/frame_000116_gt2d_002_track_-1_VEHICLE_TRIKE.png,0.907903790473938
left_rear,116,1772699921813275000,data\camera\left_rear_camera\1772699921813275000.jpg,4000004,4,truck,0.363935,159.0,610.0,205.0,650.0,158.94320678710938,609.9850463867188,205.9306640625,650.2393798828125,matched,6,VEHICLE_TRUCK,preprocessed/masks/left_rear_camera/masks/frame_000116_gt2d_006_track_-1_VEHICLE_TRUCK.png,0.7922219038009644
left_rear,116,1772699921813275000,data\camera\left_rear_camera\1772699921813275000.jpg,4000008,4,truck,0.422251,274.0,606.0,350.0,658.0,275.9044189453125,606.4463500976562,351.1396484375,658.4970092773438,matched,3,VEHICLE_TRUCK_SMALL,preprocessed/masks/left_rear_camera/masks/frame_000116_gt2d_003_track_-1_VEHICLE_TRUCK_SMALL.png,0.9163737893104553
left_rear,116,1772699921813275000,data\camera\left_rear_camera\1772699921813275000.jpg,4000009,4,truck,0.678977,353.0,582.0,579.0,667.0,351.70648193359375,583.0654296875,573.6246337890625,667.2206420898438,matched,0,VEHICLE_TRAILER,preprocessed/masks/left_rear_camera/masks/frame_000116_gt2d_000_track_-1_VEHICLE_TRAILER.png,0.5867515802383423
left_rear,116,1772699921813275000,data\camera\left_rear_camera\1772699921813275000.jpg,4000010,4,truck,0.631582,196.0,594.0,301.0,656.0,196.11392211914062,594.4306640625,297.9956359863281,655.8634643554688,matched,1,VEHICLE_TRUCK,preprocessed/masks/left_rear_camera/masks/frame_000116_gt2d_001_track_-1_VEHICLE_TRUCK.png,0.9043292999267578
left_rear,117,1772699921913282000,data\camera\left_rear_camera\1772699921913282000.jpg,-1,4,truck,0.376386,352.0,582.0,452.0,655.0,352.0,582.0,452.0,655.0,unassigned,4,VEHICLE_TRAILER,preprocessed/masks/left_rear_camera/masks/frame_000117_gt2d_004_track_-1_VEHICLE_TRAILER.png,0.9005988836288452
left_rear,117,1772699921913282000,data\camera\left_rear_camera\1772699921913282000.jpg,0,0,bus,0.369237,46.0,603.0,116.0,648.0,45.59812545776367,603.1671142578125,118.03491973876953,648.6940307617188,matched,5,VEHICLE_BUS,preprocessed/masks/left_rear_camera/masks/frame_000117_gt2d_005_track_-1_VEHICLE_BUS.png,0.8397745490074158
left_rear,117,1772699921913282000,data\camera\left_rear_camera\1772699921913282000.jpg,4000004,4,truck,0.400915,155.0,609.0,214.0,648.0,156.6840057373047,609.4864501953125,211.5906524658203,648.5737915039062,matched,3,VEHICLE_TRUCK,preprocessed/masks/left_rear_camera/masks/frame_000117_gt2d_003_track_-1_VEHICLE_TRUCK.png,0.8331235647201538
left_rear,117,1772699921913282000,data\camera\left_rear_camera\1772699921913282000.jpg,4000008,4,truck,0.428521,270.0,606.0,343.0,657.0,272.444091796875,606.1946411132812,345.7233581542969,657.2965087890625,matched,2,VEHICLE_TRUCK_SMALL,preprocessed/masks/left_rear_camera/masks/frame_000117_gt2d_002_track_-1_VEHICLE_TRUCK_SMALL.png,0.8840562105178833
left_rear,117,1772699921913282000,data\camera\left_rear_camera\1772699921913282000.jpg,4000009,4,truck,0.627804,352.0,582.0,563.0,664.0,350.65081787109375,582.6757202148438,562.14794921875,664.7302856445312,matched,1,VEHICLE_TRAILER,preprocessed/masks/left_rear_camera/masks/frame_000117_gt2d_001_track_-1_VEHICLE_TRAILER.png,0.6840970516204834
left_rear,117,1772699921913282000,data\camera\left_rear_camera\1772699921913282000.jpg,4000010,4,truck,0.687897,204.0,593.0,295.0,654.0,201.92344665527344,593.5508422851562,296.94793701171875,654.5428466796875,matched,0,VEHICLE_TRUCK,preprocessed/masks/left_rear_camera/masks/frame_000117_gt2d_000_track_-1_VEHICLE_TRUCK.png,0.8798474073410034
left_rear,118,1772699922013276000,data\camera\left_rear_camera\1772699922013276000.jpg,-1,2,motorcycle,0.466255,1205.0,632.0,1277.0,687.0,1205.0,632.0,1277.0,687.0,unassigned,4,CYCLIST_MOTOR,preprocessed/masks/left_rear_camera/masks/frame_000118_gt2d_004_track_-1_CYCLIST_MOTOR.png,0.8935657143592834
left_rear,118,1772699922013276000,data\camera\left_rear_camera\1772699922013276000.jpg,0,0,bus,0.425371,35.0,600.0,112.0,647.0,40.070987701416016,601.001708984375,115.34302520751953,647.3291015625,matched,5,VEHICLE_BUS,preprocessed/masks/left_rear_camera/masks/frame_000118_gt2d_005_track_-1_VEHICLE_BUS.png,0.7996867895126343
left_rear,118,1772699922013276000,data\camera\left_rear_camera\1772699922013276000.jpg,2000001,2,motorcycle,0.533551,1349.0,614.0,1605.0,697.0,1349.0,614.0,1605.0,697.0,tentative,2,VEHICLE_TRIKE,preprocessed/masks/left_rear_camera/masks/frame_000118_gt2d_002_track_-1_VEHICLE_TRIKE.png,0.8865619897842407
left_rear,118,1772699922013276000,data\camera\left_rear_camera\1772699922013276000.jpg,4000004,4,truck,0.41978,152.0,605.0,209.0,646.0,154.6089324951172,606.487060546875,210.42434692382812,646.5733032226562,matched,6,VEHICLE_TRUCK,preprocessed/masks/left_rear_camera/masks/frame_000118_gt2d_006_track_-1_VEHICLE_TRUCK.png,0.8370499610900879
left_rear,118,1772699922013276000,data\camera\left_rear_camera\1772699922013276000.jpg,4000008,4,truck,0.490523,265.0,604.0,340.0,656.0,268.12939453125,604.6934814453125,342.1083984375,656.1510009765625,matched,3,VEHICLE_TRUCK_SMALL,preprocessed/masks/left_rear_camera/masks/frame_000118_gt2d_003_track_-1_VEHICLE_TRUCK_SMALL.png,0.8954707980155945
left_rear,118,1772699922013276000,data\camera\left_rear_camera\1772699922013276000.jpg,4000009,4,truck,0.678304,341.0,581.0,542.0,662.0,343.25482177734375,581.7526245117188,544.563232421875,662.4490966796875,matched,1,VEHICLE_TRAILER,preprocessed/masks/left_rear_camera/masks/frame_000118_gt2d_001_track_-1_VEHICLE_TRAILER.png,0.7871206998825073
left_rear,118,1772699922013276000,data\camera\left_rear_camera\1772699922013276000.jpg,4000010,4,truck,0.712363,199.0,592.0,291.0,653.0,201.18502807617188,592.4886474609375,294.0707092285156,653.3344116210938,matched,0,VEHICLE_TRUCK,preprocessed/masks/left_rear_camera/masks/frame_000118_gt2d_000_track_-1_VEHICLE_TRUCK.png,0.8635669946670532
left_rear,119,1772699922113192000,data\camera\left_rear_camera\1772699922113192000.jpg,-1,2,motorcycle,0.439868,1266.0,621.0,1458.0,692.0,1266.0,621.0,1458.0,692.0,unassigned,2,VEHICLE_TRIKE,preprocessed/masks/left_rear_camera/masks/frame_000119_gt2d_002_track_-1_VEHICLE_TRIKE.png,0.8438845872879028
left_rear,119,1772699922113192000,data\camera\left_rear_camera\1772699922113192000.jpg,0,0,bus,0.341777,39.0,599.0,106.0,646.0,40.85149383544922,599.34326171875,110.50924682617188,645.9722900390625,matched,3,VEHICLE_BUS,preprocessed/masks/left_rear_camera/masks/frame_000119_gt2d_003_track_-1_VEHICLE_BUS.png,0.7721356153488159
left_rear,119,1772699922113192000,data\camera\left_rear_camera\1772699922113192000.jpg,4000004,4,truck,0.310311,151.0,606.0,210.0,645.0,153.01380920410156,605.8804931640625,210.6254425048828,644.999755859375,matched,4,VEHICLE_TRUCK,preprocessed/masks/left_rear_camera/masks/frame_000119_gt2d_004_track_-1_VEHICLE_TRUCK.png,0.8471543788909912
left_rear,119,1772699922113192000,data\camera\left_rear_camera\1772699922113192000.jpg,4000009,4,truck,0.680985,333.0,581.0,537.0,664.0,335.2943115234375,581.1832275390625,535.5907592773438,662.8231811523438,matched,0,VEHICLE_TRAILER,preprocessed/masks/left_rear_camera/masks/frame_000119_gt2d_000_track_-1_VEHICLE_TRAILER.png,0.6412829160690308
left_rear,119,1772699922113192000,data\camera\left_rear_camera\1772699922113192000.jpg,4000010,4,truck,0.653697,197.0,592.0,287.0,651.0,199.56732177734375,591.8783569335938,290.3509521484375,651.3553466796875,matched,1,VEHICLE_TRUCK,preprocessed/masks/left_rear_camera/masks/frame_000119_gt2d_001_track_-1_VEHICLE_TRUCK.png,0.9015783071517944
left_rear,120,1772699922213169000,data\camera\left_rear_camera\1772699922213169000.jpg,-1,1,car,0.341429,1616.0,633.0,1852.0,707.0,1616.0,633.0,1852.0,707.0,unassigned,3,VEHICLE_CAR,preprocessed/masks/left_rear_camera/masks/frame_000120_gt2d_003_track_-1_VEHICLE_CAR.png,0.9388185739517212
left_rear,120,1772699922213169000,data\camera\left_rear_camera\1772699922213169000.jpg,-1,3,person,0.325934,1215.0,620.0,1238.0,677.0,1215.0,620.0,1238.0,677.0,unassigned,4,PEDESTRIAN_NORMAL,preprocessed/masks/left_rear_camera/masks/frame_000120_gt2d_004_track_-1_PEDESTRIAN_NORMAL.png,0.7544897794723511
left_rear,120,1772699922213169000,data\camera\left_rear_camera\1772699922213169000.jpg,0,0,bus,0.3027,51.0,600.0,101.0,645.0,48.607120513916016,599.8173828125,104.43919372558594,645.24560546875,matched,5,VEHICLE_BUS,preprocessed/masks/left_rear_camera/masks/frame_000120_gt2d_005_track_-1_VEHICLE_BUS.png,0.8354476690292358
left_rear,120,1772699922213169000,data\camera\left_rear_camera\1772699922213169000.jpg,2000002,2,motorcycle,0.543965,1174.0,619.0,1331.0,684.0,1174.0,619.0,1331.0,684.0,tentative,2,VEHICLE_TRIKE,preprocessed/masks/left_rear_camera/masks/frame_000120_gt2d_002_track_-1_VEHICLE_TRIKE.png,0.8269733786582947
left_rear,120,1772699922213169000,data\camera\left_rear_camera\1772699922213169000.jpg,4000004,4,truck,0.301809,148.0,604.0,207.0,645.0,149.863525390625,604.7169189453125,208.17742919921875,644.8692626953125,matched,6,VEHICLE_TRUCK,preprocessed/masks/left_rear_camera/masks/frame_000120_gt2d_006_track_-1_VEHICLE_TRUCK.png,0.836032509803772
left_rear,120,1772699922213169000,data\camera\left_rear_camera\1772699922213169000.jpg,4000009,4,truck,0.693076,325.0,582.0,530.0,662.0,326.7065734863281,582.0391235351562,527.6138916015625,662.0659790039062,matched,0,VEHICLE_TRAILER,preprocessed/masks/left_rear_camera/masks/frame_000120_gt2d_000_track_-1_VEHICLE_TRAILER.png,0.7049771547317505
left_rear,120,1772699922213169000,data\camera\left_rear_camera\1772699922213169000.jpg,4000010,4,truck,0.672475,190.0,592.0,284.0,651.0,193.65623474121094,592.0728759765625,286.3719482421875,651.0558471679688,matched,1,VEHICLE_TRUCK,preprocessed/masks/left_rear_camera/masks/frame_000120_gt2d_001_track_-1_VEHICLE_TRUCK.png,0.87786865234375
left_rear,121,1772699922313177000,data\camera\left_rear_camera\1772699922313177000.jpg,-1,4,truck,0.381763,94.0,616.0,149.0,649.0,94.0,616.0,149.0,649.0,unassigned,3,VEHICLE_TRUCK,preprocessed/masks/left_rear_camera/masks/frame_000121_gt2d_003_track_-1_VEHICLE_TRUCK.png,0.8920048475265503
left_rear,121,1772699922313177000,data\camera\left_rear_camera\1772699922313177000.jpg,-1,4,truck,0.349347,253.0,605.0,326.0,655.0,253.0,605.0,326.0,655.0,unassigned,4,VEHICLE_TRUCK_SMALL,preprocessed/masks/left_rear_camera/masks/frame_000121_gt2d_004_track_-1_VEHICLE_TRUCK_SMALL.png,0.8239588737487793
left_rear,121,1772699922313177000,data\camera\left_rear_camera\1772699922313177000.jpg,2000003,2,motorcycle,0.61097,1115.0,629.0,1234.0,676.0,1115.0,629.0,1234.0,676.0,tentative,2,VEHICLE_TRIKE,preprocessed/masks/left_rear_camera/masks/frame_000121_gt2d_002_track_-1_VEHICLE_TRIKE.png,0.8719217777252197
left_rear,121,1772699922313177000,data\camera\left_rear_camera\1772699922313177000.jpg,4000009,4,truck,0.710675,318.0,584.0,522.0,666.0,319.6817626953125,583.5375366210938,520.4197998046875,664.387451171875,matched,0,VEHICLE_TRAILER,preprocessed/masks/left_rear_camera/masks/frame_000121_gt2d_000_track_-1_VEHICLE_TRAILER.png,0.6397063136100769
left_rear,121,1772699922313177000,data\camera\left_rear_camera\1772699922313177000.jpg,4000010,4,truck,0.663869,182.0,593.0,278.0,654.0,186.83236694335938,592.67236328125,281.58953857421875,652.8301391601562,matched,1,VEHICLE_TRUCK,preprocessed/masks/left_rear_camera/masks/frame_000121_gt2d_001_track_-1_VEHICLE_TRUCK.png,0.8713424205780029
left_rear,122,1772699922413184000,data\camera\left_rear_camera\1772699922413184000.jpg,-1,2,motorcycle,0.49361,1050.0,620.0,1146.0,673.0,1050.0,620.0,1146.0,673.0,unassigned,2,VEHICLE_TRIKE,preprocessed/masks/left_rear_camera/masks/frame_000122_gt2d_002_track_-1_VEHICLE_TRIKE.png,0.909541130065918
left_rear,122,1772699922413184000,data\camera\left_rear_camera\1772699922413184000.jpg,-1,1,car,0.405076,1580.0,646.0,1666.0,687.0,1580.0,646.0,1666.0,687.0,unassigned,4,VEHICLE_CAR,preprocessed/masks/left_rear_camera/masks/frame_000122_gt2d_004_track_-1_VEHICLE_CAR.png,0.9022058248519897
left_rear,122,1772699922413184000,data\camera\left_rear_camera\1772699922413184000.jpg,-1,1,car,0.363893,1362.0,635.0,1548.0,698.0,1362.0,635.0,1548.0,698.0,unassigned,5,VEHICLE_CAR,preprocessed/masks/left_rear_camera/masks/frame_000122_gt2d_005_track_-1_VEHICLE_CAR.png,0.9000256061553955
left_rear,122,1772699922413184000,data\camera\left_rear_camera\1772699922413184000.jpg,-1,4,truck,0.312902,312.0,586.0,403.0,653.0,312.0,586.0,403.0,653.0,unassigned,6,VEHICLE_TRUCK,preprocessed/masks/left_rear_camera/masks/frame_000122_gt2d_006_track_-1_VEHICLE_TRUCK.png,0.8802255392074585
left_rear,122,1772699922413184000,data\camera\left_rear_camera\1772699922413184000.jpg,-1,4,truck,0.302563,90.0,616.0,145.0,648.0,90.0,616.0,145.0,648.0,unassigned,7,VEHICLE_TRUCK,preprocessed/masks/left_rear_camera/masks/frame_000122_gt2d_007_track_-1_VEHICLE_TRUCK.png,0.8842734098434448
left_rear,122,1772699922413184000,data\camera\left_rear_camera\1772699922413184000.jpg,4000008,4,truck,0.45718,249.0,606.0,318.0,654.0,251.3924102783203,605.7379760742188,320.8036804199219,654.0489501953125,matched,3,VEHICLE_TRUCK_SMALL,preprocessed/masks/left_rear_camera/masks/frame_000122_gt2d_003_track_-1_VEHICLE_TRUCK_SMALL.png,0.8361400365829468
left_rear,122,1772699922413184000,data\camera\left_rear_camera\1772699922413184000.jpg,4000009,4,truck,0.56599,311.0,585.0,496.0,659.0,311.928466796875,584.9733276367188,500.01275634765625,660.8274536132812,matched,1,VEHICLE_TRAILER,preprocessed/masks/left_rear_camera/masks/frame_000122_gt2d_001_track_-1_VEHICLE_TRAILER.png,0.6776301860809326
left_rear,122,1772699922413184000,data\camera\left_rear_camera\1772699922413184000.jpg,4000010,4,truck,0.619872,176.0,594.0,273.0,653.0,179.58387756347656,593.8016967773438,275.78094482421875,653.0844116210938,matched,0,VEHICLE_TRUCK,preprocessed/masks/left_rear_camera/masks/frame_000122_gt2d_000_track_-1_VEHICLE_TRUCK.png,0.8943569660186768
left_rear,123,1772699922513192000,data\camera\left_rear_camera\1772699922513192000.jpg,-1,4,truck,0.318386,305.0,586.0,397.0,652.0,305.0,586.0,397.0,652.0,unassigned,3,VEHICLE_TRUCK,preprocessed/masks/left_rear_camera/masks/frame_000123_gt2d_003_track_-1_VEHICLE_TRUCK.png,0.8985538482666016
left_rear,123,1772699922513192000,data\camera\left_rear_camera\1772699922513192000.jpg,-1,4,truck,0.305291,86.0,616.0,143.0,650.0,86.0,616.0,143.0,650.0,unassigned,4,VEHICLE_TRUCK,preprocessed/masks/left_rear_camera/masks/frame_000123_gt2d_004_track_-1_VEHICLE_TRUCK.png,0.8924764394760132
left_rear,123,1772699922513192000,data\camera\left_rear_camera\1772699922513192000.jpg,-1,0,bus,0.3015,29.0,602.0,91.0,646.0,29.0,602.0,91.0,646.0,unassigned,5,VEHICLE_BUS,preprocessed/masks/left_rear_camera/masks/frame_000123_gt2d_005_track_-1_VEHICLE_BUS.png,0.8378875851631165
left_rear,123,1772699922513192000,data\camera\left_rear_camera\1772699922513192000.jpg,2000004,2,motorcycle,0.501436,988.0,622.0,1057.0,671.0,988.0,622.0,1057.0,671.0,tentative,2,VEHICLE_TRIKE,preprocessed/masks/left_rear_camera/masks/frame_000123_gt2d_002_track_-1_VEHICLE_TRIKE.png,0.8684195280075073
left_rear,123,1772699922513192000,data\camera\left_rear_camera\1772699922513192000.jpg,4000009,4,truck,0.604741,305.0,585.0,493.0,663.0,305.0191650390625,585.3738403320312,490.8954772949219,662.1586303710938,matched,0,VEHICLE_TRAILER,preprocessed/masks/left_rear_camera/masks/frame_000123_gt2d_000_track_-1_VEHICLE_TRAILER.png,0.7223832011222839
left_rear,123,1772699922513192000,data\camera\left_rear_camera\1772699922513192000.jpg,4000010,4,truck,0.595086,175.0,594.0,270.0,653.0,175.90321350097656,594.1383056640625,271.3388366699219,653.1034545898438,matched,1,VEHICLE_TRUCK,preprocessed/masks/left_rear_camera/masks/frame_000123_gt2d_001_track_-1_VEHICLE_TRUCK.png,0.8922790288925171
left_rear,124,1772699922613168000,data\camera\left_rear_camera\1772699922613168000.jpg,-1,5,vehicle_special,0.399299,1348.0,590.0,1448.0,682.0,1348.0,590.0,1448.0,682.0,unassigned,2,VEHICLE_SPECIAL,preprocessed/masks/left_rear_camera/masks/frame_000124_gt2d_002_track_-1_VEHICLE_SPECIAL.png,0.9026176929473877
left_rear,124,1772699922613168000,data\camera\left_rear_camera\1772699922613168000.jpg,-1,4,truck,0.367527,299.0,585.0,381.0,649.0,299.0,585.0,381.0,649.0,unassigned,3,VEHICLE_TRUCK,preprocessed/masks/left_rear_camera/masks/frame_000124_gt2d_003_track_-1_VEHICLE_TRUCK.png,0.8857340216636658
left_rear,124,1772699922613168000,data\camera\left_rear_camera\1772699922613168000.jpg,-1,2,motorcycle,0.353778,1373.0,623.0,1447.0,681.0,1373.0,623.0,1447.0,681.0,unassigned,4,VEHICLE_TRIKE,preprocessed/masks/left_rear_camera/masks/frame_000124_gt2d_004_track_-1_VEHICLE_TRIKE.png,0.8838582038879395
left_rear,124,1772699922613168000,data\camera\left_rear_camera\1772699922613168000.jpg,-1,1,car,0.321418,1171.0,634.0,1321.0,685.0,1171.0,634.0,1321.0,685.0,unassigned,5,VEHICLE_CAR,preprocessed/masks/left_rear_camera/masks/frame_000124_gt2d_005_track_-1_VEHICLE_CAR.png,0.8947545289993286
left_rear,124,1772699922613168000,data\camera\left_rear_camera\1772699922613168000.jpg,-1,2,motorcycle,0.308203,936.0,621.0,1000.0,671.0,936.0,621.0,1000.0,671.0,unassigned,6,VEHICLE_TRIKE,preprocessed/masks/left_rear_camera/masks/frame_000124_gt2d_006_track_-1_VEHICLE_TRIKE.png,0.8807719945907593
left_rear,124,1772699922613168000,data\camera\left_rear_camera\1772699922613168000.jpg,-1,3,person,0.30296,954.0,623.0,977.0,673.0,954.0,623.0,977.0,673.0,unassigned,7,PEDESTRIAN_NORMAL,preprocessed/masks/left_rear_camera/masks/frame_000124_gt2d_007_track_-1_PEDESTRIAN_NORMAL.png,0.8105483055114746
left_rear,124,1772699922613168000,data\camera\left_rear_camera\1772699922613168000.jpg,4000009,4,truck,0.603527,298.0,584.0,482.0,658.0,298.341796875,584.5614013671875,480.9173583984375,659.0223999023438,matched,0,VEHICLE_TRAILER,preprocessed/masks/left_rear_camera/masks/frame_000124_gt2d_000_track_-1_VEHICLE_TRAILER.png,0.6452136039733887
left_rear,124,1772699922613168000,data\camera\left_rear_camera\1772699922613168000.jpg,4000010,4,truck,0.534255,173.0,594.0,263.0,649.0,173.57354736328125,593.9783325195312,265.4073486328125,650.1763305664062,matched,1,VEHICLE_TRUCK,preprocessed/masks/left_rear_camera/masks/frame_000124_gt2d_001_track_-1_VEHICLE_TRUCK.png,0.8729385137557983
left_rear,125,1772699922713176000,data\camera\left_rear_camera\1772699922713176000.jpg,-1,3,person,0.365266,1403.0,634.0,1422.0,682.0,1403.0,634.0,1422.0,682.0,unassigned,3,PEDESTRIAN_NORMAL,preprocessed/masks/left_rear_camera/masks/frame_000125_gt2d_003_track_-1_PEDESTRIAN_NORMAL.png,0.8357816338539124
left_rear,125,1772699922713176000,data\camera\left_rear_camera\1772699922713176000.jpg,-1,4,truck,0.343561,135.0,608.0,190.0,644.0,135.0,608.0,190.0,644.0,unassigned,4,VEHICLE_TRUCK,preprocessed/masks/left_rear_camera/masks/frame_000125_gt2d_004_track_-1_VEHICLE_TRUCK.png,0.8861371278762817
left_rear,125,1772699922713176000,data\camera\left_rear_camera\1772699922713176000.jpg,-1,3,person,0.342596,1348.0,635.0,1368.0,684.0,1348.0,635.0,1368.0,684.0,unassigned,5,PEDESTRIAN_NORMAL,preprocessed/masks/left_rear_camera/masks/frame_000125_gt2d_005_track_-1_PEDESTRIAN_NORMAL.png,0.808643102645874
left_rear,125,1772699922713176000,data\camera\left_rear_camera\1772699922713176000.jpg,-1,2,motorcycle,0.333083,1350.0,619.0,1420.0,683.0,1350.0,619.0,1420.0,683.0,unassigned,6,VEHICLE_TRIKE,preprocessed/masks/left_rear_camera/masks/frame_000125_gt2d_006_track_-1_VEHICLE_TRIKE.png,0.9090914726257324
left_rear,125,1772699922713176000,data\camera\left_rear_camera\1772699922713176000.jpg,-1,4,truck,0.318612,83.0,612.0,136.0,647.0,83.0,612.0,136.0,647.0,unassigned,7,VEHICLE_TRUCK,preprocessed/masks/left_rear_camera/masks/frame_000125_gt2d_007_track_-1_VEHICLE_TRUCK.png,0.9045180082321167
left_rear,125,1772699922713176000,data\camera\left_rear_camera\1772699922713176000.jpg,4000009,4,truck,0.664308,293.0,584.0,473.0,659.0,292.69940185546875,583.9302978515625,471.62310791015625,658.2733154296875,matched,0,VEHICLE_TRAILER,preprocessed/masks/left_rear_camera/masks/frame_000125_gt2d_000_track_-1_VEHICLE_TRAILER.png,0.6620021462440491
left_rear,125,1772699922713176000,data\camera\left_rear_camera\1772699922713176000.jpg,4000010,4,truck,0.584649,175.0,592.0,254.0,648.0,174.01004028320312,592.262451171875,257.0987243652344,648.1156005859375,matched,1,VEHICLE_TRUCK,preprocessed/masks/left_rear_camera/masks/frame_000125_gt2d_001_track_-1_VEHICLE_TRUCK.png,0.869543194770813
left_rear,125,1772699922713176000,data\camera\left_rear_camera\1772699922713176000.jpg,4000011,4,truck,0.513815,292.0,585.0,418.0,653.0,292.0,585.0,418.0,653.0,tentative,2,VEHICLE_TRAILER,preprocessed/masks/left_rear_camera/masks/frame_000125_gt2d_002_track_-1_VEHICLE_TRAILER.png,0.8296477794647217
left_rear,126,1772699922813183000,data\camera\left_rear_camera\1772699922813183000.jpg,-1,1,car,0.357705,1022.0,631.0,1155.0,678.0,1022.0,631.0,1155.0,678.0,unassigned,2,VEHICLE_CAR,preprocessed/masks/left_rear_camera/masks/frame_000126_gt2d_002_track_-1_VEHICLE_CAR.png,0.8833997845649719
left_rear,126,1772699922813183000,data\camera\left_rear_camera\1772699922813183000.jpg,-1,4,truck,0.353676,130.0,607.0,183.0,643.0,130.0,607.0,183.0,643.0,unassigned,3,VEHICLE_TRUCK,preprocessed/masks/left_rear_camera/masks/frame_000126_gt2d_003_track_-1_VEHICLE_TRUCK.png,0.9027584195137024
left_rear,126,1772699922813183000,data\camera\left_rear_camera\1772699922813183000.jpg,-1,4,truck,0.346729,287.0,586.0,366.0,649.0,287.0,586.0,366.0,649.0,unassigned,4,VEHICLE_TRUCK,preprocessed/masks/left_rear_camera/masks/frame_000126_gt2d_004_track_-1_VEHICLE_TRUCK.png,0.8795421123504639
left_rear,126,1772699922813183000,data\camera\left_rear_camera\1772699922813183000.jpg,-1,4,truck,0.321961,81.0,613.0,131.0,647.0,81.0,613.0,131.0,647.0,unassigned,5,VEHICLE_TRUCK,preprocessed/masks/left_rear_camera/masks/frame_000126_gt2d_005_track_-1_VEHICLE_TRUCK.png,0.9091248512268066
left_rear,126,1772699922813183000,data\camera\left_rear_camera\1772699922813183000.jpg,4000009,4,truck,0.617539,287.0,585.0,465.0,657.0,285.8761291503906,584.2221069335938,462.37152099609375,656.5541381835938,matched,0,VEHICLE_TRAILER,preprocessed/masks/left_rear_camera/masks/frame_000126_gt2d_000_track_-1_VEHICLE_TRAILER.png,0.7340914607048035
left_rear,126,1772699922813183000,data\camera\left_rear_camera\1772699922813183000.jpg,4000010,4,truck,0.584781,173.0,593.0,249.0,647.0,171.96119689941406,592.1727294921875,249.72474670410156,646.580078125,matched,1,VEHICLE_TRUCK,preprocessed/masks/left_rear_camera/masks/frame_000126_gt2d_001_track_-1_VEHICLE_TRUCK.png,0.8937644362449646
left_rear,127,1772699922913191000,data\camera\left_rear_camera\1772699922913191000.jpg,-1,4,truck,0.452485,281.0,588.0,358.0,648.0,281.0,588.0,358.0,648.0,unassigned,3,VEHICLE_TRUCK,preprocessed/masks/left_rear_camera/masks/frame_000127_gt2d_003_track_-1_VEHICLE_TRUCK.png,0.8798605799674988
left_rear,127,1772699922913191000,data\camera\left_rear_camera\1772699922913191000.jpg,1000009,1,car,0.501107,1756.0,657.0,1919.0,721.0,1756.0,657.0,1919.0,721.0,tentative,0,VEHICLE_CAR,preprocessed/masks/left_rear_camera/masks/frame_000127_gt2d_000_track_-1_VEHICLE_CAR.png,0.9506509304046631
left_rear,127,1772699922913191000,data\camera\left_rear_camera\1772699922913191000.jpg,1000010,1,car,0.500708,946.0,632.0,1100.0,683.0,946.0,632.0,1100.0,683.0,tentative,1,VEHICLE_CAR,preprocessed/masks/left_rear_camera/masks/frame_000127_gt2d_001_track_-1_VEHICLE_CAR.png,0.8615776300430298
left_rear,127,1772699922913191000,data\camera\left_rear_camera\1772699922913191000.jpg,4000009,4,truck,0.454901,282.0,587.0,449.0,657.0,281.1373596191406,586.0556640625,449.4983825683594,656.3517456054688,matched,2,VEHICLE_TRAILER,preprocessed/masks/left_rear_camera/masks/frame_000127_gt2d_002_track_-1_VEHICLE_TRAILER.png,0.8035976886749268
left_rear,127,1772699922913191000,data\camera\left_rear_camera\1772699922913191000.jpg,4000010,4,truck,0.442318,169.0,593.0,254.0,646.0,169.37332153320312,592.5317993164062,251.58798217773438,645.7562255859375,matched,4,VEHICLE_TRUCK,preprocessed/masks/left_rear_camera/masks/frame_000127_gt2d_004_track_-1_VEHICLE_TRUCK.png,0.8932579755783081
left_rear,128,1772699923013154000,data\camera\left_rear_camera\1772699923013154000.jpg,-1,1,car,0.411179,900.0,632.0,1030.0,677.0,900.0,632.0,1030.0,677.0,unassigned,2,VEHICLE_CAR,preprocessed/masks/left_rear_camera/masks/frame_000128_gt2d_002_track_-1_VEHICLE_CAR.png,0.8728911876678467
left_rear,128,1772699923013154000,data\camera\left_rear_camera\1772699923013154000.jpg,-1,3,person,0.382745,1288.0,627.0,1309.0,680.0,1288.0,627.0,1309.0,680.0,unassigned,3,PEDESTRIAN_NORMAL,preprocessed/masks/left_rear_camera/masks/frame_000128_gt2d_003_track_-1_PEDESTRIAN_NORMAL.png,0.8193199634552002
left_rear,128,1772699923013154000,data\camera\left_rear_camera\1772699923013154000.jpg,-1,1,car,0.376967,754.0,630.0,844.0,667.0,754.0,630.0,844.0,667.0,unassigned,4,VEHICLE_CAR,preprocessed/masks/left_rear_camera/masks/frame_000128_gt2d_004_track_-1_VEHICLE_CAR.png,0.8815419673919678
left_rear,128,1772699923013154000,data\camera\left_rear_camera\1772699923013154000.jpg,4000009,4,truck,0.627225,280.0,587.0,447.0,662.0,277.55682373046875,586.8567504882812,443.23297119140625,659.8711547851562,matched,0,VEHICLE_TRAILER,preprocessed/masks/left_rear_camera/masks/frame_000128_gt2d_000_track_-1_VEHICLE_TRAILER.png,0.8468588590621948
left_rear,128,1772699923013154000,data\camera\left_rear_camera\1772699923013154000.jpg,4000010,4,truck,0.442206,158.0,593.0,253.0,649.0,160.31350708007812,592.8181762695312,250.67120361328125,647.6668090820312,matched,1,VEHICLE_TRUCK,preprocessed/masks/left_rear_camera/masks/frame_000128_gt2d_001_track_-1_VEHICLE_TRUCK.png,0.9115981459617615
left_rear,129,1772699923113284000,data\camera\left_rear_camera\1772699923113284000.jpg,-1,1,car,0.447238,883.0,633.0,982.0,668.0,883.0,633.0,982.0,668.0,unassigned,1,VEHICLE_CAR,preprocessed/masks/left_rear_camera/masks/frame_000129_gt2d_001_track_-1_VEHICLE_CAR.png,0.8982754945755005
left_rear,129,1772699923113284000,data\camera\left_rear_camera\1772699923113284000.jpg,-1,2,motorcycle,0.377423,1317.0,638.0,1336.0,676.0,1317.0,638.0,1336.0,676.0,unassigned,2,CYCLIST_MOTOR,preprocessed/masks/left_rear_camera/masks/frame_000129_gt2d_002_track_-1_CYCLIST_MOTOR.png,0.8834806680679321
left_rear,129,1772699923113284000,data\camera\left_rear_camera\1772699923113284000.jpg,-1,1,car,0.325851,712.0,630.0,801.0,666.0,712.0,630.0,801.0,666.0,unassigned,4,VEHICLE_CAR,preprocessed/masks/left_rear_camera/masks/frame_000129_gt2d_004_track_-1_VEHICLE_CAR.png,0.8709160685539246
left_rear,129,1772699923113284000,data\camera\left_rear_camera\1772699923113284000.jpg,-1,1,car,0.305485,847.0,632.0,983.0,674.0,847.0,632.0,983.0,674.0,unassigned,5,VEHICLE_CAR,preprocessed/masks/left_rear_camera/masks/frame_000129_gt2d_005_track_-1_VEHICLE_CAR.png,0.8437237739562988
left_rear,129,1772699923113284000,data\camera\left_rear_camera\1772699923113284000.jpg,4000009,4,truck,0.368313,278.0,587.0,409.0,654.0,276.3821105957031,586.8990478515625,416.7249755859375,655.6070556640625,matched,3,VEHICLE_TRAILER,preprocessed/masks/left_rear_camera/masks/frame_000129_gt2d_003_track_-1_VEHICLE_TRAILER.png,0.8842409253120422
left_rear,129,1772699923113284000,data\camera\left_rear_camera\1772699923113284000.jpg,4000010,4,truck,0.532615,158.0,594.0,251.0,651.0,158.29776000976562,593.3513793945312,250.42169189453125,649.4630737304688,matched,0,VEHICLE_TRUCK,preprocessed/masks/left_rear_camera/masks/frame_000129_gt2d_000_track_-1_VEHICLE_TRUCK.png,0.9074611663818359
left_rear,130,1772699923213261000,data\camera\left_rear_camera\1772699923213261000.jpg,-1,1,car,0.402977,798.0,633.0,931.0,676.0,798.0,633.0,931.0,676.0,unassigned,1,VEHICLE_CAR,preprocessed/masks/left_rear_camera/masks/frame_000130_gt2d_001_track_-1_VEHICLE_CAR.png,0.8443927764892578
left_rear,130,1772699923213261000,data\camera\left_rear_camera\1772699923213261000.jpg,-1,4,truck,0.353377,271.0,590.0,344.0,648.0,271.0,590.0,344.0,648.0,unassigned,2,VEHICLE_TRUCK,preprocessed/masks/left_rear_camera/masks/frame_000130_gt2d_002_track_-1_VEHICLE_TRUCK.png,0.9137898683547974
left_rear,130,1772699923213261000,data\camera\left_rear_camera\1772699923213261000.jpg,4000010,4,truck,0.425386,141.0,595.0,250.0,652.0,144.33680725097656,594.4234619140625,247.59405517578125,651.0287475585938,matched,0,VEHICLE_TRUCK,preprocessed/masks/left_rear_camera/masks/frame_000130_gt2d_000_track_-1_VEHICLE_TRUCK.png,0.8928768038749695
left_rear,131,1772699923313268000,data\camera\left_rear_camera\1772699923313268000.jpg,-1,1,car,0.444925,785.0,634.0,880.0,672.0,785.0,634.0,880.0,672.0,unassigned,2,VEHICLE_CAR,preprocessed/masks/left_rear_camera/masks/frame_000131_gt2d_002_track_-1_VEHICLE_CAR.png,0.8571842312812805
left_rear,131,1772699923313268000,data\camera\left_rear_camera\1772699923313268000.jpg,-1,4,truck,0.330756,269.0,592.0,345.0,652.0,269.0,592.0,345.0,652.0,unassigned,3,VEHICLE_TRAILER,preprocessed/masks/left_rear_camera/masks/frame_000131_gt2d_003_track_-1_VEHICLE_TRAILER.png,0.896068811416626
left_rear,131,1772699923313268000,data\camera\left_rear_camera\1772699923313268000.jpg,4000009,4,truck,0.527429,268.0,591.0,426.0,659.0,264.74627685546875,590.4132080078125,418.2930603027344,658.2794799804688,matched,1,VEHICLE_TRAILER,preprocessed/masks/left_rear_camera/masks/frame_000131_gt2d_001_track_-1_VEHICLE_TRAILER.png,0.67452073097229
left_rear,131,1772699923313268000,data\camera\left_rear_camera\1772699923313268000.jpg,4000010,4,truck,0.611468,157.0,597.0,250.0,655.0,148.29576110839844,596.524169921875,245.6688690185547,653.9876098632812,matched,0,VEHICLE_TRUCK,preprocessed/masks/left_rear_camera/masks/frame_000131_gt2d_000_track_-1_VEHICLE_TRUCK.png,0.8932578563690186
left_rear,132,1772699923413276000,data\camera\left_rear_camera\1772699923413276000.jpg,-1,2,motorcycle,0.374671,608.0,621.0,729.0,669.0,608.0,621.0,729.0,669.0,unassigned,2,VEHICLE_TRIKE,preprocessed/masks/left_rear_camera/masks/frame_000132_gt2d_002_track_-1_VEHICLE_TRIKE.png,0.8687410354614258
left_rear,132,1772699923413276000,data\camera\left_rear_camera\1772699923413276000.jpg,-1,4,truck,0.35575,273.0,594.0,340.0,652.0,273.0,594.0,340.0,652.0,unassigned,3,VEHICLE_TRAILER,preprocessed/masks/left_rear_camera/masks/frame_000132_gt2d_003_track_-1_VEHICLE_TRAILER.png,0.8915800452232361
left_rear,132,1772699923413276000,data\camera\left_rear_camera\1772699923413276000.jpg,4000009,4,truck,0.41343,272.0,593.0,422.0,661.0,262.6684265136719,592.5415649414062,414.95501708984375,660.5184326171875,matched,1,VEHICLE_TRAILER,preprocessed/masks/left_rear_camera/masks/frame_000132_gt2d_001_track_-1_VEHICLE_TRAILER.png,0.6299384236335754
left_rear,132,1772699923413276000,data\camera\left_rear_camera\1772699923413276000.jpg,4000010,4,truck,0.596884,152.0,598.0,248.0,655.0,145.82052612304688,597.9533081054688,242.56402587890625,655.0891723632812,matched,0,VEHICLE_TRUCK,preprocessed/masks/left_rear_camera/masks/frame_000132_gt2d_000_track_-1_VEHICLE_TRUCK.png,0.9009878039360046
left_rear,133,1772699923513283000,data\camera\left_rear_camera\1772699923513283000.jpg,-1,4,truck,0.338611,268.0,594.0,338.0,653.0,268.0,594.0,338.0,653.0,unassigned,2,VEHICLE_TRAILER,preprocessed/masks/left_rear_camera/masks/frame_000133_gt2d_002_track_-1_VEHICLE_TRAILER.png,0.8827334046363831
left_rear,133,1772699923513283000,data\camera\left_rear_camera\1772699923513283000.jpg,4000009,4,truck,0.559011,268.0,594.0,413.0,660.0,261.4288330078125,593.7737426757812,409.727294921875,660.4564208984375,matched,0,VEHICLE_TRAILER,preprocessed/masks/left_rear_camera/masks/frame_000133_gt2d_000_track_-1_VEHICLE_TRAILER.png,0.7355384230613708
left_rear,133,1772699923513283000,data\camera\left_rear_camera\1772699923513283000.jpg,4000010,4,truck,0.460031,138.0,599.0,250.0,655.0,137.20111083984375,598.9368286132812,244.20225524902344,655.2893676757812,matched,1,VEHICLE_TRUCK,preprocessed/masks/left_rear_camera/masks/frame_000133_gt2d_001_track_-1_VEHICLE_TRUCK.png,0.9000357389450073
left_rear,134,1772699923613291000,data\camera\left_rear_camera\1772699923613291000.jpg,-1,1,car,0.391808,557.0,632.0,634.0,662.0,557.0,632.0,634.0,662.0,unassigned,2,VEHICLE_SUV,preprocessed/masks/left_rear_camera/masks/frame_000134_gt2d_002_track_-1_VEHICLE_SUV.png,0.8692116737365723
left_rear,134,1772699923613291000,data\camera\left_rear_camera\1772699923613291000.jpg,-1,1,car,0.337786,670.0,633.0,770.0,671.0,670.0,633.0,770.0,671.0,unassigned,4,VEHICLE_SUV,preprocessed/masks/left_rear_camera/masks/frame_000134_gt2d_004_track_-1_VEHICLE_SUV.png,0.7855771780014038
left_rear,134,1772699923613291000,data\camera\left_rear_camera\1772699923613291000.jpg,-1,4,truck,0.313622,1833.0,27.0,1919.0,832.0,1833.0,27.0,1919.0,832.0,unassigned,5,VEHICLE_TRUCK,preprocessed/masks/left_rear_camera/masks/frame_000134_gt2d_005_track_-1_VEHICLE_TRUCK.png,0.9053853154182434
left_rear,134,1772699923613291000,data\camera\left_rear_camera\1772699923613291000.jpg,4000009,4,truck,0.688111,263.0,594.0,404.0,660.0,261.4275207519531,594.113037109375,405.4088134765625,660.3074340820312,matched,0,VEHICLE_TRAILER,preprocessed/masks/left_rear_camera/masks/frame_000134_gt2d_000_track_-1_VEHICLE_TRAILER.png,0.7453600168228149
left_rear,134,1772699923613291000,data\camera\left_rear_camera\1772699923613291000.jpg,4000010,4,truck,0.372407,156.0,600.0,250.0,654.0,148.83680725097656,599.8468017578125,248.2422332763672,654.57958984375,matched,3,VEHICLE_TRUCK,preprocessed/masks/left_rear_camera/masks/frame_000134_gt2d_003_track_-1_VEHICLE_TRUCK.png,0.8535926342010498
left_rear,134,1772699923613291000,data\camera\left_rear_camera\1772699923613291000.jpg,4000012,4,truck,0.526157,1833.0,292.0,1919.0,775.0,1833.0,292.0,1919.0,775.0,tentative,1,VEHICLE_TRUCK,preprocessed/masks/left_rear_camera/masks/frame_000134_gt2d_001_track_-1_VEHICLE_TRUCK.png,0.9527182579040527
left_rear,135,1772699923713268000,data\camera\left_rear_camera\1772699923713268000.jpg,-1,1,car,0.342365,638.0,633.0,736.0,671.0,638.0,633.0,736.0,671.0,unassigned,3,VEHICLE_SUV,preprocessed/masks/left_rear_camera/masks/frame_000135_gt2d_003_track_-1_VEHICLE_SUV.png,0.8042007684707642
left_rear,135,1772699923713268000,data\camera\left_rear_camera\1772699923713268000.jpg,-1,1,car,0.307657,535.0,617.0,613.0,662.0,535.0,617.0,613.0,662.0,unassigned,4,VEHICLE_SUV,preprocessed/masks/left_rear_camera/masks/frame_000135_gt2d_004_track_-1_VEHICLE_SUV.png,0.8989180326461792
left_rear,135,1772699923713268000,data\camera\left_rear_camera\1772699923713268000.jpg,4000009,4,truck,0.712955,259.0,595.0,394.0,657.0,257.4494323730469,594.6221923828125,395.7149963378906,657.9702758789062,matched,0,VEHICLE_TRAILER,preprocessed/masks/left_rear_camera/masks/frame_000135_gt2d_000_track_-1_VEHICLE_TRAILER.png,0.7890207767486572
left_rear,135,1772699923713268000,data\camera\left_rear_camera\1772699923713268000.jpg,4000010,4,truck,0.488191,162.0,599.0,247.0,652.0,156.3208770751953,599.230224609375,246.3961181640625,652.6935424804688,matched,2,VEHICLE_TRUCK,preprocessed/masks/left_rear_camera/masks/frame_000135_gt2d_002_track_-1_VEHICLE_TRUCK.png,0.860614538192749
left_rear,135,1772699923713268000,data\camera\left_rear_camera\1772699923713268000.jpg,4000013,4,truck,0.66243,1620.0,225.0,1919.0,757.0,1620.0,225.0,1919.0,757.0,tentative,1,VEHICLE_TRUCK,preprocessed/masks/left_rear_camera/masks/frame_000135_gt2d_001_track_-1_VEHICLE_TRUCK.png,0.9433116912841797
left_rear,136,1772699923813275000,data\camera\left_rear_camera\1772699923813275000.jpg,-1,4,truck,0.359971,256.0,595.0,328.0,654.0,256.0,595.0,328.0,654.0,unassigned,3,VEHICLE_TRAILER,preprocessed/masks/left_rear_camera/masks/frame_000136_gt2d_003_track_-1_VEHICLE_TRAILER.png,0.9007196426391602
left_rear,136,1772699923813275000,data\camera\left_rear_camera\1772699923813275000.jpg,-1,1,car,0.341308,511.0,627.0,585.0,661.0,511.0,627.0,585.0,661.0,unassigned,4,VEHICLE_SUV,preprocessed/masks/left_rear_camera/masks/frame_000136_gt2d_004_track_-1_VEHICLE_SUV.png,0.8774896860122681
left_rear,136,1772699923813275000,data\camera\left_rear_camera\1772699923813275000.jpg,4000009,4,truck,0.640494,256.0,596.0,392.0,658.0,251.72105407714844,596.024169921875,388.4954528808594,658.3090209960938,matched,0,VEHICLE_TRAILER,preprocessed/masks/left_rear_camera/masks/frame_000136_gt2d_000_track_-1_VEHICLE_TRAILER.png,0.7430802583694458
left_rear,136,1772699923813275000,data\camera\left_rear_camera\1772699923813275000.jpg,4000010,4,truck,0.435855,161.0,601.0,247.0,655.0,156.15745544433594,600.8812255859375,243.37588500976562,654.5613403320312,matched,2,VEHICLE_TRUCK,preprocessed/masks/left_rear_camera/masks/frame_000136_gt2d_002_track_-1_VEHICLE_TRUCK.png,0.8762799501419067
left_rear,136,1772699923813275000,data\camera\left_rear_camera\1772699923813275000.jpg,4000013,4,truck,0.525024,1455.0,298.0,1919.0,742.0,1482.8333740234375,283.82659912109375,1913.8333740234375,745.4265747070312,matched,1,VEHICLE_TRAILER,preprocessed/masks/left_rear_camera/masks/frame_000136_gt2d_001_track_-1_VEHICLE_TRAILER.png,0.9118052124977112
left_rear,137,1772699923913282000,data\camera\left_rear_camera\1772699923913282000.jpg,-1,1,car,0.399185,486.0,620.0,567.0,663.0,486.0,620.0,567.0,663.0,unassigned,2,VEHICLE_SUV,preprocessed/masks/left_rear_camera/masks/frame_000137_gt2d_002_track_-1_VEHICLE_SUV.png,0.8969115018844604
left_rear,137,1772699923913282000,data\camera\left_rear_camera\1772699923913282000.jpg,-1,4,truck,0.313327,1311.0,340.0,1917.0,747.0,1311.0,340.0,1917.0,747.0,unassigned,4,VEHICLE_TRUCK,preprocessed/masks/left_rear_camera/masks/frame_000137_gt2d_004_track_-1_VEHICLE_TRUCK.png,0.9314792156219482
left_rear,137,1772699923913282000,data\camera\left_rear_camera\1772699923913282000.jpg,4000009,4,truck,0.600464,253.0,597.0,390.0,660.0,249.78347778320312,596.8958129882812,386.68402099609375,659.4864501953125,matched,1,VEHICLE_TRAILER,preprocessed/masks/left_rear_camera/masks/frame_000137_gt2d_001_track_-1_VEHICLE_TRAILER.png,0.7794492840766907
left_rear,137,1772699923913282000,data\camera\left_rear_camera\1772699923913282000.jpg,4000010,4,truck,0.362908,142.0,602.0,239.0,654.0,145.15542602539062,601.842041015625,238.81878662109375,654.2839965820312,matched,3,VEHICLE_TRUCK,preprocessed/masks/left_rear_camera/masks/frame_000137_gt2d_003_track_-1_VEHICLE_TRUCK.png,0.9009038805961609
left_rear,137,1772699923913282000,data\camera\left_rear_camera\1772699923913282000.jpg,4000013,4,truck,0.688427,1313.0,66.0,1918.0,764.0,1360.5064697265625,108.65595245361328,1910.0394287109375,760.6465454101562,matched,0,VEHICLE_TRUCK,preprocessed/masks/left_rear_camera/masks/frame_000137_gt2d_000_track_-1_VEHICLE_TRUCK.png,0.9019719362258911
left_rear,138,1772699924013276000,data\camera\left_rear_camera\1772699924013276000.jpg,-1,1,car,0.308177,467.0,625.0,545.0,662.0,467.0,625.0,545.0,662.0,unassigned,3,VEHICLE_CAR,preprocessed/masks/left_rear_camera/masks/frame_000138_gt2d_003_track_-1_VEHICLE_CAR.png,0.8777260780334473
left_rear,138,1772699924013276000,data\camera\left_rear_camera\1772699924013276000.jpg,4000009,4,truck,0.386846,251.0,598.0,343.0,656.0,248.38766479492188,597.6646728515625,355.3006286621094,657.04638671875,matched,1,VEHICLE_TRAILER,preprocessed/masks/left_rear_camera/masks/frame_000138_gt2d_001_track_-1_VEHICLE_TRAILER.png,0.887130081653595
left_rear,138,1772699924013276000,data\camera\left_rear_camera\1772699924013276000.jpg,4000010,4,truck,0.365105,155.0,604.0,244.0,654.0,150.0792694091797,603.3220825195312,240.83200073242188,653.9727783203125,matched,2,VEHICLE_TRUCK,preprocessed/masks/left_rear_camera/masks/frame_000138_gt2d_002_track_-1_VEHICLE_TRUCK.png,0.9081214666366577
left_rear,138,1772699924013276000,data\camera\left_rear_camera\1772699924013276000.jpg,4000013,4,truck,0.74518,1193.0,82.0,1919.0,763.0,1233.1072998046875,60.583030700683594,1910.8553466796875,764.8787231445312,matched,0,VEHICLE_TRUCK,preprocessed/masks/left_rear_camera/masks/frame_000138_gt2d_000_track_-1_VEHICLE_TRUCK.png,0.8656119108200073
left_rear,139,1772699924113192000,data\camera\left_rear_camera\1772699924113192000.jpg,4000009,4,truck,0.480534,249.0,598.0,320.0,654.0,249.86521911621094,598.3026123046875,329.25848388671875,655.1327514648438,matched,1,VEHICLE_TRUCK,preprocessed/masks/left_rear_camera/masks/frame_000139_gt2d_001_track_-1_VEHICLE_TRUCK.png,0.8990631699562073
left_rear,139,1772699924113192000,data\camera\left_rear_camera\1772699924113192000.jpg,4000010,4,truck,0.322218,140.0,605.0,241.0,654.0,145.5939178466797,604.8995971679688,243.17848205566406,654.2329711914062,matched,2,VEHICLE_TRUCK,preprocessed/masks/left_rear_camera/masks/frame_000139_gt2d_002_track_-1_VEHICLE_TRUCK.png,0.902148962020874
left_rear,139,1772699924113192000,data\camera\left_rear_camera\1772699924113192000.jpg,4000013,4,truck,0.738112,1089.0,96.0,1919.0,752.0,1119.98876953125,61.11928176879883,1915.765380859375,758.5917358398438,matched,0,VEHICLE_TRUCK,preprocessed/masks/left_rear_camera/masks/frame_000139_gt2d_000_track_-1_VEHICLE_TRUCK.png,0.9423820376396179
left_rear,140,1772699924213169000,data\camera\left_rear_camera\1772699924213169000.jpg,-1,1,car,0.325358,433.0,622.0,512.0,660.0,433.0,622.0,512.0,660.0,unassigned,3,VEHICLE_SUV,preprocessed/masks/left_rear_camera/masks/frame_000140_gt2d_003_track_-1_VEHICLE_SUV.png,0.8507696390151978
left_rear,140,1772699924213169000,data\camera\left_rear_camera\1772699924213169000.jpg,4000009,4,truck,0.403968,247.0,597.0,329.0,655.0,247.03677368164062,597.5498046875,326.9110412597656,654.86474609375,matched,2,VEHICLE_TRAILER,preprocessed/masks/left_rear_camera/masks/frame_000140_gt2d_002_track_-1_VEHICLE_TRAILER.png,0.8826637268066406
left_rear,140,1772699924213169000,data\camera\left_rear_camera\1772699924213169000.jpg,4000010,4,truck,0.504678,159.0,605.0,244.0,653.0,153.95565795898438,605.1704711914062,243.69961547851562,653.3734130859375,matched,1,VEHICLE_TRUCK,preprocessed/masks/left_rear_camera/masks/frame_000140_gt2d_001_track_-1_VEHICLE_TRUCK.png,0.9053184986114502
left_rear,140,1772699924213169000,data\camera\left_rear_camera\1772699924213169000.jpg,4000013,4,truck,0.722844,1002.0,82.0,1919.0,745.0,1017.8455200195312,58.023616790771484,1915.4959716796875,750.3279418945312,matched,0,VEHICLE_TRUCK,preprocessed/masks/left_rear_camera/masks/frame_000140_gt2d_000_track_-1_VEHICLE_TRUCK.png,0.9241855144500732
left_rear,141,1772699924313177000,data\camera\left_rear_camera\1772699924313177000.jpg,-1,4,truck,0.356181,246.0,597.0,387.0,660.0,246.0,597.0,387.0,660.0,unassigned,3,VEHICLE_TRAILER,preprocessed/masks/left_rear_camera/masks/frame_000141_gt2d_003_track_-1_VEHICLE_TRAILER.png,0.6923848390579224
left_rear,141,1772699924313177000,data\camera\left_rear_camera\1772699924313177000.jpg,4000009,4,truck,0.419272,246.0,598.0,319.0,655.0,248.54150390625,598.0150146484375,321.83612060546875,654.854248046875,matched,1,VEHICLE_TRUCK,preprocessed/masks/left_rear_camera/masks/frame_000141_gt2d_001_track_-1_VEHICLE_TRUCK.png,0.8927479982376099
left_rear,141,1772699924313177000,data\camera\left_rear_camera\1772699924313177000.jpg,4000010,4,truck,0.402122,160.0,603.0,246.0,653.0,161.60557556152344,603.9581298828125,248.7603759765625,653.133056640625,matched,2,VEHICLE_TRUCK,preprocessed/masks/left_rear_camera/masks/frame_000141_gt2d_002_track_-1_VEHICLE_TRUCK.png,0.9057046175003052
left_rear,141,1772699924313177000,data\camera\left_rear_camera\1772699924313177000.jpg,4000013,4,truck,0.780382,924.0,88.0,1918.0,755.0,933.5265502929688,63.9097785949707,1919.2926025390625,753.924072265625,matched,0,VEHICLE_TRUCK,preprocessed/masks/left_rear_camera/masks/frame_000141_gt2d_000_track_-1_VEHICLE_TRUCK.png,0.9550705552101135
left_rear,142,1772699924413184000,data\camera\left_rear_camera\1772699924413184000.jpg,4000009,4,truck,0.420796,247.0,596.0,319.0,653.0,248.54554748535156,596.6636352539062,319.32147216796875,653.361572265625,matched,1,VEHICLE_TRUCK,preprocessed/masks/left_rear_camera/masks/frame_000142_gt2d_001_track_-1_VEHICLE_TRUCK.png,0.8961325883865356
left_rear,142,1772699924413184000,data\camera\left_rear_camera\1772699924413184000.jpg,4000013,4,truck,0.782427,860.0,137.0,1919.0,749.0,860.0361328125,100.94961547851562,1920.3856201171875,751.0255737304688,matched,0,VEHICLE_TRUCK,preprocessed/masks/left_rear_camera/masks/frame_000142_gt2d_000_track_-1_VEHICLE_TRUCK.png,0.9623400568962097
left_rear,143,1772699924513192000,data\camera\left_rear_camera\1772699924513192000.jpg,-1,4,truck,0.33346,148.0,601.0,246.0,651.0,148.0,601.0,246.0,651.0,unassigned,2,VEHICLE_TRUCK,preprocessed/masks/left_rear_camera/masks/frame_000143_gt2d_002_track_-1_VEHICLE_TRUCK.png,0.8886147141456604
left_rear,143,1772699924513192000,data\camera\left_rear_camera\1772699924513192000.jpg,-1,4,truck,0.316569,246.0,594.0,391.0,656.0,246.0,594.0,391.0,656.0,unassigned,3,VEHICLE_TRAILER,preprocessed/masks/left_rear_camera/masks/frame_000143_gt2d_003_track_-1_VEHICLE_TRAILER.png,0.7171012163162231
left_rear,143,1772699924513192000,data\camera\left_rear_camera\1772699924513192000.jpg,-1,1,car,0.305724,390.0,618.0,461.0,652.0,390.0,618.0,461.0,652.0,unassigned,4,VEHICLE_CAR,preprocessed/masks/left_rear_camera/masks/frame_000143_gt2d_004_track_-1_VEHICLE_CAR.png,0.882575511932373
left_rear,143,1772699924513192000,data\camera\left_rear_camera\1772699924513192000.jpg,4000009,4,truck,0.400235,246.0,595.0,317.0,651.0,246.5788116455078,595.0756225585938,316.0609436035156,651.0801391601562,matched,1,VEHICLE_TRAILER,preprocessed/masks/left_rear_camera/masks/frame_000143_gt2d_001_track_-1_VEHICLE_TRAILER.png,0.888549268245697
left_rear,143,1772699924513192000,data\camera\left_rear_camera\1772699924513192000.jpg,4000013,4,truck,0.741103,805.0,108.0,1919.0,758.0,796.2764892578125,97.46541595458984,1919.202880859375,755.5753784179688,matched,0,VEHICLE_TRUCK,preprocessed/masks/left_rear_camera/masks/frame_000143_gt2d_000_track_-1_VEHICLE_TRUCK.png,0.9667530059814453
left_rear,144,1772699924613168000,data\camera\left_rear_camera\1772699924613168000.jpg,-1,4,truck,0.360209,243.0,592.0,377.0,654.0,243.0,592.0,377.0,654.0,unassigned,2,VEHICLE_TRUCK,preprocessed/masks/left_rear_camera/masks/frame_000144_gt2d_002_track_-1_VEHICLE_TRUCK.png,0.7284274101257324
left_rear,144,1772699924613168000,data\camera\left_rear_camera\1772699924613168000.jpg,-1,1,car,0.352667,371.0,616.0,444.0,650.0,371.0,616.0,444.0,650.0,unassigned,3,VEHICLE_SUV,preprocessed/masks/left_rear_camera/masks/frame_000144_gt2d_003_track_-1_VEHICLE_SUV.png,0.8556152582168579
left_rear,144,1772699924613168000,data\camera\left_rear_camera\1772699924613168000.jpg,-1,4,truck,0.306889,161.0,598.0,240.0,647.0,161.0,598.0,240.0,647.0,unassigned,4,VEHICLE_TRUCK,preprocessed/masks/left_rear_camera/masks/frame_000144_gt2d_004_track_-1_VEHICLE_TRUCK.png,0.8563058972358704
left_rear,144,1772699924613168000,data\camera\left_rear_camera\1772699924613168000.jpg,4000009,4,truck,0.427129,244.0,593.0,318.0,649.0,246.37518310546875,593.1507568359375,317.7728271484375,648.9273681640625,matched,1,VEHICLE_TRUCK,preprocessed/masks/left_rear_camera/masks/frame_000144_gt2d_001_track_-1_VEHICLE_TRUCK.png,0.8780022859573364
left_rear,144,1772699924613168000,data\camera\left_rear_camera\1772699924613168000.jpg,4000013,4,truck,0.778777,748.0,89.0,1917.0,752.0,739.6060180664062,84.18653869628906,1919.9837646484375,753.1763916015625,matched,0,VEHICLE_TRUCK,preprocessed/masks/left_rear_camera/masks/frame_000144_gt2d_000_track_-1_VEHICLE_TRUCK.png,0.9164485931396484
left_rear,145,1772699924713176000,data\camera\left_rear_camera\1772699924713176000.jpg,-1,1,car,0.489656,363.0,615.0,424.0,648.0,363.0,615.0,424.0,648.0,unassigned,1,VEHICLE_SUV,preprocessed/masks/left_rear_camera/masks/frame_000145_gt2d_001_track_-1_VEHICLE_SUV.png,0.9048172831535339
left_rear,145,1772699924713176000,data\camera\left_rear_camera\1772699924713176000.jpg,-1,4,truck,0.401826,247.0,592.0,374.0,651.0,247.0,592.0,374.0,651.0,unassigned,2,VEHICLE_TRAILER,preprocessed/masks/left_rear_camera/masks/frame_000145_gt2d_002_track_-1_VEHICLE_TRAILER.png,0.702955961227417
left_rear,145,1772699924713176000,data\camera\left_rear_camera\1772699924713176000.jpg,-1,4,truck,0.320969,159.0,597.0,240.0,645.0,159.0,597.0,240.0,645.0,unassigned,4,VEHICLE_TRUCK,preprocessed/masks/left_rear_camera/masks/frame_000145_gt2d_004_track_-1_VEHICLE_TRUCK.png,0.8870277404785156
left_rear,145,1772699924713176000,data\camera\left_rear_camera\1772699924713176000.jpg,4000009,4,truck,0.34182,246.0,593.0,310.0,644.0,246.2903594970703,592.1180419921875,311.54974365234375,644.4886474609375,matched,3,VEHICLE_TRAILER,preprocessed/masks/left_rear_camera/masks/frame_000145_gt2d_003_track_-1_VEHICLE_TRAILER.png,0.894232451915741
left_rear,145,1772699924713176000,data\camera\left_rear_camera\1772699924713176000.jpg,4000013,4,truck,0.822661,705.0,99.0,1919.0,743.0,690.228515625,86.26921844482422,1919.8099365234375,745.928466796875,matched,0,VEHICLE_TRUCK,preprocessed/masks/left_rear_camera/masks/frame_000145_gt2d_000_track_-1_VEHICLE_TRUCK.png,0.9626908898353577
left_rear,146,1772699924813183000,data\camera\left_rear_camera\1772699924813183000.jpg,-1,1,car,0.410102,362.0,616.0,412.0,647.0,362.0,616.0,412.0,647.0,unassigned,1,VEHICLE_CAR,preprocessed/masks/left_rear_camera/masks/frame_000146_gt2d_001_track_-1_VEHICLE_CAR.png,0.9181666374206543
left_rear,146,1772699924813183000,data\camera\left_rear_camera\1772699924813183000.jpg,-1,4,truck,0.381141,246.0,593.0,407.0,655.0,246.0,593.0,407.0,655.0,unassigned,2,VEHICLE_TRAILER,preprocessed/masks/left_rear_camera/masks/frame_000146_gt2d_002_track_-1_VEHICLE_TRAILER.png,0.6309741735458374
left_rear,146,1772699924813183000,data\camera\left_rear_camera\1772699924813183000.jpg,4000009,4,truck,0.336676,247.0,594.0,312.0,646.0,248.1140594482422,593.1424560546875,312.10736083984375,644.9555053710938,matched,3,VEHICLE_TRAILER,preprocessed/masks/left_rear_camera/masks/frame_000146_gt2d_003_track_-1_VEHICLE_TRAILER.png,0.9074078798294067
left_rear,146,1772699924813183000,data\camera\left_rear_camera\1772699924813183000.jpg,4000013,4,truck,0.819196,664.0,112.0,1919.0,739.0,648.4036865234375,97.5065689086914,1921.2855224609375,741.1320190429688,matched,0,VEHICLE_TRUCK,preprocessed/masks/left_rear_camera/masks/frame_000146_gt2d_000_track_-1_VEHICLE_TRUCK.png,0.9647355675697327
left_rear,147,1772699924913191000,data\camera\left_rear_camera\1772699924913191000.jpg,-1,4,truck,0.445146,246.0,598.0,395.0,653.0,246.0,598.0,395.0,653.0,unassigned,1,VEHICLE_TRAILER,preprocessed/masks/left_rear_camera/masks/frame_000147_gt2d_001_track_-1_VEHICLE_TRAILER.png,0.6292228102684021
left_rear,147,1772699924913191000,data\camera\left_rear_camera\1772699924913191000.jpg,4000009,4,truck,0.374828,246.0,599.0,303.0,646.0,242.34217834472656,597.6895751953125,300.42584228515625,645.9520874023438,matched,2,VEHICLE_TRAILER,preprocessed/masks/left_rear_camera/masks/frame_000147_gt2d_002_track_-1_VEHICLE_TRAILER.png,0.9016588926315308
left_rear,147,1772699924913191000,data\camera\left_rear_camera\1772699924913191000.jpg,4000013,4,truck,0.829718,623.0,123.0,1916.0,739.0,600.9514770507812,110.78154754638672,1912.8797607421875,740.1383666992188,matched,0,VEHICLE_TRUCK,preprocessed/masks/left_rear_camera/masks/frame_000147_gt2d_000_track_-1_VEHICLE_TRUCK.png,0.9686959981918335
left_rear,148,1772699925013154000,data\camera\left_rear_camera\1772699925013154000.jpg,-1,1,car,0.333143,398.0,627.0,465.0,653.0,398.0,627.0,465.0,653.0,unassigned,2,VEHICLE_CAR,preprocessed/masks/left_rear_camera/masks/frame_000148_gt2d_002_track_-1_VEHICLE_CAR.png,0.8171921968460083
left_rear,148,1772699925013154000,data\camera\left_rear_camera\1772699925013154000.jpg,-1,4,truck,0.328832,244.0,599.0,377.0,654.0,244.0,599.0,377.0,654.0,unassigned,3,VEHICLE_TRAILER,preprocessed/masks/left_rear_camera/masks/frame_000148_gt2d_003_track_-1_VEHICLE_TRAILER.png,0.7191429138183594
left_rear,148,1772699925013154000,data\camera\left_rear_camera\1772699925013154000.jpg,4000009,4,truck,0.389091,245.0,601.0,295.0,646.0,241.98178100585938,600.7852783203125,293.19085693359375,646.4050903320312,matched,1,VEHICLE_TRAILER,preprocessed/masks/left_rear_camera/masks/frame_000148_gt2d_001_track_-1_VEHICLE_TRAILER.png,0.899005651473999
left_rear,148,1772699925013154000,data\camera\left_rear_camera\1772699925013154000.jpg,4000013,4,truck,0.812629,588.0,121.0,1917.0,726.0,564.30615234375,115.05853271484375,1912.3507080078125,731.1499633789062,matched,0,VEHICLE_TRUCK,preprocessed/masks/left_rear_camera/masks/frame_000148_gt2d_000_track_-1_VEHICLE_TRUCK.png,0.9694452285766602
left_rear,149,1772699925113284000,data\camera\left_rear_camera\1772699925113284000.jpg,-1,1,car,0.318441,328.0,622.0,382.0,651.0,328.0,622.0,382.0,651.0,unassigned,2,VEHICLE_SUV,preprocessed/masks/left_rear_camera/masks/frame_000149_gt2d_002_track_-1_VEHICLE_SUV.png,0.847790539264679
left_rear,149,1772699925113284000,data\camera\left_rear_camera\1772699925113284000.jpg,-1,4,truck,0.302083,240.0,600.0,374.0,654.0,240.0,600.0,374.0,654.0,unassigned,3,VEHICLE_TRAILER,preprocessed/masks/left_rear_camera/masks/frame_000149_gt2d_003_track_-1_VEHICLE_TRAILER.png,0.824777364730835
left_rear,149,1772699925113284000,data\camera\left_rear_camera\1772699925113284000.jpg,4000009,4,truck,0.387324,240.0,602.0,295.0,648.0,238.70846557617188,601.1055908203125,291.5818176269531,646.5509033203125,matched,1,VEHICLE_TRUCK,preprocessed/masks/left_rear_camera/masks/frame_000149_gt2d_001_track_-1_VEHICLE_TRUCK.png,0.8618088960647583
left_rear,149,1772699925113284000,data\camera\left_rear_camera\1772699925113284000.jpg,4000013,4,truck,0.781841,564.0,111.0,1914.0,730.0,536.8912353515625,108.83853149414062,1910.5155029296875,728.9729614257812,matched,0,VEHICLE_TRUCK,preprocessed/masks/left_rear_camera/masks/frame_000149_gt2d_000_track_-1_VEHICLE_TRUCK.png,0.9585176706314087
left_rear,150,1772699925213261000,data\camera\left_rear_camera\1772699925213261000.jpg,-1,4,truck,0.386111,240.0,599.0,302.0,651.0,240.0,599.0,302.0,651.0,unassigned,1,VEHICLE_TRUCK,preprocessed/masks/left_rear_camera/masks/frame_000150_gt2d_001_track_-1_VEHICLE_TRUCK.png,0.9066005945205688
left_rear,150,1772699925213261000,data\camera\left_rear_camera\1772699925213261000.jpg,-1,4,truck,0.385415,240.0,597.0,364.0,656.0,240.0,597.0,364.0,656.0,unassigned,2,VEHICLE_TRUCK,preprocessed/masks/left_rear_camera/masks/frame_000150_gt2d_002_track_-1_VEHICLE_TRUCK.png,0.8334083557128906
left_rear,150,1772699925213261000,data\camera\left_rear_camera\1772699925213261000.jpg,-1,4,truck,0.311906,1610.0,307.0,1919.0,727.0,1610.0,307.0,1919.0,727.0,unassigned,3,VEHICLE_TRUCK,preprocessed/masks/left_rear_camera/masks/frame_000150_gt2d_003_track_-1_VEHICLE_TRUCK.png,0.9219493269920349
left_rear,150,1772699925213261000,data\camera\left_rear_camera\1772699925213261000.jpg,4000013,4,truck,0.77483,524.0,172.0,1877.0,719.0,497.58575439453125,148.76210021972656,1881.123046875,722.372802734375,matched,0,VEHICLE_TRUCK,preprocessed/masks/left_rear_camera/masks/frame_000150_gt2d_000_track_-1_VEHICLE_TRUCK.png,0.964945912361145
left_rear,151,1772699925313268000,data\camera\left_rear_camera\1772699925313268000.jpg,-1,4,truck,0.462553,1525.0,323.0,1918.0,714.0,1525.0,323.0,1918.0,714.0,unassigned,1,VEHICLE_TRUCK,preprocessed/masks/left_rear_camera/masks/frame_000151_gt2d_001_track_-1_VEHICLE_TRUCK.png,0.9489756226539612
left_rear,151,1772699925313268000,data\camera\left_rear_camera\1772699925313268000.jpg,-1,4,truck,0.415204,240.0,596.0,301.0,647.0,240.0,596.0,301.0,647.0,unassigned,2,VEHICLE_TRUCK,preprocessed/masks/left_rear_camera/masks/frame_000151_gt2d_002_track_-1_VEHICLE_TRUCK.png,0.9135186672210693
left_rear,151,1772699925313268000,data\camera\left_rear_camera\1772699925313268000.jpg,-1,4,truck,0.355146,240.0,596.0,330.0,650.0,240.0,596.0,330.0,650.0,unassigned,3,VEHICLE_TRUCK,preprocessed/masks/left_rear_camera/masks/frame_000151_gt2d_003_track_-1_VEHICLE_TRUCK.png,0.8725082874298096
left_rear,151,1772699925313268000,data\camera\left_rear_camera\1772699925313268000.jpg,-1,4,truck,0.338796,165.0,601.0,239.0,648.0,165.0,601.0,239.0,648.0,unassigned,4,VEHICLE_TRUCK_SMALL,preprocessed/masks/left_rear_camera/masks/frame_000151_gt2d_004_track_-1_VEHICLE_TRUCK_SMALL.png,0.8945338129997253
left_rear,151,1772699925313268000,data\camera\left_rear_camera\1772699925313268000.jpg,4000013,4,truck,0.589457,507.0,226.0,1707.0,708.0,483.03179931640625,200.6874237060547,1770.830078125,711.3310546875,matched,0,VEHICLE_TRUCK,preprocessed/masks/left_rear_camera/masks/frame_000151_gt2d_000_track_-1_VEHICLE_TRUCK.png,0.9514315724372864
left_rear,152,1772699925413276000,data\camera\left_rear_camera\1772699925413276000.jpg,4000009,4,truck,0.466541,240.0,597.0,298.0,644.0,237.6303253173828,597.7692260742188,294.5673828125,644.3792724609375,matched,2,VEHICLE_TRUCK,preprocessed/masks/left_rear_camera/masks/frame_000152_gt2d_002_track_-1_VEHICLE_TRUCK.png,0.9068619012832642
left_rear,152,1772699925413276000,data\camera\left_rear_camera\1772699925413276000.jpg,4000013,4,truck,0.676578,478.0,263.0,1513.0,706.0,462.0916748046875,246.0579833984375,1598.6259765625,706.41552734375,matched,0,VEHICLE_TRUCK,preprocessed/masks/left_rear_camera/masks/frame_000152_gt2d_000_track_-1_VEHICLE_TRUCK.png,0.9629259705543518
left_rear,152,1772699925413276000,data\camera\left_rear_camera\1772699925413276000.jpg,4000014,4,truck,0.604243,1451.0,325.0,1919.0,717.0,1451.0,325.0,1919.0,717.0,tentative,1,VEHICLE_TRUCK,preprocessed/masks/left_rear_camera/masks/frame_000152_gt2d_001_track_-1_VEHICLE_TRUCK.png,0.9577379822731018
left_rear,153,1772699925513283000,data\camera\left_rear_camera\1772699925513283000.jpg,-1,4,truck,0.372549,463.0,288.0,1919.0,711.0,463.0,288.0,1919.0,711.0,unassigned,3,VEHICLE_TRUCK,preprocessed/masks/left_rear_camera/masks/frame_000153_gt2d_003_track_-1_VEHICLE_TRUCK.png,0.9365967512130737
left_rear,153,1772699925513283000,data\camera\left_rear_camera\1772699925513283000.jpg,-1,4,truck,0.326859,164.0,604.0,234.0,650.0,164.0,604.0,234.0,650.0,unassigned,4,VEHICLE_TRUCK,preprocessed/masks/left_rear_camera/masks/frame_000153_gt2d_004_track_-1_VEHICLE_TRUCK.png,0.9020435214042664
left_rear,153,1772699925513283000,data\camera\left_rear_camera\1772699925513283000.jpg,4000009,4,truck,0.451488,240.0,603.0,297.0,647.0,240.70672607421875,601.3146362304688,298.025146484375,646.2542724609375,matched,2,VEHICLE_TRUCK,preprocessed/masks/left_rear_camera/masks/frame_000153_gt2d_002_track_-1_VEHICLE_TRUCK.png,0.9020582437515259
left_rear,153,1772699925513283000,data\camera\left_rear_camera\1772699925513283000.jpg,4000013,4,truck,0.736563,462.0,293.0,1375.0,700.0,446.48095703125,282.8456115722656,1438.47314453125,700.8998413085938,matched,0,VEHICLE_TRUCK,preprocessed/masks/left_rear_camera/masks/frame_000153_gt2d_000_track_-1_VEHICLE_TRUCK.png,0.963468074798584
left_rear,153,1772699925513283000,data\camera\left_rear_camera\1772699925513283000.jpg,4000014,4,truck,0.643659,1355.0,330.0,1919.0,717.0,1372.486572265625,329.2257080078125,1917.2864990234375,717.2257080078125,matched,1,VEHICLE_TRUCK,preprocessed/masks/left_rear_camera/masks/frame_000153_gt2d_001_track_-1_VEHICLE_TRUCK.png,0.958188533782959
left_rear,154,1772699925613291000,data\camera\left_rear_camera\1772699925613291000.jpg,-1,4,truck,0.346443,446.0,313.0,1859.0,706.0,446.0,313.0,1859.0,706.0,unassigned,3,VEHICLE_TRUCK,preprocessed/masks/left_rear_camera/masks/frame_000154_gt2d_003_track_-1_VEHICLE_TRUCK.png,0.9471083879470825
left_rear,154,1772699925613291000,data\camera\left_rear_camera\1772699925613291000.jpg,-1,1,car,0.326903,337.0,626.0,388.0,648.0,337.0,626.0,388.0,648.0,unassigned,4,VEHICLE_SUV,preprocessed/masks/left_rear_camera/masks/frame_000154_gt2d_004_track_-1_VEHICLE_SUV.png,0.785954475402832
left_rear,154,1772699925613291000,data\camera\left_rear_camera\1772699925613291000.jpg,-1,1,car,0.313415,287.0,623.0,331.0,649.0,287.0,623.0,331.0,649.0,unassigned,5,VEHICLE_CAR,preprocessed/masks/left_rear_camera/masks/frame_000154_gt2d_005_track_-1_VEHICLE_CAR.png,0.7618252038955688
left_rear,154,1772699925613291000,data\camera\left_rear_camera\1772699925613291000.jpg,4000009,4,truck,0.51062,237.0,603.0,294.0,648.0,229.742919921875,603.3807983398438,287.168212890625,648.3814086914062,matched,2,VEHICLE_TRUCK,preprocessed/masks/left_rear_camera/masks/frame_000154_gt2d_002_track_-1_VEHICLE_TRUCK.png,0.915381908416748
left_rear,154,1772699925613291000,data\camera\left_rear_camera\1772699925613291000.jpg,4000013,4,truck,0.803912,441.0,315.0,1294.0,694.0,420.4281005859375,311.0244140625,1316.766845703125,695.5903930664062,matched,0,VEHICLE_TRUCK,preprocessed/masks/left_rear_camera/masks/frame_000154_gt2d_000_track_-1_VEHICLE_TRUCK.png,0.9565910696983337
left_rear,154,1772699925613291000,data\camera\left_rear_camera\1772699925613291000.jpg,4000014,4,truck,0.64777,1222.0,330.0,1919.0,709.0,1252.1319580078125,330.62750244140625,1908.473388671875,711.6676635742188,matched,1,VEHICLE_TRUCK,preprocessed/masks/left_rear_camera/masks/frame_000154_gt2d_001_track_-1_VEHICLE_TRUCK.png,0.9665360450744629
left_rear,155,1772699925713268000,data\camera\left_rear_camera\1772699925713268000.jpg,4000009,4,truck,0.407365,239.0,603.0,293.0,648.0,237.1136932373047,603.03369140625,292.57366943359375,648.0546264648438,matched,2,VEHICLE_TRUCK,preprocessed/masks/left_rear_camera/masks/frame_000155_gt2d_002_track_-1_VEHICLE_TRUCK.png,0.9057128429412842
left_rear,155,1772699925713268000,data\camera\left_rear_camera\1772699925713268000.jpg,4000013,4,truck,0.841228,420.0,338.0,1218.0,683.0,408.19561767578125,335.1417541503906,1232.7313232421875,685.1162109375,matched,0,VEHICLE_TRUCK,preprocessed/masks/left_rear_camera/masks/frame_000155_gt2d_000_track_-1_VEHICLE_TRUCK.png,0.9549802541732788
left_rear,155,1772699925713268000,data\camera\left_rear_camera\1772699925713268000.jpg,4000014,4,truck,0.723735,1151.0,319.0,1918.0,720.0,1168.589599609375,321.3752136230469,1915.463623046875,717.421630859375,matched,1,VEHICLE_TRUCK,preprocessed/masks/left_rear_camera/masks/frame_000155_gt2d_001_track_-1_VEHICLE_TRUCK.png,0.9628264904022217
left_rear,156,1772699925813275000,data\camera\left_rear_camera\1772699925813275000.jpg,-1,1,car,0.306355,275.0,623.0,313.0,646.0,275.0,623.0,313.0,646.0,unassigned,3,VEHICLE_SUV,preprocessed/masks/left_rear_camera/masks/frame_000156_gt2d_003_track_-1_VEHICLE_SUV.png,0.8280887603759766
left_rear,156,1772699925813275000,data\camera\left_rear_camera\1772699925813275000.jpg,4000009,4,truck,0.465047,235.0,601.0,292.0,646.0,236.42848205566406,601.1270751953125,293.08831787109375,646.1533203125,matched,2,VEHICLE_TRUCK,preprocessed/masks/left_rear_camera/masks/frame_000156_gt2d_002_track_-1_VEHICLE_TRUCK.png,0.9048241376876831
left_rear,156,1772699925813275000,data\camera\left_rear_camera\1772699925813275000.jpg,4000013,4,truck,0.864292,401.0,357.0,1147.0,680.0,392.0264587402344,355.5887756347656,1155.5697021484375,679.4080200195312,matched,0,VEHICLE_TRUCK,preprocessed/masks/left_rear_camera/masks/frame_000156_gt2d_000_track_-1_VEHICLE_TRUCK.png,0.9537830352783203
left_rear,156,1772699925813275000,data\camera\left_rear_camera\1772699925813275000.jpg,4000014,4,truck,0.777069,1094.0,339.0,1919.0,708.0,1099.1748046875,332.9761962890625,1918.2154541015625,710.1223754882812,matched,1,VEHICLE_TRUCK,preprocessed/masks/left_rear_camera/masks/frame_000156_gt2d_001_track_-1_VEHICLE_TRUCK.png,0.9635064601898193
left_rear,157,1772699925913282000,data\camera\left_rear_camera\1772699925913282000.jpg,4000009,4,truck,0.419971,232.0,601.0,288.0,647.0,235.2053680419922,600.525390625,291.638671875,646.2144165039062,matched,2,VEHICLE_TRAILER,preprocessed/masks/left_rear_camera/masks/frame_000157_gt2d_002_track_-1_VEHICLE_TRAILER.png,0.9068564176559448
left_rear,157,1772699925913282000,data\camera\left_rear_camera\1772699925913282000.jpg,4000013,4,truck,0.818394,386.0,377.0,1080.0,679.0,378.7325744628906,375.93707275390625,1085.4056396484375,677.25341796875,matched,0,VEHICLE_TRUCK,preprocessed/masks/left_rear_camera/masks/frame_000157_gt2d_000_track_-1_VEHICLE_TRUCK.png,0.952133059501648
left_rear,157,1772699925913282000,data\camera\left_rear_camera\1772699925913282000.jpg,4000014,4,truck,0.74521,1049.0,341.0,1918.0,713.0,1046.0992431640625,338.88629150390625,1919.6807861328125,711.4674072265625,matched,1,VEHICLE_TRUCK,preprocessed/masks/left_rear_camera/masks/frame_000157_gt2d_001_track_-1_VEHICLE_TRUCK.png,0.9652486443519592
left_rear,158,1772699926013276000,data\camera\left_rear_camera\1772699926013276000.jpg,-1,4,truck,0.43522,228.0,603.0,283.0,648.0,228.0,603.0,283.0,648.0,unassigned,3,VEHICLE_TRAILER,preprocessed/masks/left_rear_camera/masks/frame_000158_gt2d_003_track_-1_VEHICLE_TRAILER.png,0.9252557754516602
left_rear,158,1772699926013276000,data\camera\left_rear_camera\1772699926013276000.jpg,4000009,4,truck,0.453204,228.0,602.0,349.0,653.0,230.4554901123047,601.1580810546875,329.6266174316406,650.3864135742188,matched,2,VEHICLE_TRAILER,preprocessed/masks/left_rear_camera/masks/frame_000158_gt2d_002_track_-1_VEHICLE_TRAILER.png,0.7456380128860474
left_rear,158,1772699926013276000,data\camera\left_rear_camera\1772699926013276000.jpg,4000013,4,truck,0.841881,370.0,391.0,1028.0,677.0,363.3095703125,391.9183044433594,1026.359375,675.5645751953125,matched,0,VEHICLE_TRUCK,preprocessed/masks/left_rear_camera/masks/frame_000158_gt2d_000_track_-1_VEHICLE_TRUCK.png,0.9504508972167969
left_rear,158,1772699926013276000,data\camera\left_rear_camera\1772699926013276000.jpg,4000014,4,truck,0.768328,947.0,358.0,1902.0,702.0,960.3900756835938,353.08441162109375,1908.2872314453125,704.2831420898438,matched,1,VEHICLE_TRUCK,preprocessed/masks/left_rear_camera/masks/frame_000158_gt2d_001_track_-1_VEHICLE_TRUCK.png,0.9600151777267456
left_rear,159,1772699926113192000,data\camera\left_rear_camera\1772699926113192000.jpg,-1,4,truck,0.332098,227.0,603.0,280.0,646.0,227.0,603.0,280.0,646.0,unassigned,3,VEHICLE_TRUCK,preprocessed/masks/left_rear_camera/masks/frame_000159_gt2d_003_track_-1_VEHICLE_TRUCK.png,0.9222292900085449
left_rear,159,1772699926113192000,data\camera\left_rear_camera\1772699926113192000.jpg,1000011,1,car,0.601246,1734.0,634.0,1919.0,739.0,1734.0,634.0,1919.0,739.0,tentative,2,VEHICLE_CAR,preprocessed/masks/left_rear_camera/masks/frame_000159_gt2d_002_track_-1_VEHICLE_CAR.png,0.8125914335250854
left_rear,159,1772699926113192000,data\camera\left_rear_camera\1772699926113192000.jpg,4000009,4,truck,0.313627,227.0,600.0,338.0,650.0,218.0093994140625,602.0485229492188,325.98004150390625,651.9539184570312,matched,4,VEHICLE_TRAILER,preprocessed/masks/left_rear_camera/masks/frame_000159_gt2d_004_track_-1_VEHICLE_TRAILER.png,0.8201217651367188
left_rear,159,1772699926113192000,data\camera\left_rear_camera\1772699926113192000.jpg,4000013,4,truck,0.85178,349.0,405.0,944.0,674.0,338.3258056640625,407.81744384765625,943.23876953125,674.5731811523438,matched,0,VEHICLE_TRUCK,preprocessed/masks/left_rear_camera/masks/frame_000159_gt2d_000_track_-1_VEHICLE_TRUCK.png,0.9461992383003235
left_rear,159,1772699926113192000,data\camera\left_rear_camera\1772699926113192000.jpg,4000014,4,truck,0.698619,885.0,377.0,1780.0,700.0,880.48388671875,373.0406494140625,1818.577392578125,701.9603881835938,matched,1,VEHICLE_TRUCK,preprocessed/masks/left_rear_camera/masks/frame_000159_gt2d_001_track_-1_VEHICLE_TRUCK.png,0.9481991529464722
left_rear,160,1772699926213169000,data\camera\left_rear_camera\1772699926213169000.jpg,-1,4,truck,0.315232,222.0,605.0,277.0,647.0,222.0,605.0,277.0,647.0,unassigned,3,VEHICLE_TRAILER,preprocessed/masks/left_rear_camera/masks/frame_000160_gt2d_003_track_-1_VEHICLE_TRAILER.png,0.8979498147964478
left_rear,160,1772699926213169000,data\camera\left_rear_camera\1772699926213169000.jpg,1000011,1,car,0.611409,1692.0,635.0,1919.0,738.0,1694.5772705078125,635.460205078125,1913.17724609375,738.8602294921875,matched,2,VEHICLE_CAR,preprocessed/masks/left_rear_camera/masks/frame_000160_gt2d_002_track_-1_VEHICLE_CAR.png,0.8580036163330078
left_rear,160,1772699926213169000,data\camera\left_rear_camera\1772699926213169000.jpg,4000013,4,truck,0.863593,336.0,420.0,859.0,673.0,325.7179260253906,422.2099304199219,860.855712890625,673.0116577148438,matched,0,VEHICLE_TRUCK,preprocessed/masks/left_rear_camera/masks/frame_000160_gt2d_000_track_-1_VEHICLE_TRUCK.png,0.9376841187477112
left_rear,160,1772699926213169000,data\camera\left_rear_camera\1772699926213169000.jpg,4000014,4,truck,0.855501,835.0,400.0,1659.0,694.0,822.9547119140625,395.2398986816406,1706.921142578125,696.21923828125,matched,1,VEHICLE_TRUCK,preprocessed/masks/left_rear_camera/masks/frame_000160_gt2d_001_track_-1_VEHICLE_TRUCK.png,0.9446386098861694
left_rear,161,1772699926313177000,data\camera\left_rear_camera\1772699926313177000.jpg,1000011,1,car,0.724475,1635.0,635.0,1919.0,742.0,1646.53662109375,635.4155883789062,1912.8228759765625,741.6040649414062,matched,2,VEHICLE_CAR,preprocessed/masks/left_rear_camera/masks/frame_000161_gt2d_002_track_-1_VEHICLE_CAR.png,0.8461335897445679
left_rear,161,1772699926313177000,data\camera\left_rear_camera\1772699926313177000.jpg,4000013,4,truck,0.899392,325.0,433.0,805.0,674.0,319.28094482421875,434.78167724609375,802.3253173828125,672.7735595703125,matched,0,VEHICLE_TRUCK,preprocessed/masks/left_rear_camera/masks/frame_000161_gt2d_000_track_-1_VEHICLE_TRUCK.png,0.9483225345611572
left_rear,161,1772699926313177000,data\camera\left_rear_camera\1772699926313177000.jpg,4000014,4,truck,0.879221,796.0,413.0,1539.0,691.0,783.151123046875,410.9900817871094,1588.430908203125,691.5895385742188,matched,1,VEHICLE_TRUCK,preprocessed/masks/left_rear_camera/masks/frame_000161_gt2d_001_track_-1_VEHICLE_TRUCK.png,0.942423939704895
left_rear,162,1772699926413184000,data\camera\left_rear_camera\1772699926413184000.jpg,1000011,1,car,0.801353,1585.0,635.0,1919.0,735.0,1591.46923828125,635.5556030273438,1910.071044921875,737.2874755859375,matched,2,VEHICLE_CAR,preprocessed/masks/left_rear_camera/masks/frame_000162_gt2d_002_track_-1_VEHICLE_CAR.png,0.8970764875411987
left_rear,162,1772699926413184000,data\camera\left_rear_camera\1772699926413184000.jpg,4000013,4,truck,0.897631,310.0,441.0,765.0,674.0,304.3635559082031,444.20880126953125,755.0133056640625,673.2070922851562,matched,0,VEHICLE_TRUCK,preprocessed/masks/left_rear_camera/masks/frame_000162_gt2d_000_track_-1_VEHICLE_TRUCK.png,0.9435263276100159
left_rear,162,1772699926413184000,data\camera\left_rear_camera\1772699926413184000.jpg,4000014,4,truck,0.877035,766.0,429.0,1449.0,687.0,747.8407592773438,427.5306701660156,1479.5714111328125,687.6936645507812,matched,1,VEHICLE_TRUCK,preprocessed/masks/left_rear_camera/masks/frame_000162_gt2d_001_track_-1_VEHICLE_TRUCK.png,0.9389626383781433
left_rear,163,1772699926513192000,data\camera\left_rear_camera\1772699926513192000.jpg,-1,4,truck,0.371443,214.0,605.0,265.0,647.0,214.0,605.0,265.0,647.0,unassigned,3,VEHICLE_TRUCK,preprocessed/masks/left_rear_camera/masks/frame_000163_gt2d_003_track_-1_VEHICLE_TRUCK.png,0.9203993082046509
left_rear,163,1772699926513192000,data\camera\left_rear_camera\1772699926513192000.jpg,1000011,1,car,0.833041,1536.0,634.0,1887.0,734.0,1546.0594482421875,634.1864013671875,1896.097412109375,734.3720703125,matched,2,VEHICLE_CAR,preprocessed/masks/left_rear_camera/masks/frame_000163_gt2d_002_track_-1_VEHICLE_CAR.png,0.8834133148193359
left_rear,163,1772699926513192000,data\camera\left_rear_camera\1772699926513192000.jpg,4000013,4,truck,0.877629,301.0,451.0,732.0,671.0,299.32403564453125,453.1254577636719,724.2921142578125,670.6918334960938,matched,0,VEHICLE_TRUCK,preprocessed/masks/left_rear_camera/masks/frame_000163_gt2d_000_track_-1_VEHICLE_TRUCK.png,0.9443116188049316
left_rear,163,1772699926513192000,data\camera\left_rear_camera\1772699926513192000.jpg,4000014,4,truck,0.875231,734.0,439.0,1367.0,685.0,722.6337280273438,438.9789733886719,1391.3367919921875,684.51513671875,matched,1,VEHICLE_TRUCK,preprocessed/masks/left_rear_camera/masks/frame_000163_gt2d_001_track_-1_VEHICLE_TRUCK.png,0.9410043954849243
left_rear,164,1772699926613168000,data\camera\left_rear_camera\1772699926613168000.jpg,1000011,1,car,0.841536,1486.0,635.0,1823.0,730.0,1495.843017578125,634.5950927734375,1848.3626708984375,730.6710815429688,matched,2,VEHICLE_CAR,preprocessed/masks/left_rear_camera/masks/frame_000164_gt2d_002_track_-1_VEHICLE_CAR.png,0.8827064037322998
left_rear,164,1772699926613168000,data\camera\left_rear_camera\1772699926613168000.jpg,4000013,4,truck,0.877753,295.0,459.0,693.0,671.0,293.327880859375,461.19390869140625,688.0325927734375,670.0812377929688,matched,0,VEHICLE_TRUCK,preprocessed/masks/left_rear_camera/masks/frame_000164_gt2d_000_track_-1_VEHICLE_TRUCK.png,0.9400879144668579
left_rear,164,1772699926613168000,data\camera\left_rear_camera\1772699926613168000.jpg,4000014,4,truck,0.875657,704.0,451.0,1290.0,685.0,694.9248046875,450.8945007324219,1307.4835205078125,683.7523193359375,matched,1,VEHICLE_TRUCK,preprocessed/masks/left_rear_camera/masks/frame_000164_gt2d_001_track_-1_VEHICLE_TRUCK.png,0.9389935731887817
left_rear,165,1772699926713176000,data\camera\left_rear_camera\1772699926713176000.jpg,1000011,1,car,0.844525,1455.0,634.0,1768.0,726.0,1451.0711669921875,634.0928344726562,1786.83154296875,726.6914672851562,matched,2,VEHICLE_CAR,preprocessed/masks/left_rear_camera/masks/frame_000165_gt2d_002_track_-1_VEHICLE_CAR.png,0.9034053683280945
left_rear,165,1772699926713176000,data\camera\left_rear_camera\1772699926713176000.jpg,4000013,4,truck,0.89437,285.0,465.0,658.0,666.0,280.2025146484375,467.609619140625,648.9908447265625,666.4963989257812,matched,0,VEHICLE_TRUCK,preprocessed/masks/left_rear_camera/masks/frame_000165_gt2d_000_track_-1_VEHICLE_TRUCK.png,0.9374775886535645
left_rear,165,1772699926713176000,data\camera\left_rear_camera\1772699926713176000.jpg,4000014,4,truck,0.874658,680.0,459.0,1223.0,682.0,666.08642578125,460.06048583984375,1228.344482421875,681.583984375,matched,1,VEHICLE_TRUCK,preprocessed/masks/left_rear_camera/masks/frame_000165_gt2d_001_track_-1_VEHICLE_TRUCK.png,0.9477351307868958
left_rear,166,1772699926813183000,data\camera\left_rear_camera\1772699926813183000.jpg,1000011,1,car,0.850332,1399.0,633.0,1712.0,725.0,1401.6776123046875,633.42626953125,1728.983154296875,724.95849609375,matched,2,VEHICLE_CAR,preprocessed/masks/left_rear_camera/masks/frame_000166_gt2d_002_track_-1_VEHICLE_CAR.png,0.8906335830688477
left_rear,166,1772699926813183000,data\camera\left_rear_camera\1772699926813183000.jpg,4000013,4,truck,0.909452,271.0,470.0,631.0,666.0,268.9604797363281,472.9204406738281,621.8385009765625,665.6109619140625,matched,0,VEHICLE_TRUCK,preprocessed/masks/left_rear_camera/masks/frame_000166_gt2d_000_track_-1_VEHICLE_TRUCK.png,0.9314161539077759
left_rear,166,1772699926813183000,data\camera\left_rear_camera\1772699926813183000.jpg,4000014,4,truck,0.867515,653.0,465.0,1163.0,679.0,642.4573974609375,467.039306640625,1164.138916015625,679.07470703125,matched,1,VEHICLE_TRUCK,preprocessed/masks/left_rear_camera/masks/frame_000166_gt2d_001_track_-1_VEHICLE_TRUCK.png,0.9470285177230835
left_rear,167,1772699926913191000,data\camera\left_rear_camera\1772699926913191000.jpg,1000011,1,car,0.853238,1363.0,634.0,1661.0,720.0,1361.338134765625,634.035400390625,1674.65673828125,721.08935546875,matched,2,VEHICLE_CAR,preprocessed/masks/left_rear_camera/masks/frame_000167_gt2d_002_track_-1_VEHICLE_CAR.png,0.8883870840072632
left_rear,167,1772699926913191000,data\camera\left_rear_camera\1772699926913191000.jpg,4000013,4,truck,0.905117,256.0,479.0,603.0,666.0,255.5386199951172,480.7026672363281,595.3719482421875,665.5346069335938,matched,0,VEHICLE_TRUCK,preprocessed/masks/left_rear_camera/masks/frame_000167_gt2d_000_track_-1_VEHICLE_TRUCK.png,0.9252650141716003
left_rear,167,1772699926913191000,data\camera\left_rear_camera\1772699926913191000.jpg,4000014,4,truck,0.876299,631.0,475.0,1110.0,677.0,621.6760864257812,476.0826416015625,1108.1142578125,677.0636596679688,matched,1,VEHICLE_TRUCK,preprocessed/masks/left_rear_camera/masks/frame_000167_gt2d_001_track_-1_VEHICLE_TRUCK.png,0.9438604116439819
left_rear,168,1772699927013154000,data\camera\left_rear_camera\1772699927013154000.jpg,1000011,1,car,0.8485,1326.0,635.0,1612.0,718.0,1322.405029296875,634.99462890625,1621.4669189453125,718.4655151367188,matched,2,VEHICLE_CAR,preprocessed/masks/left_rear_camera/masks/frame_000168_gt2d_002_track_-1_VEHICLE_CAR.png,0.9240239858627319
left_rear,168,1772699927013154000,data\camera\left_rear_camera\1772699927013154000.jpg,4000013,4,truck,0.91586,242.0,484.0,577.0,667.0,240.8895721435547,486.41058349609375,569.216064453125,666.3489990234375,matched,0,VEHICLE_TRUCK,preprocessed/masks/left_rear_camera/masks/frame_000168_gt2d_000_track_-1_VEHICLE_TRUCK.png,0.9342780113220215
left_rear,168,1772699927013154000,data\camera\left_rear_camera\1772699927013154000.jpg,4000014,4,truck,0.882175,609.0,483.0,1057.0,676.0,600.369384765625,484.32586669921875,1053.6317138671875,675.8428955078125,matched,1,VEHICLE_TRUCK,preprocessed/masks/left_rear_camera/masks/frame_000168_gt2d_001_track_-1_VEHICLE_TRUCK.png,0.9381195306777954
left_rear,169,1772699927113284000,data\camera\left_rear_camera\1772699927113284000.jpg,1000011,1,car,0.864218,1289.0,636.0,1566.0,716.0,1285.13623046875,635.8429565429688,1572.150146484375,716.087646484375,matched,2,VEHICLE_CAR,preprocessed/masks/left_rear_camera/masks/frame_000169_gt2d_002_track_-1_VEHICLE_CAR.png,0.9278156757354736
left_rear,169,1772699927113284000,data\camera\left_rear_camera\1772699927113284000.jpg,4000013,4,truck,0.904215,235.0,492.0,551.0,667.0,231.79722595214844,493.3603515625,544.0018920898438,666.5119018554688,matched,0,VEHICLE_TRUCK,preprocessed/masks/left_rear_camera/masks/frame_000169_gt2d_000_track_-1_VEHICLE_TRUCK.png,0.9264394044876099
left_rear,169,1772699927113284000,data\camera\left_rear_camera\1772699927113284000.jpg,4000014,4,truck,0.881987,587.0,490.0,1010.0,676.0,579.7106323242188,491.39984130859375,1004.9624633789062,675.3718872070312,matched,1,VEHICLE_TRUCK,preprocessed/masks/left_rear_camera/masks/frame_000169_gt2d_001_track_-1_VEHICLE_TRUCK.png,0.9260457754135132
left_rear,170,1772699927213291000,data\camera\left_rear_camera\1772699927213291000.jpg,1000011,1,car,0.855625,1258.0,635.0,1521.0,714.0,1253.7086181640625,635.0773315429688,1526.3653564453125,713.6283569335938,matched,3,VEHICLE_CAR,preprocessed/masks/left_rear_camera/masks/frame_000170_gt2d_003_track_-1_VEHICLE_CAR.png,0.9180929660797119
left_rear,170,1772699927213291000,data\camera\left_rear_camera\1772699927213291000.jpg,1000012,1,car,0.630945,1778.0,569.0,1919.0,718.0,1778.0,569.0,1919.0,718.0,tentative,0,VEHICLE_SUV,preprocessed/masks/left_rear_camera/masks/frame_000170_gt2d_000_track_26_VEHICLE_SUV.png,0.9374014139175415
left_rear,170,1772699927213291000,data\camera\left_rear_camera\1772699927213291000.jpg,4000013,4,truck,0.911519,231.0,497.0,527.0,665.0,227.80873107910156,498.4598693847656,521.5889892578125,664.875,matched,1,VEHICLE_TRUCK,preprocessed/masks/left_rear_camera/masks/frame_000170_gt2d_001_track_-1_VEHICLE_TRUCK.png,0.9302076101303101
left_rear,170,1772699927213291000,data\camera\left_rear_camera\1772699927213291000.jpg,4000014,4,truck,0.85832,570.0,497.0,967.0,675.0,563.6612548828125,497.9451599121094,962.0606079101562,674.2645263671875,matched,2,VEHICLE_TRUCK,preprocessed/masks/left_rear_camera/masks/frame_000170_gt2d_002_track_-1_VEHICLE_TRUCK.png,0.9309644103050232
left_rear,171,1772699927313268000,data\camera\left_rear_camera\1772699927313268000.jpg,1000011,1,car,0.870513,1226.0,635.0,1483.0,711.0,1221.9879150390625,634.9083862304688,1484.9305419921875,710.901123046875,matched,2,VEHICLE_CAR,preprocessed/masks/left_rear_camera/masks/frame_000171_gt2d_002_track_-1_VEHICLE_CAR.png,0.8685781955718994
left_rear,171,1772699927313268000,data\camera\left_rear_camera\1772699927313268000.jpg,1000012,1,car,0.71699,1625.0,567.0,1919.0,725.0,1651.4237060546875,567.6334228515625,1914.8236083984375,723.8334350585938,matched,0,VEHICLE_SUV,preprocessed/masks/left_rear_camera/masks/frame_000171_gt2d_000_track_26_VEHICLE_SUV.png,0.9467670321464539
left_rear,171,1772699927313268000,data\camera\left_rear_camera\1772699927313268000.jpg,4000013,4,truck,0.902751,216.0,501.0,507.0,664.0,215.9917449951172,502.7075500488281,501.24072265625,663.7686767578125,matched,1,VEHICLE_TRUCK,preprocessed/masks/left_rear_camera/masks/frame_000171_gt2d_001_track_-1_VEHICLE_TRUCK.png,0.9317401051521301
left_rear,171,1772699927313268000,data\camera\left_rear_camera\1772699927313268000.jpg,4000014,4,truck,0.862711,553.0,503.0,927.0,673.0,547.420654296875,504.0702209472656,921.5537109375,672.6771240234375,matched,3,VEHICLE_TRUCK,preprocessed/masks/left_rear_camera/masks/frame_000171_gt2d_003_track_-1_VEHICLE_TRUCK.png,0.9356306791305542
left_rear,172,1772699927413276000,data\camera\left_rear_camera\1772699927413276000.jpg,-1,1,car,0.311193,1508.0,576.0,1823.0,710.0,1508.0,576.0,1823.0,710.0,unassigned,4,VEHICLE_SUV,preprocessed/masks/left_rear_camera/masks/frame_000172_gt2d_004_track_-1_VEHICLE_SUV.png,0.9513375163078308
left_rear,172,1772699927413276000,data\camera\left_rear_camera\1772699927413276000.jpg,1000011,1,car,0.852592,1194.0,636.0,1441.0,710.0,1191.9921875,635.6878051757812,1444.4583740234375,709.5106811523438,matched,2,VEHICLE_CAR,preprocessed/masks/left_rear_camera/masks/frame_000172_gt2d_002_track_-1_VEHICLE_CAR.png,0.9103188514709473
left_rear,172,1772699927413276000,data\camera\left_rear_camera\1772699927413276000.jpg,1000012,1,car,0.581893,1507.0,568.0,1919.0,730.0,1554.952392578125,568.2927856445312,1911.4422607421875,728.8951416015625,matched,3,VEHICLE_SUV,preprocessed/masks/left_rear_camera/masks/frame_000172_gt2d_003_track_-1_VEHICLE_SUV.png,0.9523167610168457
left_rear,172,1772699927413276000,data\camera\left_rear_camera\1772699927413276000.jpg,4000013,4,truck,0.899548,204.0,504.0,487.0,661.0,205.45852661132812,506.0439453125,483.0556335449219,661.486083984375,matched,0,VEHICLE_TRUCK,preprocessed/masks/left_rear_camera/masks/frame_000172_gt2d_000_track_-1_VEHICLE_TRUCK.png,0.9285922646522522
left_rear,172,1772699927413276000,data\camera\left_rear_camera\1772699927413276000.jpg,4000014,4,truck,0.870458,537.0,508.0,890.0,671.0,533.4168701171875,509.403564453125,885.6141967773438,670.9556274414062,matched,1,VEHICLE_TRUCK,preprocessed/masks/left_rear_camera/masks/frame_000172_gt2d_001_track_-1_VEHICLE_TRUCK.png,0.9402329921722412
left_rear,173,1772699927513283000,data\camera\left_rear_camera\1772699927513283000.jpg,-1,1,car,0.302184,1377.0,581.0,1677.0,706.0,1377.0,581.0,1677.0,706.0,unassigned,4,VEHICLE_SUV,preprocessed/masks/left_rear_camera/masks/frame_000173_gt2d_004_track_-1_VEHICLE_SUV.png,0.9455119967460632
left_rear,173,1772699927513283000,data\camera\left_rear_camera\1772699927513283000.jpg,1000011,1,car,0.827263,1169.0,636.0,1391.0,706.0,1165.9302978515625,635.933349609375,1397.394775390625,706.3367919921875,matched,2,VEHICLE_CAR,preprocessed/masks/left_rear_camera/masks/frame_000173_gt2d_002_track_-1_VEHICLE_CAR.png,0.8848493099212646
left_rear,173,1772699927513283000,data\camera\left_rear_camera\1772699927513283000.jpg,1000012,1,car,0.575933,1376.0,574.0,1823.0,720.0,1432.5511474609375,572.8954467773438,1853.473388671875,722.8588256835938,matched,3,VEHICLE_SUV,preprocessed/masks/left_rear_camera/masks/frame_000173_gt2d_003_track_-1_VEHICLE_SUV.png,0.9475864768028259
left_rear,173,1772699927513283000,data\camera\left_rear_camera\1772699927513283000.jpg,4000013,4,truck,0.913852,196.0,509.0,469.0,661.0,196.84483337402344,510.3106689453125,465.6734924316406,660.72412109375,matched,0,VEHICLE_TRUCK,preprocessed/masks/left_rear_camera/masks/frame_000173_gt2d_000_track_-1_VEHICLE_TRUCK.png,0.9214332103729248
left_rear,173,1772699927513283000,data\camera\left_rear_camera\1772699927513283000.jpg,4000014,4,truck,0.858022,521.0,512.0,858.0,672.0,518.6932983398438,513.6221923828125,853.318359375,671.134765625,matched,1,VEHICLE_TRUCK,preprocessed/masks/left_rear_camera/masks/frame_000173_gt2d_001_track_-1_VEHICLE_TRUCK.png,0.9378558397293091
left_rear,174,1772699927613291000,data\camera\left_rear_camera\1772699927613291000.jpg,1000011,1,car,0.693667,1143.0,636.0,1338.0,701.0,1139.849365234375,636.2429809570312,1344.74755859375,702.0792236328125,matched,3,VEHICLE_CAR,preprocessed/masks/left_rear_camera/masks/frame_000174_gt2d_003_track_-1_VEHICLE_CAR.png,0.8102013468742371
left_rear,174,1772699927613291000,data\camera\left_rear_camera\1772699927613291000.jpg,1000012,1,car,0.748,1276.0,580.0,1648.0,712.0,1316.3011474609375,579.0881958007812,1719.781494140625,714.5996704101562,matched,2,VEHICLE_SUV,preprocessed/masks/left_rear_camera/masks/frame_000174_gt2d_002_track_-1_VEHICLE_SUV.png,0.9494308233261108
left_rear,174,1772699927613291000,data\camera\left_rear_camera\1772699927613291000.jpg,4000013,4,truck,0.898113,186.0,515.0,451.0,661.0,186.66844177246094,515.8851318359375,447.7004089355469,660.7474975585938,matched,0,VEHICLE_TRUCK,preprocessed/masks/left_rear_camera/masks/frame_000174_gt2d_000_track_-1_VEHICLE_TRUCK.png,0.9141606688499451
left_rear,174,1772699927613291000,data\camera\left_rear_camera\1772699927613291000.jpg,4000014,4,truck,0.854856,506.0,517.0,827.0,671.0,503.55889892578125,518.4657592773438,822.0105590820312,670.7932739257812,matched,1,VEHICLE_TRUCK,preprocessed/masks/left_rear_camera/masks/frame_000174_gt2d_001_track_-1_VEHICLE_TRUCK.png,0.9412437677383423
left_rear,175,1772699927713268000,data\camera\left_rear_camera\1772699927713268000.jpg,1000011,1,car,0.356001,1121.0,634.0,1287.0,693.0,1118.1768798828125,634.447509765625,1293.1593017578125,694.6026611328125,matched,3,VEHICLE_CAR,preprocessed/masks/left_rear_camera/masks/frame_000175_gt2d_003_track_-1_VEHICLE_CAR.png,0.6684887409210205
left_rear,175,1772699927713268000,data\camera\left_rear_camera\1772699927713268000.jpg,1000012,1,car,0.597662,1191.0,582.0,1585.0,706.0,1214.572509765625,581.9200439453125,1620.8067626953125,707.1270751953125,matched,2,VEHICLE_SUV,preprocessed/masks/left_rear_camera/masks/frame_000175_gt2d_002_track_-1_VEHICLE_SUV.png,0.9189342260360718
left_rear,175,1772699927713268000,data\camera\left_rear_camera\1772699927713268000.jpg,4000013,4,truck,0.897728,185.0,518.0,435.0,661.0,183.87545776367188,519.1145629882812,432.4621276855469,660.3225708007812,matched,0,VEHICLE_TRUCK,preprocessed/masks/left_rear_camera/masks/frame_000175_gt2d_000_track_-1_VEHICLE_TRUCK.png,0.922949492931366
left_rear,175,1772699927713268000,data\camera\left_rear_camera\1772699927713268000.jpg,4000014,4,truck,0.859653,493.0,521.0,799.0,669.0,491.2164306640625,522.1101684570312,794.6298828125,668.858154296875,matched,1,VEHICLE_TRUCK,preprocessed/masks/left_rear_camera/masks/frame_000175_gt2d_001_track_-1_VEHICLE_TRUCK.png,0.9440799951553345
left_rear,176,1772699927813275000,data\camera\left_rear_camera\1772699927813275000.jpg,1000012,1,car,0.605824,1119.0,582.0,1459.0,700.0,1129.638916015625,582.7188720703125,1501.1417236328125,700.6710205078125,matched,2,VEHICLE_SUV,preprocessed/masks/left_rear_camera/masks/frame_000176_gt2d_002_track_-1_VEHICLE_SUV.png,0.9323931932449341
left_rear,176,1772699927813275000,data\camera\left_rear_camera\1772699927813275000.jpg,4000013,4,truck,0.90856,182.0,520.0,419.0,658.0,180.29820251464844,521.4988403320312,416.2124328613281,658.2789306640625,matched,0,VEHICLE_TRUCK,preprocessed/masks/left_rear_camera/masks/frame_000176_gt2d_000_track_-1_VEHICLE_TRUCK.png,0.9302204847335815
left_rear,176,1772699927813275000,data\camera\left_rear_camera\1772699927813275000.jpg,4000014,4,truck,0.874488,478.0,524.0,771.0,666.0,476.4415588378906,525.2944946289062,766.5667114257812,666.2992553710938,matched,1,VEHICLE_TRUCK,preprocessed/masks/left_rear_camera/masks/frame_000176_gt2d_001_track_-1_VEHICLE_TRUCK.png,0.9309070110321045
left_rear,177,1772699927913282000,data\camera\left_rear_camera\1772699927913282000.jpg,1000012,1,car,0.74926,1054.0,586.0,1362.0,694.0,1057.4617919921875,585.5379028320312,1391.6956787109375,694.2110595703125,matched,2,VEHICLE_SUV,preprocessed/masks/left_rear_camera/masks/frame_000177_gt2d_002_track_-1_VEHICLE_SUV.png,0.9257586002349854
left_rear,177,1772699927913282000,data\camera\left_rear_camera\1772699927913282000.jpg,4000013,4,truck,0.889642,173.0,522.0,404.0,657.0,173.83970642089844,523.17724609375,401.9089050292969,656.6423950195312,matched,0,VEHICLE_TRUCK,preprocessed/masks/left_rear_camera/masks/frame_000177_gt2d_000_track_-1_VEHICLE_TRUCK.png,0.9304049015045166
left_rear,177,1772699927913282000,data\camera\left_rear_camera\1772699927913282000.jpg,4000014,4,truck,0.888961,467.0,528.0,748.0,667.0,465.26531982421875,528.6302490234375,743.3360595703125,665.914306640625,matched,1,VEHICLE_TRUCK,preprocessed/masks/left_rear_camera/masks/frame_000177_gt2d_001_track_-1_VEHICLE_TRUCK.png,0.9391814470291138
left_rear,178,1772699928013276000,data\camera\left_rear_camera\1772699928013276000.jpg,1000012,1,car,0.760448,993.0,589.0,1283.0,689.0,992.7260131835938,588.9822387695312,1299.6573486328125,689.2092895507812,matched,2,VEHICLE_SUV,preprocessed/masks/left_rear_camera/masks/frame_000178_gt2d_002_track_-1_VEHICLE_SUV.png,0.9266856908798218
left_rear,178,1772699928013276000,data\camera\left_rear_camera\1772699928013276000.jpg,4000013,4,truck,0.887575,168.0,525.0,389.0,657.0,168.51034545898438,526.1542358398438,387.4925231933594,656.6610107421875,matched,0,VEHICLE_TRUCK,preprocessed/masks/left_rear_camera/masks/frame_000178_gt2d_000_track_-1_VEHICLE_TRUCK.png,0.9154317378997803
left_rear,178,1772699928013276000,data\camera\left_rear_camera\1772699928013276000.jpg,4000014,4,truck,0.88093,454.0,530.0,713.0,664.0,453.1661376953125,531.4647827148438,712.4591064453125,664.29345703125,matched,1,VEHICLE_TRUCK,preprocessed/masks/left_rear_camera/masks/frame_000178_gt2d_001_track_-1_VEHICLE_TRUCK.png,0.9209310412406921
left_rear,179,1772699928113192000,data\camera\left_rear_camera\1772699928113192000.jpg,-1,4,truck,0.360809,1149.0,595.0,1275.0,672.0,1149.0,595.0,1275.0,672.0,unassigned,3,VEHICLE_TRUCK,preprocessed/masks/left_rear_camera/masks/frame_000179_gt2d_003_track_-1_VEHICLE_TRUCK.png,0.8875043392181396
left_rear,179,1772699928113192000,data\camera\left_rear_camera\1772699928113192000.jpg,1000012,1,car,0.772156,942.0,591.0,1202.0,687.0,938.0106811523438,591.1741943359375,1213.93359375,686.2083740234375,matched,2,VEHICLE_SUV,preprocessed/masks/left_rear_camera/masks/frame_000179_gt2d_002_track_-1_VEHICLE_SUV.png,0.9319378733634949
left_rear,179,1772699928113192000,data\camera\left_rear_camera\1772699928113192000.jpg,4000013,4,truck,0.88119,160.0,526.0,379.0,657.0,161.7156982421875,527.4401245117188,376.7985534667969,656.4747924804688,matched,1,VEHICLE_TRUCK,preprocessed/masks/left_rear_camera/masks/frame_000179_gt2d_001_track_-1_VEHICLE_TRUCK.png,0.9233717918395996
left_rear,179,1772699928113192000,data\camera\left_rear_camera\1772699928113192000.jpg,4000014,4,truck,0.89225,442.0,533.0,699.0,664.0,441.6925048828125,534.0478515625,694.1752319335938,663.5520629882812,matched,0,VEHICLE_TRUCK,preprocessed/masks/left_rear_camera/masks/frame_000179_gt2d_000_track_-1_VEHICLE_TRUCK.png,0.9226987361907959
left_rear,180,1772699928213169000,data\camera\left_rear_camera\1772699928213169000.jpg,-1,1,car,0.431011,1078.0,636.0,1197.0,679.0,1078.0,636.0,1197.0,679.0,unassigned,3,VEHICLE_CAR,preprocessed/masks/left_rear_camera/masks/frame_000180_gt2d_003_track_-1_VEHICLE_CAR.png,0.8360737562179565
left_rear,180,1772699928213169000,data\camera\left_rear_camera\1772699928213169000.jpg,1000012,1,car,0.813431,893.0,593.0,1136.0,688.0,886.5424194335938,593.086669921875,1139.06298828125,686.10107421875,matched,2,VEHICLE_SUV,preprocessed/masks/left_rear_camera/masks/frame_000180_gt2d_002_track_-1_VEHICLE_SUV.png,0.9330228567123413
left_rear,180,1772699928213169000,data\camera\left_rear_camera\1772699928213169000.jpg,4000013,4,truck,0.883515,157.0,530.0,366.0,658.0,155.98968505859375,530.3297729492188,363.2595520019531,657.0060424804688,matched,1,VEHICLE_TRUCK,preprocessed/masks/left_rear_camera/masks/frame_000180_gt2d_001_track_-1_VEHICLE_TRUCK.png,0.9175994396209717
left_rear,180,1772699928213169000,data\camera\left_rear_camera\1772699928213169000.jpg,4000014,4,truck,0.885463,428.0,536.0,680.0,663.0,427.0852966308594,536.6893920898438,674.400146484375,662.5377807617188,matched,0,VEHICLE_TRUCK,preprocessed/masks/left_rear_camera/masks/frame_000180_gt2d_000_track_-1_VEHICLE_TRUCK.png,0.9170429706573486
left_rear,181,1772699928313177000,data\camera\left_rear_camera\1772699928313177000.jpg,-1,1,car,0.432164,1231.0,645.0,1281.0,670.0,1231.0,645.0,1281.0,670.0,unassigned,5,VEHICLE_SUV,preprocessed/masks/left_rear_camera/masks/frame_000181_gt2d_005_track_-1_VEHICLE_SUV.png,0.9201074838638306
left_rear,181,1772699928313177000,data\camera\left_rear_camera\1772699928313177000.jpg,-1,2,motorcycle,0.303115,686.0,616.0,734.0,665.0,686.0,616.0,734.0,665.0,unassigned,6,CYCLIST_MOTOR,preprocessed/masks/left_rear_camera/masks/frame_000181_gt2d_006_track_-1_CYCLIST_MOTOR.png,0.8714966773986816
left_rear,181,1772699928313177000,data\camera\left_rear_camera\1772699928313177000.jpg,1000012,1,car,0.838481,850.0,596.0,1077.0,688.0,840.70458984375,596.0106811523438,1073.869384765625,686.495849609375,matched,2,VEHICLE_SUV,preprocessed/masks/left_rear_camera/masks/frame_000181_gt2d_002_track_-1_VEHICLE_SUV.png,0.933303952217102
left_rear,181,1772699928313177000,data\camera\left_rear_camera\1772699928313177000.jpg,1000013,1,car,0.709999,1015.0,635.0,1171.0,687.0,1015.0,635.0,1171.0,687.0,tentative,3,VEHICLE_CAR,preprocessed/masks/left_rear_camera/masks/frame_000181_gt2d_003_track_-1_VEHICLE_CAR.png,0.8507019877433777
left_rear,181,1772699928313177000,data\camera\left_rear_camera\1772699928313177000.jpg,4000013,4,truck,0.88289,151.0,534.0,358.0,655.0,148.89976501464844,534.2177734375,352.5976257324219,655.478271484375,matched,1,VEHICLE_TRUCK,preprocessed/masks/left_rear_camera/masks/frame_000181_gt2d_001_track_-1_VEHICLE_TRUCK.png,0.9047583937644958
left_rear,181,1772699928313177000,data\camera\left_rear_camera\1772699928313177000.jpg,4000014,4,truck,0.890307,417.0,540.0,660.0,661.0,413.810791015625,540.4664916992188,653.7202758789062,661.1473388671875,matched,0,VEHICLE_TRUCK,preprocessed/masks/left_rear_camera/masks/frame_000181_gt2d_000_track_-1_VEHICLE_TRUCK.png,0.9221241474151611
left_rear,181,1772699928313177000,data\camera\left_rear_camera\1772699928313177000.jpg,4000015,4,truck,0.505,1077.0,596.0,1241.0,673.0,1077.0,596.0,1241.0,673.0,tentative,4,VEHICLE_TRUCK,preprocessed/masks/left_rear_camera/masks/frame_000181_gt2d_004_track_-1_VEHICLE_TRUCK.png,0.9174538850784302
left_rear,182,1772699928413184000,data\camera\left_rear_camera\1772699928413184000.jpg,-1,2,motorcycle,0.455094,678.0,616.0,723.0,664.0,678.0,616.0,723.0,664.0,unassigned,4,CYCLIST_MOTOR,preprocessed/masks/left_rear_camera/masks/frame_000182_gt2d_004_track_-1_CYCLIST_MOTOR.png,0.8849050402641296
left_rear,182,1772699928413184000,data\camera\left_rear_camera\1772699928413184000.jpg,-1,1,car,0.340841,1221.0,646.0,1269.0,670.0,1221.0,646.0,1269.0,670.0,unassigned,5,VEHICLE_SUV,preprocessed/masks/left_rear_camera/masks/frame_000182_gt2d_005_track_-1_VEHICLE_SUV.png,0.9227364659309387
left_rear,182,1772699928413184000,data\camera\left_rear_camera\1772699928413184000.jpg,1000012,1,car,0.814812,809.0,598.0,1024.0,687.0,801.4768676757812,598.0425415039062,1019.72998046875,685.8375244140625,matched,2,VEHICLE_SUV,preprocessed/masks/left_rear_camera/masks/frame_000182_gt2d_002_track_-1_VEHICLE_SUV.png,0.9200298190116882
left_rear,182,1772699928413184000,data\camera\left_rear_camera\1772699928413184000.jpg,1000013,1,car,0.780236,979.0,636.0,1151.0,692.0,983.5277099609375,635.9232788085938,1152.3277587890625,691.123291015625,matched,3,VEHICLE_CAR,preprocessed/masks/left_rear_camera/masks/frame_000182_gt2d_003_track_-1_VEHICLE_CAR.png,0.8460729122161865
left_rear,182,1772699928413184000,data\camera\left_rear_camera\1772699928413184000.jpg,4000013,4,truck,0.879115,148.0,538.0,355.0,657.0,146.8936004638672,537.9090576171875,349.7619323730469,656.0860595703125,matched,0,VEHICLE_TRUCK,preprocessed/masks/left_rear_camera/masks/frame_000182_gt2d_000_track_-1_VEHICLE_TRUCK.png,0.9138647317886353
left_rear,182,1772699928413184000,data\camera\left_rear_camera\1772699928413184000.jpg,4000014,4,truck,0.871153,407.0,543.0,640.0,664.0,405.192626953125,543.4066162109375,636.2088012695312,662.5488891601562,matched,1,VEHICLE_TRUCK,preprocessed/masks/left_rear_camera/masks/frame_000182_gt2d_001_track_-1_VEHICLE_TRUCK.png,0.92081618309021
left_rear,183,1772699928513192000,data\camera\left_rear_camera\1772699928513192000.jpg,1000012,1,car,0.839943,776.0,600.0,976.0,683.0,767.8243408203125,600.2739868164062,970.6946411132812,683.1773681640625,matched,2,VEHICLE_SUV,preprocessed/masks/left_rear_camera/masks/frame_000183_gt2d_002_track_-1_VEHICLE_SUV.png,0.9210702180862427
left_rear,183,1772699928513192000,data\camera\left_rear_camera\1772699928513192000.jpg,1000013,1,car,0.815956,954.0,636.0,1126.0,692.0,958.1820678710938,636.3194580078125,1129.3856201171875,692.1241455078125,matched,3,VEHICLE_CAR,preprocessed/masks/left_rear_camera/masks/frame_000183_gt2d_003_track_-1_VEHICLE_CAR.png,0.8766992092132568
left_rear,183,1772699928513192000,data\camera\left_rear_camera\1772699928513192000.jpg,4000013,4,truck,0.873092,142.0,541.0,344.0,659.0,142.4394989013672,541.3722534179688,341.9446105957031,657.9680786132812,matched,0,VEHICLE_TRUCK,preprocessed/masks/left_rear_camera/masks/frame_000183_gt2d_000_track_-1_VEHICLE_TRUCK.png,0.9095814824104309
left_rear,183,1772699928513192000,data\camera\left_rear_camera\1772699928513192000.jpg,4000014,4,truck,0.863666,399.0,545.0,622.0,663.0,397.3895263671875,545.9092407226562,618.9485473632812,662.6473388671875,matched,1,VEHICLE_TRUCK,preprocessed/masks/left_rear_camera/masks/frame_000183_gt2d_001_track_-1_VEHICLE_TRUCK.png,0.9353004693984985
left_rear,184,1772699928613168000,data\camera\left_rear_camera\1772699928613168000.jpg,1000012,1,car,0.786402,743.0,602.0,934.0,683.0,733.5264892578125,602.423583984375,925.2002563476562,682.502197265625,matched,3,VEHICLE_SUV,preprocessed/masks/left_rear_camera/masks/frame_000184_gt2d_003_track_-1_VEHICLE_SUV.png,0.9030975699424744
left_rear,184,1772699928613168000,data\camera\left_rear_camera\1772699928613168000.jpg,1000013,1,car,0.816456,932.0,637.0,1104.0,692.0,931.9755249023438,637.1565551757812,1104.0386962890625,692.4076538085938,matched,2,VEHICLE_CAR,preprocessed/masks/left_rear_camera/masks/frame_000184_gt2d_002_track_-1_VEHICLE_CAR.png,0.8874779939651489
left_rear,184,1772699928613168000,data\camera\left_rear_camera\1772699928613168000.jpg,4000013,4,truck,0.863658,133.0,545.0,321.0,659.0,132.31661987304688,545.3017578125,321.40631103515625,658.7754516601562,matched,1,VEHICLE_TRUCK,preprocessed/masks/left_rear_camera/masks/frame_000184_gt2d_001_track_-1_VEHICLE_TRUCK.png,0.906692624092102
left_rear,184,1772699928613168000,data\camera\left_rear_camera\1772699928613168000.jpg,4000014,4,truck,0.871189,392.0,549.0,600.0,663.0,387.9263000488281,549.4839477539062,596.2986450195312,662.8387451171875,matched,0,VEHICLE_TRUCK,preprocessed/masks/left_rear_camera/masks/frame_000184_gt2d_000_track_-1_VEHICLE_TRUCK.png,0.9203747510910034
left_rear,185,1772699928713176000,data\camera\left_rear_camera\1772699928713176000.jpg,-1,3,person,0.361116,912.0,637.0,929.0,678.0,912.0,637.0,929.0,678.0,unassigned,4,PEDESTRIAN_NORMAL,preprocessed/masks/left_rear_camera/masks/frame_000185_gt2d_004_track_-1_PEDESTRIAN_NORMAL.png,0.699910044670105
left_rear,185,1772699928713176000,data\camera\left_rear_camera\1772699928713176000.jpg,-1,4,truck,0.325695,1044.0,600.0,1180.0,672.0,1044.0,600.0,1180.0,672.0,unassigned,5,VEHICLE_TRUCK,preprocessed/masks/left_rear_camera/masks/frame_000185_gt2d_005_track_-1_VEHICLE_TRUCK.png,0.9046046733856201
left_rear,185,1772699928713176000,data\camera\left_rear_camera\1772699928713176000.jpg,1000012,1,car,0.789617,716.0,605.0,894.0,681.0,708.057861328125,604.74755859375,887.1650390625,680.55712890625,matched,3,VEHICLE_SUV,preprocessed/masks/left_rear_camera/masks/frame_000185_gt2d_003_track_-1_VEHICLE_SUV.png,0.8938354253768921
left_rear,185,1772699928713176000,data\camera\left_rear_camera\1772699928713176000.jpg,1000013,1,car,0.804985,915.0,638.0,1086.0,692.0,914.8530883789062,637.7518310546875,1086.3858642578125,692.057373046875,matched,2,VEHICLE_CAR,preprocessed/masks/left_rear_camera/masks/frame_000185_gt2d_002_track_-1_VEHICLE_CAR.png,0.8936598300933838
left_rear,185,1772699928713176000,data\camera\left_rear_camera\1772699928713176000.jpg,4000013,4,truck,0.850503,127.0,547.0,311.0,659.0,127.8005599975586,547.4703369140625,310.8011169433594,658.6427001953125,matched,1,VEHICLE_TRUCK,preprocessed/masks/left_rear_camera/masks/frame_000185_gt2d_001_track_-1_VEHICLE_TRUCK.png,0.9015554189682007
left_rear,185,1772699928713176000,data\camera\left_rear_camera\1772699928713176000.jpg,4000014,4,truck,0.862186,381.0,552.0,581.0,663.0,380.429931640625,552.2110595703125,579.2346801757812,662.509765625,matched,0,VEHICLE_TRUCK,preprocessed/masks/left_rear_camera/masks/frame_000185_gt2d_000_track_-1_VEHICLE_TRUCK.png,0.9329442977905273
left_rear,186,1772699928813183000,data\camera\left_rear_camera\1772699928813183000.jpg,-1,3,person,0.355066,893.0,637.0,911.0,682.0,893.0,637.0,911.0,682.0,unassigned,4,PEDESTRIAN_NORMAL,preprocessed/masks/left_rear_camera/masks/frame_000186_gt2d_004_track_-1_PEDESTRIAN_NORMAL.png,0.7883148193359375
left_rear,186,1772699928813183000,data\camera\left_rear_camera\1772699928813183000.jpg,1000012,1,car,0.805775,690.0,607.0,858.0,681.0,681.2900390625,607.2942504882812,849.5237426757812,680.4656372070312,matched,3,VEHICLE_SUV,preprocessed/masks/left_rear_camera/masks/frame_000186_gt2d_003_track_-1_VEHICLE_SUV.png,0.8904184103012085
left_rear,186,1772699928813183000,data\camera\left_rear_camera\1772699928813183000.jpg,1000013,1,car,0.806184,900.0,639.0,1058.0,690.0,897.2892456054688,639.0742797851562,1059.23974609375,690.8892822265625,matched,2,VEHICLE_CAR,preprocessed/masks/left_rear_camera/masks/frame_000186_gt2d_002_track_-1_VEHICLE_CAR.png,0.8573031425476074
left_rear,186,1772699928813183000,data\camera\left_rear_camera\1772699928813183000.jpg,4000013,4,truck,0.833265,124.0,549.0,302.0,661.0,122.07696533203125,549.9392700195312,299.1357727050781,660.4561157226562,matched,1,VEHICLE_TRUCK,preprocessed/masks/left_rear_camera/masks/frame_000186_gt2d_001_track_-1_VEHICLE_TRUCK.png,0.9199908375740051
left_rear,186,1772699928813183000,data\camera\left_rear_camera\1772699928813183000.jpg,4000014,4,truck,0.870909,377.0,555.0,571.0,663.0,373.3608093261719,555.5569458007812,565.2327880859375,662.9024658203125,matched,0,VEHICLE_TRUCK,preprocessed/masks/left_rear_camera/masks/frame_000186_gt2d_000_track_-1_VEHICLE_TRUCK.png,0.9204608201980591
left_rear,187,1772699928913191000,data\camera\left_rear_camera\1772699928913191000.jpg,1000012,1,car,0.812505,664.0,610.0,827.0,680.0,656.886474609375,609.9855346679688,818.4349975585938,679.6401977539062,matched,2,VEHICLE_SUV,preprocessed/masks/left_rear_camera/masks/frame_000187_gt2d_002_track_-1_VEHICLE_SUV.png,0.8799375295639038
left_rear,187,1772699928913191000,data\camera\left_rear_camera\1772699928913191000.jpg,1000013,1,car,0.791731,887.0,639.0,1046.0,690.0,884.2100219726562,639.2921142578125,1043.51806640625,690.28515625,matched,3,VEHICLE_CAR,preprocessed/masks/left_rear_camera/masks/frame_000187_gt2d_003_track_-1_VEHICLE_CAR.png,0.8022417426109314
left_rear,187,1772699928913191000,data\camera\left_rear_camera\1772699928913191000.jpg,4000013,4,truck,0.826529,119.0,551.0,294.0,660.0,117.82441711425781,551.8604125976562,291.0655517578125,660.241943359375,matched,1,VEHICLE_TRUCK,preprocessed/masks/left_rear_camera/masks/frame_000187_gt2d_001_track_-1_VEHICLE_TRUCK.png,0.9202810525894165
left_rear,187,1772699928913191000,data\camera\left_rear_camera\1772699928913191000.jpg,4000014,4,truck,0.883246,363.0,557.0,561.0,665.0,362.5443420410156,557.77197265625,555.3583984375,664.256103515625,matched,0,VEHICLE_TRUCK,preprocessed/masks/left_rear_camera/masks/frame_000187_gt2d_000_track_-1_VEHICLE_TRUCK.png,0.9269320964813232
left_rear,188,1772699929013154000,data\camera\left_rear_camera\1772699929013154000.jpg,-1,4,truck,0.304542,1000.0,602.0,1139.0,670.0,1000.0,602.0,1139.0,670.0,unassigned,4,VEHICLE_TRUCK,preprocessed/masks/left_rear_camera/masks/frame_000188_gt2d_004_track_-1_VEHICLE_TRUCK.png,0.8865005970001221
left_rear,188,1772699929013154000,data\camera\left_rear_camera\1772699929013154000.jpg,1000012,1,car,0.789703,643.0,611.0,797.0,679.0,636.3668212890625,611.2605590820312,789.7352294921875,678.509521484375,matched,2,VEHICLE_SUV,preprocessed/masks/left_rear_camera/masks/frame_000188_gt2d_002_track_-1_VEHICLE_SUV.png,0.8817273378372192
left_rear,188,1772699929013154000,data\camera\left_rear_camera\1772699929013154000.jpg,1000013,1,car,0.769435,872.0,639.0,1030.0,688.0,870.7882080078125,639.1021118164062,1028.5802001953125,688.4423217773438,matched,3,VEHICLE_CAR,preprocessed/masks/left_rear_camera/masks/frame_000188_gt2d_003_track_-1_VEHICLE_CAR.png,0.8178894519805908
left_rear,188,1772699929013154000,data\camera\left_rear_camera\1772699929013154000.jpg,4000013,4,truck,0.791314,116.0,555.0,283.0,659.0,115.31278228759766,554.8742065429688,282.0082092285156,659.2273559570312,matched,1,VEHICLE_TRUCK,preprocessed/masks/left_rear_camera/masks/frame_000188_gt2d_001_track_-1_VEHICLE_TRUCK.png,0.9284222722053528
left_rear,188,1772699929013154000,data\camera\left_rear_camera\1772699929013154000.jpg,4000014,4,truck,0.868349,356.0,560.0,547.0,663.0,355.1615295410156,560.2217407226562,543.7906494140625,663.1366577148438,matched,0,VEHICLE_TRUCK,preprocessed/masks/left_rear_camera/masks/frame_000188_gt2d_000_track_-1_VEHICLE_TRUCK.png,0.9137333631515503
left_rear,189,1772699929113284000,data\camera\left_rear_camera\1772699929113284000.jpg,-1,3,person,0.332289,837.0,639.0,856.0,681.0,837.0,639.0,856.0,681.0,unassigned,4,PEDESTRIAN_NORMAL,preprocessed/masks/left_rear_camera/masks/frame_000189_gt2d_004_track_-1_PEDESTRIAN_NORMAL.png,0.6282156109809875
left_rear,189,1772699929113284000,data\camera\left_rear_camera\1772699929113284000.jpg,1000012,1,car,0.658275,629.0,613.0,767.0,676.0,622.4866943359375,613.1061401367188,762.18310546875,676.2007446289062,matched,3,VEHICLE_SUV,preprocessed/masks/left_rear_camera/masks/frame_000189_gt2d_003_track_-1_VEHICLE_SUV.png,0.8623207807540894
left_rear,189,1772699929113284000,data\camera\left_rear_camera\1772699929113284000.jpg,1000013,1,car,0.799551,858.0,640.0,1006.0,687.0,858.336669921875,639.822265625,1008.74853515625,687.2227172851562,matched,2,VEHICLE_CAR,preprocessed/masks/left_rear_camera/masks/frame_000189_gt2d_002_track_-1_VEHICLE_CAR.png,0.7764710187911987
left_rear,189,1772699929113284000,data\camera\left_rear_camera\1772699929113284000.jpg,4000013,4,truck,0.84709,112.0,556.0,272.0,661.0,113.09642028808594,556.6110229492188,272.96368408203125,660.3489990234375,matched,1,VEHICLE_TRUCK,preprocessed/masks/left_rear_camera/masks/frame_000189_gt2d_001_track_-1_VEHICLE_TRUCK.png,0.886476993560791
left_rear,189,1772699929113284000,data\camera\left_rear_camera\1772699929113284000.jpg,4000014,4,truck,0.869881,349.0,562.0,537.0,664.0,349.39300537109375,562.430419921875,534.9024047851562,663.5504760742188,matched,0,VEHICLE_TRUCK,preprocessed/masks/left_rear_camera/masks/frame_000189_gt2d_000_track_-1_VEHICLE_TRUCK.png,0.8978503942489624
left_rear,190,1772699929213261000,data\camera\left_rear_camera\1772699929213261000.jpg,1000012,1,car,0.733169,625.0,613.0,741.0,673.0,616.0460205078125,614.010498046875,735.7593383789062,673.7576293945312,matched,2,VEHICLE_SUV,preprocessed/masks/left_rear_camera/masks/frame_000190_gt2d_002_track_-1_VEHICLE_SUV.png,0.9056074023246765
left_rear,190,1772699929213261000,data\camera\left_rear_camera\1772699929213261000.jpg,1000013,1,car,0.65487,851.0,639.0,990.0,685.0,848.81640625,639.7498779296875,990.3890380859375,685.8215942382812,matched,3,VEHICLE_CAR,preprocessed/masks/left_rear_camera/masks/frame_000190_gt2d_003_track_-1_VEHICLE_CAR.png,0.7198336124420166
left_rear,190,1772699929213261000,data\camera\left_rear_camera\1772699929213261000.jpg,4000013,4,truck,0.839534,108.0,559.0,267.0,661.0,108.6799545288086,559.58642578125,265.7792053222656,661.1766357421875,matched,1,VEHICLE_TRUCK,preprocessed/masks/left_rear_camera/masks/frame_000190_gt2d_001_track_-1_VEHICLE_TRUCK.png,0.910759687423706
left_rear,190,1772699929213261000,data\camera\left_rear_camera\1772699929213261000.jpg,4000014,4,truck,0.872251,340.0,563.0,522.0,663.0,340.49932861328125,564.1944580078125,521.128662109375,663.4505615234375,matched,0,VEHICLE_TRUCK,preprocessed/masks/left_rear_camera/masks/frame_000190_gt2d_000_track_-1_VEHICLE_TRUCK.png,0.8950102925300598
left_rear,191,1772699929313268000,data\camera\left_rear_camera\1772699929313268000.jpg,-1,3,person,0.346344,805.0,636.0,823.0,673.0,805.0,636.0,823.0,673.0,unassigned,4,PEDESTRIAN_NORMAL,preprocessed/masks/left_rear_camera/masks/frame_000191_gt2d_004_track_-1_PEDESTRIAN_NORMAL.png,0.7337623238563538
left_rear,191,1772699929313268000,data\camera\left_rear_camera\1772699929313268000.jpg,1000012,1,car,0.801325,603.0,611.0,719.0,671.0,600.678955078125,612.218017578125,714.6550903320312,671.020263671875,matched,2,VEHICLE_SUV,preprocessed/masks/left_rear_camera/masks/frame_000191_gt2d_002_track_-1_VEHICLE_SUV.png,0.9102813005447388
left_rear,191,1772699929313268000,data\camera\left_rear_camera\1772699929313268000.jpg,1000013,1,car,0.768936,836.0,636.0,978.0,683.0,836.8030395507812,637.0125732421875,977.5408325195312,683.3695068359375,matched,3,VEHICLE_CAR,preprocessed/masks/left_rear_camera/masks/frame_000191_gt2d_003_track_-1_VEHICLE_CAR.png,0.7615750432014465
left_rear,191,1772699929313268000,data\camera\left_rear_camera\1772699929313268000.jpg,4000013,4,truck,0.838654,104.0,554.0,260.0,658.0,105.638671875,556.5013427734375,259.96026611328125,658.8046264648438,matched,1,VEHICLE_TRUCK,preprocessed/masks/left_rear_camera/masks/frame_000191_gt2d_001_track_-1_VEHICLE_TRUCK.png,0.9089921712875366
left_rear,191,1772699929313268000,data\camera\left_rear_camera\1772699929313268000.jpg,4000014,4,truck,0.852077,334.0,561.0,513.0,660.0,334.6912536621094,562.7099609375,511.86639404296875,660.7569580078125,matched,0,VEHICLE_TRUCK,preprocessed/masks/left_rear_camera/masks/frame_000191_gt2d_000_track_-1_VEHICLE_TRUCK.png,0.9286407828330994
left_rear,192,1772699929413276000,data\camera\left_rear_camera\1772699929413276000.jpg,1000012,1,car,0.697428,574.0,613.0,694.0,670.0,572.370361328125,611.7667236328125,687.8471069335938,668.2805786132812,matched,3,VEHICLE_SUV,preprocessed/masks/left_rear_camera/masks/frame_000192_gt2d_003_track_-1_VEHICLE_SUV.png,0.898520827293396
left_rear,192,1772699929413276000,data\camera\left_rear_camera\1772699929413276000.jpg,1000013,1,car,0.763516,824.0,637.0,961.0,683.0,821.12158203125,635.4789428710938,958.2430419921875,681.2904052734375,matched,2,VEHICLE_CAR,preprocessed/masks/left_rear_camera/masks/frame_000192_gt2d_002_track_-1_VEHICLE_CAR.png,0.761340320110321
left_rear,192,1772699929413276000,data\camera\left_rear_camera\1772699929413276000.jpg,4000013,4,truck,0.858157,101.0,556.0,254.0,659.0,98.82748413085938,555.3587646484375,250.36878967285156,657.3325805664062,matched,0,VEHICLE_TRUCK,preprocessed/masks/left_rear_camera/masks/frame_000192_gt2d_000_track_-1_VEHICLE_TRUCK.png,0.9101178646087646
left_rear,192,1772699929413276000,data\camera\left_rear_camera\1772699929413276000.jpg,4000014,4,truck,0.793404,327.0,564.0,502.0,661.0,324.3489990234375,562.8486328125,497.8517761230469,659.2266845703125,matched,1,VEHICLE_TRUCK,preprocessed/masks/left_rear_camera/masks/frame_000192_gt2d_001_track_-1_VEHICLE_TRUCK.png,0.9309048652648926
left_rear,193,1772699929513283000,data\camera\left_rear_camera\1772699929513283000.jpg,1000012,1,car,0.724117,555.0,615.0,674.0,672.0,552.5701904296875,614.6748046875,668.04052734375,670.560546875,matched,3,VEHICLE_SUV,preprocessed/masks/left_rear_camera/masks/frame_000193_gt2d_003_track_-1_VEHICLE_SUV.png,0.8847373723983765
left_rear,193,1772699929513283000,data\camera\left_rear_camera\1772699929513283000.jpg,1000013,1,car,0.759453,805.0,639.0,945.0,684.0,805.418212890625,638.1024169921875,943.4729614257812,683.0772094726562,matched,2,VEHICLE_CAR,preprocessed/masks/left_rear_camera/masks/frame_000193_gt2d_002_track_-1_VEHICLE_CAR.png,0.7716602087020874
left_rear,193,1772699929513283000,data\camera\left_rear_camera\1772699929513283000.jpg,4000013,4,truck,0.8733,97.0,560.0,248.0,660.0,96.11907958984375,559.3702392578125,245.544677734375,659.303955078125,matched,0,VEHICLE_TRUCK,preprocessed/masks/left_rear_camera/masks/frame_000193_gt2d_000_track_-1_VEHICLE_TRUCK.png,0.9127739667892456
left_rear,193,1772699929513283000,data\camera\left_rear_camera\1772699929513283000.jpg,4000014,4,truck,0.846394,318.0,566.0,489.0,661.0,317.1455383300781,565.9589233398438,486.88519287109375,660.49755859375,matched,1,VEHICLE_TRUCK,preprocessed/masks/left_rear_camera/masks/frame_000193_gt2d_001_track_-1_VEHICLE_TRUCK.png,0.9276975393295288
left_rear,194,1772699929613291000,data\camera\left_rear_camera\1772699929613291000.jpg,1000012,1,car,0.607964,539.0,617.0,655.0,671.0,534.7312622070312,617.3941040039062,648.46142578125,671.0970458984375,matched,3,VEHICLE_SUV,preprocessed/masks/left_rear_camera/masks/frame_000194_gt2d_003_track_-1_VEHICLE_SUV.png,0.9088782072067261
left_rear,194,1772699929613291000,data\camera\left_rear_camera\1772699929613291000.jpg,1000013,1,car,0.722887,797.0,640.0,930.0,683.0,793.9274291992188,640.133056640625,927.6697387695312,683.480224609375,matched,2,VEHICLE_CAR,preprocessed/masks/left_rear_camera/masks/frame_000194_gt2d_002_track_-1_VEHICLE_CAR.png,0.8693498969078064
left_rear,194,1772699929613291000,data\camera\left_rear_camera\1772699929613291000.jpg,4000013,4,truck,0.85275,92.0,564.0,242.0,660.0,90.94721984863281,563.8682250976562,239.15185546875,660.4434814453125,matched,0,VEHICLE_TRUCK,preprocessed/masks/left_rear_camera/masks/frame_000194_gt2d_000_track_-1_VEHICLE_TRUCK.png,0.9066400527954102
left_rear,194,1772699929613291000,data\camera\left_rear_camera\1772699929613291000.jpg,4000014,4,truck,0.822112,311.0,569.0,478.0,662.0,309.1899108886719,569.4283447265625,475.1168518066406,662.05859375,matched,1,VEHICLE_TRUCK,preprocessed/masks/left_rear_camera/masks/frame_000194_gt2d_001_track_-1_VEHICLE_TRUCK.png,0.9201488494873047
left_rear,195,1772699929713268000,data\camera\left_rear_camera\1772699929713268000.jpg,1000012,1,car,0.55226,523.0,614.0,637.0,668.0,520.0877075195312,615.790771484375,632.1326293945312,668.8659057617188,matched,3,VEHICLE_SUV,preprocessed/masks/left_rear_camera/masks/frame_000195_gt2d_003_track_-1_VEHICLE_SUV.png,0.8938788771629333
left_rear,195,1772699929713268000,data\camera\left_rear_camera\1772699929713268000.jpg,1000013,1,car,0.721086,788.0,637.0,917.0,681.0,786.0126342773438,638.394775390625,915.572509765625,681.8807373046875,matched,2,VEHICLE_CAR,preprocessed/masks/left_rear_camera/masks/frame_000195_gt2d_002_track_-1_VEHICLE_CAR.png,0.8564149141311646
left_rear,195,1772699929713268000,data\camera\left_rear_camera\1772699929713268000.jpg,4000013,4,truck,0.848673,85.0,561.0,233.0,655.0,86.16854858398438,562.9685668945312,232.767822265625,657.0547485351562,matched,0,VEHICLE_TRUCK,preprocessed/masks/left_rear_camera/masks/frame_000195_gt2d_000_track_-1_VEHICLE_TRUCK.png,0.9103025794029236
left_rear,195,1772699929713268000,data\camera\left_rear_camera\1772699929713268000.jpg,4000014,4,truck,0.84169,304.0,567.0,467.0,658.0,303.5753479003906,568.8316040039062,465.65716552734375,659.5233764648438,matched,1,VEHICLE_TRUCK,preprocessed/masks/left_rear_camera/masks/frame_000195_gt2d_001_track_-1_VEHICLE_TRUCK.png,0.9081367254257202
left_rear,196,1772699929813275000,data\camera\left_rear_camera\1772699929813275000.jpg,1000012,1,car,0.490887,510.0,614.0,614.0,661.0,506.6396484375,614.1113891601562,611.433837890625,662.239013671875,matched,3,VEHICLE_SUV,preprocessed/masks/left_rear_camera/masks/frame_000196_gt2d_003_track_-1_VEHICLE_SUV.png,0.9085865020751953
left_rear,196,1772699929813275000,data\camera\left_rear_camera\1772699929813275000.jpg,1000013,1,car,0.649091,776.0,634.0,902.0,676.0,775.2761840820312,634.6264038085938,901.4102783203125,676.8385620117188,matched,2,VEHICLE_CAR,preprocessed/masks/left_rear_camera/masks/frame_000196_gt2d_002_track_-1_VEHICLE_CAR.png,0.809341549873352
left_rear,196,1772699929813275000,data\camera\left_rear_camera\1772699929813275000.jpg,4000013,4,truck,0.819666,77.0,564.0,226.0,656.0,78.88906860351562,563.4833984375,225.76780700683594,655.406005859375,matched,0,VEHICLE_TRUCK,preprocessed/masks/left_rear_camera/masks/frame_000196_gt2d_000_track_-1_VEHICLE_TRUCK.png,0.90282142162323
left_rear,196,1772699929813275000,data\camera\left_rear_camera\1772699929813275000.jpg,4000014,4,truck,0.808912,294.0,567.0,454.0,657.0,294.78460693359375,567.4087524414062,453.681640625,656.8274536132812,matched,1,VEHICLE_TRUCK,preprocessed/masks/left_rear_camera/masks/frame_000196_gt2d_001_track_-1_VEHICLE_TRUCK.png,0.9142701625823975
left_rear,197,1772699929913282000,data\camera\left_rear_camera\1772699929913282000.jpg,1000012,1,car,0.500165,498.0,613.0,597.0,657.0,493.7940673828125,612.751220703125,592.81396484375,657.13427734375,matched,3,VEHICLE_SUV,preprocessed/masks/left_rear_camera/masks/frame_000197_gt2d_003_track_-1_VEHICLE_SUV.png,0.889043927192688
left_rear,197,1772699929913282000,data\camera\left_rear_camera\1772699929913282000.jpg,1000013,1,car,0.702137,763.0,633.0,886.0,674.0,762.1278686523438,632.517333984375,885.1156005859375,673.6198120117188,matched,2,VEHICLE_CAR,preprocessed/masks/left_rear_camera/masks/frame_000197_gt2d_002_track_-1_VEHICLE_CAR.png,0.8370094895362854
left_rear,197,1772699929913282000,data\camera\left_rear_camera\1772699929913282000.jpg,4000013,4,truck,0.836813,74.0,564.0,220.0,652.0,73.39256286621094,563.5299682617188,218.49595642089844,652.0464477539062,matched,1,VEHICLE_TRUCK,preprocessed/masks/left_rear_camera/masks/frame_000197_gt2d_001_track_-1_VEHICLE_TRUCK.png,0.8999555110931396
left_rear,197,1772699929913282000,data\camera\left_rear_camera\1772699929913282000.jpg,4000014,4,truck,0.842772,287.0,566.0,445.0,654.0,286.2158203125,566.0762939453125,442.8320617675781,653.7759399414062,matched,0,VEHICLE_TRUCK,preprocessed/masks/left_rear_camera/masks/frame_000197_gt2d_000_track_-1_VEHICLE_TRUCK.png,0.9121482372283936
left_rear,198,1772699930013276000,data\camera\left_rear_camera\1772699930013276000.jpg,1000012,1,car,0.640898,488.0,611.0,582.0,659.0,485.1300354003906,611.57421875,578.91943359375,657.7102661132812,matched,3,VEHICLE_SUV,preprocessed/masks/left_rear_camera/masks/frame_000198_gt2d_003_track_-1_VEHICLE_SUV.png,0.8723886013031006
left_rear,198,1772699930013276000,data\camera\left_rear_camera\1772699930013276000.jpg,1000013,1,car,0.690813,749.0,630.0,875.0,672.0,750.3299560546875,630.5287475585938,874.378662109375,671.951171875,matched,2,VEHICLE_CAR,preprocessed/masks/left_rear_camera/masks/frame_000198_gt2d_002_track_-1_VEHICLE_CAR.png,0.796671986579895
left_rear,198,1772699930013276000,data\camera\left_rear_camera\1772699930013276000.jpg,4000013,4,truck,0.833157,67.0,563.0,212.0,650.0,68.84383392333984,563.585205078125,212.77337646484375,650.2916870117188,matched,1,VEHICLE_TRUCK,preprocessed/masks/left_rear_camera/masks/frame_000198_gt2d_001_track_-1_VEHICLE_TRUCK.png,0.9045182466506958
left_rear,198,1772699930013276000,data\camera\left_rear_camera\1772699930013276000.jpg,4000014,4,truck,0.877536,281.0,566.0,434.0,653.0,281.3349304199219,566.3326416015625,433.9339904785156,652.8280639648438,matched,0,VEHICLE_TRUCK,preprocessed/masks/left_rear_camera/masks/frame_000198_gt2d_000_track_-1_VEHICLE_TRUCK.png,0.9090040922164917
left_rear,199,1772699930113192000,data\camera\left_rear_camera\1772699930113192000.jpg,-1,4,truck,0.339602,887.0,598.0,999.0,663.0,887.0,598.0,999.0,663.0,unassigned,4,VEHICLE_TRUCK,preprocessed/masks/left_rear_camera/masks/frame_000199_gt2d_004_track_-1_VEHICLE_TRUCK.png,0.8807447552680969
left_rear,199,1772699930113192000,data\camera\left_rear_camera\1772699930113192000.jpg,1000012,1,car,0.738499,470.0,612.0,567.0,661.0,470.2620849609375,611.760986328125,564.6561889648438,659.1533813476562,matched,2,VEHICLE_SUV,preprocessed/masks/left_rear_camera/masks/frame_000199_gt2d_002_track_-1_VEHICLE_SUV.png,0.8567038774490356
left_rear,199,1772699930113192000,data\camera\left_rear_camera\1772699930113192000.jpg,1000013,1,car,0.631221,742.0,632.0,866.0,675.0,741.7691040039062,631.0681762695312,864.9398193359375,673.3041381835938,matched,3,VEHICLE_CAR,preprocessed/masks/left_rear_camera/masks/frame_000199_gt2d_003_track_-1_VEHICLE_CAR.png,0.8319268226623535
left_rear,199,1772699930113192000,data\camera\left_rear_camera\1772699930113192000.jpg,4000013,4,truck,0.812206,63.0,564.0,206.0,649.0,64.6075210571289,564.1195068359375,206.8907928466797,648.91015625,matched,1,VEHICLE_TRUCK,preprocessed/masks/left_rear_camera/masks/frame_000199_gt2d_001_track_-1_VEHICLE_TRUCK.png,0.9124687910079956
left_rear,199,1772699930113192000,data\camera\left_rear_camera\1772699930113192000.jpg,4000014,4,truck,0.875063,275.0,566.0,427.0,654.0,275.742919921875,566.2686767578125,426.4232177734375,653.0944213867188,matched,0,VEHICLE_TRUCK,preprocessed/masks/left_rear_camera/masks/frame_000199_gt2d_000_track_-1_VEHICLE_TRUCK.png,0.9140945076942444
left_rear,200,1772699930213169000,data\camera\left_rear_camera\1772699930213169000.jpg,1000012,1,car,0.53217,460.0,614.0,552.0,660.0,456.9940185546875,614.227783203125,548.2733154296875,660.1276245117188,matched,3,VEHICLE_SUV,preprocessed/masks/left_rear_camera/masks/frame_000200_gt2d_003_track_-1_VEHICLE_SUV.png,0.8429210186004639
left_rear,200,1772699930213169000,data\camera\left_rear_camera\1772699930213169000.jpg,1000013,1,car,0.666056,727.0,633.0,850.0,676.0,727.0657958984375,633.0438232421875,849.3502197265625,675.602783203125,matched,2,VEHICLE_CAR,preprocessed/masks/left_rear_camera/masks/frame_000200_gt2d_002_track_-1_VEHICLE_CAR.png,0.791063666343689
left_rear,200,1772699930213169000,data\camera\left_rear_camera\1772699930213169000.jpg,4000013,4,truck,0.830708,58.0,565.0,199.0,650.0,57.899845123291016,565.976318359375,198.3572235107422,650.1762084960938,matched,1,VEHICLE_TRUCK,preprocessed/masks/left_rear_camera/masks/frame_000200_gt2d_001_track_-1_VEHICLE_TRUCK.png,0.9084504246711731
left_rear,200,1772699930213169000,data\camera\left_rear_camera\1772699930213169000.jpg,4000014,4,truck,0.870244,270.0,568.0,416.0,654.0,268.7034912109375,568.6205444335938,414.79534912109375,654.2924194335938,matched,0,VEHICLE_TRUCK,preprocessed/masks/left_rear_camera/masks/frame_000200_gt2d_000_track_-1_VEHICLE_TRUCK.png,0.9216915965080261
left_rear,201,1772699930313177000,data\camera\left_rear_camera\1772699930313177000.jpg,1000012,1,car,0.684582,448.0,616.0,536.0,661.0,446.0330810546875,615.8911743164062,533.6663208007812,660.6481323242188,matched,2,VEHICLE_SUV,preprocessed/masks/left_rear_camera/masks/frame_000201_gt2d_002_track_-1_VEHICLE_SUV.png,0.8533264398574829
left_rear,201,1772699930313177000,data\camera\left_rear_camera\1772699930313177000.jpg,1000013,1,car,0.651876,714.0,634.0,834.0,675.0,714.6567993164062,633.88134765625,834.6903686523438,675.25341796875,matched,3,VEHICLE_CAR,preprocessed/masks/left_rear_camera/masks/frame_000201_gt2d_003_track_-1_VEHICLE_CAR.png,0.7904658317565918
left_rear,201,1772699930313177000,data\camera\left_rear_camera\1772699930313177000.jpg,4000013,4,truck,0.825507,53.0,568.0,192.0,651.0,53.50292205810547,568.0650634765625,192.06138610839844,650.7807006835938,matched,1,VEHICLE_TRUCK,preprocessed/masks/left_rear_camera/masks/frame_000201_gt2d_001_track_-1_VEHICLE_TRUCK.png,0.8751120567321777
left_rear,201,1772699930313177000,data\camera\left_rear_camera\1772699930313177000.jpg,4000014,4,truck,0.858249,261.0,571.0,406.0,657.0,261.5687255859375,570.88134765625,405.5159912109375,656.2063598632812,matched,0,VEHICLE_TRUCK,preprocessed/masks/left_rear_camera/masks/frame_000201_gt2d_000_track_-1_VEHICLE_TRUCK.png,0.9184366464614868
left_rear,202,1772699930413184000,data\camera\left_rear_camera\1772699930413184000.jpg,1000012,1,car,0.410966,436.0,616.0,524.0,658.0,434.5230407714844,616.3837890625,521.0889282226562,658.7472534179688,matched,3,VEHICLE_SUV,preprocessed/masks/left_rear_camera/masks/frame_000202_gt2d_003_track_-1_VEHICLE_SUV.png,0.863152265548706
left_rear,202,1772699930413184000,data\camera\left_rear_camera\1772699930413184000.jpg,1000013,1,car,0.687638,702.0,632.0,821.0,674.0,702.4298095703125,632.7778930664062,821.0545654296875,674.3978881835938,matched,2,VEHICLE_CAR,preprocessed/masks/left_rear_camera/masks/frame_000202_gt2d_002_track_-1_VEHICLE_CAR.png,0.7961247563362122
left_rear,202,1772699930413184000,data\camera\left_rear_camera\1772699930413184000.jpg,4000013,4,truck,0.799528,49.0,569.0,180.0,650.0,49.29680252075195,569.3671875,181.88235473632812,650.2743530273438,matched,1,VEHICLE_TRUCK,preprocessed/masks/left_rear_camera/masks/frame_000202_gt2d_001_track_-1_VEHICLE_TRUCK.png,0.8724281191825867
left_rear,202,1772699930413184000,data\camera\left_rear_camera\1772699930413184000.jpg,4000014,4,truck,0.805029,254.0,571.0,396.0,653.0,254.4460906982422,571.5901489257812,395.74957275390625,654.1658935546875,matched,0,VEHICLE_TRUCK,preprocessed/masks/left_rear_camera/masks/frame_000202_gt2d_000_track_-1_VEHICLE_TRUCK.png,0.9329352974891663
left_rear,203,1772699930513192000,data\camera\left_rear_camera\1772699930513192000.jpg,1000012,1,car,0.449406,428.0,615.0,509.0,654.0,425.88800048828125,615.1107177734375,507.4093017578125,654.6185302734375,matched,3,VEHICLE_SUV,preprocessed/masks/left_rear_camera/masks/frame_000203_gt2d_003_track_-1_VEHICLE_SUV.png,0.8590380549430847
left_rear,203,1772699930513192000,data\camera\left_rear_camera\1772699930513192000.jpg,1000013,1,car,0.645286,691.0,631.0,800.0,669.0,691.3582763671875,630.9488525390625,802.8131713867188,670.009765625,matched,2,VEHICLE_CAR,preprocessed/masks/left_rear_camera/masks/frame_000203_gt2d_002_track_-1_VEHICLE_CAR.png,0.6290667057037354
left_rear,203,1772699930513192000,data\camera\left_rear_camera\1772699930513192000.jpg,4000013,4,truck,0.708353,49.0,569.0,176.0,648.0,48.28240203857422,569.0335693359375,176.07366943359375,648.0104370117188,matched,1,VEHICLE_TRUCK,preprocessed/masks/left_rear_camera/masks/frame_000203_gt2d_001_track_-1_VEHICLE_TRUCK.png,0.8805667161941528
left_rear,203,1772699930513192000,data\camera\left_rear_camera\1772699930513192000.jpg,4000014,4,truck,0.805021,247.0,571.0,383.0,654.0,247.72361755371094,571.0382690429688,384.16168212890625,653.3502807617188,matched,0,VEHICLE_TRUCK,preprocessed/masks/left_rear_camera/masks/frame_000203_gt2d_000_track_-1_VEHICLE_TRUCK.png,0.9316457509994507
left_rear,204,1772699930613168000,data\camera\left_rear_camera\1772699930613168000.jpg,1000012,1,car,0.350073,433.0,616.0,495.0,649.0,426.287841796875,615.5452880859375,492.9302062988281,649.9314575195312,matched,3,VEHICLE_SUV,preprocessed/masks/left_rear_camera/masks/frame_000204_gt2d_003_track_-1_VEHICLE_SUV.png,0.9002588391304016
left_rear,204,1772699930613168000,data\camera\left_rear_camera\1772699930613168000.jpg,1000013,1,car,0.534999,680.0,631.0,792.0,670.0,679.4813842773438,630.5096435546875,790.4625854492188,669.310546875,matched,2,VEHICLE_CAR,preprocessed/masks/left_rear_camera/masks/frame_000204_gt2d_002_track_-1_VEHICLE_CAR.png,0.6907064914703369
left_rear,204,1772699930613168000,data\camera\left_rear_camera\1772699930613168000.jpg,4000013,4,truck,0.760277,45.0,571.0,169.0,649.0,44.46901321411133,570.4197387695312,168.62213134765625,648.1014404296875,matched,1,VEHICLE_TRUCK,preprocessed/masks/left_rear_camera/masks/frame_000204_gt2d_001_track_-1_VEHICLE_TRUCK.png,0.9036532640457153
left_rear,204,1772699930613168000,data\camera\left_rear_camera\1772699930613168000.jpg,4000014,4,truck,0.849808,239.0,574.0,375.0,653.0,239.2346649169922,573.0099487304688,374.09429931640625,652.5917358398438,matched,0,VEHICLE_TRUCK,preprocessed/masks/left_rear_camera/masks/frame_000204_gt2d_000_track_-1_VEHICLE_TRUCK.png,0.9262338280677795
left_rear,205,1772699930713176000,data\camera\left_rear_camera\1772699930713176000.jpg,1000012,1,car,0.51102,414.0,618.0,474.0,649.0,413.05511474609375,617.9476928710938,473.3200988769531,649.2366333007812,matched,3,VEHICLE_SUV,preprocessed/masks/left_rear_camera/masks/frame_000205_gt2d_003_track_-1_VEHICLE_SUV.png,0.8715674877166748
left_rear,205,1772699930713176000,data\camera\left_rear_camera\1772699930713176000.jpg,1000013,1,car,0.547214,675.0,632.0,785.0,670.0,671.3153686523438,631.96337890625,780.84716796875,670.0169067382812,matched,2,VEHICLE_CAR,preprocessed/masks/left_rear_camera/masks/frame_000205_gt2d_002_track_-1_VEHICLE_CAR.png,0.6235849857330322
left_rear,205,1772699930713176000,data\camera\left_rear_camera\1772699930713176000.jpg,4000013,4,truck,0.696058,40.0,572.0,165.0,650.0,38.9377555847168,572.4734497070312,162.60882568359375,649.7652587890625,matched,1,VEHICLE_TRUCK,preprocessed/masks/left_rear_camera/masks/frame_000205_gt2d_001_track_-1_VEHICLE_TRUCK.png,0.889295220375061
left_rear,205,1772699930713176000,data\camera\left_rear_camera\1772699930713176000.jpg,4000014,4,truck,0.845146,234.0,575.0,369.0,655.0,232.13427734375,575.302734375,365.8930969238281,654.6290283203125,matched,0,VEHICLE_TRUCK,preprocessed/masks/left_rear_camera/masks/frame_000205_gt2d_000_track_-1_VEHICLE_TRUCK.png,0.9239720106124878
left_rear,206,1772699930813183000,data\camera\left_rear_camera\1772699930813183000.jpg,-1,4,truck,0.308578,63.0,574.0,230.0,655.0,63.0,574.0,230.0,655.0,unassigned,4,VEHICLE_TRUCK,preprocessed/masks/left_rear_camera/masks/frame_000206_gt2d_004_track_-1_VEHICLE_TRUCK.png,0.807857871055603
left_rear,206,1772699930813183000,data\camera\left_rear_camera\1772699930813183000.jpg,1000012,1,car,0.542838,399.0,620.0,459.0,651.0,398.1549987792969,620.206787109375,456.7313537597656,650.6204833984375,matched,2,VEHICLE_SUV,preprocessed/masks/left_rear_camera/masks/frame_000206_gt2d_002_track_-1_VEHICLE_SUV.png,0.8891603350639343
left_rear,206,1772699930813183000,data\camera\left_rear_camera\1772699930813183000.jpg,1000013,1,car,0.477975,675.0,635.0,777.0,671.0,668.4403686523438,634.6366577148438,772.13037109375,671.091552734375,matched,3,VEHICLE_SUV,preprocessed/masks/left_rear_camera/masks/frame_000206_gt2d_003_track_-1_VEHICLE_SUV.png,0.5750091075897217
left_rear,206,1772699930813183000,data\camera\left_rear_camera\1772699930813183000.jpg,4000013,4,truck,0.554453,36.0,575.0,169.0,652.0,33.962406158447266,575.3017578125,162.9858856201172,651.8455810546875,matched,1,VEHICLE_TRUCK,preprocessed/masks/left_rear_camera/masks/frame_000206_gt2d_001_track_-1_VEHICLE_TRUCK.png,0.8999172449111938
left_rear,206,1772699930813183000,data\camera\left_rear_camera\1772699930813183000.jpg,4000014,4,truck,0.81926,231.0,578.0,361.0,655.0,227.4044952392578,578.22412109375,357.52294921875,655.4927368164062,matched,0,VEHICLE_TRUCK,preprocessed/masks/left_rear_camera/masks/frame_000206_gt2d_000_track_-1_VEHICLE_TRUCK.png,0.9157754182815552
left_rear,207,1772699930913191000,data\camera\left_rear_camera\1772699930913191000.jpg,1000012,1,car,0.572424,392.0,621.0,462.0,654.0,386.9046630859375,621.6487426757812,452.301025390625,653.2763671875,matched,2,VEHICLE_SUV,preprocessed/masks/left_rear_camera/masks/frame_000207_gt2d_002_track_-1_VEHICLE_SUV.png,0.8886642456054688
left_rear,207,1772699930913191000,data\camera\left_rear_camera\1772699930913191000.jpg,1000013,1,car,0.650338,656.0,635.0,765.0,672.0,652.9213256835938,635.6256103515625,759.406494140625,672.2091674804688,matched,1,VEHICLE_CAR,preprocessed/masks/left_rear_camera/masks/frame_000207_gt2d_001_track_-1_VEHICLE_CAR.png,0.6884883642196655
left_rear,207,1772699930913191000,data\camera\left_rear_camera\1772699930913191000.jpg,4000013,4,truck,0.472897,36.0,577.0,168.0,653.0,29.842741012573242,577.65234375,160.19161987304688,653.3164672851562,matched,3,VEHICLE_TRUCK,preprocessed/masks/left_rear_camera/masks/frame_000207_gt2d_003_track_-1_VEHICLE_TRUCK.png,0.8708852529525757
left_rear,207,1772699930913191000,data\camera\left_rear_camera\1772699930913191000.jpg,4000014,4,truck,0.840813,226.0,581.0,353.0,657.0,220.46266174316406,581.2825317382812,347.3652648925781,657.1843872070312,matched,0,VEHICLE_TRUCK,preprocessed/masks/left_rear_camera/masks/frame_000207_gt2d_000_track_-1_VEHICLE_TRUCK.png,0.9226127862930298
left_rear,208,1772699931013154000,data\camera\left_rear_camera\1772699931013154000.jpg,-1,4,truck,0.308903,381.0,597.0,472.0,651.0,381.0,597.0,472.0,651.0,unassigned,4,VEHICLE_TRUCK,preprocessed/masks/left_rear_camera/masks/frame_000208_gt2d_004_track_-1_VEHICLE_TRUCK.png,0.8675776720046997
left_rear,208,1772699931013154000,data\camera\left_rear_camera\1772699931013154000.jpg,1000012,1,car,0.310358,382.0,621.0,450.0,651.0,381.16900634765625,621.3684692382812,447.3630676269531,651.377197265625,matched,3,VEHICLE_SUV,preprocessed/masks/left_rear_camera/masks/frame_000208_gt2d_003_track_-1_VEHICLE_SUV.png,0.8409923315048218
left_rear,208,1772699931013154000,data\camera\left_rear_camera\1772699931013154000.jpg,1000013,1,car,0.618542,650.0,634.0,754.0,671.0,648.6895751953125,634.5040893554688,752.8419189453125,671.1539306640625,matched,1,VEHICLE_CAR,preprocessed/masks/left_rear_camera/masks/frame_000208_gt2d_001_track_-1_VEHICLE_CAR.png,0.7369755506515503
left_rear,208,1772699931013154000,data\camera\left_rear_camera\1772699931013154000.jpg,4000013,4,truck,0.520802,33.0,576.0,163.0,652.0,31.88208770751953,576.95703125,161.49049377441406,652.3624877929688,matched,2,VEHICLE_TRUCK,preprocessed/masks/left_rear_camera/masks/frame_000208_gt2d_002_track_-1_VEHICLE_TRUCK.png,0.8951758146286011
left_rear,208,1772699931013154000,data\camera\left_rear_camera\1772699931013154000.jpg,4000014,4,truck,0.871944,220.0,581.0,345.0,655.0,219.28146362304688,581.5211791992188,343.80523681640625,655.6357421875,matched,0,VEHICLE_TRUCK,preprocessed/masks/left_rear_camera/masks/frame_000208_gt2d_000_track_-1_VEHICLE_TRUCK.png,0.9434583783149719
left_rear,209,1772699931113284000,data\camera\left_rear_camera\1772699931113284000.jpg,1000012,1,car,0.424978,375.0,621.0,443.0,652.0,374.9326477050781,620.915283203125,441.6037292480469,651.1412963867188,matched,3,VEHICLE_SUV,preprocessed/masks/left_rear_camera/masks/frame_000209_gt2d_003_track_-1_VEHICLE_SUV.png,0.8793551921844482
left_rear,209,1772699931113284000,data\camera\left_rear_camera\1772699931113284000.jpg,1000013,1,car,0.609843,637.0,634.0,745.0,671.0,638.9173583984375,633.7481689453125,745.0055541992188,670.4472045898438,matched,1,VEHICLE_CAR,preprocessed/masks/left_rear_camera/masks/frame_000209_gt2d_001_track_-1_VEHICLE_CAR.png,0.7609596252441406
left_rear,209,1772699931113284000,data\camera\left_rear_camera\1772699931113284000.jpg,4000013,4,truck,0.551085,29.0,575.0,167.0,651.0,30.25325584411621,575.6395263671875,164.9779052734375,651.0046997070312,matched,2,VEHICLE_TRUCK,preprocessed/masks/left_rear_camera/masks/frame_000209_gt2d_002_track_-1_VEHICLE_TRUCK.png,0.9051479697227478
left_rear,209,1772699931113284000,data\camera\left_rear_camera\1772699931113284000.jpg,4000014,4,truck,0.86614,215.0,581.0,338.0,655.0,215.81471252441406,581.2130126953125,338.257080078125,654.7425537109375,matched,0,VEHICLE_TRUCK,preprocessed/masks/left_rear_camera/masks/frame_000209_gt2d_000_track_-1_VEHICLE_TRUCK.png,0.9377603530883789
left_rear,210,1772699931213261000,data\camera\left_rear_camera\1772699931213261000.jpg,1000012,1,car,0.555467,363.0,622.0,436.0,654.0,365.06158447265625,621.7607421875,435.3707580566406,652.7852172851562,matched,3,VEHICLE_SUV,preprocessed/masks/left_rear_camera/masks/frame_000210_gt2d_003_track_-1_VEHICLE_SUV.png,0.8521651029586792
left_rear,210,1772699931213261000,data\camera\left_rear_camera\1772699931213261000.jpg,1000013,1,car,0.622715,629.0,635.0,735.0,672.0,630.4701538085938,634.4992065429688,735.9781494140625,671.2379150390625,matched,1,VEHICLE_CAR,preprocessed/masks/left_rear_camera/masks/frame_000210_gt2d_001_track_-1_VEHICLE_CAR.png,0.6658030152320862
left_rear,210,1772699931213261000,data\camera\left_rear_camera\1772699931213261000.jpg,4000013,4,truck,0.60788,24.0,575.0,165.0,652.0,26.624401092529297,575.46826171875,165.22076416015625,651.5374145507812,matched,2,VEHICLE_TRUCK,preprocessed/masks/left_rear_camera/masks/frame_000210_gt2d_002_track_-1_VEHICLE_TRUCK.png,0.8976185917854309
left_rear,210,1772699931213261000,data\camera\left_rear_camera\1772699931213261000.jpg,4000014,4,truck,0.854314,206.0,582.0,331.0,656.0,208.76295471191406,582.0791625976562,331.9426574707031,655.4535522460938,matched,0,VEHICLE_TRUCK,preprocessed/masks/left_rear_camera/masks/frame_000210_gt2d_000_track_-1_VEHICLE_TRUCK.png,0.9121012687683105
left_rear,211,1772699931313268000,data\camera\left_rear_camera\1772699931313268000.jpg,1000012,1,car,0.495527,357.0,622.0,425.0,654.0,357.39215087890625,621.9915161132812,425.7623291015625,653.337890625,matched,2,VEHICLE_SUV,preprocessed/masks/left_rear_camera/masks/frame_000211_gt2d_002_track_-1_VEHICLE_SUV.png,0.8666548132896423
left_rear,211,1772699931313268000,data\camera\left_rear_camera\1772699931313268000.jpg,1000013,1,car,0.704298,624.0,635.0,724.0,670.0,623.9448852539062,634.7262573242188,725.2904052734375,670.1638793945312,matched,1,VEHICLE_CAR,preprocessed/masks/left_rear_camera/masks/frame_000211_gt2d_001_track_-1_VEHICLE_CAR.png,0.727592945098877
left_rear,211,1772699931313268000,data\camera\left_rear_camera\1772699931313268000.jpg,4000013,4,truck,0.399021,22.0,578.0,139.0,653.0,23.617752075195312,577.3131713867188,148.0563507080078,652.3511962890625,matched,3,VEHICLE_TRUCK,preprocessed/masks/left_rear_camera/masks/frame_000211_gt2d_003_track_-1_VEHICLE_TRUCK.png,0.9307458996772766
left_rear,211,1772699931313268000,data\camera\left_rear_camera\1772699931313268000.jpg,4000014,4,truck,0.857765,201.0,583.0,324.0,656.0,202.65213012695312,582.9688110351562,324.85137939453125,655.6681518554688,matched,0,VEHICLE_TRUCK,preprocessed/masks/left_rear_camera/masks/frame_000211_gt2d_000_track_-1_VEHICLE_TRUCK.png,0.9159703254699707
left_rear,212,1772699931413276000,data\camera\left_rear_camera\1772699931413276000.jpg,1000012,1,car,0.49462,349.0,622.0,420.0,651.0,349.16290283203125,622.1536865234375,418.8726806640625,651.6439819335938,matched,3,VEHICLE_SUV,preprocessed/masks/left_rear_camera/masks/frame_000212_gt2d_003_track_-1_VEHICLE_SUV.png,0.8670471906661987
left_rear,212,1772699931413276000,data\camera\left_rear_camera\1772699931413276000.jpg,1000013,1,car,0.722038,613.0,634.0,714.0,670.0,614.1029052734375,634.236572265625,714.64599609375,669.8837280273438,matched,1,VEHICLE_CAR,preprocessed/masks/left_rear_camera/masks/frame_000212_gt2d_001_track_-1_VEHICLE_CAR.png,0.6832892894744873
left_rear,212,1772699931413276000,data\camera\left_rear_camera\1772699931413276000.jpg,4000013,4,truck,0.495205,9.0,580.0,124.0,652.0,13.207438468933105,579.4093017578125,130.64913940429688,652.0947875976562,matched,2,VEHICLE_TRUCK,preprocessed/masks/left_rear_camera/masks/frame_000212_gt2d_002_track_-1_VEHICLE_TRUCK.png,0.9239417910575867
left_rear,212,1772699931413276000,data\camera\left_rear_camera\1772699931413276000.jpg,4000014,4,truck,0.866232,198.0,582.0,317.0,655.0,198.2003631591797,582.6765747070312,317.4560852050781,655.1798095703125,matched,0,VEHICLE_TRUCK,preprocessed/masks/left_rear_camera/masks/frame_000212_gt2d_000_track_-1_VEHICLE_TRUCK.png,0.9214516878128052
left_rear,213,1772699931513283000,data\camera\left_rear_camera\1772699931513283000.jpg,-1,4,truck,0.352559,46.0,581.0,133.0,651.0,46.0,581.0,133.0,651.0,unassigned,4,VEHICLE_TRUCK,preprocessed/masks/left_rear_camera/masks/frame_000213_gt2d_004_track_-1_VEHICLE_TRUCK.png,0.8596642017364502
left_rear,213,1772699931513283000,data\camera\left_rear_camera\1772699931513283000.jpg,1000012,1,car,0.583235,340.0,622.0,407.0,650.0,340.63616943359375,622.1578979492188,408.21136474609375,650.3177490234375,matched,2,VEHICLE_SUV,preprocessed/masks/left_rear_camera/masks/frame_000213_gt2d_002_track_-1_VEHICLE_SUV.png,0.8608360886573792
left_rear,213,1772699931513283000,data\camera\left_rear_camera\1772699931513283000.jpg,1000013,1,car,0.661185,605.0,633.0,706.0,669.0,605.6412353515625,633.36474609375,705.951904296875,669.1016845703125,matched,1,VEHICLE_CAR,preprocessed/masks/left_rear_camera/masks/frame_000213_gt2d_001_track_-1_VEHICLE_CAR.png,0.6460845470428467
left_rear,213,1772699931513283000,data\camera\left_rear_camera\1772699931513283000.jpg,4000013,4,truck,0.451442,2.0,580.0,131.0,652.0,5.02137565612793,580.1182250976562,129.68402099609375,651.975341796875,matched,3,VEHICLE_TRUCK,preprocessed/masks/left_rear_camera/masks/frame_000213_gt2d_003_track_-1_VEHICLE_TRUCK.png,0.8765490651130676
left_rear,213,1772699931513283000,data\camera\left_rear_camera\1772699931513283000.jpg,4000014,4,truck,0.858226,194.0,582.0,310.0,654.0,194.24720764160156,582.50146484375,310.4972839355469,654.3074951171875,matched,0,VEHICLE_TRUCK,preprocessed/masks/left_rear_camera/masks/frame_000213_gt2d_000_track_-1_VEHICLE_TRUCK.png,0.9178903698921204
left_rear,214,1772699931613291000,data\camera\left_rear_camera\1772699931613291000.jpg,-1,4,truck,0.321119,756.0,602.0,870.0,660.0,756.0,602.0,870.0,660.0,unassigned,4,VEHICLE_TRUCK,preprocessed/masks/left_rear_camera/masks/frame_000214_gt2d_004_track_-1_VEHICLE_TRUCK.png,0.8332056403160095
left_rear,214,1772699931613291000,data\camera\left_rear_camera\1772699931613291000.jpg,1000012,1,car,0.351367,336.0,621.0,400.0,649.0,334.91815185546875,620.9074096679688,399.7176513671875,648.6405029296875,matched,3,VEHICLE_SUV,preprocessed/masks/left_rear_camera/masks/frame_000214_gt2d_003_track_-1_VEHICLE_SUV.png,0.8398169279098511
left_rear,214,1772699931613291000,data\camera\left_rear_camera\1772699931613291000.jpg,1000013,1,car,0.682933,596.0,632.0,698.0,669.0,596.5979614257812,631.7904052734375,697.55322265625,668.2433471679688,matched,1,VEHICLE_CAR,preprocessed/masks/left_rear_camera/masks/frame_000214_gt2d_001_track_-1_VEHICLE_CAR.png,0.6545461416244507
left_rear,214,1772699931613291000,data\camera\left_rear_camera\1772699931613291000.jpg,4000013,4,truck,0.567925,1.0,582.0,129.0,650.0,1.3708752393722534,581.1074829101562,127.86187744140625,650.0145874023438,matched,2,VEHICLE_TRUCK,preprocessed/masks/left_rear_camera/masks/frame_000214_gt2d_002_track_-1_VEHICLE_TRUCK.png,0.9158264994621277
left_rear,214,1772699931613291000,data\camera\left_rear_camera\1772699931613291000.jpg,4000014,4,truck,0.875204,189.0,582.0,306.0,654.0,189.39340209960938,581.8207397460938,305.33355712890625,653.4130859375,matched,0,VEHICLE_TRUCK,preprocessed/masks/left_rear_camera/masks/frame_000214_gt2d_000_track_-1_VEHICLE_TRUCK.png,0.9284043312072754
left_rear,215,1772699931713268000,data\camera\left_rear_camera\1772699931713268000.jpg,-1,4,truck,0.360984,751.0,603.0,861.0,662.0,751.0,603.0,861.0,662.0,unassigned,4,VEHICLE_TRUCK,preprocessed/masks/left_rear_camera/masks/frame_000215_gt2d_004_track_-1_VEHICLE_TRUCK.png,0.8627949953079224
left_rear,215,1772699931713268000,data\camera\left_rear_camera\1772699931713268000.jpg,1000012,1,car,0.531832,348.0,622.0,393.0,648.0,341.6494445800781,621.5598754882812,392.580810546875,647.8099975585938,matched,2,VEHICLE_SUV,preprocessed/masks/left_rear_camera/masks/frame_000215_gt2d_002_track_-1_VEHICLE_SUV.png,0.9152217507362366
left_rear,215,1772699931713268000,data\camera\left_rear_camera\1772699931713268000.jpg,1000013,1,car,0.694537,586.0,633.0,690.0,670.0,587.2033081054688,632.313232421875,689.7801513671875,669.0430908203125,matched,1,VEHICLE_CAR,preprocessed/masks/left_rear_camera/masks/frame_000215_gt2d_001_track_-1_VEHICLE_CAR.png,0.7559789419174194
left_rear,215,1772699931713268000,data\camera\left_rear_camera\1772699931713268000.jpg,4000013,4,truck,0.426689,0.0,583.0,123.0,652.0,-0.2273116260766983,582.5584716796875,123.71420288085938,651.10888671875,matched,3,VEHICLE_TRUCK,preprocessed/masks/left_rear_camera/masks/frame_000215_gt2d_003_track_-1_VEHICLE_TRUCK.png,0.9255848526954651
left_rear,215,1772699931713268000,data\camera\left_rear_camera\1772699931713268000.jpg,4000014,4,truck,0.868409,186.0,584.0,300.0,655.0,186.0819549560547,583.3208618164062,299.974853515625,654.2040405273438,matched,0,VEHICLE_TRUCK,preprocessed/masks/left_rear_camera/masks/frame_000215_gt2d_000_track_-1_VEHICLE_TRUCK.png,0.9347451329231262
left_rear,216,1772699931813275000,data\camera\left_rear_camera\1772699931813275000.jpg,-1,4,truck,0.354945,740.0,603.0,851.0,661.0,740.0,603.0,851.0,661.0,unassigned,4,VEHICLE_TRUCK,preprocessed/masks/left_rear_camera/masks/frame_000216_gt2d_004_track_-1_VEHICLE_TRUCK.png,0.8420472145080566
left_rear,216,1772699931813275000,data\camera\left_rear_camera\1772699931813275000.jpg,1000012,1,car,0.551339,333.0,622.0,385.0,649.0,332.986572265625,622.1885986328125,383.982666015625,648.6478271484375,matched,2,VEHICLE_SUV,preprocessed/masks/left_rear_camera/masks/frame_000216_gt2d_002_track_-1_VEHICLE_SUV.png,0.8874014616012573
left_rear,216,1772699931813275000,data\camera\left_rear_camera\1772699931813275000.jpg,1000013,1,car,0.716403,582.0,633.0,682.0,669.0,580.0820922851562,632.959228515625,680.6539306640625,669.1428833007812,matched,1,VEHICLE_CAR,preprocessed/masks/left_rear_camera/masks/frame_000216_gt2d_001_track_-1_VEHICLE_CAR.png,0.7973623275756836
left_rear,216,1772699931813275000,data\camera\left_rear_camera\1772699931813275000.jpg,4000013,4,truck,0.455115,38.0,586.0,127.0,650.0,23.470619201660156,585.48193359375,123.7490005493164,650.5777587890625,matched,3,VEHICLE_TRUCK,preprocessed/masks/left_rear_camera/masks/frame_000216_gt2d_003_track_-1_VEHICLE_TRUCK.png,0.9071873426437378
left_rear,216,1772699931813275000,data\camera\left_rear_camera\1772699931813275000.jpg,4000014,4,truck,0.856585,181.0,585.0,297.0,655.0,180.45388793945312,584.947021484375,295.0426025390625,654.9358520507812,matched,0,VEHICLE_TRUCK,preprocessed/masks/left_rear_camera/masks/frame_000216_gt2d_000_track_-1_VEHICLE_TRUCK.png,0.9394491910934448
left_rear,217,1772699931913282000,data\camera\left_rear_camera\1772699931913282000.jpg,-1,4,truck,0.335632,741.0,604.0,843.0,661.0,741.0,604.0,843.0,661.0,unassigned,4,VEHICLE_TRUCK,preprocessed/masks/left_rear_camera/masks/frame_000217_gt2d_004_track_-1_VEHICLE_TRUCK.png,0.8768467903137207
left_rear,217,1772699931913282000,data\camera\left_rear_camera\1772699931913282000.jpg,1000012,1,car,0.652567,323.0,621.0,381.0,653.0,323.70452880859375,621.7501831054688,378.853759765625,651.6978149414062,matched,2,VEHICLE_SUV,preprocessed/masks/left_rear_camera/masks/frame_000217_gt2d_002_track_-1_VEHICLE_SUV.png,0.8924137949943542
left_rear,217,1772699931913282000,data\camera\left_rear_camera\1772699931913282000.jpg,1000013,1,car,0.658135,577.0,632.0,674.0,667.0,574.9037475585938,632.5626220703125,672.7503662109375,667.8817749023438,matched,1,VEHICLE_CAR,preprocessed/masks/left_rear_camera/masks/frame_000217_gt2d_001_track_-1_VEHICLE_CAR.png,0.7744691371917725
left_rear,217,1772699931913282000,data\camera\left_rear_camera\1772699931913282000.jpg,4000013,4,truck,0.416821,37.0,586.0,125.0,649.0,32.960941314697266,586.5099487304688,123.35808563232422,649.7053833007812,matched,3,VEHICLE_TRUCK,preprocessed/masks/left_rear_camera/masks/frame_000217_gt2d_003_track_-1_VEHICLE_TRUCK.png,0.8954103589057922
left_rear,217,1772699931913282000,data\camera\left_rear_camera\1772699931913282000.jpg,4000014,4,truck,0.826161,178.0,584.0,292.0,655.0,176.96092224121094,584.8657836914062,290.53411865234375,655.2313842773438,matched,0,VEHICLE_TRUCK,preprocessed/masks/left_rear_camera/masks/frame_000217_gt2d_000_track_-1_VEHICLE_TRUCK.png,0.9409877061843872
left_rear,218,1772699932013276000,data\camera\left_rear_camera\1772699932013276000.jpg,-1,4,truck,0.329722,744.0,603.0,858.0,661.0,744.0,603.0,858.0,661.0,unassigned,4,VEHICLE_TRUCK,preprocessed/masks/left_rear_camera/masks/frame_000218_gt2d_004_track_-1_VEHICLE_TRUCK.png,0.8772660493850708
left_rear,218,1772699932013276000,data\camera\left_rear_camera\1772699932013276000.jpg,1000012,1,car,0.43792,318.0,622.0,374.0,649.0,318.03839111328125,621.67529296875,373.2964172363281,649.6334228515625,matched,3,VEHICLE_SUV,preprocessed/masks/left_rear_camera/masks/frame_000218_gt2d_003_track_-1_VEHICLE_SUV.png,0.9179896116256714
left_rear,218,1772699932013276000,data\camera\left_rear_camera\1772699932013276000.jpg,1000013,1,car,0.673225,569.0,632.0,670.0,669.0,568.7718505859375,631.8577880859375,668.3453979492188,668.2042846679688,matched,1,VEHICLE_CAR,preprocessed/masks/left_rear_camera/masks/frame_000218_gt2d_001_track_-1_VEHICLE_CAR.png,0.7534227967262268
left_rear,218,1772699932013276000,data\camera\left_rear_camera\1772699932013276000.jpg,4000013,4,truck,0.47776,35.0,585.0,123.0,649.0,35.1611328125,585.6057739257812,122.5938491821289,648.8659057617188,matched,2,VEHICLE_TRUCK,preprocessed/masks/left_rear_camera/masks/frame_000218_gt2d_002_track_-1_VEHICLE_TRUCK.png,0.9119911789894104
left_rear,218,1772699932013276000,data\camera\left_rear_camera\1772699932013276000.jpg,4000014,4,truck,0.734079,174.0,585.0,287.0,655.0,173.98321533203125,584.9148559570312,286.5877685546875,654.782470703125,matched,0,VEHICLE_TRUCK,preprocessed/masks/left_rear_camera/masks/frame_000218_gt2d_000_track_-1_VEHICLE_TRUCK.png,0.9409272074699402
left_rear,219,1772699932113192000,data\camera\left_rear_camera\1772699932113192000.jpg,1000012,1,car,0.559799,309.0,622.0,368.0,652.0,310.4630432128906,621.872314453125,367.8610534667969,651.0656127929688,matched,2,VEHICLE_SUV,preprocessed/masks/left_rear_camera/masks/frame_000219_gt2d_002_track_-1_VEHICLE_SUV.png,0.9115023612976074
left_rear,219,1772699932113192000,data\camera\left_rear_camera\1772699932113192000.jpg,1000013,1,car,0.652564,566.0,632.0,659.0,666.0,565.0772705078125,631.8003540039062,660.0025024414062,666.5531616210938,matched,1,VEHICLE_CAR,preprocessed/masks/left_rear_camera/masks/frame_000219_gt2d_001_track_-1_VEHICLE_CAR.png,0.7266263961791992
left_rear,219,1772699932113192000,data\camera\left_rear_camera\1772699932113192000.jpg,4000013,4,truck,0.496209,34.0,585.0,123.0,648.0,35.402137756347656,585.440673828125,122.70283508300781,648.0958251953125,matched,3,VEHICLE_TRUCK,preprocessed/masks/left_rear_camera/masks/frame_000219_gt2d_003_track_-1_VEHICLE_TRUCK.png,0.9247323274612427
left_rear,219,1772699932113192000,data\camera\left_rear_camera\1772699932113192000.jpg,4000014,4,truck,0.841309,171.0,586.0,282.0,654.0,171.33401489257812,585.7783813476562,282.30975341796875,654.1563110351562,matched,0,VEHICLE_TRUCK,preprocessed/masks/left_rear_camera/masks/frame_000219_gt2d_000_track_-1_VEHICLE_TRUCK.png,0.9276822805404663
left_rear,220,1772699932213169000,data\camera\left_rear_camera\1772699932213169000.jpg,1000012,1,car,0.519624,302.0,622.0,363.0,653.0,302.8417053222656,622.0950927734375,362.374267578125,652.3820190429688,matched,2,VEHICLE_SUV,preprocessed/masks/left_rear_camera/masks/frame_000220_gt2d_002_track_-1_VEHICLE_SUV.png,0.8891392946243286
left_rear,220,1772699932213169000,data\camera\left_rear_camera\1772699932213169000.jpg,1000013,1,car,0.596209,559.0,632.0,653.0,665.0,558.9207153320312,631.9503784179688,652.7994995117188,665.4217529296875,matched,1,VEHICLE_CAR,preprocessed/masks/left_rear_camera/masks/frame_000220_gt2d_001_track_-1_VEHICLE_CAR.png,0.6863656044006348
left_rear,220,1772699932213169000,data\camera\left_rear_camera\1772699932213169000.jpg,4000013,4,truck,0.380064,34.0,584.0,118.0,649.0,35.050865173339844,584.8182983398438,118.98371887207031,648.6571655273438,matched,3,VEHICLE_TRUCK,preprocessed/masks/left_rear_camera/masks/frame_000220_gt2d_003_track_-1_VEHICLE_TRUCK.png,0.9185494780540466
left_rear,220,1772699932213169000,data\camera\left_rear_camera\1772699932213169000.jpg,4000014,4,truck,0.741573,169.0,586.0,279.0,656.0,168.75701904296875,586.2280883789062,278.5284423828125,655.4263916015625,matched,0,VEHICLE_TRUCK,preprocessed/masks/left_rear_camera/masks/frame_000220_gt2d_000_track_-1_VEHICLE_TRUCK.png,0.9346722364425659
left_rear,221,1772699932313177000,data\camera\left_rear_camera\1772699932313177000.jpg,1000012,1,car,0.485589,295.0,622.0,357.0,652.0,295.87091064453125,622.0693969726562,356.8877868652344,652.1275024414062,matched,2,VEHICLE_SUV,preprocessed/masks/left_rear_camera/masks/frame_000221_gt2d_002_track_-1_VEHICLE_SUV.png,0.8956881761550903
left_rear,221,1772699932313177000,data\camera\left_rear_camera\1772699932313177000.jpg,1000013,1,car,0.628502,553.0,632.0,651.0,666.0,553.1572875976562,631.91259765625,649.3900756835938,665.605712890625,matched,1,VEHICLE_CAR,preprocessed/masks/left_rear_camera/masks/frame_000221_gt2d_001_track_-1_VEHICLE_CAR.png,0.7484939098358154
left_rear,221,1772699932313177000,data\camera\left_rear_camera\1772699932313177000.jpg,4000013,4,truck,0.420568,31.0,587.0,117.0,649.0,32.979896545410156,586.46630859375,117.29959869384766,648.771728515625,matched,3,VEHICLE_TRUCK,preprocessed/masks/left_rear_camera/masks/frame_000221_gt2d_003_track_-1_VEHICLE_TRUCK.png,0.9279495477676392
left_rear,221,1772699932313177000,data\camera\left_rear_camera\1772699932313177000.jpg,4000014,4,truck,0.758162,165.0,587.0,276.0,656.0,165.52735900878906,586.935791015625,275.5920104980469,655.7919311523438,matched,0,VEHICLE_TRUCK,preprocessed/masks/left_rear_camera/masks/frame_000221_gt2d_000_track_-1_VEHICLE_TRUCK.png,0.9206490516662598
left_rear,222,1772699932413184000,data\camera\left_rear_camera\1772699932413184000.jpg,1000012,1,car,0.49705,291.0,622.0,349.0,651.0,290.8128662109375,622.0614013671875,349.7926940917969,651.376220703125,matched,2,VEHICLE_SUV,preprocessed/masks/left_rear_camera/masks/frame_000222_gt2d_002_track_-1_VEHICLE_SUV.png,0.9150366187095642
left_rear,222,1772699932413184000,data\camera\left_rear_camera\1772699932413184000.jpg,1000013,1,car,0.583496,550.0,632.0,651.0,666.0,549.24267578125,631.9116821289062,648.3486938476562,665.6953735351562,matched,1,VEHICLE_CAR,preprocessed/masks/left_rear_camera/masks/frame_000222_gt2d_001_track_-1_VEHICLE_CAR.png,0.787609338760376
left_rear,222,1772699932413184000,data\camera\left_rear_camera\1772699932413184000.jpg,4000013,4,truck,0.310173,32.0,591.0,117.0,650.0,32.904361724853516,589.7616577148438,116.77474212646484,649.5134887695312,matched,3,VEHICLE_TRUCK,preprocessed/masks/left_rear_camera/masks/frame_000222_gt2d_003_track_-1_VEHICLE_TRUCK.png,0.9241831302642822
left_rear,222,1772699932413184000,data\camera\left_rear_camera\1772699932413184000.jpg,4000014,4,truck,0.66213,162.0,590.0,273.0,657.0,162.44229125976562,589.182373046875,272.66925048828125,656.6041259765625,matched,0,VEHICLE_TRUCK,preprocessed/masks/left_rear_camera/masks/frame_000222_gt2d_000_track_-1_VEHICLE_TRUCK.png,0.9287816286087036
left_rear,223,1772699932513192000,data\camera\left_rear_camera\1772699932513192000.jpg,-1,3,person,0.383143,1694.0,615.0,1728.0,685.0,1694.0,615.0,1728.0,685.0,unassigned,3,PEDESTRIAN_NORMAL,preprocessed/masks/left_rear_camera/masks/frame_000223_gt2d_003_track_-1_PEDESTRIAN_NORMAL.png,0.7632670998573303
left_rear,223,1772699932513192000,data\camera\left_rear_camera\1772699932513192000.jpg,-1,2,motorcycle,0.300202,476.0,617.0,501.0,661.0,476.0,617.0,501.0,661.0,unassigned,5,CYCLIST_MOTOR,preprocessed/masks/left_rear_camera/masks/frame_000223_gt2d_005_track_-1_CYCLIST_MOTOR.png,0.8207657933235168
left_rear,223,1772699932513192000,data\camera\left_rear_camera\1772699932513192000.jpg,1000012,1,car,0.443636,281.0,624.0,340.0,652.0,282.23406982421875,623.6027221679688,341.1022644042969,651.975830078125,matched,2,VEHICLE_SUV,preprocessed/masks/left_rear_camera/masks/frame_000223_gt2d_002_track_-1_VEHICLE_SUV.png,0.9183638691902161
left_rear,223,1772699932513192000,data\camera\left_rear_camera\1772699932513192000.jpg,1000013,1,car,0.632407,547.0,632.0,641.0,665.0,545.728515625,632.1344604492188,641.345458984375,665.2988891601562,matched,1,VEHICLE_CAR,preprocessed/masks/left_rear_camera/masks/frame_000223_gt2d_001_track_-1_VEHICLE_CAR.png,0.6490634083747864
left_rear,223,1772699932513192000,data\camera\left_rear_camera\1772699932513192000.jpg,4000013,4,truck,0.380204,38.0,592.0,118.0,649.0,36.660194396972656,591.8250732421875,117.0808334350586,649.3246459960938,matched,4,VEHICLE_TRUCK,preprocessed/masks/left_rear_camera/masks/frame_000223_gt2d_004_track_-1_VEHICLE_TRUCK.png,0.9245496392250061
left_rear,223,1772699932513192000,data\camera\left_rear_camera\1772699932513192000.jpg,4000014,4,truck,0.636414,161.0,589.0,270.0,659.0,160.4721221923828,589.538330078125,269.4791564941406,658.4613647460938,matched,0,VEHICLE_TRUCK,preprocessed/masks/left_rear_camera/masks/frame_000223_gt2d_000_track_-1_VEHICLE_TRUCK.png,0.9371737241744995
left_rear,224,1772699932613168000,data\camera\left_rear_camera\1772699932613168000.jpg,1000012,1,car,0.324618,286.0,624.0,334.0,649.0,282.8537902832031,624.0326538085938,334.39385986328125,650.0497436523438,matched,2,VEHICLE_SUV,preprocessed/masks/left_rear_camera/masks/frame_000224_gt2d_002_track_-1_VEHICLE_SUV.png,0.8881633281707764
left_rear,224,1772699932613168000,data\camera\left_rear_camera\1772699932613168000.jpg,1000013,1,car,0.701473,543.0,633.0,630.0,666.0,542.2876586914062,632.7555541992188,631.8807983398438,665.7009887695312,matched,1,VEHICLE_CAR,preprocessed/masks/left_rear_camera/masks/frame_000224_gt2d_001_track_-1_VEHICLE_CAR.png,0.7637744545936584
left_rear,224,1772699932613168000,data\camera\left_rear_camera\1772699932613168000.jpg,4000013,4,truck,0.318015,35.0,591.0,116.0,651.0,36.1544303894043,591.705078125,116.14568328857422,650.4953002929688,matched,3,VEHICLE_TRUCK,preprocessed/masks/left_rear_camera/masks/frame_000224_gt2d_003_track_-1_VEHICLE_TRUCK.png,0.9172732830047607
left_rear,224,1772699932613168000,data\camera\left_rear_camera\1772699932613168000.jpg,4000014,4,truck,0.798253,158.0,590.0,265.0,658.0,158.11709594726562,590.1787719726562,265.3821105957031,658.3445434570312,matched,0,VEHICLE_TRUCK,preprocessed/masks/left_rear_camera/masks/frame_000224_gt2d_000_track_-1_VEHICLE_TRUCK.png,0.9353774189949036
left_rear,225,1772699932713176000,data\camera\left_rear_camera\1772699932713176000.jpg,1000012,1,car,0.530017,280.0,625.0,336.0,654.0,279.3856201171875,624.9605102539062,333.7108154296875,652.8770141601562,matched,2,VEHICLE_SUV,preprocessed/masks/left_rear_camera/masks/frame_000225_gt2d_002_track_-1_VEHICLE_SUV.png,0.8187756538391113
left_rear,225,1772699932713176000,data\camera\left_rear_camera\1772699932713176000.jpg,1000013,1,car,0.654209,541.0,633.0,625.0,665.0,539.9104614257812,633.0956420898438,625.257568359375,665.303955078125,matched,0,VEHICLE_CAR,preprocessed/masks/left_rear_camera/masks/frame_000225_gt2d_000_track_-1_VEHICLE_CAR.png,0.7629990577697754
left_rear,225,1772699932713176000,data\camera\left_rear_camera\1772699932713176000.jpg,4000014,4,truck,0.62123,156.0,591.0,262.0,658.0,155.99075317382812,591.1597290039062,261.9892578125,658.3917236328125,matched,1,VEHICLE_TRUCK,preprocessed/masks/left_rear_camera/masks/frame_000225_gt2d_001_track_-1_VEHICLE_TRUCK.png,0.9275704622268677
left_rear,226,1772699932813183000,data\camera\left_rear_camera\1772699932813183000.jpg,1000012,1,car,0.393016,274.0,626.0,330.0,653.0,274.2292175292969,625.76171875,329.4513854980469,653.0052490234375,matched,2,VEHICLE_SUV,preprocessed/masks/left_rear_camera/masks/frame_000226_gt2d_002_track_-1_VEHICLE_SUV.png,0.7373111248016357
left_rear,226,1772699932813183000,data\camera\left_rear_camera\1772699932813183000.jpg,1000013,1,car,0.704449,530.0,634.0,619.0,667.0,531.7276611328125,633.706787109375,619.0422973632812,666.3275146484375,matched,0,VEHICLE_CAR,preprocessed/masks/left_rear_camera/masks/frame_000226_gt2d_000_track_-1_VEHICLE_CAR.png,0.803624153137207
left_rear,226,1772699932813183000,data\camera\left_rear_camera\1772699932813183000.jpg,4000014,4,truck,0.653888,154.0,592.0,258.0,658.0,153.95376586914062,591.9738159179688,258.19439697265625,658.2091064453125,matched,1,VEHICLE_TRUCK,preprocessed/masks/left_rear_camera/masks/frame_000226_gt2d_001_track_-1_VEHICLE_TRUCK.png,0.9203237295150757
left_rear,227,1772699932913191000,data\camera\left_rear_camera\1772699932913191000.jpg,1000012,1,car,0.304492,272.0,626.0,319.0,647.0,271.63885498046875,626.0126953125,321.26678466796875,648.9854736328125,matched,2,VEHICLE_SUV,preprocessed/masks/left_rear_camera/masks/frame_000227_gt2d_002_track_-1_VEHICLE_SUV.png,0.8154374361038208
left_rear,227,1772699932913191000,data\camera\left_rear_camera\1772699932913191000.jpg,1000013,1,car,0.666337,527.0,634.0,614.0,666.0,527.4252319335938,633.886474609375,614.1232299804688,666.0031127929688,matched,0,VEHICLE_CAR,preprocessed/masks/left_rear_camera/masks/frame_000227_gt2d_000_track_-1_VEHICLE_CAR.png,0.8205353021621704
left_rear,227,1772699932913191000,data\camera\left_rear_camera\1772699932913191000.jpg,4000014,4,truck,0.586459,153.0,594.0,257.0,657.0,153.09780883789062,593.5416259765625,256.7411193847656,657.42138671875,matched,1,VEHICLE_TRUCK,preprocessed/masks/left_rear_camera/masks/frame_000227_gt2d_001_track_-1_VEHICLE_TRUCK.png,0.9303772449493408
left_rear,228,1772699933013154000,data\camera\left_rear_camera\1772699933013154000.jpg,1000012,1,car,0.35299,269.0,625.0,313.0,647.0,268.11480712890625,625.6428833007812,313.5128173828125,647.7102661132812,matched,2,VEHICLE_SUV,preprocessed/masks/left_rear_camera/masks/frame_000228_gt2d_002_track_-1_VEHICLE_SUV.png,0.7781296968460083
left_rear,228,1772699933013154000,data\camera\left_rear_camera\1772699933013154000.jpg,1000013,1,car,0.702782,520.0,634.0,608.0,667.0,520.5089111328125,634.2776489257812,607.7028198242188,666.8861694335938,matched,0,VEHICLE_CAR,preprocessed/masks/left_rear_camera/masks/frame_000228_gt2d_000_track_-1_VEHICLE_CAR.png,0.8489662408828735
left_rear,228,1772699933013154000,data\camera\left_rear_camera\1772699933013154000.jpg,4000014,4,truck,0.532771,153.0,594.0,255.0,657.0,152.03907775878906,594.4094848632812,254.17245483398438,657.4404296875,matched,1,VEHICLE_TRUCK,preprocessed/masks/left_rear_camera/masks/frame_000228_gt2d_001_track_-1_VEHICLE_TRUCK.png,0.9271103143692017
left_rear,229,1772699933113284000,data\camera\left_rear_camera\1772699933113284000.jpg,1000012,1,car,0.394361,267.0,623.0,316.0,648.0,265.81494140625,623.9583129882812,313.30859375,647.8373413085938,matched,2,VEHICLE_SUV,preprocessed/masks/left_rear_camera/masks/frame_000229_gt2d_002_track_-1_VEHICLE_SUV.png,0.8611844778060913
left_rear,229,1772699933113284000,data\camera\left_rear_camera\1772699933113284000.jpg,1000013,1,car,0.737482,514.0,634.0,603.0,667.0,514.2301025390625,634.2208251953125,602.3138427734375,667.0184326171875,matched,0,VEHICLE_CAR,preprocessed/masks/left_rear_camera/masks/frame_000229_gt2d_000_track_-1_VEHICLE_CAR.png,0.8146198391914368
left_rear,229,1772699933113284000,data\camera\left_rear_camera\1772699933113284000.jpg,4000014,4,truck,0.506143,151.0,593.0,251.0,655.0,150.49191284179688,593.8243408203125,250.77516174316406,655.902587890625,matched,1,VEHICLE_TRUCK,preprocessed/masks/left_rear_camera/masks/frame_000229_gt2d_001_track_-1_VEHICLE_TRUCK.png,0.9271688461303711
left_rear,230,1772699933213261000,data\camera\left_rear_camera\1772699933213261000.jpg,1000012,1,car,0.444435,263.0,622.0,315.0,648.0,262.6656494140625,622.7421264648438,312.8620910644531,647.8924560546875,matched,2,VEHICLE_SUV,preprocessed/masks/left_rear_camera/masks/frame_000230_gt2d_002_track_-1_VEHICLE_SUV.png,0.865625262260437
left_rear,230,1772699933213261000,data\camera\left_rear_camera\1772699933213261000.jpg,1000013,1,car,0.762091,509.0,634.0,598.0,668.0,509.0771484375,634.1974487304688,597.5250244140625,667.7362060546875,matched,0,VEHICLE_CAR,preprocessed/masks/left_rear_camera/masks/frame_000230_gt2d_000_track_-1_VEHICLE_CAR.png,0.7935581803321838
left_rear,230,1772699933213261000,data\camera\left_rear_camera\1772699933213261000.jpg,4000014,4,truck,0.508683,149.0,594.0,246.0,658.0,148.9685821533203,594.2496337890625,246.60423278808594,657.3552856445312,matched,1,VEHICLE_TRUCK_SMALL,preprocessed/masks/left_rear_camera/masks/frame_000230_gt2d_001_track_-1_VEHICLE_TRUCK_SMALL.png,0.9196547269821167
left_rear,231,1772699933313268000,data\camera\left_rear_camera\1772699933313268000.jpg,1000012,1,car,0.337057,259.0,624.0,312.0,648.0,258.56585693359375,623.6532592773438,310.4459533691406,647.9933471679688,matched,2,VEHICLE_SUV,preprocessed/masks/left_rear_camera/masks/frame_000231_gt2d_002_track_-1_VEHICLE_SUV.png,0.8017855882644653
left_rear,231,1772699933313268000,data\camera\left_rear_camera\1772699933313268000.jpg,1000013,1,car,0.7261,504.0,634.0,593.0,667.0,503.61724853515625,634.2512817382812,592.229736328125,667.4156494140625,matched,0,VEHICLE_CAR,preprocessed/masks/left_rear_camera/masks/frame_000231_gt2d_000_track_-1_VEHICLE_CAR.png,0.7726621031761169
left_rear,231,1772699933313268000,data\camera\left_rear_camera\1772699933313268000.jpg,4000014,4,truck,0.514551,147.0,595.0,241.0,657.0,146.73831176757812,595.1141967773438,241.43104553222656,657.288330078125,matched,1,VEHICLE_TRUCK_SMALL,preprocessed/masks/left_rear_camera/masks/frame_000231_gt2d_001_track_-1_VEHICLE_TRUCK_SMALL.png,0.9229986667633057
left_rear,232,1772699933413276000,data\camera\left_rear_camera\1772699933413276000.jpg,1000012,1,car,0.343704,256.0,624.0,309.0,650.0,255.8958740234375,623.735595703125,308.4407043457031,649.1123046875,matched,2,VEHICLE_SUV,preprocessed/masks/left_rear_camera/masks/frame_000232_gt2d_002_track_-1_VEHICLE_SUV.png,0.8122686743736267
left_rear,232,1772699933413276000,data\camera\left_rear_camera\1772699933413276000.jpg,1000013,1,car,0.712904,500.0,634.0,589.0,667.0,499.8151550292969,633.9808959960938,588.511962890625,667.0044555664062,matched,0,VEHICLE_CAR,preprocessed/masks/left_rear_camera/masks/frame_000232_gt2d_000_track_-1_VEHICLE_CAR.png,0.7905129194259644
left_rear,232,1772699933413276000,data\camera\left_rear_camera\1772699933413276000.jpg,4000014,4,truck,0.560335,144.0,595.0,237.0,658.0,144.6401824951172,595.128173828125,237.64576721191406,657.64794921875,matched,1,VEHICLE_TRUCK,preprocessed/masks/left_rear_camera/masks/frame_000232_gt2d_001_track_-1_VEHICLE_TRUCK.png,0.8975573778152466
left_rear,233,1772699933513283000,data\camera\left_rear_camera\1772699933513283000.jpg,-1,2,motorcycle,0.416088,1853.0,620.0,1919.0,702.0,1853.0,620.0,1919.0,702.0,unassigned,2,CYCLIST_MOTOR,preprocessed/masks/left_rear_camera/masks/frame_000233_gt2d_002_track_-1_CYCLIST_MOTOR.png,0.7830206155776978
left_rear,233,1772699933513283000,data\camera\left_rear_camera\1772699933513283000.jpg,-1,2,motorcycle,0.394979,1887.0,619.0,1919.0,703.0,1887.0,619.0,1919.0,703.0,unassigned,3,CYCLIST_MOTOR,preprocessed/masks/left_rear_camera/masks/frame_000233_gt2d_003_track_-1_CYCLIST_MOTOR.png,0.8856258988380432
left_rear,233,1772699933513283000,data\camera\left_rear_camera\1772699933513283000.jpg,1000013,1,car,0.766981,494.0,634.0,584.0,667.0,494.24334716796875,634.0379638671875,583.653564453125,667.0123291015625,matched,0,VEHICLE_CAR,preprocessed/masks/left_rear_camera/masks/frame_000233_gt2d_000_track_-1_VEHICLE_CAR.png,0.8369093537330627
left_rear,233,1772699933513283000,data\camera\left_rear_camera\1772699933513283000.jpg,4000014,4,truck,0.619032,141.0,595.0,233.0,659.0,141.5675048828125,595.2702026367188,233.35049438476562,658.6026000976562,matched,1,VEHICLE_TRUCK,preprocessed/masks/left_rear_camera/masks/frame_000233_gt2d_001_track_-1_VEHICLE_TRUCK.png,0.9034310579299927
left_rear,234,1772699933613291000,data\camera\left_rear_camera\1772699933613291000.jpg,-1,3,person,0.409883,1823.0,621.0,1861.0,703.0,1823.0,621.0,1861.0,703.0,unassigned,2,PEDESTRIAN_NORMAL,preprocessed/masks/left_rear_camera/masks/frame_000234_gt2d_002_track_-1_PEDESTRIAN_NORMAL.png,0.9326343536376953
left_rear,234,1772699933613291000,data\camera\left_rear_camera\1772699933613291000.jpg,-1,2,motorcycle,0.329428,1758.0,620.0,1886.0,708.0,1758.0,620.0,1886.0,708.0,unassigned,3,CYCLIST_MOTOR,preprocessed/masks/left_rear_camera/masks/frame_000234_gt2d_003_track_-1_CYCLIST_MOTOR.png,0.8266928195953369
left_rear,234,1772699933613291000,data\camera\left_rear_camera\1772699933613291000.jpg,-1,2,motorcycle,0.32337,1806.0,621.0,1872.0,705.0,1806.0,621.0,1872.0,705.0,unassigned,4,CYCLIST_MOTOR,preprocessed/masks/left_rear_camera/masks/frame_000234_gt2d_004_track_-1_CYCLIST_MOTOR.png,0.9178556203842163
left_rear,234,1772699933613291000,data\camera\left_rear_camera\1772699933613291000.jpg,1000013,1,car,0.758614,491.0,634.0,580.0,667.0,490.6518859863281,633.9535522460938,579.6839599609375,666.9131469726562,matched,0,VEHICLE_CAR,preprocessed/masks/left_rear_camera/masks/frame_000234_gt2d_000_track_-1_VEHICLE_CAR.png,0.8697288632392883
left_rear,234,1772699933613291000,data\camera\left_rear_camera\1772699933613291000.jpg,4000014,4,truck,0.498328,141.0,596.0,230.0,657.0,140.80899047851562,595.8602905273438,230.186767578125,657.52880859375,matched,1,VEHICLE_TRUCK_SMALL,preprocessed/masks/left_rear_camera/masks/frame_000234_gt2d_001_track_-1_VEHICLE_TRUCK_SMALL.png,0.9288860559463501
left_rear,235,1772699933713268000,data\camera\left_rear_camera\1772699933713268000.jpg,1000013,1,car,0.725779,489.0,634.0,575.0,666.0,488.398193359375,633.9436645507812,575.3125,666.2393188476562,matched,1,VEHICLE_CAR,preprocessed/masks/left_rear_camera/masks/frame_000235_gt2d_001_track_-1_VEHICLE_CAR.png,0.8389437794685364
left_rear,235,1772699933713268000,data\camera\left_rear_camera\1772699933713268000.jpg,2000005,2,motorcycle,0.826841,1733.0,622.0,1812.0,705.0,1733.0,622.0,1812.0,705.0,tentative,0,CYCLIST_MOTOR,preprocessed/masks/left_rear_camera/masks/frame_000235_gt2d_000_track_-1_CYCLIST_MOTOR.png,0.8522201776504517
left_rear,235,1772699933713268000,data\camera\left_rear_camera\1772699933713268000.jpg,4000014,4,truck,0.491499,138.0,595.0,226.0,656.0,138.79110717773438,595.4136352539062,226.681640625,656.4671020507812,matched,2,VEHICLE_TRUCK_SMALL,preprocessed/masks/left_rear_camera/masks/frame_000235_gt2d_002_track_-1_VEHICLE_TRUCK_SMALL.png,0.9168952703475952
left_rear,236,1772699933813275000,data\camera\left_rear_camera\1772699933813275000.jpg,1000013,1,car,0.704262,485.0,634.0,571.0,667.0,484.9427795410156,633.9476928710938,571.0733032226562,666.66357421875,matched,1,VEHICLE_CAR,preprocessed/masks/left_rear_camera/masks/frame_000236_gt2d_001_track_-1_VEHICLE_CAR.png,0.8436915874481201
left_rear,236,1772699933813275000,data\camera\left_rear_camera\1772699933813275000.jpg,2000006,2,motorcycle,0.764182,1671.0,622.0,1757.0,708.0,1671.0,622.0,1757.0,708.0,tentative,0,CYCLIST_MOTOR,preprocessed/masks/left_rear_camera/masks/frame_000236_gt2d_000_track_-1_CYCLIST_MOTOR.png,0.8468524217605591
left_rear,236,1772699933813275000,data\camera\left_rear_camera\1772699933813275000.jpg,4000014,4,truck,0.488937,138.0,596.0,223.0,655.0,137.98907470703125,595.9063110351562,223.37713623046875,655.4154052734375,matched,2,VEHICLE_TRUCK,preprocessed/masks/left_rear_camera/masks/frame_000236_gt2d_002_track_-1_VEHICLE_TRUCK.png,0.9142792224884033
left_rear,237,1772699933913282000,data\camera\left_rear_camera\1772699933913282000.jpg,1000013,1,car,0.719485,484.0,634.0,567.0,666.0,483.29150390625,633.9530639648438,567.1514282226562,666.1674194335938,matched,1,VEHICLE_CAR,preprocessed/masks/left_rear_camera/masks/frame_000237_gt2d_001_track_-1_VEHICLE_CAR.png,0.8952423930168152
left_rear,237,1772699933913282000,data\camera\left_rear_camera\1772699933913282000.jpg,2000007,2,motorcycle,0.747333,1630.0,623.0,1698.0,703.0,1630.0,623.0,1698.0,703.0,tentative,0,CYCLIST_MOTOR,preprocessed/masks/left_rear_camera/masks/frame_000237_gt2d_000_track_-1_CYCLIST_MOTOR.png,0.8896477222442627
left_rear,237,1772699933913282000,data\camera\left_rear_camera\1772699933913282000.jpg,4000014,4,truck,0.473121,135.0,596.0,222.0,654.0,135.8494873046875,596.0770263671875,221.76077270507812,654.3621826171875,matched,2,VEHICLE_TRUCK_SMALL,preprocessed/masks/left_rear_camera/masks/frame_000237_gt2d_002_track_-1_VEHICLE_TRUCK_SMALL.png,0.9270447492599487
left_rear,238,1772699934013276000,data\camera\left_rear_camera\1772699934013276000.jpg,1000013,1,car,0.675907,482.0,634.0,562.0,665.0,481.4615478515625,634.0684814453125,562.4830932617188,665.4302978515625,matched,1,VEHICLE_CAR,preprocessed/masks/left_rear_camera/masks/frame_000238_gt2d_001_track_-1_VEHICLE_CAR.png,0.8995783925056458
left_rear,238,1772699934013276000,data\camera\left_rear_camera\1772699934013276000.jpg,2000008,2,motorcycle,0.784863,1577.0,624.0,1648.0,702.0,1577.0,624.0,1648.0,702.0,tentative,0,CYCLIST_MOTOR,preprocessed/masks/left_rear_camera/masks/frame_000238_gt2d_000_track_-1_CYCLIST_MOTOR.png,0.8589454889297485
left_rear,238,1772699934013276000,data\camera\left_rear_camera\1772699934013276000.jpg,4000014,4,truck,0.422528,135.0,597.0,219.0,654.0,135.085205078125,596.90673828125,219.22171020507812,654.095458984375,matched,2,VEHICLE_TRUCK_SMALL,preprocessed/masks/left_rear_camera/masks/frame_000238_gt2d_002_track_-1_VEHICLE_TRUCK_SMALL.png,0.9405711889266968
left_rear,239,1772699934113192000,data\camera\left_rear_camera\1772699934113192000.jpg,1000013,1,car,0.634737,477.0,634.0,560.0,666.0,477.9414978027344,633.9425048828125,559.9793090820312,665.6621704101562,matched,1,VEHICLE_CAR,preprocessed/masks/left_rear_camera/masks/frame_000239_gt2d_001_track_-1_VEHICLE_CAR.png,0.8703691959381104
left_rear,239,1772699934113192000,data\camera\left_rear_camera\1772699934113192000.jpg,2000009,2,motorcycle,0.795704,1531.0,622.0,1600.0,701.0,1531.0,622.0,1600.0,701.0,tentative,0,CYCLIST_MOTOR,preprocessed/masks/left_rear_camera/masks/frame_000239_gt2d_000_track_-1_CYCLIST_MOTOR.png,0.8856619000434875
left_rear,239,1772699934113192000,data\camera\left_rear_camera\1772699934113192000.jpg,4000014,4,truck,0.322232,135.0,597.0,215.0,654.0,135.23403930664062,597.0287475585938,216.07835388183594,653.8440551757812,matched,2,VEHICLE_TRUCK,preprocessed/masks/left_rear_camera/masks/frame_000239_gt2d_002_track_-1_VEHICLE_TRUCK.png,0.9431155920028687
left_rear,240,1772699934213169000,data\camera\left_rear_camera\1772699934213169000.jpg,1000013,1,car,0.621288,475.0,634.0,559.0,665.0,474.79656982421875,633.8129272460938,557.8905029296875,665.0062255859375,matched,1,VEHICLE_CAR,preprocessed/masks/left_rear_camera/masks/frame_000240_gt2d_001_track_-1_VEHICLE_CAR.png,0.8188960552215576
left_rear,240,1772699934213169000,data\camera\left_rear_camera\1772699934213169000.jpg,2000009,2,motorcycle,0.740277,1496.0,623.0,1555.0,695.0,1501.3316650390625,622.878662109375,1562.3316650390625,696.2786865234375,matched,0,CYCLIST_MOTOR,preprocessed/masks/left_rear_camera/masks/frame_000240_gt2d_000_track_-1_CYCLIST_MOTOR.png,0.914924144744873
left_rear,240,1772699934213169000,data\camera\left_rear_camera\1772699934213169000.jpg,4000014,4,truck,0.357745,133.0,597.0,217.0,654.0,133.3344268798828,596.978759765625,215.7758026123047,653.6849365234375,matched,2,VEHICLE_TRUCK,preprocessed/masks/left_rear_camera/masks/frame_000240_gt2d_002_track_-1_VEHICLE_TRUCK.png,0.9382890462875366
left_rear,241,1772699934313177000,data\camera\left_rear_camera\1772699934313177000.jpg,1000013,1,car,0.598127,471.0,633.0,553.0,665.0,471.6648254394531,632.9249877929688,553.8541259765625,664.5938720703125,matched,1,VEHICLE_CAR,preprocessed/masks/left_rear_camera/masks/frame_000241_gt2d_001_track_-1_VEHICLE_CAR.png,0.8374301791191101
left_rear,241,1772699934313177000,data\camera\left_rear_camera\1772699934313177000.jpg,2000010,2,motorcycle,0.628134,1457.0,622.0,1510.0,692.0,1457.0,622.0,1510.0,692.0,tentative,0,CYCLIST_MOTOR,preprocessed/masks/left_rear_camera/masks/frame_000241_gt2d_000_track_-1_CYCLIST_MOTOR.png,0.8904803991317749
left_rear,241,1772699934313177000,data\camera\left_rear_camera\1772699934313177000.jpg,4000014,4,truck,0.316097,131.0,597.0,217.0,654.0,131.9086456298828,596.7703247070312,216.28794860839844,653.462646484375,matched,2,VEHICLE_TRUCK_SMALL,preprocessed/masks/left_rear_camera/masks/frame_000241_gt2d_002_track_-1_VEHICLE_TRUCK_SMALL.png,0.9407328367233276
left_rear,242,1772699934413184000,data\camera\left_rear_camera\1772699934413184000.jpg,-1,2,motorcycle,0.322042,1393.0,624.0,1477.0,696.0,1393.0,624.0,1477.0,696.0,unassigned,3,CYCLIST_MOTOR,preprocessed/masks/left_rear_camera/masks/frame_000242_gt2d_003_track_-1_CYCLIST_MOTOR.png,0.8390037417411804
left_rear,242,1772699934413184000,data\camera\left_rear_camera\1772699934413184000.jpg,1000013,1,car,0.603162,468.0,634.0,549.0,666.0,468.2010803222656,633.6964721679688,549.4053344726562,665.5457153320312,matched,0,VEHICLE_CAR,preprocessed/masks/left_rear_camera/masks/frame_000242_gt2d_000_track_-1_VEHICLE_CAR.png,0.8559038043022156
left_rear,242,1772699934413184000,data\camera\left_rear_camera\1772699934413184000.jpg,2000011,2,motorcycle,0.533689,1419.0,624.0,1471.0,694.0,1419.0,624.0,1471.0,694.0,tentative,1,CYCLIST_MOTOR,preprocessed/masks/left_rear_camera/masks/frame_000242_gt2d_001_track_-1_CYCLIST_MOTOR.png,0.8914180397987366
left_rear,242,1772699934413184000,data\camera\left_rear_camera\1772699934413184000.jpg,4000014,4,truck,0.519744,130.0,599.0,216.0,657.0,130.33856201171875,598.4526977539062,215.4801788330078,655.8310546875,matched,2,VEHICLE_TRUCK_SMALL,preprocessed/masks/left_rear_camera/masks/frame_000242_gt2d_002_track_-1_VEHICLE_TRUCK_SMALL.png,0.9465450048446655
left_rear,243,1772699934513192000,data\camera\left_rear_camera\1772699934513192000.jpg,1000013,1,car,0.610439,467.0,633.0,545.0,663.0,465.9748840332031,633.5828857421875,544.8316040039062,664.1829833984375,matched,1,VEHICLE_CAR,preprocessed/masks/left_rear_camera/masks/frame_000243_gt2d_001_track_-1_VEHICLE_CAR.png,0.8813233971595764
left_rear,243,1772699934513192000,data\camera\left_rear_camera\1772699934513192000.jpg,2000011,2,motorcycle,0.677972,1380.0,622.0,1436.0,695.0,1386.013916015625,622.7571411132812,1441.2138671875,695.1571655273438,matched,0,CYCLIST_MOTOR,preprocessed/masks/left_rear_camera/masks/frame_000243_gt2d_000_track_-1_CYCLIST_MOTOR.png,0.8902360796928406
left_rear,243,1772699934513192000,data\camera\left_rear_camera\1772699934513192000.jpg,4000014,4,truck,0.50772,130.0,597.0,215.0,654.0,129.38348388671875,597.9923095703125,214.18707275390625,654.9806518554688,matched,2,VEHICLE_TRUCK_SMALL,preprocessed/masks/left_rear_camera/masks/frame_000243_gt2d_002_track_-1_VEHICLE_TRUCK_SMALL.png,0.9428783059120178
left_rear,244,1772699934613168000,data\camera\left_rear_camera\1772699934613168000.jpg,1000013,1,car,0.656232,463.0,632.0,544.0,664.0,463.0831604003906,632.28173828125,543.1140747070312,663.7544555664062,matched,1,VEHICLE_CAR,preprocessed/masks/left_rear_camera/masks/frame_000244_gt2d_001_track_-1_VEHICLE_CAR.png,0.8009456992149353
left_rear,244,1772699934613168000,data\camera\left_rear_camera\1772699934613168000.jpg,2000012,2,motorcycle,0.7279,1352.0,622.0,1399.0,689.0,1352.0,622.0,1399.0,689.0,tentative,0,CYCLIST_MOTOR,preprocessed/masks/left_rear_camera/masks/frame_000244_gt2d_000_track_-1_CYCLIST_MOTOR.png,0.901384174823761
left_rear,244,1772699934613168000,data\camera\left_rear_camera\1772699934613168000.jpg,4000014,4,truck,0.513933,129.0,597.0,215.0,654.0,128.89430236816406,597.2138671875,214.26515197753906,654.0728149414062,matched,2,VEHICLE_TRUCK_SMALL,preprocessed/masks/left_rear_camera/masks/frame_000244_gt2d_002_track_-1_VEHICLE_TRUCK_SMALL.png,0.9361535906791687
left_rear,245,1772699934713176000,data\camera\left_rear_camera\1772699934713176000.jpg,1000013,1,car,0.674758,459.0,634.0,541.0,665.0,459.7371520996094,633.038330078125,540.8775024414062,664.1707153320312,matched,1,VEHICLE_CAR,preprocessed/masks/left_rear_camera/masks/frame_000245_gt2d_001_track_-1_VEHICLE_CAR.png,0.8367644548416138
left_rear,245,1772699934713176000,data\camera\left_rear_camera\1772699934713176000.jpg,2000012,2,motorcycle,0.768945,1324.0,625.0,1372.0,693.0,1328.2493896484375,624.372314453125,1376.0494384765625,692.17236328125,matched,0,CYCLIST_MOTOR,preprocessed/masks/left_rear_camera/masks/frame_000245_gt2d_000_track_-1_CYCLIST_MOTOR.png,0.9263243675231934
left_rear,245,1772699934713176000,data\camera\left_rear_camera\1772699934713176000.jpg,4000014,4,truck,0.527193,128.0,599.0,213.0,655.0,128.36097717285156,598.1641845703125,213.30392456054688,654.3253784179688,matched,2,VEHICLE_TRUCK_SMALL,preprocessed/masks/left_rear_camera/masks/frame_000245_gt2d_002_track_-1_VEHICLE_TRUCK_SMALL.png,0.9386913180351257
left_rear,246,1772699934813183000,data\camera\left_rear_camera\1772699934813183000.jpg,1000013,1,car,0.689825,456.0,633.0,539.0,665.0,455.9000244140625,633.447021484375,538.1376953125,665.11767578125,matched,0,VEHICLE_CAR,preprocessed/masks/left_rear_camera/masks/frame_000246_gt2d_000_track_-1_VEHICLE_CAR.png,0.8269879817962646
left_rear,246,1772699934813183000,data\camera\left_rear_camera\1772699934813183000.jpg,2000013,2,motorcycle,0.65218,1283.0,626.0,1339.0,691.0,1283.0,626.0,1339.0,691.0,tentative,1,CYCLIST_MOTOR,preprocessed/masks/left_rear_camera/masks/frame_000246_gt2d_001_track_-1_CYCLIST_MOTOR.png,0.8472611904144287
left_rear,246,1772699934813183000,data\camera\left_rear_camera\1772699934813183000.jpg,4000014,4,truck,0.487476,125.0,600.0,211.0,656.0,125.49951934814453,599.942138671875,210.96694946289062,655.8577880859375,matched,2,VEHICLE_TRUCK,preprocessed/masks/left_rear_camera/masks/frame_000246_gt2d_002_track_-1_VEHICLE_TRUCK.png,0.9276012182235718
left_rear,247,1772699934913191000,data\camera\left_rear_camera\1772699934913191000.jpg,1000013,1,car,0.690713,454.0,633.0,536.0,664.0,453.96258544921875,633.080078125,535.9689331054688,664.2953491210938,matched,1,VEHICLE_CAR,preprocessed/masks/left_rear_camera/masks/frame_000247_gt2d_001_track_-1_VEHICLE_CAR.png,0.828791081905365
left_rear,247,1772699934913191000,data\camera\left_rear_camera\1772699934913191000.jpg,2000013,2,motorcycle,0.731692,1267.0,627.0,1306.0,689.0,1268.85546875,626.9271240234375,1311.2554931640625,689.527099609375,matched,0,CYCLIST_MOTOR,preprocessed/masks/left_rear_camera/masks/frame_000247_gt2d_000_track_-1_CYCLIST_MOTOR.png,0.8903657793998718
left_rear,247,1772699934913191000,data\camera\left_rear_camera\1772699934913191000.jpg,4000014,4,truck,0.494565,126.0,599.0,211.0,655.0,125.83563232421875,599.4044799804688,210.85499572753906,655.2442626953125,matched,2,VEHICLE_TRUCK_SMALL,preprocessed/masks/left_rear_camera/masks/frame_000247_gt2d_002_track_-1_VEHICLE_TRUCK_SMALL.png,0.9299055337905884
left_rear,248,1772699935013154000,data\camera\left_rear_camera\1772699935013154000.jpg,1000013,1,car,0.702989,451.0,632.0,533.0,665.0,451.7708435058594,632.0877685546875,533.6984252929688,664.4600830078125,matched,1,VEHICLE_CAR,preprocessed/masks/left_rear_camera/masks/frame_000248_gt2d_001_track_-1_VEHICLE_CAR.png,0.8356072306632996
left_rear,248,1772699935013154000,data\camera\left_rear_camera\1772699935013154000.jpg,2000014,2,motorcycle,0.736142,1237.0,627.0,1281.0,687.0,1237.0,627.0,1281.0,687.0,tentative,0,CYCLIST_MOTOR,preprocessed/masks/left_rear_camera/masks/frame_000248_gt2d_000_track_-1_CYCLIST_MOTOR.png,0.8586171269416809
left_rear,248,1772699935013154000,data\camera\left_rear_camera\1772699935013154000.jpg,4000014,4,truck,0.502596,125.0,599.0,211.0,654.0,125.74238586425781,598.9971313476562,211.27264404296875,654.1585083007812,matched,2,VEHICLE_TRUCK_SMALL,preprocessed/masks/left_rear_camera/masks/frame_000248_gt2d_002_track_-1_VEHICLE_TRUCK_SMALL.png,0.933494508266449
left_rear,249,1772699935113284000,data\camera\left_rear_camera\1772699935113284000.jpg,-1,2,motorcycle,0.365294,1203.0,625.0,1255.0,689.0,1203.0,625.0,1255.0,689.0,unassigned,3,CYCLIST_MOTOR,preprocessed/masks/left_rear_camera/masks/frame_000249_gt2d_003_track_-1_CYCLIST_MOTOR.png,0.8821115493774414
left_rear,249,1772699935113284000,data\camera\left_rear_camera\1772699935113284000.jpg,1000013,1,car,0.658562,453.0,632.0,529.0,663.0,452.38677978515625,631.590576171875,530.3228149414062,663.0853271484375,matched,0,VEHICLE_CAR,preprocessed/masks/left_rear_camera/masks/frame_000249_gt2d_000_track_-1_VEHICLE_CAR.png,0.7517989873886108
left_rear,249,1772699935113284000,data\camera\left_rear_camera\1772699935113284000.jpg,2000015,2,motorcycle,0.550137,1218.0,625.0,1249.0,686.0,1218.0,625.0,1249.0,686.0,tentative,1,CYCLIST_MOTOR,preprocessed/masks/left_rear_camera/masks/frame_000249_gt2d_001_track_-1_CYCLIST_MOTOR.png,0.9145083427429199
left_rear,249,1772699935113284000,data\camera\left_rear_camera\1772699935113284000.jpg,4000014,4,truck,0.486528,124.0,599.0,209.0,653.0,125.0908203125,598.71923828125,210.1648406982422,652.9741821289062,matched,2,VEHICLE_TRUCK_SMALL,preprocessed/masks/left_rear_camera/masks/frame_000249_gt2d_002_track_-1_VEHICLE_TRUCK_SMALL.png,0.9436825513839722
left_rear,250,1772699935213261000,data\camera\left_rear_camera\1772699935213261000.jpg,-1,2,motorcycle,0.491407,1191.0,624.0,1224.0,684.0,1191.0,624.0,1224.0,684.0,unassigned,2,CYCLIST_MOTOR,preprocessed/masks/left_rear_camera/masks/frame_000250_gt2d_002_track_-1_CYCLIST_MOTOR.png,0.8850491046905518
left_rear,250,1772699935213261000,data\camera\left_rear_camera\1772699935213261000.jpg,1000013,1,car,0.642173,450.0,632.0,527.0,663.0,450.3044738769531,631.6032104492188,527.40673828125,662.7527465820312,matched,0,VEHICLE_CAR,preprocessed/masks/left_rear_camera/masks/frame_000250_gt2d_000_track_-1_VEHICLE_CAR.png,0.8408880233764648
left_rear,250,1772699935213261000,data\camera\left_rear_camera\1772699935213261000.jpg,4000014,4,truck,0.49573,122.0,600.0,209.0,653.0,123.12309265136719,599.454345703125,209.3633575439453,652.7192993164062,matched,1,VEHICLE_TRUCK,preprocessed/masks/left_rear_camera/masks/frame_000250_gt2d_001_track_-1_VEHICLE_TRUCK.png,0.9339176416397095
left_rear,251,1772699935313268000,data\camera\left_rear_camera\1772699935313268000.jpg,1000013,1,car,0.636181,447.0,631.0,525.0,662.0,447.9083251953125,631.0617065429688,525.3982543945312,662.0848999023438,matched,0,VEHICLE_CAR,preprocessed/masks/left_rear_camera/masks/frame_000251_gt2d_000_track_-1_VEHICLE_CAR.png,0.8539581298828125
left_rear,251,1772699935313268000,data\camera\left_rear_camera\1772699935313268000.jpg,2000016,2,motorcycle,0.569524,1170.0,626.0,1200.0,680.0,1170.0,626.0,1200.0,680.0,tentative,2,CYCLIST_MOTOR,preprocessed/masks/left_rear_camera/masks/frame_000251_gt2d_002_track_-1_CYCLIST_MOTOR.png,0.9038059115409851
left_rear,251,1772699935313268000,data\camera\left_rear_camera\1772699935313268000.jpg,4000014,4,truck,0.610658,120.0,599.0,209.0,653.0,121.39631652832031,599.15966796875,209.39797973632812,652.7477416992188,matched,1,VEHICLE_TRUCK,preprocessed/masks/left_rear_camera/masks/frame_000251_gt2d_001_track_-1_VEHICLE_TRUCK.png,0.9386106133460999
left_rear,252,1772699935413276000,data\camera\left_rear_camera\1772699935413276000.jpg,1000013,1,car,0.654872,445.0,631.0,521.0,662.0,445.4212341308594,630.8072509765625,521.7449340820312,661.7863159179688,matched,0,VEHICLE_CAR,preprocessed/masks/left_rear_camera/masks/frame_000252_gt2d_000_track_-1_VEHICLE_CAR.png,0.8732845783233643
left_rear,252,1772699935413276000,data\camera\left_rear_camera\1772699935413276000.jpg,2000016,2,motorcycle,0.615312,1146.0,626.0,1179.0,681.0,1149.590576171875,626.0188598632812,1181.9906005859375,680.81884765625,matched,1,CYCLIST_MOTOR,preprocessed/masks/left_rear_camera/masks/frame_000252_gt2d_001_track_-1_CYCLIST_MOTOR.png,0.9009383320808411
left_rear,252,1772699935413276000,data\camera\left_rear_camera\1772699935413276000.jpg,4000014,4,truck,0.606328,120.0,599.0,208.0,654.0,120.41033172607422,598.9832153320312,208.42709350585938,653.3707885742188,matched,2,VEHICLE_TRUCK,preprocessed/masks/left_rear_camera/masks/frame_000252_gt2d_002_track_-1_VEHICLE_TRUCK.png,0.9358079433441162
left_rear,253,1772699935513283000,data\camera\left_rear_camera\1772699935513283000.jpg,-1,2,motorcycle,0.338635,1114.0,625.0,1159.0,679.0,1114.0,625.0,1159.0,679.0,unassigned,3,CYCLIST_MOTOR,preprocessed/masks/left_rear_camera/masks/frame_000253_gt2d_003_track_-1_CYCLIST_MOTOR.png,0.8641147613525391
left_rear,253,1772699935513283000,data\camera\left_rear_camera\1772699935513283000.jpg,1000013,1,car,0.693187,442.0,631.0,520.0,663.0,442.73004150390625,630.9677124023438,519.9768676757812,662.596435546875,matched,0,VEHICLE_CAR,preprocessed/masks/left_rear_camera/masks/frame_000253_gt2d_000_track_-1_VEHICLE_CAR.png,0.9020355343818665
left_rear,253,1772699935513283000,data\camera\left_rear_camera\1772699935513283000.jpg,2000017,2,motorcycle,0.606512,1126.0,625.0,1155.0,678.0,1126.0,625.0,1155.0,678.0,tentative,2,CYCLIST_MOTOR,preprocessed/masks/left_rear_camera/masks/frame_000253_gt2d_002_track_-1_CYCLIST_MOTOR.png,0.8855912089347839
left_rear,253,1772699935513283000,data\camera\left_rear_camera\1772699935513283000.jpg,4000014,4,truck,0.680958,118.0,599.0,205.0,654.0,118.90618896484375,599.1580810546875,206.2682647705078,653.8572998046875,matched,1,VEHICLE_TRUCK,preprocessed/masks/left_rear_camera/masks/frame_000253_gt2d_001_track_-1_VEHICLE_TRUCK.png,0.9158861637115479
left_rear,254,1772699935613291000,data\camera\left_rear_camera\1772699935613291000.jpg,1000013,1,car,0.728612,438.0,632.0,517.0,664.0,439.05108642578125,631.4530029296875,517.3178100585938,663.3261108398438,matched,0,VEHICLE_CAR,preprocessed/masks/left_rear_camera/masks/frame_000254_gt2d_000_track_-1_VEHICLE_CAR.png,0.8985766768455505
left_rear,254,1772699935613291000,data\camera\left_rear_camera\1772699935613291000.jpg,2000017,2,motorcycle,0.667212,1101.0,624.0,1138.0,679.0,1104.85205078125,624.2234497070312,1140.2520751953125,678.823486328125,matched,1,CYCLIST_MOTOR,preprocessed/masks/left_rear_camera/masks/frame_000254_gt2d_001_track_-1_CYCLIST_MOTOR.png,0.8693916201591492
left_rear,254,1772699935613291000,data\camera\left_rear_camera\1772699935613291000.jpg,4000014,4,truck,0.609998,117.0,600.0,204.0,655.0,117.58907318115234,599.6409301757812,204.70140075683594,654.4685668945312,matched,2,VEHICLE_TRUCK,preprocessed/masks/left_rear_camera/masks/frame_000254_gt2d_002_track_-1_VEHICLE_TRUCK.png,0.9148197174072266
left_rear,255,1772699935713268000,data\camera\left_rear_camera\1772699935713268000.jpg,1000013,1,car,0.734986,436.0,632.0,515.0,663.0,436.17144775390625,631.795166015625,514.8358154296875,663.103515625,matched,0,VEHICLE_CAR,preprocessed/masks/left_rear_camera/masks/frame_000255_gt2d_000_track_-1_VEHICLE_CAR.png,0.9129743576049805
left_rear,255,1772699935713268000,data\camera\left_rear_camera\1772699935713268000.jpg,2000017,2,motorcycle,0.671764,1085.0,626.0,1115.0,678.0,1088.742431640625,625.7008056640625,1120.24853515625,678.3160400390625,matched,1,CYCLIST_MOTOR,preprocessed/masks/left_rear_camera/masks/frame_000255_gt2d_001_track_-1_CYCLIST_MOTOR.png,0.9134994149208069
left_rear,255,1772699935713268000,data\camera\left_rear_camera\1772699935713268000.jpg,4000014,4,truck,0.629146,116.0,599.0,202.0,653.0,116.20470428466797,599.303466796875,202.5634307861328,653.5260620117188,matched,2,VEHICLE_TRUCK,preprocessed/masks/left_rear_camera/masks/frame_000255_gt2d_002_track_-1_VEHICLE_TRUCK.png,0.9219377040863037
left_rear,256,1772699935813275000,data\camera\left_rear_camera\1772699935813275000.jpg,1000013,1,car,0.739681,431.0,631.0,512.0,663.0,431.8875732421875,631.3826904296875,512.0331420898438,663.138427734375,matched,0,VEHICLE_CAR,preprocessed/masks/left_rear_camera/masks/frame_000256_gt2d_000_track_-1_VEHICLE_CAR.png,0.889045238494873
left_rear,256,1772699935813275000,data\camera\left_rear_camera\1772699935813275000.jpg,2000017,2,motorcycle,0.490231,1067.0,625.0,1095.0,677.0,1069.2841796875,625.422607421875,1097.669921875,677.3614501953125,matched,2,CYCLIST_MOTOR,preprocessed/masks/left_rear_camera/masks/frame_000256_gt2d_002_track_-1_CYCLIST_MOTOR.png,0.8614113926887512
left_rear,256,1772699935813275000,data\camera\left_rear_camera\1772699935813275000.jpg,4000014,4,truck,0.617982,114.0,598.0,203.0,654.0,114.40547180175781,598.6195068359375,202.4712371826172,653.9500732421875,matched,1,VEHICLE_TRUCK,preprocessed/masks/left_rear_camera/masks/frame_000256_gt2d_001_track_-1_VEHICLE_TRUCK.png,0.9054193496704102
left_rear,257,1772699935913282000,data\camera\left_rear_camera\1772699935913282000.jpg,1000013,1,car,0.720892,428.0,631.0,511.0,664.0,428.8439636230469,631.010009765625,510.86383056640625,663.5902099609375,matched,0,VEHICLE_CAR,preprocessed/masks/left_rear_camera/masks/frame_000257_gt2d_000_track_-1_VEHICLE_CAR.png,0.8874499797821045
left_rear,257,1772699935913282000,data\camera\left_rear_camera\1772699935913282000.jpg,2000017,2,motorcycle,0.486331,1049.0,626.0,1076.0,677.0,1050.6434326171875,625.8768920898438,1077.485595703125,676.9066772460938,matched,2,CYCLIST_MOTOR,preprocessed/masks/left_rear_camera/masks/frame_000257_gt2d_002_track_-1_CYCLIST_MOTOR.png,0.8649224638938904
left_rear,257,1772699935913282000,data\camera\left_rear_camera\1772699935913282000.jpg,4000014,4,truck,0.647352,114.0,598.0,202.0,653.0,114.2171859741211,598.1409912109375,202.2646026611328,653.2301025390625,matched,1,VEHICLE_TRUCK,preprocessed/masks/left_rear_camera/masks/frame_000257_gt2d_001_track_-1_VEHICLE_TRUCK.png,0.911255955696106
left_rear,258,1772699936013276000,data\camera\left_rear_camera\1772699936013276000.jpg,1000013,1,car,0.663382,427.0,632.0,507.0,663.0,426.7671813964844,632.0820922851562,507.5387878417969,663.666748046875,matched,0,VEHICLE_CAR,preprocessed/masks/left_rear_camera/masks/frame_000258_gt2d_000_track_-1_VEHICLE_CAR.png,0.910936176776886
left_rear,258,1772699936013276000,data\camera\left_rear_camera\1772699936013276000.jpg,2000017,2,motorcycle,0.592542,1026.0,626.0,1059.0,675.0,1028.21875,626.4366455078125,1059.295166015625,675.7507934570312,matched,2,CYCLIST_MOTOR,preprocessed/masks/left_rear_camera/masks/frame_000258_gt2d_002_track_-1_CYCLIST_MOTOR.png,0.8665771484375
left_rear,258,1772699936013276000,data\camera\left_rear_camera\1772699936013276000.jpg,4000014,4,truck,0.652302,113.0,599.0,201.0,653.0,113.16675567626953,599.1643676757812,201.20416259765625,653.5029907226562,matched,1,VEHICLE_TRUCK,preprocessed/masks/left_rear_camera/masks/frame_000258_gt2d_001_track_-1_VEHICLE_TRUCK.png,0.9187933206558228
left_rear,259,1772699936113192000,data\camera\left_rear_camera\1772699936113192000.jpg,1000013,1,car,0.638395,426.0,632.0,505.0,663.0,425.3942565917969,631.9981079101562,505.01190185546875,663.189697265625,matched,1,VEHICLE_CAR,preprocessed/masks/left_rear_camera/masks/frame_000259_gt2d_001_track_-1_VEHICLE_CAR.png,0.8956968784332275
left_rear,259,1772699936113192000,data\camera\left_rear_camera\1772699936113192000.jpg,2000017,2,motorcycle,0.430558,1008.0,618.0,1040.0,673.0,1008.9330444335938,620.3765869140625,1040.554443359375,673.5106811523438,matched,2,MOTOR,preprocessed/masks/left_rear_camera/masks/frame_000259_gt2d_002_track_-1_MOTOR.png,0.8778656721115112
left_rear,259,1772699936113192000,data\camera\left_rear_camera\1772699936113192000.jpg,4000014,4,truck,0.663703,113.0,600.0,199.0,652.0,112.7677993774414,599.7235717773438,199.47938537597656,652.4537353515625,matched,0,VEHICLE_TRUCK,preprocessed/masks/left_rear_camera/masks/frame_000259_gt2d_000_track_-1_VEHICLE_TRUCK.png,0.9235392808914185
left_rear,260,1772699936213169000,data\camera\left_rear_camera\1772699936213169000.jpg,-1,3,person,0.499873,994.0,623.0,1025.0,682.0,994.0,623.0,1025.0,682.0,unassigned,2,PEDESTRIAN_NORMAL,preprocessed/masks/left_rear_camera/masks/frame_000260_gt2d_002_track_-1_PEDESTRIAN_NORMAL.png,0.8811453580856323
left_rear,260,1772699936213169000,data\camera\left_rear_camera\1772699936213169000.jpg,1000013,1,car,0.663368,426.0,631.0,503.0,662.0,425.5107116699219,631.0465698242188,503.3658752441406,662.0929565429688,matched,0,VEHICLE_CAR,preprocessed/masks/left_rear_camera/masks/frame_000260_gt2d_000_track_-1_VEHICLE_CAR.png,0.9038304686546326
left_rear,260,1772699936213169000,data\camera\left_rear_camera\1772699936213169000.jpg,4000014,4,truck,0.65981,113.0,600.0,199.0,651.0,113.18439483642578,599.6783447265625,199.39154052734375,651.142333984375,matched,1,VEHICLE_TRUCK,preprocessed/masks/left_rear_camera/masks/frame_000260_gt2d_001_track_-1_VEHICLE_TRUCK.png,0.9278151988983154
left_rear,261,1772699936313177000,data\camera\left_rear_camera\1772699936313177000.jpg,1000013,1,car,0.722178,425.0,631.0,501.0,662.0,425.1793518066406,630.7657470703125,501.710205078125,661.7600708007812,matched,0,VEHICLE_CAR,preprocessed/masks/left_rear_camera/masks/frame_000261_gt2d_000_track_-1_VEHICLE_CAR.png,0.9128262996673584
left_rear,261,1772699936313177000,data\camera\left_rear_camera\1772699936313177000.jpg,2000017,2,motorcycle,0.583273,975.0,625.0,1010.0,678.0,975.4561157226562,623.3500366210938,1009.781005859375,676.3779296875,matched,2,CYCLIST_MOTOR,preprocessed/masks/left_rear_camera/masks/frame_000261_gt2d_002_track_-1_CYCLIST_MOTOR.png,0.889999508857727
left_rear,261,1772699936313177000,data\camera\left_rear_camera\1772699936313177000.jpg,4000014,4,truck,0.658679,112.0,600.0,198.0,650.0,112.9081039428711,599.7310180664062,198.9306640625,650.0701904296875,matched,1,VEHICLE_TRUCK,preprocessed/masks/left_rear_camera/masks/frame_000261_gt2d_001_track_-1_VEHICLE_TRUCK.png,0.9213175177574158
left_rear,262,1772699936413184000,data\camera\left_rear_camera\1772699936413184000.jpg,1000013,1,car,0.718404,423.0,631.0,499.0,663.0,423.2117919921875,630.7493286132812,499.2620849609375,662.3894653320312,matched,0,VEHICLE_CAR,preprocessed/masks/left_rear_camera/masks/frame_000262_gt2d_000_track_-1_VEHICLE_CAR.png,0.9172477126121521
left_rear,262,1772699936413184000,data\camera\left_rear_camera\1772699936413184000.jpg,2000017,2,motorcycle,0.534451,959.0,626.0,994.0,678.0,958.7379150390625,624.9988403320312,993.6505737304688,677.308837890625,matched,2,CYCLIST_MOTOR,preprocessed/masks/left_rear_camera/masks/frame_000262_gt2d_002_track_-1_CYCLIST_MOTOR.png,0.8715081214904785
left_rear,262,1772699936413184000,data\camera\left_rear_camera\1772699936413184000.jpg,4000014,4,truck,0.539829,112.0,600.0,196.0,652.0,112.23345184326172,599.8297119140625,196.86683654785156,651.118896484375,matched,1,VEHICLE_TRUCK,preprocessed/masks/left_rear_camera/masks/frame_000262_gt2d_001_track_-1_VEHICLE_TRUCK.png,0.9065601825714111
left_rear,263,1772699936513192000,data\camera\left_rear_camera\1772699936513192000.jpg,1000013,1,car,0.711225,421.0,632.0,498.0,664.0,421.3543701171875,631.6928100585938,497.90704345703125,663.575439453125,matched,0,VEHICLE_CAR,preprocessed/masks/left_rear_camera/masks/frame_000263_gt2d_000_track_-1_VEHICLE_CAR.png,0.9158317446708679
left_rear,263,1772699936513192000,data\camera\left_rear_camera\1772699936513192000.jpg,2000017,2,motorcycle,0.590329,945.0,626.0,979.0,676.0,943.9774780273438,625.8457641601562,978.4378051757812,676.550048828125,matched,1,CYCLIST_MOTOR,preprocessed/masks/left_rear_camera/masks/frame_000263_gt2d_001_track_-1_CYCLIST_MOTOR.png,0.8744040727615356
left_rear,263,1772699936513192000,data\camera\left_rear_camera\1772699936513192000.jpg,4000014,4,truck,0.518919,111.0,601.0,195.0,651.0,111.46920776367188,600.8076782226562,195.5855712890625,651.129150390625,matched,2,VEHICLE_TRUCK,preprocessed/masks/left_rear_camera/masks/frame_000263_gt2d_002_track_-1_VEHICLE_TRUCK.png,0.9194034934043884
left_rear,264,1772699936613168000,data\camera\left_rear_camera\1772699936613168000.jpg,1000013,1,car,0.738105,420.0,631.0,495.0,663.0,420.0943908691406,631.3650512695312,495.5211486816406,663.3395385742188,matched,0,VEHICLE_CAR,preprocessed/masks/left_rear_camera/masks/frame_000264_gt2d_000_track_-1_VEHICLE_CAR.png,0.9037202000617981
left_rear,264,1772699936613168000,data\camera\left_rear_camera\1772699936613168000.jpg,2000017,2,motorcycle,0.512635,930.0,626.0,963.0,676.0,929.2034301757812,626.1168823242188,962.8067016601562,676.2388305664062,matched,1,CYCLIST_MOTOR,preprocessed/masks/left_rear_camera/masks/frame_000264_gt2d_001_track_-1_CYCLIST_MOTOR.png,0.8661348223686218
left_rear,264,1772699936613168000,data\camera\left_rear_camera\1772699936613168000.jpg,4000014,4,truck,0.458068,112.0,600.0,193.0,650.0,111.89725494384766,600.46435546875,193.83644104003906,650.43505859375,matched,2,VEHICLE_TRUCK,preprocessed/masks/left_rear_camera/masks/frame_000264_gt2d_002_track_-1_VEHICLE_TRUCK.png,0.9203054904937744
left_rear,265,1772699936713176000,data\camera\left_rear_camera\1772699936713176000.jpg,1000013,1,car,0.726354,419.0,631.0,494.0,662.0,419.00201416015625,630.9375610351562,494.01641845703125,662.2864990234375,matched,0,VEHICLE_CAR,preprocessed/masks/left_rear_camera/masks/frame_000265_gt2d_000_track_-1_VEHICLE_CAR.png,0.9117474555969238
left_rear,265,1772699936713176000,data\camera\left_rear_camera\1772699936713176000.jpg,2000017,2,motorcycle,0.570954,915.0,626.0,948.0,674.0,914.3516845703125,625.9212036132812,947.6165771484375,674.4932250976562,matched,1,CYCLIST_MOTOR,preprocessed/masks/left_rear_camera/masks/frame_000265_gt2d_001_track_-1_CYCLIST_MOTOR.png,0.9335395097732544
left_rear,265,1772699936713176000,data\camera\left_rear_camera\1772699936713176000.jpg,4000014,4,truck,0.525488,110.0,599.0,191.0,650.0,110.70851135253906,599.3668823242188,191.84495544433594,649.8914794921875,matched,2,VEHICLE_TRUCK,preprocessed/masks/left_rear_camera/masks/frame_000265_gt2d_002_track_-1_VEHICLE_TRUCK.png,0.9194179773330688
left_rear,266,1772699936813183000,data\camera\left_rear_camera\1772699936813183000.jpg,1000013,1,car,0.76739,417.0,631.0,492.0,662.0,417.37969970703125,630.7412719726562,492.2552795410156,661.8499755859375,matched,0,VEHICLE_CAR,preprocessed/masks/left_rear_camera/masks/frame_000266_gt2d_000_track_-1_VEHICLE_CAR.png,0.9088706970214844
left_rear,266,1772699936813183000,data\camera\left_rear_camera\1772699936813183000.jpg,2000017,2,motorcycle,0.611441,902.0,626.0,933.0,676.0,900.8545532226562,625.8108520507812,932.6556396484375,675.188720703125,matched,1,CYCLIST_MOTOR,preprocessed/masks/left_rear_camera/masks/frame_000266_gt2d_001_track_-1_CYCLIST_MOTOR.png,0.9043856859207153
left_rear,266,1772699936813183000,data\camera\left_rear_camera\1772699936813183000.jpg,4000014,4,truck,0.52531,111.0,600.0,191.0,650.0,111.00576782226562,599.577392578125,191.19766235351562,649.6563720703125,matched,2,VEHICLE_TRUCK,preprocessed/masks/left_rear_camera/masks/frame_000266_gt2d_002_track_-1_VEHICLE_TRUCK.png,0.9227797985076904
left_rear,267,1772699936913191000,data\camera\left_rear_camera\1772699936913191000.jpg,1000013,1,car,0.773347,415.0,631.0,490.0,662.0,415.5036315917969,630.688720703125,490.3418273925781,661.708984375,matched,0,VEHICLE_CAR,preprocessed/masks/left_rear_camera/masks/frame_000267_gt2d_000_track_-1_VEHICLE_CAR.png,0.9065980315208435
left_rear,267,1772699936913191000,data\camera\left_rear_camera\1772699936913191000.jpg,2000017,2,motorcycle,0.67616,884.0,626.0,919.0,672.0,884.461181640625,625.7799072265625,918.40478515625,672.7888793945312,matched,1,CYCLIST_MOTOR,preprocessed/masks/left_rear_camera/masks/frame_000267_gt2d_001_track_-1_CYCLIST_MOTOR.png,0.8851066827774048
left_rear,267,1772699936913191000,data\camera\left_rear_camera\1772699936913191000.jpg,4000014,4,truck,0.521473,109.0,599.0,191.0,648.0,109.79048919677734,599.0128784179688,190.99256896972656,648.2702026367188,matched,2,VEHICLE_TRUCK,preprocessed/masks/left_rear_camera/masks/frame_000267_gt2d_002_track_-1_VEHICLE_TRUCK.png,0.9258284568786621
left_rear,268,1772699937013154000,data\camera\left_rear_camera\1772699937013154000.jpg,-1,0,bus,0.305991,0.0,596.0,55.0,644.0,0.0,596.0,55.0,644.0,unassigned,3,VEHICLE_BUS,preprocessed/masks/left_rear_camera/masks/frame_000268_gt2d_003_track_-1_VEHICLE_BUS.png,0.8259672522544861
left_rear,268,1772699937013154000,data\camera\left_rear_camera\1772699937013154000.jpg,1000013,1,car,0.774831,414.0,631.0,488.0,662.0,414.2327880859375,630.7803344726562,488.4065246582031,661.769287109375,matched,0,VEHICLE_CAR,preprocessed/masks/left_rear_camera/masks/frame_000268_gt2d_000_track_-1_VEHICLE_CAR.png,0.9111733436584473
left_rear,268,1772699937013154000,data\camera\left_rear_camera\1772699937013154000.jpg,2000017,2,motorcycle,0.512212,875.0,626.0,905.0,672.0,872.9302978515625,625.8794555664062,904.3861694335938,672.0097045898438,matched,2,CYCLIST_MOTOR,preprocessed/masks/left_rear_camera/masks/frame_000268_gt2d_002_track_-1_CYCLIST_MOTOR.png,0.8662146329879761
left_rear,268,1772699937013154000,data\camera\left_rear_camera\1772699937013154000.jpg,4000014,4,truck,0.540811,108.0,599.0,188.0,648.0,108.73014068603516,598.9102783203125,188.9967803955078,647.8738403320312,matched,1,VEHICLE_TRUCK,preprocessed/masks/left_rear_camera/masks/frame_000268_gt2d_001_track_-1_VEHICLE_TRUCK.png,0.9202021360397339
left_rear,269,1772699937113284000,data\camera\left_rear_camera\1772699937113284000.jpg,-1,2,motorcycle,0.419664,842.0,621.0,894.0,677.0,842.0,621.0,894.0,677.0,unassigned,2,CYCLIST_MOTOR,preprocessed/masks/left_rear_camera/masks/frame_000269_gt2d_002_track_-1_CYCLIST_MOTOR.png,0.8339626789093018
left_rear,269,1772699937113284000,data\camera\left_rear_camera\1772699937113284000.jpg,1000013,1,car,0.781789,411.0,631.0,486.0,662.0,411.3155822753906,631.0588989257812,485.9189147949219,662.0381469726562,matched,0,VEHICLE_CAR,preprocessed/masks/left_rear_camera/masks/frame_000269_gt2d_000_track_-1_VEHICLE_CAR.png,0.9098939895629883
left_rear,269,1772699937113284000,data\camera\left_rear_camera\1772699937113284000.jpg,2000017,2,motorcycle,0.395607,857.0,624.0,892.0,675.0,856.8635864257812,624.786376953125,890.696533203125,674.0121459960938,matched,3,CYCLIST_MOTOR,preprocessed/masks/left_rear_camera/masks/frame_000269_gt2d_003_track_-1_CYCLIST_MOTOR.png,0.8676193952560425
left_rear,269,1772699937113284000,data\camera\left_rear_camera\1772699937113284000.jpg,4000014,4,truck,0.59457,107.0,599.0,189.0,649.0,107.17072296142578,599.111083984375,188.43612670898438,648.6465454101562,matched,1,VEHICLE_TRUCK,preprocessed/masks/left_rear_camera/masks/frame_000269_gt2d_001_track_-1_VEHICLE_TRUCK.png,0.9186593294143677
left_rear,270,1772699937213261000,data\camera\left_rear_camera\1772699937213261000.jpg,1000013,1,car,0.745195,410.0,631.0,485.0,662.0,409.7242126464844,631.1444091796875,484.49908447265625,662.121826171875,matched,0,VEHICLE_CAR,preprocessed/masks/left_rear_camera/masks/frame_000270_gt2d_000_track_-1_VEHICLE_CAR.png,0.9146713018417358
left_rear,270,1772699937213261000,data\camera\left_rear_camera\1772699937213261000.jpg,2000017,2,motorcycle,0.648226,845.0,626.0,879.0,674.0,843.5111083984375,625.6951904296875,877.5228881835938,674.0672607421875,matched,1,CYCLIST_MOTOR,preprocessed/masks/left_rear_camera/masks/frame_000270_gt2d_001_track_-1_CYCLIST_MOTOR.png,0.8559931516647339
left_rear,270,1772699937213261000,data\camera\left_rear_camera\1772699937213261000.jpg,4000014,4,truck,0.591916,107.0,600.0,186.0,650.0,106.70936584472656,599.8295288085938,186.37448120117188,649.587890625,matched,2,VEHICLE_TRUCK,preprocessed/masks/left_rear_camera/masks/frame_000270_gt2d_002_track_-1_VEHICLE_TRUCK.png,0.9256253242492676
left_rear,271,1772699937313268000,data\camera\left_rear_camera\1772699937313268000.jpg,1000013,1,car,0.792091,408.0,631.0,483.0,662.0,407.7852783203125,631.1058959960938,482.6348571777344,662.0844116210938,matched,0,VEHICLE_CAR,preprocessed/masks/left_rear_camera/masks/frame_000271_gt2d_000_track_-1_VEHICLE_CAR.png,0.8988025784492493
left_rear,271,1772699937313268000,data\camera\left_rear_camera\1772699937313268000.jpg,2000017,2,motorcycle,0.597295,836.0,625.0,867.0,671.0,833.056640625,625.3092041015625,865.1599731445312,672.0208129882812,matched,2,CYCLIST_MOTOR,preprocessed/masks/left_rear_camera/masks/frame_000271_gt2d_002_track_-1_CYCLIST_MOTOR.png,0.8733524084091187
left_rear,271,1772699937313268000,data\camera\left_rear_camera\1772699937313268000.jpg,4000014,4,truck,0.607884,107.0,599.0,186.0,649.0,106.48749542236328,599.36669921875,185.55914306640625,649.2185668945312,matched,1,VEHICLE_TRUCK,preprocessed/masks/left_rear_camera/masks/frame_000271_gt2d_001_track_-1_VEHICLE_TRUCK.png,0.9132871627807617
left_rear,272,1772699937413276000,data\camera\left_rear_camera\1772699937413276000.jpg,1000013,1,car,0.785796,408.0,631.0,482.0,662.0,407.4361267089844,630.8574829101562,481.6601867675781,661.8379516601562,matched,0,VEHICLE_CAR,preprocessed/masks/left_rear_camera/masks/frame_000272_gt2d_000_track_-1_VEHICLE_CAR.png,0.9022389650344849
left_rear,272,1772699937413276000,data\camera\left_rear_camera\1772699937413276000.jpg,2000017,2,motorcycle,0.606262,826.0,624.0,856.0,670.0,823.5390014648438,624.2599487304688,854.2147216796875,670.3612060546875,matched,1,CYCLIST_MOTOR,preprocessed/masks/left_rear_camera/masks/frame_000272_gt2d_001_track_-1_CYCLIST_MOTOR.png,0.8912050724029541
left_rear,272,1772699937413276000,data\camera\left_rear_camera\1772699937413276000.jpg,4000014,4,truck,0.575747,106.0,599.0,184.0,649.0,106.07080078125,598.9553833007812,184.27279663085938,648.8499145507812,matched,2,VEHICLE_TRUCK,preprocessed/masks/left_rear_camera/masks/frame_000272_gt2d_002_track_-1_VEHICLE_TRUCK.png,0.9108490347862244
left_rear,273,1772699937513283000,data\camera\left_rear_camera\1772699937513283000.jpg,1000013,1,car,0.752193,406.0,631.0,480.0,662.0,406.0745544433594,630.8402099609375,480.07061767578125,661.8228149414062,matched,0,VEHICLE_CAR,preprocessed/masks/left_rear_camera/masks/frame_000273_gt2d_000_track_-1_VEHICLE_CAR.png,0.9090243577957153
left_rear,273,1772699937513283000,data\camera\left_rear_camera\1772699937513283000.jpg,2000017,2,motorcycle,0.641158,814.0,627.0,841.0,670.0,812.5908203125,625.9641723632812,840.7154541015625,669.84423828125,matched,1,CYCLIST_MOTOR,preprocessed/masks/left_rear_camera/masks/frame_000273_gt2d_001_track_-1_CYCLIST_MOTOR.png,0.8956208229064941
left_rear,273,1772699937513283000,data\camera\left_rear_camera\1772699937513283000.jpg,4000014,4,truck,0.610709,106.0,598.0,185.0,650.0,105.965087890625,598.2141723632812,184.52935791015625,649.454345703125,matched,2,VEHICLE_TRUCK,preprocessed/masks/left_rear_camera/masks/frame_000273_gt2d_002_track_-1_VEHICLE_TRUCK.png,0.913754940032959
left_rear,274,1772699937613291000,data\camera\left_rear_camera\1772699937613291000.jpg,1000013,1,car,0.777134,405.0,631.0,478.0,662.0,405.04217529296875,630.947265625,478.2983703613281,661.9318237304688,matched,0,VEHICLE_CAR,preprocessed/masks/left_rear_camera/masks/frame_000274_gt2d_000_track_-1_VEHICLE_CAR.png,0.9046430587768555
left_rear,274,1772699937613291000,data\camera\left_rear_camera\1772699937613291000.jpg,2000017,2,motorcycle,0.574929,804.0,628.0,829.0,671.0,802.5650024414062,627.3970336914062,828.377685546875,670.472900390625,matched,1,CYCLIST_MOTOR,preprocessed/masks/left_rear_camera/masks/frame_000274_gt2d_001_track_-1_CYCLIST_MOTOR.png,0.9031537771224976
left_rear,274,1772699937613291000,data\camera\left_rear_camera\1772699937613291000.jpg,4000014,4,truck,0.561839,106.0,599.0,183.0,648.0,106.02650451660156,598.7044677734375,183.4143524169922,648.4864501953125,matched,2,VEHICLE_TRUCK,preprocessed/masks/left_rear_camera/masks/frame_000274_gt2d_002_track_-1_VEHICLE_TRUCK.png,0.9170525074005127
left_rear,275,1772699937713268000,data\camera\left_rear_camera\1772699937713268000.jpg,-1,1,car,0.321129,1780.0,621.0,1919.0,676.0,1780.0,621.0,1919.0,676.0,unassigned,3,VEHICLE_SUV,preprocessed/masks/left_rear_camera/masks/frame_000275_gt2d_003_track_-1_VEHICLE_SUV.png,0.8018827438354492
left_rear,275,1772699937713268000,data\camera\left_rear_camera\1772699937713268000.jpg,1000013,1,car,0.763934,404.0,631.0,478.0,662.0,403.83319091796875,631.0802001953125,477.486572265625,662.0665893554688,matched,0,VEHICLE_CAR,preprocessed/masks/left_rear_camera/masks/frame_000275_gt2d_000_track_-1_VEHICLE_CAR.png,0.9003420472145081
left_rear,275,1772699937713268000,data\camera\left_rear_camera\1772699937713268000.jpg,2000017,2,motorcycle,0.489596,794.0,626.0,817.0,671.0,792.5518798828125,626.638916015625,816.1762084960938,670.8030395507812,matched,2,CYCLIST_MOTOR,preprocessed/masks/left_rear_camera/masks/frame_000275_gt2d_002_track_-1_CYCLIST_MOTOR.png,0.8612817525863647
left_rear,275,1772699937713268000,data\camera\left_rear_camera\1772699937713268000.jpg,4000014,4,truck,0.585488,104.0,598.0,183.0,648.0,104.51567077636719,598.3231201171875,182.81439208984375,648.2052612304688,matched,1,VEHICLE_TRUCK,preprocessed/masks/left_rear_camera/masks/frame_000275_gt2d_001_track_-1_VEHICLE_TRUCK.png,0.906387209892273
left_rear,276,1772699937813275000,data\camera\left_rear_camera\1772699937813275000.jpg,-1,3,person,0.495329,788.0,627.0,807.0,669.0,788.0,627.0,807.0,669.0,unassigned,2,PEDESTRIAN_NORMAL,preprocessed/masks/left_rear_camera/masks/frame_000276_gt2d_002_track_-1_PEDESTRIAN_NORMAL.png,0.778988778591156
left_rear,276,1772699937813275000,data\camera\left_rear_camera\1772699937813275000.jpg,-1,1,car,0.373156,1890.0,636.0,1919.0,728.0,1890.0,636.0,1919.0,728.0,unassigned,3,VEHICLE_CAR,preprocessed/masks/left_rear_camera/masks/frame_000276_gt2d_003_track_-1_VEHICLE_CAR.png,0.7014031410217285
left_rear,276,1772699937813275000,data\camera\left_rear_camera\1772699937813275000.jpg,1000013,1,car,0.769315,401.0,631.0,477.0,662.0,401.48382568359375,631.1380615234375,476.6180419921875,662.1259765625,matched,0,VEHICLE_CAR,preprocessed/masks/left_rear_camera/masks/frame_000276_gt2d_000_track_-1_VEHICLE_CAR.png,0.9164769649505615
left_rear,276,1772699937813275000,data\camera\left_rear_camera\1772699937813275000.jpg,4000014,4,truck,0.573578,103.0,599.0,183.0,648.0,103.34574890136719,598.8551025390625,182.65663146972656,648.1163330078125,matched,1,VEHICLE_TRUCK,preprocessed/masks/left_rear_camera/masks/frame_000276_gt2d_001_track_-1_VEHICLE_TRUCK.png,0.907966136932373
left_rear,277,1772699937913282000,data\camera\left_rear_camera\1772699937913282000.jpg,-1,1,car,0.401854,1877.0,631.0,1919.0,730.0,1877.0,631.0,1919.0,730.0,unassigned,2,VEHICLE_CAR,preprocessed/masks/left_rear_camera/masks/frame_000277_gt2d_002_track_-1_VEHICLE_CAR.png,0.8565999865531921
left_rear,277,1772699937913282000,data\camera\left_rear_camera\1772699937913282000.jpg,1000013,1,car,0.793778,400.0,631.0,473.0,661.0,399.82781982421875,631.010498046875,473.55224609375,661.3387451171875,matched,0,VEHICLE_CAR,preprocessed/masks/left_rear_camera/masks/frame_000277_gt2d_000_track_-1_VEHICLE_CAR.png,0.9114115238189697
left_rear,277,1772699937913282000,data\camera\left_rear_camera\1772699937913282000.jpg,4000014,4,truck,0.521747,102.0,599.0,181.0,648.0,102.10167694091797,598.90966796875,181.14547729492188,647.9415283203125,matched,1,VEHICLE_TRUCK,preprocessed/masks/left_rear_camera/masks/frame_000277_gt2d_001_track_-1_VEHICLE_TRUCK.png,0.9123991131782532
left_rear,278,1772699938013276000,data\camera\left_rear_camera\1772699938013276000.jpg,-1,1,car,0.435473,1861.0,613.0,1919.0,733.0,1861.0,613.0,1919.0,733.0,unassigned,2,VEHICLE_SUV,preprocessed/masks/left_rear_camera/masks/frame_000278_gt2d_002_track_-1_VEHICLE_SUV.png,0.8231161832809448
left_rear,278,1772699938013276000,data\camera\left_rear_camera\1772699938013276000.jpg,-1,1,car,0.333074,1751.0,620.0,1908.0,677.0,1751.0,620.0,1908.0,677.0,unassigned,3,VEHICLE_SUV,preprocessed/masks/left_rear_camera/masks/frame_000278_gt2d_003_track_-1_VEHICLE_SUV.png,0.829772412776947
left_rear,278,1772699938013276000,data\camera\left_rear_camera\1772699938013276000.jpg,1000013,1,car,0.780609,399.0,631.0,470.0,660.0,398.8277282714844,631.0289306640625,470.6816711425781,660.4413452148438,matched,0,VEHICLE_CAR,preprocessed/masks/left_rear_camera/masks/frame_000278_gt2d_000_track_-1_VEHICLE_CAR.png,0.9242693185806274
left_rear,278,1772699938013276000,data\camera\left_rear_camera\1772699938013276000.jpg,4000014,4,truck,0.496776,102.0,600.0,179.0,649.0,101.8783187866211,599.6610717773438,179.50408935546875,648.6135864257812,matched,1,VEHICLE_TRUCK,preprocessed/masks/left_rear_camera/masks/frame_000278_gt2d_001_track_-1_VEHICLE_TRUCK.png,0.9251194596290588
left_rear,279,1772699938113192000,data\camera\left_rear_camera\1772699938113192000.jpg,-1,1,car,0.396733,1745.0,621.0,1897.0,676.0,1745.0,621.0,1897.0,676.0,unassigned,4,VEHICLE_SUV,preprocessed/masks/left_rear_camera/masks/frame_000279_gt2d_004_track_-1_VEHICLE_SUV.png,0.8701051473617554
left_rear,279,1772699938113192000,data\camera\left_rear_camera\1772699938113192000.jpg,1000013,1,car,0.721973,398.0,631.0,468.0,661.0,397.83062744140625,630.9488525390625,468.32366943359375,660.6957397460938,matched,0,VEHICLE_CAR,preprocessed/masks/left_rear_camera/masks/frame_000279_gt2d_000_track_-1_VEHICLE_CAR.png,0.9117010831832886
left_rear,279,1772699938113192000,data\camera\left_rear_camera\1772699938113192000.jpg,1000014,1,car,0.505506,1846.0,620.0,1919.0,726.0,1846.0,620.0,1919.0,726.0,tentative,1,VEHICLE_CAR,preprocessed/masks/left_rear_camera/masks/frame_000279_gt2d_001_track_-1_VEHICLE_CAR.png,0.8888941407203674
left_rear,279,1772699938113192000,data\camera\left_rear_camera\1772699938113192000.jpg,2000017,2,motorcycle,0.501558,748.0,628.0,770.0,668.0,747.255615234375,627.8616943359375,769.31689453125,668.2711181640625,matched,2,CYCLIST_MOTOR,preprocessed/masks/left_rear_camera/masks/frame_000279_gt2d_002_track_-1_CYCLIST_MOTOR.png,0.83880615234375
left_rear,279,1772699938113192000,data\camera\left_rear_camera\1772699938113192000.jpg,4000014,4,truck,0.498703,102.0,601.0,179.0,648.0,101.8023452758789,600.5164184570312,178.9018096923828,648.118896484375,matched,3,VEHICLE_TRUCK,preprocessed/masks/left_rear_camera/masks/frame_000279_gt2d_003_track_-1_VEHICLE_TRUCK.png,0.9157113432884216
left_rear,280,1772699938213169000,data\camera\left_rear_camera\1772699938213169000.jpg,-1,1,car,0.372909,1735.0,621.0,1892.0,679.0,1735.0,621.0,1892.0,679.0,unassigned,4,VEHICLE_SUV,preprocessed/masks/left_rear_camera/masks/frame_000280_gt2d_004_track_-1_VEHICLE_SUV.png,0.8843154311180115
left_rear,280,1772699938213169000,data\camera\left_rear_camera\1772699938213169000.jpg,1000013,1,car,0.693306,395.0,631.0,465.0,660.0,395.4471130371094,631.2022094726562,465.4523010253906,660.4126586914062,matched,0,VEHICLE_CAR,preprocessed/masks/left_rear_camera/masks/frame_000280_gt2d_000_track_-1_VEHICLE_CAR.png,0.918877363204956
left_rear,280,1772699938213169000,data\camera\left_rear_camera\1772699938213169000.jpg,1000014,1,car,0.560794,1833.0,621.0,1919.0,725.0,1834.6065673828125,621.0070190429688,1918.0064697265625,725.406982421875,matched,2,VEHICLE_CAR,preprocessed/masks/left_rear_camera/masks/frame_000280_gt2d_002_track_-1_VEHICLE_CAR.png,0.8747695684432983
left_rear,280,1772699938213169000,data\camera\left_rear_camera\1772699938213169000.jpg,2000017,2,motorcycle,0.586473,739.0,627.0,762.0,669.0,737.7720336914062,627.4525756835938,760.4741821289062,668.8974609375,matched,1,CYCLIST_MOTOR,preprocessed/masks/left_rear_camera/masks/frame_000280_gt2d_001_track_-1_CYCLIST_MOTOR.png,0.8911941647529602
left_rear,280,1772699938213169000,data\camera\left_rear_camera\1772699938213169000.jpg,4000014,4,truck,0.50051,101.0,600.0,178.0,648.0,101.06690216064453,600.4450073242188,177.9830780029297,648.2161254882812,matched,3,VEHICLE_TRUCK,preprocessed/masks/left_rear_camera/masks/frame_000280_gt2d_003_track_-1_VEHICLE_TRUCK.png,0.918757975101471
left_rear,281,1772699938313177000,data\camera\left_rear_camera\1772699938313177000.jpg,-1,1,car,0.386447,1721.0,622.0,1882.0,680.0,1721.0,622.0,1882.0,680.0,unassigned,4,VEHICLE_CAR,preprocessed/masks/left_rear_camera/masks/frame_000281_gt2d_004_track_-1_VEHICLE_CAR.png,0.8805160522460938
left_rear,281,1772699938313177000,data\camera\left_rear_camera\1772699938313177000.jpg,1000013,1,car,0.723171,395.0,631.0,466.0,661.0,394.734130859375,631.2797241210938,465.2445373535156,660.96142578125,matched,0,VEHICLE_CAR,preprocessed/masks/left_rear_camera/masks/frame_000281_gt2d_000_track_-1_VEHICLE_CAR.png,0.9061327576637268
left_rear,281,1772699938313177000,data\camera\left_rear_camera\1772699938313177000.jpg,1000014,1,car,0.622375,1819.0,621.0,1919.0,729.0,1821.8804931640625,621.2432250976562,1917.5235595703125,728.4315795898438,matched,1,VEHICLE_CAR,preprocessed/masks/left_rear_camera/masks/frame_000281_gt2d_001_track_-1_VEHICLE_CAR.png,0.9193326830863953
left_rear,281,1772699938313177000,data\camera\left_rear_camera\1772699938313177000.jpg,2000017,2,motorcycle,0.577557,730.0,628.0,751.0,668.0,728.6842041015625,628.0228271484375,750.2567138671875,668.4461669921875,matched,2,CYCLIST_MOTOR,preprocessed/masks/left_rear_camera/masks/frame_000281_gt2d_002_track_-1_CYCLIST_MOTOR.png,0.8194271326065063
left_rear,281,1772699938313177000,data\camera\left_rear_camera\1772699938313177000.jpg,4000014,4,truck,0.496333,101.0,600.0,177.0,649.0,100.92774963378906,600.4061889648438,177.12428283691406,648.9122924804688,matched,3,VEHICLE_TRUCK,preprocessed/masks/left_rear_camera/masks/frame_000281_gt2d_003_track_-1_VEHICLE_TRUCK.png,0.9046759605407715
left_rear,282,1772699938413184000,data\camera\left_rear_camera\1772699938413184000.jpg,-1,1,car,0.416504,1710.0,622.0,1874.0,680.0,1710.0,622.0,1874.0,680.0,unassigned,4,VEHICLE_CAR,preprocessed/masks/left_rear_camera/masks/frame_000282_gt2d_004_track_-1_VEHICLE_CAR.png,0.874609112739563
left_rear,282,1772699938413184000,data\camera\left_rear_camera\1772699938413184000.jpg,1000013,1,car,0.734246,393.0,632.0,465.0,661.0,393.1376037597656,631.8663940429688,464.5144348144531,661.0651245117188,matched,0,VEHICLE_CAR,preprocessed/masks/left_rear_camera/masks/frame_000282_gt2d_000_track_-1_VEHICLE_CAR.png,0.864708423614502
left_rear,282,1772699938413184000,data\camera\left_rear_camera\1772699938413184000.jpg,1000014,1,car,0.702203,1805.0,619.0,1919.0,729.0,1807.54296875,619.6174926757812,1917.683837890625,729.2700805664062,matched,1,VEHICLE_CAR,preprocessed/masks/left_rear_camera/masks/frame_000282_gt2d_001_track_-1_VEHICLE_CAR.png,0.9110275506973267
left_rear,282,1772699938413184000,data\camera\left_rear_camera\1772699938413184000.jpg,2000017,2,motorcycle,0.430498,723.0,627.0,742.0,669.0,721.136962890625,627.4532470703125,740.9158935546875,668.8458862304688,matched,3,CYCLIST_MOTOR,preprocessed/masks/left_rear_camera/masks/frame_000282_gt2d_003_track_-1_CYCLIST_MOTOR.png,0.7677331566810608
left_rear,282,1772699938413184000,data\camera\left_rear_camera\1772699938413184000.jpg,4000014,4,truck,0.463107,99.0,600.0,178.0,648.0,99.50829315185547,600.2820434570312,177.4460906982422,648.4100341796875,matched,2,VEHICLE_TRUCK,preprocessed/masks/left_rear_camera/masks/frame_000282_gt2d_002_track_-1_VEHICLE_TRUCK.png,0.9087746143341064
left_rear,283,1772699938513192000,data\camera\left_rear_camera\1772699938513192000.jpg,-1,1,car,0.381269,1708.0,621.0,1865.0,679.0,1708.0,621.0,1865.0,679.0,unassigned,2,VEHICLE_CAR,preprocessed/masks/left_rear_camera/masks/frame_000283_gt2d_002_track_-1_VEHICLE_CAR.png,0.8638883829116821
left_rear,283,1772699938513192000,data\camera\left_rear_camera\1772699938513192000.jpg,1000013,1,car,0.744992,392.0,631.0,464.0,661.0,392.0553283691406,631.429931640625,463.7691345214844,661.1165161132812,matched,0,VEHICLE_CAR,preprocessed/masks/left_rear_camera/masks/frame_000283_gt2d_000_track_-1_VEHICLE_CAR.png,0.8948436975479126
left_rear,283,1772699938513192000,data\camera\left_rear_camera\1772699938513192000.jpg,1000014,1,car,0.715917,1791.0,618.0,1919.0,729.0,1793.229248046875,618.3433227539062,1918.0343017578125,729.4509887695312,matched,1,VEHICLE_CAR,preprocessed/masks/left_rear_camera/masks/frame_000283_gt2d_001_track_-1_VEHICLE_CAR.png,0.9307327270507812
left_rear,283,1772699938513192000,data\camera\left_rear_camera\1772699938513192000.jpg,2000017,2,motorcycle,0.370101,715.0,628.0,733.0,668.0,713.638427734375,627.9218139648438,732.0728149414062,668.3512573242188,matched,3,CYCLIST_MOTOR,preprocessed/masks/left_rear_camera/masks/frame_000283_gt2d_003_track_-1_CYCLIST_MOTOR.png,0.7667077779769897
left_rear,283,1772699938513192000,data\camera\left_rear_camera\1772699938513192000.jpg,4000014,4,truck,0.363374,99.0,600.0,177.0,646.0,99.12588500976562,600.2392578125,177.0590362548828,646.9012451171875,matched,4,VEHICLE_TRUCK,preprocessed/masks/left_rear_camera/masks/frame_000283_gt2d_004_track_-1_VEHICLE_TRUCK.png,0.9119164943695068
left_rear,284,1772699938613168000,data\camera\left_rear_camera\1772699938613168000.jpg,-1,1,car,0.408914,1692.0,622.0,1859.0,682.0,1692.0,622.0,1859.0,682.0,unassigned,3,VEHICLE_CAR,preprocessed/masks/left_rear_camera/masks/frame_000284_gt2d_003_track_-1_VEHICLE_CAR.png,0.8536610007286072
left_rear,284,1772699938613168000,data\camera\left_rear_camera\1772699938613168000.jpg,1000013,1,car,0.742483,390.0,632.0,463.0,661.0,390.3684387207031,631.7725219726562,462.8789978027344,660.9830932617188,matched,0,VEHICLE_CAR,preprocessed/masks/left_rear_camera/masks/frame_000284_gt2d_000_track_-1_VEHICLE_CAR.png,0.8634434342384338
left_rear,284,1772699938613168000,data\camera\left_rear_camera\1772699938613168000.jpg,1000014,1,car,0.718733,1779.0,614.0,1919.0,730.0,1780.207763671875,614.9501953125,1918.2529296875,730.029052734375,matched,1,VEHICLE_CAR,preprocessed/masks/left_rear_camera/masks/frame_000284_gt2d_001_track_-1_VEHICLE_CAR.png,0.9287117719650269
left_rear,284,1772699938613168000,data\camera\left_rear_camera\1772699938613168000.jpg,4000014,4,truck,0.416405,97.0,600.0,175.0,648.0,97.67020416259766,600.0630493164062,175.60723876953125,647.5226440429688,matched,2,VEHICLE_TRUCK,preprocessed/masks/left_rear_camera/masks/frame_000284_gt2d_002_track_-1_VEHICLE_TRUCK.png,0.9109934568405151
left_rear,285,1772699938713176000,data\camera\left_rear_camera\1772699938713176000.jpg,-1,1,car,0.418659,1678.0,622.0,1850.0,682.0,1678.0,622.0,1850.0,682.0,unassigned,2,VEHICLE_CAR,preprocessed/masks/left_rear_camera/masks/frame_000285_gt2d_002_track_-1_VEHICLE_CAR.png,0.8907673358917236
left_rear,285,1772699938713176000,data\camera\left_rear_camera\1772699938713176000.jpg,1000013,1,car,0.772618,388.0,631.0,461.0,661.0,388.5309753417969,631.2687377929688,461.3465576171875,660.9671020507812,matched,0,VEHICLE_CAR,preprocessed/masks/left_rear_camera/masks/frame_000285_gt2d_000_track_-1_VEHICLE_CAR.png,0.8637888431549072
left_rear,285,1772699938713176000,data\camera\left_rear_camera\1772699938713176000.jpg,1000014,1,car,0.724651,1767.0,612.0,1919.0,730.0,1767.82373046875,612.4519653320312,1918.478759765625,730.2318115234375,matched,1,VEHICLE_CAR,preprocessed/masks/left_rear_camera/masks/frame_000285_gt2d_001_track_-1_VEHICLE_CAR.png,0.9301766753196716
left_rear,285,1772699938713176000,data\camera\left_rear_camera\1772699938713176000.jpg,4000014,4,truck,0.362027,98.0,600.0,176.0,646.0,97.86860656738281,600.0276489257812,175.81158447265625,646.4622802734375,matched,3,VEHICLE_TRUCK,preprocessed/masks/left_rear_camera/masks/frame_000285_gt2d_003_track_-1_VEHICLE_TRUCK.png,0.9184094667434692
left_rear,286,1772699938813183000,data\camera\left_rear_camera\1772699938813183000.jpg,-1,1,car,0.392319,1675.0,622.0,1846.0,686.0,1675.0,622.0,1846.0,686.0,unassigned,2,VEHICLE_CAR,preprocessed/masks/left_rear_camera/masks/frame_000286_gt2d_002_track_-1_VEHICLE_CAR.png,0.8554942607879639
left_rear,286,1772699938813183000,data\camera\left_rear_camera\1772699938813183000.jpg,1000013,1,car,0.763896,387.0,632.0,461.0,661.0,387.1129150390625,631.6953735351562,460.7052001953125,660.91796875,matched,0,VEHICLE_CAR,preprocessed/masks/left_rear_camera/masks/frame_000286_gt2d_000_track_-1_VEHICLE_CAR.png,0.8645191192626953
left_rear,286,1772699938813183000,data\camera\left_rear_camera\1772699938813183000.jpg,1000014,1,car,0.724034,1756.0,614.0,1919.0,725.0,1756.1456298828125,612.9080810546875,1918.4945068359375,726.8484497070312,matched,1,VEHICLE_CAR,preprocessed/masks/left_rear_camera/masks/frame_000286_gt2d_001_track_-1_VEHICLE_CAR.png,0.9193130731582642
left_rear,286,1772699938813183000,data\camera\left_rear_camera\1772699938813183000.jpg,4000014,4,truck,0.379553,97.0,600.0,174.0,647.0,97.19136047363281,599.9690551757812,174.47946166992188,646.6908569335938,matched,3,VEHICLE_TRUCK,preprocessed/masks/left_rear_camera/masks/frame_000286_gt2d_003_track_-1_VEHICLE_TRUCK.png,0.9121756553649902
left_rear,287,1772699938913191000,data\camera\left_rear_camera\1772699938913191000.jpg,1000013,1,car,0.745695,387.0,631.0,459.0,661.0,386.51416015625,631.3477783203125,459.08526611328125,661.0563354492188,matched,0,VEHICLE_CAR,preprocessed/masks/left_rear_camera/masks/frame_000287_gt2d_000_track_-1_VEHICLE_CAR.png,0.8389176726341248
left_rear,287,1772699938913191000,data\camera\left_rear_camera\1772699938913191000.jpg,1000014,1,car,0.730073,1743.0,612.0,1919.0,727.0,1743.52197265625,611.9678955078125,1918.41455078125,727.041748046875,matched,1,VEHICLE_CAR,preprocessed/masks/left_rear_camera/masks/frame_000287_gt2d_001_track_-1_VEHICLE_CAR.png,0.900067925453186
left_rear,287,1772699938913191000,data\camera\left_rear_camera\1772699938913191000.jpg,1000015,1,car,0.505269,1677.0,621.0,1838.0,678.0,1677.0,621.0,1838.0,678.0,tentative,2,VEHICLE_CAR,preprocessed/masks/left_rear_camera/masks/frame_000287_gt2d_002_track_-1_VEHICLE_CAR.png,0.8536986112594604
left_rear,287,1772699938913191000,data\camera\left_rear_camera\1772699938913191000.jpg,4000014,4,truck,0.372487,99.0,601.0,168.0,646.0,98.17145538330078,600.7627563476562,169.91017150878906,646.2721557617188,matched,3,VEHICLE_TRUCK,preprocessed/masks/left_rear_camera/masks/frame_000287_gt2d_003_track_-1_VEHICLE_TRUCK.png,0.9182273745536804
left_rear,288,1772699939013154000,data\camera\left_rear_camera\1772699939013154000.jpg,1000013,1,car,0.751761,385.0,632.0,458.0,662.0,385.20977783203125,631.7373046875,458.0504150390625,661.6280517578125,matched,0,VEHICLE_CAR,preprocessed/masks/left_rear_camera/masks/frame_000288_gt2d_000_track_-1_VEHICLE_CAR.png,0.8446203470230103
left_rear,288,1772699939013154000,data\camera\left_rear_camera\1772699939013154000.jpg,1000014,1,car,0.70121,1731.0,612.0,1919.0,730.0,1731.46240234375,611.535400390625,1918.6199951171875,728.9909057617188,matched,1,VEHICLE_CAR,preprocessed/masks/left_rear_camera/masks/frame_000288_gt2d_001_track_-1_VEHICLE_CAR.png,0.9153232574462891
left_rear,288,1772699939013154000,data\camera\left_rear_camera\1772699939013154000.jpg,1000015,1,car,0.487903,1670.0,622.0,1836.0,680.0,1670.56396484375,621.894287109375,1835.56396484375,679.6943359375,matched,2,VEHICLE_CAR,preprocessed/masks/left_rear_camera/masks/frame_000288_gt2d_002_track_-1_VEHICLE_CAR.png,0.8578462600708008
left_rear,289,1772699939113284000,data\camera\left_rear_camera\1772699939113284000.jpg,1000013,1,car,0.728095,385.0,631.0,456.0,661.0,384.5542297363281,631.27685546875,456.1768493652344,661.2378540039062,matched,1,VEHICLE_CAR,preprocessed/masks/left_rear_camera/masks/frame_000289_gt2d_001_track_-1_VEHICLE_CAR.png,0.8677650690078735
left_rear,289,1772699939113284000,data\camera\left_rear_camera\1772699939113284000.jpg,1000014,1,car,0.763813,1720.0,613.0,1919.0,731.0,1719.80908203125,612.1328735351562,1918.494873046875,730.4300537109375,matched,0,VEHICLE_CAR,preprocessed/masks/left_rear_camera/masks/frame_000289_gt2d_000_track_-1_VEHICLE_CAR.png,0.9276210069656372
left_rear,289,1772699939113284000,data\camera\left_rear_camera\1772699939113284000.jpg,1000015,1,car,0.481122,1660.0,621.0,1826.0,679.0,1661.3648681640625,621.349365234375,1827.129638671875,679.3027954101562,matched,2,VEHICLE_CAR,preprocessed/masks/left_rear_camera/masks/frame_000289_gt2d_002_track_-1_VEHICLE_CAR.png,0.7882945537567139
left_rear,290,1772699939213261000,data\camera\left_rear_camera\1772699939213261000.jpg,1000013,1,car,0.730066,383.0,632.0,456.0,661.0,383.2652893066406,631.8633422851562,455.75640869140625,661.1915283203125,matched,1,VEHICLE_CAR,preprocessed/masks/left_rear_camera/masks/frame_000290_gt2d_001_track_-1_VEHICLE_CAR.png,0.8621997237205505
left_rear,290,1772699939213261000,data\camera\left_rear_camera\1772699939213261000.jpg,1000014,1,car,0.773539,1709.0,608.0,1919.0,733.0,1708.822998046875,609.1986083984375,1918.7269287109375,732.392578125,matched,0,VEHICLE_CAR,preprocessed/masks/left_rear_camera/masks/frame_000290_gt2d_000_track_-1_VEHICLE_CAR.png,0.9005794525146484
left_rear,290,1772699939213261000,data\camera\left_rear_camera\1772699939213261000.jpg,1000015,1,car,0.409974,1657.0,621.0,1809.0,679.0,1656.599609375,621.1642456054688,1811.800048828125,679.169677734375,matched,2,VEHICLE_CAR,preprocessed/masks/left_rear_camera/masks/frame_000290_gt2d_002_track_-1_VEHICLE_CAR.png,0.7978118658065796
left_rear,291,1772699939313268000,data\camera\left_rear_camera\1772699939313268000.jpg,-1,4,truck,0.371398,95.0,600.0,183.0,648.0,95.0,600.0,183.0,648.0,unassigned,2,VEHICLE_TRUCK,preprocessed/masks/left_rear_camera/masks/frame_000291_gt2d_002_track_-1_VEHICLE_TRUCK.png,0.8783684372901917
left_rear,291,1772699939313268000,data\camera\left_rear_camera\1772699939313268000.jpg,1000013,1,car,0.748099,382.0,632.0,455.0,661.0,382.10302734375,632.1135864257812,454.91961669921875,661.2012329101562,matched,0,VEHICLE_CAR,preprocessed/masks/left_rear_camera/masks/frame_000291_gt2d_000_track_-1_VEHICLE_CAR.png,0.8556727170944214
left_rear,291,1772699939313268000,data\camera\left_rear_camera\1772699939313268000.jpg,1000014,1,car,0.682703,1698.0,609.0,1919.0,732.0,1697.7830810546875,608.8086547851562,1918.77490234375,732.5006103515625,matched,1,VEHICLE_CAR,preprocessed/masks/left_rear_camera/masks/frame_000291_gt2d_001_track_-1_VEHICLE_CAR.png,0.927774965763092
left_rear,291,1772699939313268000,data\camera\left_rear_camera\1772699939313268000.jpg,1000015,1,car,0.313792,1651.0,622.0,1799.0,679.0,1650.966796875,621.8621215820312,1799.7237548828125,679.1310424804688,matched,3,VEHICLE_CAR,preprocessed/masks/left_rear_camera/masks/frame_000291_gt2d_003_track_-1_VEHICLE_CAR.png,0.8108039498329163
left_rear,292,1772699939413276000,data\camera\left_rear_camera\1772699939413276000.jpg,-1,4,truck,0.40681,94.0,599.0,178.0,648.0,94.0,599.0,178.0,648.0,unassigned,2,VEHICLE_TRUCK,preprocessed/masks/left_rear_camera/masks/frame_000292_gt2d_002_track_-1_VEHICLE_TRUCK.png,0.8986135721206665
left_rear,292,1772699939413276000,data\camera\left_rear_camera\1772699939413276000.jpg,1000013,1,car,0.777221,381.0,631.0,453.0,661.0,381.0944519042969,631.5435791015625,453.3759460449219,661.2090454101562,matched,0,VEHICLE_CAR,preprocessed/masks/left_rear_camera/masks/frame_000292_gt2d_000_track_-1_VEHICLE_CAR.png,0.8383777141571045
left_rear,292,1772699939413276000,data\camera\left_rear_camera\1772699939413276000.jpg,1000014,1,car,0.722231,1686.0,610.0,1919.0,734.0,1686.2191162109375,609.3673095703125,1918.864990234375,733.8258056640625,matched,1,VEHICLE_CAR,preprocessed/masks/left_rear_camera/masks/frame_000292_gt2d_001_track_-1_VEHICLE_CAR.png,0.9291707277297974
left_rear,293,1772699939513283000,data\camera\left_rear_camera\1772699939513283000.jpg,-1,4,truck,0.404647,96.0,600.0,173.0,648.0,96.0,600.0,173.0,648.0,unassigned,2,VEHICLE_TRUCK,preprocessed/masks/left_rear_camera/masks/frame_000293_gt2d_002_track_-1_VEHICLE_TRUCK.png,0.8956059813499451
left_rear,293,1772699939513283000,data\camera\left_rear_camera\1772699939513283000.jpg,1000013,1,car,0.749382,381.0,631.0,453.0,661.0,380.6526184082031,631.1810913085938,452.73089599609375,661.0629272460938,matched,1,VEHICLE_CAR,preprocessed/masks/left_rear_camera/masks/frame_000293_gt2d_001_track_-1_VEHICLE_CAR.png,0.8137966394424438
left_rear,293,1772699939513283000,data\camera\left_rear_camera\1772699939513283000.jpg,1000014,1,car,0.767441,1679.0,612.0,1919.0,735.0,1677.3729248046875,610.779541015625,1918.8004150390625,734.8124389648438,matched,0,VEHICLE_CAR,preprocessed/masks/left_rear_camera/masks/frame_000293_gt2d_000_track_-1_VEHICLE_CAR.png,0.9301283359527588
left_rear,294,1772699939613291000,data\camera\left_rear_camera\1772699939613291000.jpg,-1,2,motorcycle,0.470812,622.0,630.0,643.0,667.0,622.0,630.0,643.0,667.0,unassigned,2,CYCLIST_MOTOR,preprocessed/masks/left_rear_camera/masks/frame_000294_gt2d_002_track_-1_CYCLIST_MOTOR.png,0.7655401229858398
left_rear,294,1772699939613291000,data\camera\left_rear_camera\1772699939613291000.jpg,-1,4,truck,0.423924,95.0,600.0,171.0,647.0,95.0,600.0,171.0,647.0,unassigned,3,VEHICLE_TRUCK,preprocessed/masks/left_rear_camera/masks/frame_000294_gt2d_003_track_-1_VEHICLE_TRUCK.png,0.9030700922012329
left_rear,294,1772699939613291000,data\camera\left_rear_camera\1772699939613291000.jpg,1000013,1,car,0.740921,380.0,632.0,451.0,661.0,379.92816162109375,631.7974853515625,451.2701110839844,661.1036376953125,matched,1,VEHICLE_CAR,preprocessed/masks/left_rear_camera/masks/frame_000294_gt2d_001_track_-1_VEHICLE_CAR.png,0.8111597895622253
left_rear,294,1772699939613291000,data\camera\left_rear_camera\1772699939613291000.jpg,1000014,1,car,0.754678,1677.0,613.0,1919.0,735.0,1672.96240234375,612.1109008789062,1918.85595703125,735.2596435546875,matched,0,VEHICLE_CAR,preprocessed/masks/left_rear_camera/masks/frame_000294_gt2d_000_track_-1_VEHICLE_CAR.png,0.9326087832450867
left_rear,295,1772699939713268000,data\camera\left_rear_camera\1772699939713268000.jpg,-1,1,car,0.424189,1630.0,623.0,1789.0,681.0,1630.0,623.0,1789.0,681.0,unassigned,2,VEHICLE_CAR,preprocessed/masks/left_rear_camera/masks/frame_000295_gt2d_002_track_-1_VEHICLE_CAR.png,0.815911054611206
left_rear,295,1772699939713268000,data\camera\left_rear_camera\1772699939713268000.jpg,-1,4,truck,0.382721,95.0,601.0,169.0,648.0,95.0,601.0,169.0,648.0,unassigned,3,VEHICLE_TRUCK,preprocessed/masks/left_rear_camera/masks/frame_000295_gt2d_003_track_-1_VEHICLE_TRUCK.png,0.9019817113876343
left_rear,295,1772699939713268000,data\camera\left_rear_camera\1772699939713268000.jpg,-1,2,motorcycle,0.353835,616.0,630.0,635.0,666.0,616.0,630.0,635.0,666.0,unassigned,4,CYCLIST_MOTOR,preprocessed/masks/left_rear_camera/masks/frame_000295_gt2d_004_track_-1_CYCLIST_MOTOR.png,0.7992892265319824
left_rear,295,1772699939713268000,data\camera\left_rear_camera\1772699939713268000.jpg,1000013,1,car,0.727556,378.0,632.0,449.0,661.0,378.2694396972656,632.1307373046875,449.33697509765625,661.216552734375,matched,1,VEHICLE_CAR,preprocessed/masks/left_rear_camera/masks/frame_000295_gt2d_001_track_-1_VEHICLE_CAR.png,0.788537859916687
left_rear,295,1772699939713268000,data\camera\left_rear_camera\1772699939713268000.jpg,1000014,1,car,0.782913,1678.0,615.0,1919.0,735.0,1672.111083984375,614.062255859375,1918.7833251953125,735.5020141601562,matched,0,VEHICLE_CAR,preprocessed/masks/left_rear_camera/masks/frame_000295_gt2d_000_track_-1_VEHICLE_CAR.png,0.9428815841674805
left_rear,296,1772699939813275000,data\camera\left_rear_camera\1772699939813275000.jpg,-1,3,person,0.412317,610.0,630.0,627.0,667.0,610.0,630.0,627.0,667.0,unassigned,2,PEDESTRIAN_NORMAL,preprocessed/masks/left_rear_camera/masks/frame_000296_gt2d_002_track_-1_PEDESTRIAN_NORMAL.png,0.6946200728416443
left_rear,296,1772699939813275000,data\camera\left_rear_camera\1772699939813275000.jpg,-1,4,truck,0.362134,95.0,602.0,167.0,647.0,95.0,602.0,167.0,647.0,unassigned,3,VEHICLE_TRUCK,preprocessed/masks/left_rear_camera/masks/frame_000296_gt2d_003_track_-1_VEHICLE_TRUCK.png,0.8899310827255249
left_rear,296,1772699939813275000,data\camera\left_rear_camera\1772699939813275000.jpg,1000013,1,car,0.664343,378.0,632.0,449.0,661.0,377.65765380859375,632.1958618164062,448.6279602050781,661.2015991210938,matched,1,VEHICLE_CAR,preprocessed/masks/left_rear_camera/masks/frame_000296_gt2d_001_track_-1_VEHICLE_CAR.png,0.7763670682907104
left_rear,296,1772699939813275000,data\camera\left_rear_camera\1772699939813275000.jpg,1000014,1,car,0.797452,1651.0,615.0,1919.0,734.0,1654.9635009765625,614.75830078125,1918.734375,734.8428955078125,matched,0,VEHICLE_CAR,preprocessed/masks/left_rear_camera/masks/frame_000296_gt2d_000_track_-1_VEHICLE_CAR.png,0.9505399465560913
left_rear,297,1772699939913282000,data\camera\left_rear_camera\1772699939913282000.jpg,-1,4,truck,0.439676,95.0,601.0,167.0,647.0,95.0,601.0,167.0,647.0,unassigned,2,VEHICLE_TRUCK,preprocessed/masks/left_rear_camera/masks/frame_000297_gt2d_002_track_-1_VEHICLE_TRUCK.png,0.891670823097229
left_rear,297,1772699939913282000,data\camera\left_rear_camera\1772699939913282000.jpg,1000013,1,car,0.69852,377.0,632.0,447.0,661.0,376.93389892578125,632.0859375,447.2107849121094,661.0642700195312,matched,1,VEHICLE_CAR,preprocessed/masks/left_rear_camera/masks/frame_000297_gt2d_001_track_-1_VEHICLE_CAR.png,0.8186846375465393
left_rear,297,1772699939913282000,data\camera\left_rear_camera\1772699939913282000.jpg,1000014,1,car,0.779866,1640.0,615.0,1919.0,735.0,1641.7020263671875,614.893310546875,1918.8558349609375,735.1024169921875,matched,0,VEHICLE_CAR,preprocessed/masks/left_rear_camera/masks/frame_000297_gt2d_000_track_-1_VEHICLE_CAR.png,0.9361763000488281
left_rear,298,1772699940013276000,data\camera\left_rear_camera\1772699940013276000.jpg,-1,4,truck,0.404318,95.0,601.0,164.0,647.0,95.0,601.0,164.0,647.0,unassigned,2,VEHICLE_TRUCK,preprocessed/masks/left_rear_camera/masks/frame_000298_gt2d_002_track_-1_VEHICLE_TRUCK.png,0.8769172430038452
left_rear,298,1772699940013276000,data\camera\left_rear_camera\1772699940013276000.jpg,1000013,1,car,0.744288,376.0,632.0,446.0,662.0,376.108642578125,631.9047241210938,446.13092041015625,661.5381469726562,matched,1,VEHICLE_CAR,preprocessed/masks/left_rear_camera/masks/frame_000298_gt2d_001_track_-1_VEHICLE_CAR.png,0.7874776124954224
left_rear,298,1772699940013276000,data\camera\left_rear_camera\1772699940013276000.jpg,1000014,1,car,0.795053,1632.0,615.0,1919.0,737.0,1631.7283935546875,614.8079833984375,1918.994873046875,736.3673706054688,matched,0,VEHICLE_CAR,preprocessed/masks/left_rear_camera/masks/frame_000298_gt2d_000_track_-1_VEHICLE_CAR.png,0.9485340118408203
left_rear,299,1772699940113192000,data\camera\left_rear_camera\1772699940113192000.jpg,-1,4,truck,0.414576,100.0,601.0,166.0,646.0,100.0,601.0,166.0,646.0,unassigned,2,VEHICLE_TRUCK,preprocessed/masks/left_rear_camera/masks/frame_000299_gt2d_002_track_-1_VEHICLE_TRUCK.png,0.9045572280883789
left_rear,299,1772699940113192000,data\camera\left_rear_camera\1772699940113192000.jpg,1000013,1,car,0.726553,375.0,632.0,446.0,661.0,375.1349182128906,631.9098510742188,445.73406982421875,661.1329956054688,matched,1,VEHICLE_CAR,preprocessed/masks/left_rear_camera/masks/frame_000299_gt2d_001_track_-1_VEHICLE_CAR.png,0.842223584651947
left_rear,299,1772699940113192000,data\camera\left_rear_camera\1772699940113192000.jpg,1000014,1,car,0.736662,1623.0,616.0,1919.0,736.0,1622.3564453125,615.5113525390625,1919.0196533203125,736.2454833984375,matched,0,VEHICLE_CAR,preprocessed/masks/left_rear_camera/masks/frame_000299_gt2d_000_track_-1_VEHICLE_CAR.png,0.9467008113861084
left_rear,300,1772699940213169000,data\camera\left_rear_camera\1772699940213169000.jpg,-1,2,motorcycle,0.439879,581.0,630.0,600.0,666.0,581.0,630.0,600.0,666.0,unassigned,2,CYCLIST_MOTOR,preprocessed/masks/left_rear_camera/masks/frame_000300_gt2d_002_track_-1_CYCLIST_MOTOR.png,0.6984883546829224
left_rear,300,1772699940213169000,data\camera\left_rear_camera\1772699940213169000.jpg,-1,4,truck,0.410014,100.0,601.0,165.0,646.0,100.0,601.0,165.0,646.0,unassigned,3,VEHICLE_TRUCK,preprocessed/masks/left_rear_camera/masks/frame_000300_gt2d_003_track_-1_VEHICLE_TRUCK.png,0.9040242433547974
left_rear,300,1772699940213169000,data\camera\left_rear_camera\1772699940213169000.jpg,1000013,1,car,0.726133,373.0,632.0,444.0,661.0,373.3976745605469,631.9761962890625,444.2191467285156,661.0409545898438,matched,1,VEHICLE_CAR,preprocessed/masks/left_rear_camera/masks/frame_000300_gt2d_001_track_-1_VEHICLE_CAR.png,0.7780141830444336
left_rear,300,1772699940213169000,data\camera\left_rear_camera\1772699940213169000.jpg,1000014,1,car,0.736667,1615.0,616.0,1919.0,733.0,1613.8031005859375,615.8467407226562,1918.9447021484375,734.2557373046875,matched,0,VEHICLE_CAR,preprocessed/masks/left_rear_camera/masks/frame_000300_gt2d_000_track_-1_VEHICLE_CAR.png,0.9493087530136108
left_rear,301,1772699940313177000,data\camera\left_rear_camera\1772699940313177000.jpg,-1,4,truck,0.399056,98.0,601.0,169.0,646.0,98.0,601.0,169.0,646.0,unassigned,2,VEHICLE_TRUCK,preprocessed/masks/left_rear_camera/masks/frame_000301_gt2d_002_track_-1_VEHICLE_TRUCK.png,0.8795076012611389
left_rear,301,1772699940313177000,data\camera\left_rear_camera\1772699940313177000.jpg,-1,2,motorcycle,0.354096,576.0,630.0,594.0,667.0,576.0,630.0,594.0,667.0,unassigned,3,CYCLIST_MOTOR,preprocessed/masks/left_rear_camera/masks/frame_000301_gt2d_003_track_-1_CYCLIST_MOTOR.png,0.6447139382362366
left_rear,301,1772699940313177000,data\camera\left_rear_camera\1772699940313177000.jpg,1000013,1,car,0.71468,373.0,632.0,443.0,661.0,372.7774658203125,632.0340576171875,443.0267333984375,661.040771484375,matched,1,VEHICLE_CAR,preprocessed/masks/left_rear_camera/masks/frame_000301_gt2d_001_track_-1_VEHICLE_CAR.png,0.7623574733734131
left_rear,301,1772699940313177000,data\camera\left_rear_camera\1772699940313177000.jpg,1000014,1,car,0.723927,1607.0,616.0,1919.0,733.0,1605.66552734375,616.0054321289062,1918.918701171875,733.5167236328125,matched,0,VEHICLE_CAR,preprocessed/masks/left_rear_camera/masks/frame_000301_gt2d_000_track_-1_VEHICLE_CAR.png,0.9432207345962524
left_rear,302,1772699940413184000,data\camera\left_rear_camera\1772699940413184000.jpg,-1,4,truck,0.427395,99.0,600.0,170.0,646.0,99.0,600.0,170.0,646.0,unassigned,2,VEHICLE_TRUCK,preprocessed/masks/left_rear_camera/masks/frame_000302_gt2d_002_track_-1_VEHICLE_TRUCK.png,0.8783347606658936
left_rear,302,1772699940413184000,data\camera\left_rear_camera\1772699940413184000.jpg,-1,2,motorcycle,0.425671,567.0,629.0,589.0,666.0,567.0,629.0,589.0,666.0,unassigned,3,CYCLIST_MOTOR,preprocessed/masks/left_rear_camera/masks/frame_000302_gt2d_003_track_-1_CYCLIST_MOTOR.png,0.7210317850112915
left_rear,302,1772699940413184000,data\camera\left_rear_camera\1772699940413184000.jpg,1000013,1,car,0.723817,373.0,632.0,442.0,660.0,372.5248718261719,631.97998046875,441.89801025390625,660.30419921875,matched,1,VEHICLE_CAR,preprocessed/masks/left_rear_camera/masks/frame_000302_gt2d_001_track_-1_VEHICLE_CAR.png,0.7962093353271484
left_rear,302,1772699940413184000,data\camera\left_rear_camera\1772699940413184000.jpg,1000014,1,car,0.78262,1599.0,617.0,1919.0,736.0,1597.6229248046875,616.6522216796875,1918.8465576171875,735.1549682617188,matched,0,VEHICLE_CAR,preprocessed/masks/left_rear_camera/masks/frame_000302_gt2d_000_track_-1_VEHICLE_CAR.png,0.944424033164978
left_rear,303,1772699940513192000,data\camera\left_rear_camera\1772699940513192000.jpg,-1,2,motorcycle,0.390195,562.0,630.0,582.0,668.0,562.0,630.0,582.0,668.0,unassigned,2,CYCLIST_MOTOR,preprocessed/masks/left_rear_camera/masks/frame_000303_gt2d_002_track_-1_CYCLIST_MOTOR.png,0.7235419154167175
left_rear,303,1772699940513192000,data\camera\left_rear_camera\1772699940513192000.jpg,-1,4,truck,0.372152,97.0,601.0,175.0,647.0,97.0,601.0,175.0,647.0,unassigned,3,VEHICLE_TRUCK,preprocessed/masks/left_rear_camera/masks/frame_000303_gt2d_003_track_-1_VEHICLE_TRUCK.png,0.8552977442741394
left_rear,303,1772699940513192000,data\camera\left_rear_camera\1772699940513192000.jpg,1000013,1,car,0.730012,373.0,632.0,441.0,660.0,372.5084533691406,632.003173828125,440.8933410644531,660.07177734375,matched,1,VEHICLE_CAR,preprocessed/masks/left_rear_camera/masks/frame_000303_gt2d_001_track_-1_VEHICLE_CAR.png,0.7619649171829224
left_rear,303,1772699940513192000,data\camera\left_rear_camera\1772699940513192000.jpg,1000014,1,car,0.810943,1591.0,617.0,1919.0,736.0,1589.71826171875,616.9346313476562,1918.8619384765625,735.8062133789062,matched,0,VEHICLE_CAR,preprocessed/masks/left_rear_camera/masks/frame_000303_gt2d_000_track_-1_VEHICLE_CAR.png,0.9433289766311646
left_rear,304,1772699940613168000,data\camera\left_rear_camera\1772699940613168000.jpg,-1,4,truck,0.356836,96.0,600.0,176.0,647.0,96.0,600.0,176.0,647.0,unassigned,2,VEHICLE_TRUCK,preprocessed/masks/left_rear_camera/masks/frame_000304_gt2d_002_track_-1_VEHICLE_TRUCK.png,0.8598147034645081
left_rear,304,1772699940613168000,data\camera\left_rear_camera\1772699940613168000.jpg,1000013,1,car,0.737523,372.0,632.0,440.0,660.0,371.79449462890625,631.9874267578125,439.8197326660156,659.9658813476562,matched,1,VEHICLE_CAR,preprocessed/masks/left_rear_camera/masks/frame_000304_gt2d_001_track_-1_VEHICLE_CAR.png,0.7204697132110596
left_rear,304,1772699940613168000,data\camera\left_rear_camera\1772699940613168000.jpg,1000014,1,car,0.82197,1584.0,617.0,1919.0,733.0,1582.3751220703125,617.01171875,1918.78759765625,734.0361328125,matched,0,VEHICLE_CAR,preprocessed/masks/left_rear_camera/masks/frame_000304_gt2d_000_track_-1_VEHICLE_CAR.png,0.9467169046401978
left_rear,305,1772699940713176000,data\camera\left_rear_camera\1772699940713176000.jpg,-1,4,truck,0.367925,96.0,600.0,172.0,647.0,96.0,600.0,172.0,647.0,unassigned,2,VEHICLE_TRUCK,preprocessed/masks/left_rear_camera/masks/frame_000305_gt2d_002_track_-1_VEHICLE_TRUCK.png,0.863818883895874
left_rear,305,1772699940713176000,data\camera\left_rear_camera\1772699940713176000.jpg,1000013,1,car,0.731588,372.0,632.0,439.0,660.0,371.554931640625,631.8694458007812,438.79248046875,659.8192749023438,matched,1,VEHICLE_CAR,preprocessed/masks/left_rear_camera/masks/frame_000305_gt2d_001_track_-1_VEHICLE_CAR.png,0.7321205139160156
left_rear,305,1772699940713176000,data\camera\left_rear_camera\1772699940713176000.jpg,1000014,1,car,0.808065,1577.0,617.0,1919.0,732.0,1575.32958984375,616.9228515625,1918.7562255859375,732.5747680664062,matched,0,VEHICLE_CAR,preprocessed/masks/left_rear_camera/masks/frame_000305_gt2d_000_track_-1_VEHICLE_CAR.png,0.9510918259620667
left_rear,306,1772699940813183000,data\camera\left_rear_camera\1772699940813183000.jpg,-1,4,truck,0.403331,96.0,601.0,161.0,646.0,96.0,601.0,161.0,646.0,unassigned,2,VEHICLE_TRUCK,preprocessed/masks/left_rear_camera/masks/frame_000306_gt2d_002_track_-1_VEHICLE_TRUCK.png,0.8830744028091431
left_rear,306,1772699940813183000,data\camera\left_rear_camera\1772699940813183000.jpg,1000013,1,car,0.734243,372.0,632.0,439.0,660.0,371.2267761230469,631.7727661132812,438.1828918457031,659.7167358398438,matched,1,VEHICLE_CAR,preprocessed/masks/left_rear_camera/masks/frame_000306_gt2d_001_track_-1_VEHICLE_CAR.png,0.6603652238845825
left_rear,306,1772699940813183000,data\camera\left_rear_camera\1772699940813183000.jpg,1000014,1,car,0.823894,1569.0,617.0,1919.0,733.0,1567.4642333984375,616.8326416015625,1918.4510498046875,732.6416015625,matched,0,VEHICLE_CAR,preprocessed/masks/left_rear_camera/masks/frame_000306_gt2d_000_track_-1_VEHICLE_CAR.png,0.9496097564697266
left_rear,307,1772699940913191000,data\camera\left_rear_camera\1772699940913191000.jpg,1000013,1,car,0.717764,371.0,632.0,437.0,660.0,370.6753845214844,631.8685302734375,436.8748474121094,659.814697265625,matched,1,VEHICLE_CAR,preprocessed/masks/left_rear_camera/masks/frame_000307_gt2d_001_track_-1_VEHICLE_CAR.png,0.6635789275169373
left_rear,307,1772699940913191000,data\camera\left_rear_camera\1772699940913191000.jpg,1000014,1,car,0.847224,1563.0,617.0,1919.0,734.0,1561.0625,616.92529296875,1918.5533447265625,733.4633178710938,matched,0,VEHICLE_CAR,preprocessed/masks/left_rear_camera/masks/frame_000307_gt2d_000_track_-1_VEHICLE_CAR.png,0.9605216383934021
left_rear,307,1772699940913191000,data\camera\left_rear_camera\1772699940913191000.jpg,4000014,4,truck,0.456588,95.0,600.0,162.0,646.0,94.94481658935547,600.025390625,161.97500610351562,646.0189208984375,matched,2,VEHICLE_TRUCK,preprocessed/masks/left_rear_camera/masks/frame_000307_gt2d_002_track_-1_VEHICLE_TRUCK.png,0.8862892389297485
left_rear,308,1772699941013154000,data\camera\left_rear_camera\1772699941013154000.jpg,1000013,1,car,0.671847,371.0,632.0,436.0,659.0,370.50494384765625,631.8603515625,435.7690124511719,659.148193359375,matched,1,VEHICLE_CAR,preprocessed/masks/left_rear_camera/masks/frame_000308_gt2d_001_track_-1_VEHICLE_CAR.png,0.7035079598426819
left_rear,308,1772699941013154000,data\camera\left_rear_camera\1772699941013154000.jpg,1000014,1,car,0.84081,1558.0,617.0,1919.0,733.0,1555.6639404296875,616.9114379882812,1918.6026611328125,733.0680541992188,matched,0,VEHICLE_CAR,preprocessed/masks/left_rear_camera/masks/frame_000308_gt2d_000_track_-1_VEHICLE_CAR.png,0.9572457075119019
left_rear,308,1772699941013154000,data\camera\left_rear_camera\1772699941013154000.jpg,4000014,4,truck,0.460193,94.0,600.0,163.0,646.0,94.03610229492188,599.8718872070312,162.40374755859375,645.88232421875,matched,2,VEHICLE_TRUCK,preprocessed/masks/left_rear_camera/masks/frame_000308_gt2d_002_track_-1_VEHICLE_TRUCK.png,0.8733519315719604
left_rear,309,1772699941113284000,data\camera\left_rear_camera\1772699941113284000.jpg,1000013,1,car,0.669478,371.0,632.0,436.0,660.0,370.5423583984375,632.0258178710938,435.47515869140625,659.7386474609375,matched,1,VEHICLE_CAR,preprocessed/masks/left_rear_camera/masks/frame_000309_gt2d_001_track_-1_VEHICLE_CAR.png,0.726432204246521
left_rear,309,1772699941113284000,data\camera\left_rear_camera\1772699941113284000.jpg,1000014,1,car,0.855958,1551.0,617.0,1919.0,731.0,1549.439453125,617.0722045898438,1918.7027587890625,731.7626342773438,matched,0,VEHICLE_CAR,preprocessed/masks/left_rear_camera/masks/frame_000309_gt2d_000_track_-1_VEHICLE_CAR.png,0.9560375213623047
left_rear,309,1772699941113284000,data\camera\left_rear_camera\1772699941113284000.jpg,4000014,4,truck,0.477482,94.0,601.0,164.0,647.0,93.78868103027344,600.6412353515625,163.2293701171875,646.6574096679688,matched,2,VEHICLE_TRUCK,preprocessed/masks/left_rear_camera/masks/frame_000309_gt2d_002_track_-1_VEHICLE_TRUCK.png,0.8911694288253784
left_rear,310,1772699941213261000,data\camera\left_rear_camera\1772699941213261000.jpg,1000013,1,car,0.671982,369.0,632.0,435.0,660.0,369.1238708496094,631.9584350585938,434.6184387207031,659.830810546875,matched,1,VEHICLE_CAR,preprocessed/masks/left_rear_camera/masks/frame_000310_gt2d_001_track_-1_VEHICLE_CAR.png,0.7631688117980957
left_rear,310,1772699941213261000,data\camera\left_rear_camera\1772699941213261000.jpg,1000014,1,car,0.836993,1544.0,618.0,1919.0,731.0,1542.670654296875,617.6649169921875,1918.61669921875,731.1426391601562,matched,0,VEHICLE_CAR,preprocessed/masks/left_rear_camera/masks/frame_000310_gt2d_000_track_-1_VEHICLE_CAR.png,0.9642348885536194
left_rear,310,1772699941213261000,data\camera\left_rear_camera\1772699941213261000.jpg,4000014,4,truck,0.487675,93.0,601.0,159.0,647.0,92.92597198486328,600.8058471679688,160.1182403564453,646.82275390625,matched,2,VEHICLE_TRUCK,preprocessed/masks/left_rear_camera/masks/frame_000310_gt2d_002_track_-1_VEHICLE_TRUCK.png,0.8806122541427612
left_rear,311,1772699941313268000,data\camera\left_rear_camera\1772699941313268000.jpg,1000013,1,car,0.653935,369.0,632.0,434.0,659.0,368.6569519042969,632.004638671875,433.711669921875,659.2799072265625,matched,1,VEHICLE_CAR,preprocessed/masks/left_rear_camera/masks/frame_000311_gt2d_001_track_-1_VEHICLE_CAR.png,0.7899506092071533
left_rear,311,1772699941313268000,data\camera\left_rear_camera\1772699941313268000.jpg,1000014,1,car,0.842895,1538.0,617.0,1919.0,730.0,1536.4984130859375,617.2877807617188,1918.6300048828125,730.3235473632812,matched,0,VEHICLE_CAR,preprocessed/masks/left_rear_camera/masks/frame_000311_gt2d_000_track_-1_VEHICLE_CAR.png,0.9590839147567749
left_rear,311,1772699941313268000,data\camera\left_rear_camera\1772699941313268000.jpg,4000014,4,truck,0.463188,93.0,601.0,160.0,646.0,92.67274475097656,600.9420166015625,159.6707763671875,646.29345703125,matched,2,VEHICLE_TRUCK,preprocessed/masks/left_rear_camera/masks/frame_000311_gt2d_002_track_-1_VEHICLE_TRUCK.png,0.8848243355751038
left_rear,312,1772699941413276000,data\camera\left_rear_camera\1772699941413276000.jpg,1000013,1,car,0.639575,370.0,632.0,433.0,659.0,369.37158203125,631.91162109375,432.94378662109375,658.9630126953125,matched,1,VEHICLE_CAR,preprocessed/masks/left_rear_camera/masks/frame_000312_gt2d_001_track_-1_VEHICLE_CAR.png,0.7789828777313232
left_rear,312,1772699941413276000,data\camera\left_rear_camera\1772699941413276000.jpg,1000014,1,car,0.84461,1536.0,618.0,1919.0,729.0,1533.297607421875,617.6962280273438,1918.845947265625,729.2517700195312,matched,0,VEHICLE_CAR,preprocessed/masks/left_rear_camera/masks/frame_000312_gt2d_000_track_-1_VEHICLE_CAR.png,0.9574052691459656
left_rear,312,1772699941413276000,data\camera\left_rear_camera\1772699941413276000.jpg,4000014,4,truck,0.470331,92.0,600.0,161.0,646.0,92.11763763427734,600.2166137695312,160.39093017578125,645.9837036132812,matched,2,VEHICLE_TRUCK,preprocessed/masks/left_rear_camera/masks/frame_000312_gt2d_002_track_-1_VEHICLE_TRUCK.png,0.8820723295211792
left_rear,313,1772699941513283000,data\camera\left_rear_camera\1772699941513283000.jpg,1000013,1,car,0.675356,367.0,632.0,433.0,659.0,367.8185119628906,632.0153198242188,432.86114501953125,658.98828125,matched,1,VEHICLE_CAR,preprocessed/masks/left_rear_camera/masks/frame_000313_gt2d_001_track_-1_VEHICLE_CAR.png,0.7796659469604492
left_rear,313,1772699941513283000,data\camera\left_rear_camera\1772699941513283000.jpg,1000014,1,car,0.833541,1527.0,618.0,1919.0,730.0,1526.7039794921875,617.9853515625,1919.1097412109375,729.6691284179688,matched,0,VEHICLE_CAR,preprocessed/masks/left_rear_camera/masks/frame_000313_gt2d_000_track_-1_VEHICLE_CAR.png,0.953012228012085
left_rear,313,1772699941513283000,data\camera\left_rear_camera\1772699941513283000.jpg,4000014,4,truck,0.468202,91.0,601.0,161.0,647.0,91.43006134033203,600.7501220703125,160.84263610839844,646.6725463867188,matched,2,VEHICLE_TRUCK,preprocessed/masks/left_rear_camera/masks/frame_000313_gt2d_002_track_-1_VEHICLE_TRUCK.png,0.8892707824707031
left_rear,314,1772699941613291000,data\camera\left_rear_camera\1772699941613291000.jpg,1000013,1,car,0.653706,368.0,632.0,432.0,659.0,367.90386962890625,631.9210815429688,432.1742858886719,658.8696899414062,matched,1,VEHICLE_CAR,preprocessed/masks/left_rear_camera/masks/frame_000314_gt2d_001_track_-1_VEHICLE_CAR.png,0.8031414151191711
left_rear,314,1772699941613291000,data\camera\left_rear_camera\1772699941613291000.jpg,1000014,1,car,0.820917,1521.0,618.0,1919.0,730.0,1520.5050048828125,617.955322265625,1919.1905517578125,729.7039794921875,matched,0,VEHICLE_CAR,preprocessed/masks/left_rear_camera/masks/frame_000314_gt2d_000_track_-1_VEHICLE_CAR.png,0.9596253633499146
left_rear,314,1772699941613291000,data\camera\left_rear_camera\1772699941613291000.jpg,4000014,4,truck,0.485885,90.0,601.0,157.0,646.0,90.49930572509766,600.8206176757812,158.3643798828125,646.1393432617188,matched,2,VEHICLE_TRUCK,preprocessed/masks/left_rear_camera/masks/frame_000314_gt2d_002_track_-1_VEHICLE_TRUCK.png,0.8821703791618347
left_rear,315,1772699941713268000,data\camera\left_rear_camera\1772699941713268000.jpg,1000013,1,car,0.611054,368.0,632.0,431.0,659.0,367.9480285644531,632.0042724609375,431.27001953125,658.9485473632812,matched,1,VEHICLE_CAR,preprocessed/masks/left_rear_camera/masks/frame_000315_gt2d_001_track_-1_VEHICLE_CAR.png,0.7714640498161316
left_rear,315,1772699941713268000,data\camera\left_rear_camera\1772699941713268000.jpg,1000014,1,car,0.833693,1517.0,618.0,1917.0,729.0,1515.7659912109375,618.0578002929688,1917.921630859375,729.1836547851562,matched,0,VEHICLE_CAR,preprocessed/masks/left_rear_camera/masks/frame_000315_gt2d_000_track_-1_VEHICLE_CAR.png,0.962597131729126
left_rear,315,1772699941713268000,data\camera\left_rear_camera\1772699941713268000.jpg,4000014,4,truck,0.456088,90.0,601.0,159.0,647.0,90.14739990234375,600.9681396484375,158.7481231689453,646.7235107421875,matched,2,VEHICLE_TRUCK,preprocessed/masks/left_rear_camera/masks/frame_000315_gt2d_002_track_-1_VEHICLE_TRUCK.png,0.8801018595695496
left_rear,316,1772699941813275000,data\camera\left_rear_camera\1772699941813275000.jpg,1000013,1,car,0.617152,368.0,632.0,430.0,659.0,368.02008056640625,631.925537109375,430.3330383300781,658.8724365234375,matched,1,VEHICLE_CAR,preprocessed/masks/left_rear_camera/masks/frame_000316_gt2d_001_track_-1_VEHICLE_CAR.png,0.8214653134346008
left_rear,316,1772699941813275000,data\camera\left_rear_camera\1772699941813275000.jpg,1000014,1,car,0.82664,1513.0,618.0,1913.0,729.0,1511.646240234375,617.9815673828125,1914.87548828125,728.8885498046875,matched,0,VEHICLE_CAR,preprocessed/masks/left_rear_camera/masks/frame_000316_gt2d_000_track_-1_VEHICLE_CAR.png,0.9592751264572144
left_rear,316,1772699941813275000,data\camera\left_rear_camera\1772699941813275000.jpg,4000014,4,truck,0.431549,90.0,602.0,156.0,646.0,90.0736312866211,601.5737915039062,156.9642791748047,646.1708984375,matched,2,VEHICLE_TRUCK,preprocessed/masks/left_rear_camera/masks/frame_000316_gt2d_002_track_-1_VEHICLE_TRUCK.png,0.8944244384765625
left_rear,317,1772699941913282000,data\camera\left_rear_camera\1772699941913282000.jpg,1000013,1,car,0.662428,367.0,632.0,430.0,659.0,367.42669677734375,632.0936889648438,430.0493469238281,659.04541015625,matched,1,VEHICLE_CAR,preprocessed/masks/left_rear_camera/masks/frame_000317_gt2d_001_track_-1_VEHICLE_CAR.png,0.8431692719459534
left_rear,317,1772699941913282000,data\camera\left_rear_camera\1772699941913282000.jpg,1000014,1,car,0.814207,1505.0,618.0,1906.0,729.0,1505.15185546875,618.1459350585938,1909.1815185546875,728.9862060546875,matched,0,VEHICLE_CAR,preprocessed/masks/left_rear_camera/masks/frame_000317_gt2d_000_track_-1_VEHICLE_CAR.png,0.9559869766235352
left_rear,317,1772699941913282000,data\camera\left_rear_camera\1772699941913282000.jpg,4000014,4,truck,0.428981,90.0,602.0,154.0,646.0,90.09542846679688,602.0015258789062,154.9959259033203,646.1572265625,matched,2,VEHICLE_TRUCK,preprocessed/masks/left_rear_camera/masks/frame_000317_gt2d_002_track_-1_VEHICLE_TRUCK.png,0.8962542414665222
left_rear,318,1772699942013276000,data\camera\left_rear_camera\1772699942013276000.jpg,1000013,1,car,0.675617,367.0,632.0,429.0,659.0,367.1248474121094,631.8350830078125,429.21173095703125,658.7919921875,matched,1,VEHICLE_CAR,preprocessed/masks/left_rear_camera/masks/frame_000318_gt2d_001_track_-1_VEHICLE_CAR.png,0.8537999391555786
left_rear,318,1772699942013276000,data\camera\left_rear_camera\1772699942013276000.jpg,1000014,1,car,0.81827,1501.0,618.0,1901.0,728.0,1500.1964111328125,617.8826904296875,1903.644775390625,728.0491333007812,matched,0,VEHICLE_CAR,preprocessed/masks/left_rear_camera/masks/frame_000318_gt2d_000_track_-1_VEHICLE_CAR.png,0.9517332315444946
left_rear,318,1772699942013276000,data\camera\left_rear_camera\1772699942013276000.jpg,4000014,4,truck,0.43806,90.0,601.0,157.0,647.0,90.02101135253906,601.1724853515625,156.20851135253906,646.5040283203125,matched,2,VEHICLE_TRUCK,preprocessed/masks/left_rear_camera/masks/frame_000318_gt2d_002_track_-1_VEHICLE_TRUCK.png,0.8886633515357971
left_rear,319,1772699942113192000,data\camera\left_rear_camera\1772699942113192000.jpg,1000013,1,car,0.703219,367.0,632.0,429.0,659.0,366.9986877441406,632.0,428.8996276855469,658.9617919921875,matched,1,VEHICLE_CAR,preprocessed/masks/left_rear_camera/masks/frame_000319_gt2d_001_track_-1_VEHICLE_CAR.png,0.8334144949913025
left_rear,319,1772699942113192000,data\camera\left_rear_camera\1772699942113192000.jpg,1000014,1,car,0.799548,1497.0,618.0,1895.0,727.0,1495.907470703125,618.0421752929688,1897.601318359375,727.3050537109375,matched,0,VEHICLE_CAR,preprocessed/masks/left_rear_camera/masks/frame_000319_gt2d_000_track_-1_VEHICLE_CAR.png,0.9518506526947021
left_rear,319,1772699942113192000,data\camera\left_rear_camera\1772699942113192000.jpg,4000014,4,truck,0.476189,89.0,601.0,157.0,646.0,89.31806182861328,601.1231689453125,156.6421356201172,646.2343139648438,matched,2,VEHICLE_TRUCK,preprocessed/masks/left_rear_camera/masks/frame_000319_gt2d_002_track_-1_VEHICLE_TRUCK.png,0.8898125886917114
left_rear,320,1772699942213169000,data\camera\left_rear_camera\1772699942213169000.jpg,1000013,1,car,0.680979,366.0,632.0,428.0,659.0,366.2261657714844,632.00537109375,428.07220458984375,658.9716796875,matched,1,VEHICLE_CAR,preprocessed/masks/left_rear_camera/masks/frame_000320_gt2d_001_track_-1_VEHICLE_CAR.png,0.82993483543396
left_rear,320,1772699942213169000,data\camera\left_rear_camera\1772699942213169000.jpg,1000014,1,car,0.815761,1495.0,618.0,1888.0,727.0,1493.133056640625,618.0424194335938,1890.6741943359375,726.9823608398438,matched,0,VEHICLE_CAR,preprocessed/masks/left_rear_camera/masks/frame_000320_gt2d_000_track_-1_VEHICLE_CAR.png,0.9511495232582092
left_rear,320,1772699942213169000,data\camera\left_rear_camera\1772699942213169000.jpg,4000014,4,truck,0.431524,89.0,601.0,157.0,646.0,88.98953247070312,601.0454711914062,156.74876403808594,646.0724487304688,matched,2,VEHICLE_TRUCK,preprocessed/masks/left_rear_camera/masks/frame_000320_gt2d_002_track_-1_VEHICLE_TRUCK.png,0.8865151405334473
left_rear,321,1772699942313177000,data\camera\left_rear_camera\1772699942313177000.jpg,1000013,1,car,0.693406,366.0,632.0,427.0,659.0,366.0896301269531,632.1348876953125,427.2642822265625,659.1051025390625,matched,1,VEHICLE_CAR,preprocessed/masks/left_rear_camera/masks/frame_000321_gt2d_001_track_-1_VEHICLE_CAR.png,0.8773079514503479
left_rear,321,1772699942313177000,data\camera\left_rear_camera\1772699942313177000.jpg,1000014,1,car,0.818677,1489.0,618.0,1883.0,727.0,1488.517578125,618.16650390625,1884.9537353515625,727.0023803710938,matched,0,VEHICLE_CAR,preprocessed/masks/left_rear_camera/masks/frame_000321_gt2d_000_track_-1_VEHICLE_CAR.png,0.9508504271507263
left_rear,321,1772699942313177000,data\camera\left_rear_camera\1772699942313177000.jpg,4000014,4,truck,0.460678,89.0,601.0,159.0,646.0,89.01998138427734,601.1437377929688,158.26478576660156,646.1403198242188,matched,2,VEHICLE_TRUCK,preprocessed/masks/left_rear_camera/masks/frame_000321_gt2d_002_track_-1_VEHICLE_TRUCK.png,0.8826698064804077
left_rear,322,1772699942413184000,data\camera\left_rear_camera\1772699942413184000.jpg,1000013,1,car,0.68921,364.0,632.0,427.0,659.0,364.641357421875,632.14306640625,426.9110107421875,659.1168212890625,matched,1,VEHICLE_CAR,preprocessed/masks/left_rear_camera/masks/frame_000322_gt2d_001_track_-1_VEHICLE_CAR.png,0.8577880859375
left_rear,322,1772699942413184000,data\camera\left_rear_camera\1772699942413184000.jpg,1000014,1,car,0.801378,1486.0,618.0,1876.0,727.0,1484.9364013671875,618.1703491210938,1878.190185546875,726.9833374023438,matched,0,VEHICLE_CAR,preprocessed/masks/left_rear_camera/masks/frame_000322_gt2d_000_track_-1_VEHICLE_CAR.png,0.9479929208755493
left_rear,322,1772699942413184000,data\camera\left_rear_camera\1772699942413184000.jpg,4000014,4,truck,0.481399,89.0,602.0,155.0,646.0,88.96490478515625,601.8025512695312,156.14886474609375,646.1272583007812,matched,2,VEHICLE_TRUCK,preprocessed/masks/left_rear_camera/masks/frame_000322_gt2d_002_track_-1_VEHICLE_TRUCK.png,0.8910389542579651
left_rear,323,1772699942513192000,data\camera\left_rear_camera\1772699942513192000.jpg,1000013,1,car,0.704005,364.0,632.0,426.0,659.0,364.13690185546875,632.1323852539062,426.1614685058594,659.1093139648438,matched,1,VEHICLE_CAR,preprocessed/masks/left_rear_camera/masks/frame_000323_gt2d_001_track_-1_VEHICLE_CAR.png,0.8689118027687073
left_rear,323,1772699942513192000,data\camera\left_rear_camera\1772699942513192000.jpg,1000014,1,car,0.823641,1483.0,618.0,1872.0,726.0,1481.8463134765625,618.1561279296875,1873.10888671875,726.3121948242188,matched,0,VEHICLE_CAR,preprocessed/masks/left_rear_camera/masks/frame_000323_gt2d_000_track_-1_VEHICLE_CAR.png,0.9465577602386475
left_rear,323,1772699942513192000,data\camera\left_rear_camera\1772699942513192000.jpg,4000014,4,truck,0.458692,89.0,602.0,156.0,646.0,88.97476959228516,602.0364990234375,156.0172576904297,646.1091918945312,matched,2,VEHICLE_TRUCK,preprocessed/masks/left_rear_camera/masks/frame_000323_gt2d_002_track_-1_VEHICLE_TRUCK.png,0.8885841369628906
left_rear,324,1772699942613168000,data\camera\left_rear_camera\1772699942613168000.jpg,-1,4,truck,0.335755,298.0,601.0,379.0,651.0,298.0,601.0,379.0,651.0,unassigned,3,VEHICLE_TRUCK,preprocessed/masks/left_rear_camera/masks/frame_000324_gt2d_003_track_-1_VEHICLE_TRUCK.png,0.81008380651474
left_rear,324,1772699942613168000,data\camera\left_rear_camera\1772699942613168000.jpg,1000013,1,car,0.708156,364.0,632.0,426.0,659.0,363.91497802734375,632.158935546875,425.8548583984375,659.1385498046875,matched,1,VEHICLE_CAR,preprocessed/masks/left_rear_camera/masks/frame_000324_gt2d_001_track_-1_VEHICLE_CAR.png,0.8669203519821167
left_rear,324,1772699942613168000,data\camera\left_rear_camera\1772699942613168000.jpg,1000014,1,car,0.829914,1480.0,618.0,1868.0,726.0,1478.8602294921875,618.1785278320312,1868.619873046875,726.1018676757812,matched,0,VEHICLE_CAR,preprocessed/masks/left_rear_camera/masks/frame_000324_gt2d_000_track_-1_VEHICLE_CAR.png,0.9441450834274292
left_rear,324,1772699942613168000,data\camera\left_rear_camera\1772699942613168000.jpg,4000014,4,truck,0.458232,89.0,602.0,153.0,646.0,88.93920135498047,602.1517944335938,153.94329833984375,646.1347045898438,matched,2,VEHICLE_TRUCK,preprocessed/masks/left_rear_camera/masks/frame_000324_gt2d_002_track_-1_VEHICLE_TRUCK.png,0.8926286101341248
left_rear,325,1772699942713176000,data\camera\left_rear_camera\1772699942713176000.jpg,-1,4,truck,0.396054,298.0,601.0,377.0,651.0,298.0,601.0,377.0,651.0,unassigned,3,VEHICLE_TRUCK,preprocessed/masks/left_rear_camera/masks/frame_000325_gt2d_003_track_-1_VEHICLE_TRUCK.png,0.8239294290542603
left_rear,325,1772699942713176000,data\camera\left_rear_camera\1772699942713176000.jpg,1000013,1,car,0.705401,364.0,632.0,425.0,659.0,364.10955810546875,632.01708984375,425.3627014160156,658.9991455078125,matched,1,VEHICLE_CAR,preprocessed/masks/left_rear_camera/masks/frame_000325_gt2d_001_track_-1_VEHICLE_CAR.png,0.8590466976165771
left_rear,325,1772699942713176000,data\camera\left_rear_camera\1772699942713176000.jpg,1000014,1,car,0.836568,1476.0,619.0,1864.0,726.0,1475.552490234375,618.6982421875,1864.67236328125,725.8853149414062,matched,0,VEHICLE_CAR,preprocessed/masks/left_rear_camera/masks/frame_000325_gt2d_000_track_-1_VEHICLE_CAR.png,0.9462507367134094
left_rear,325,1772699942713176000,data\camera\left_rear_camera\1772699942713176000.jpg,4000014,4,truck,0.434354,88.0,602.0,155.0,646.0,88.5203628540039,602.0411987304688,154.76773071289062,645.9951782226562,matched,2,VEHICLE_TRUCK,preprocessed/masks/left_rear_camera/masks/frame_000325_gt2d_002_track_-1_VEHICLE_TRUCK.png,0.8969811797142029
left_rear,326,1772699942813183000,data\camera\left_rear_camera\1772699942813183000.jpg,-1,4,truck,0.387701,298.0,602.0,366.0,650.0,298.0,602.0,366.0,650.0,unassigned,2,VEHICLE_TRUCK,preprocessed/masks/left_rear_camera/masks/frame_000326_gt2d_002_track_-1_VEHICLE_TRUCK.png,0.8007129430770874
left_rear,326,1772699942813183000,data\camera\left_rear_camera\1772699942813183000.jpg,1000013,1,car,0.725872,362.0,632.0,424.0,659.0,362.74810791015625,632.1011352539062,424.4159240722656,659.0852661132812,matched,1,VEHICLE_CAR,preprocessed/masks/left_rear_camera/masks/frame_000326_gt2d_001_track_-1_VEHICLE_CAR.png,0.8525624871253967
left_rear,326,1772699942813183000,data\camera\left_rear_camera\1772699942813183000.jpg,1000014,1,car,0.82302,1474.0,619.0,1859.0,727.0,1473.0535888671875,619.028076171875,1859.89111328125,726.6182250976562,matched,0,VEHICLE_CAR,preprocessed/masks/left_rear_camera/masks/frame_000326_gt2d_000_track_-1_VEHICLE_CAR.png,0.9477505087852478
left_rear,326,1772699942813183000,data\camera\left_rear_camera\1772699942813183000.jpg,4000014,4,truck,0.385841,88.0,602.0,156.0,647.0,88.26384735107422,602.1334838867188,155.63018798828125,646.7440795898438,matched,3,VEHICLE_TRUCK,preprocessed/masks/left_rear_camera/masks/frame_000326_gt2d_003_track_-1_VEHICLE_TRUCK.png,0.8888289928436279
left_rear,327,1772699942913191000,data\camera\left_rear_camera\1772699942913191000.jpg,-1,4,truck,0.455363,298.0,602.0,370.0,650.0,298.0,602.0,370.0,650.0,unassigned,2,VEHICLE_TRUCK,preprocessed/masks/left_rear_camera/masks/frame_000327_gt2d_002_track_-1_VEHICLE_TRUCK.png,0.8138426542282104
left_rear,327,1772699942913191000,data\camera\left_rear_camera\1772699942913191000.jpg,1000013,1,car,0.724807,361.0,632.0,424.0,660.0,361.5063781738281,632.1005249023438,423.9971618652344,659.7476806640625,matched,1,VEHICLE_CAR,preprocessed/masks/left_rear_camera/masks/frame_000327_gt2d_001_track_-1_VEHICLE_CAR.png,0.8253359794616699
left_rear,327,1772699942913191000,data\camera\left_rear_camera\1772699942913191000.jpg,1000014,1,car,0.832739,1471.0,618.0,1857.0,726.0,1470.2249755859375,618.4537963867188,1856.811767578125,726.208251953125,matched,0,VEHICLE_CAR,preprocessed/masks/left_rear_camera/masks/frame_000327_gt2d_000_track_-1_VEHICLE_CAR.png,0.9479649066925049
left_rear,327,1772699942913191000,data\camera\left_rear_camera\1772699942913191000.jpg,4000014,4,truck,0.419318,88.0,602.0,155.0,647.0,88.08578491210938,602.134765625,155.2214813232422,646.9940185546875,matched,3,VEHICLE_TRUCK,preprocessed/masks/left_rear_camera/masks/frame_000327_gt2d_003_track_-1_VEHICLE_TRUCK.png,0.8916710615158081
left_rear,328,1772699943013154000,data\camera\left_rear_camera\1772699943013154000.jpg,-1,4,truck,0.386323,297.0,602.0,366.0,650.0,297.0,602.0,366.0,650.0,unassigned,3,VEHICLE_TRUCK,preprocessed/masks/left_rear_camera/masks/frame_000328_gt2d_003_track_-1_VEHICLE_TRUCK.png,0.7800098657608032
left_rear,328,1772699943013154000,data\camera\left_rear_camera\1772699943013154000.jpg,1000013,1,car,0.727019,361.0,632.0,424.0,659.0,361.2877197265625,631.921630859375,424.09332275390625,659.16259765625,matched,1,VEHICLE_CAR,preprocessed/masks/left_rear_camera/masks/frame_000328_gt2d_001_track_-1_VEHICLE_CAR.png,0.8530048131942749
left_rear,328,1772699943013154000,data\camera\left_rear_camera\1772699943013154000.jpg,1000014,1,car,0.8429,1469.0,619.0,1855.0,726.0,1468.2371826171875,618.7184448242188,1854.6968994140625,725.8847045898438,matched,0,VEHICLE_CAR,preprocessed/masks/left_rear_camera/masks/frame_000328_gt2d_000_track_-1_VEHICLE_CAR.png,0.9488527178764343
left_rear,328,1772699943013154000,data\camera\left_rear_camera\1772699943013154000.jpg,4000014,4,truck,0.395945,88.0,602.0,154.0,647.0,88.25547790527344,601.9542236328125,154.64076232910156,646.9088134765625,matched,2,VEHICLE_TRUCK,preprocessed/masks/left_rear_camera/masks/frame_000328_gt2d_002_track_-1_VEHICLE_TRUCK.png,0.8948055505752563
left_rear,329,1772699943113284000,data\camera\left_rear_camera\1772699943113284000.jpg,-1,4,truck,0.327347,296.0,601.0,366.0,651.0,296.0,601.0,366.0,651.0,unassigned,3,VEHICLE_TRUCK,preprocessed/masks/left_rear_camera/masks/frame_000329_gt2d_003_track_-1_VEHICLE_TRUCK.png,0.7659358978271484
left_rear,329,1772699943113284000,data\camera\left_rear_camera\1772699943113284000.jpg,1000013,1,car,0.720472,360.0,632.0,424.0,660.0,360.6343688964844,631.9144897460938,424.2207336425781,659.6587524414062,matched,1,VEHICLE_CAR,preprocessed/masks/left_rear_camera/masks/frame_000329_gt2d_001_track_-1_VEHICLE_CAR.png,0.8226315975189209
left_rear,329,1772699943113284000,data\camera\left_rear_camera\1772699943113284000.jpg,1000014,1,car,0.832491,1466.0,619.0,1852.0,726.0,1465.7373046875,618.87548828125,1852.119873046875,725.8307495117188,matched,0,VEHICLE_CAR,preprocessed/masks/left_rear_camera/masks/frame_000329_gt2d_000_track_-1_VEHICLE_CAR.png,0.9475866556167603
left_rear,329,1772699943113284000,data\camera\left_rear_camera\1772699943113284000.jpg,4000014,4,truck,0.443954,87.0,602.0,154.0,647.0,87.72844696044922,601.942626953125,154.49429321289062,646.9329223632812,matched,2,VEHICLE_TRUCK,preprocessed/masks/left_rear_camera/masks/frame_000329_gt2d_002_track_-1_VEHICLE_TRUCK.png,0.8918527364730835
left_rear,330,1772699943213261000,data\camera\left_rear_camera\1772699943213261000.jpg,1000013,1,car,0.704759,360.0,632.0,423.0,660.0,360.2957763671875,631.8863525390625,423.5204162597656,659.817626953125,matched,1,VEHICLE_CAR,preprocessed/masks/left_rear_camera/masks/frame_000330_gt2d_001_track_-1_VEHICLE_CAR.png,0.8445389866828918
left_rear,330,1772699943213261000,data\camera\left_rear_camera\1772699943213261000.jpg,1000014,1,car,0.830628,1463.0,619.0,1854.0,727.0,1462.854248046875,618.9078979492188,1852.4881591796875,726.4581298828125,matched,0,VEHICLE_CAR,preprocessed/masks/left_rear_camera/masks/frame_000330_gt2d_000_track_-1_VEHICLE_CAR.png,0.9496304988861084
left_rear,330,1772699943213261000,data\camera\left_rear_camera\1772699943213261000.jpg,4000014,4,truck,0.442516,87.0,602.0,155.0,647.0,87.4305191040039,601.9129638671875,155.00103759765625,646.9161376953125,matched,2,VEHICLE_TRUCK,preprocessed/masks/left_rear_camera/masks/frame_000330_gt2d_002_track_-1_VEHICLE_TRUCK.png,0.8951196074485779
left_rear,331,1772699943313268000,data\camera\left_rear_camera\1772699943313268000.jpg,1000013,1,car,0.730045,359.0,632.0,423.0,660.0,359.7662658691406,631.873779296875,423.51055908203125,659.8742065429688,matched,1,VEHICLE_CAR,preprocessed/masks/left_rear_camera/masks/frame_000331_gt2d_001_track_-1_VEHICLE_CAR.png,0.8460894227027893
left_rear,331,1772699943313268000,data\camera\left_rear_camera\1772699943313268000.jpg,1000014,1,car,0.809269,1462.0,619.0,1849.0,727.0,1461.4925537109375,618.9140625,1849.693115234375,726.6969604492188,matched,0,VEHICLE_CAR,preprocessed/masks/left_rear_camera/masks/frame_000331_gt2d_000_track_-1_VEHICLE_CAR.png,0.9481853246688843
left_rear,331,1772699943313268000,data\camera\left_rear_camera\1772699943313268000.jpg,4000014,4,truck,0.432617,87.0,603.0,154.0,647.0,87.57198333740234,602.5581665039062,154.7884979248047,646.9053344726562,matched,2,VEHICLE_TRUCK,preprocessed/masks/left_rear_camera/masks/frame_000331_gt2d_002_track_-1_VEHICLE_TRUCK.png,0.8929812908172607
left_rear,332,1772699943413276000,data\camera\left_rear_camera\1772699943413276000.jpg,1000013,1,car,0.742908,358.0,632.0,423.0,660.0,359.0029296875,631.7612915039062,423.59918212890625,659.7853393554688,matched,1,VEHICLE_CAR,preprocessed/masks/left_rear_camera/masks/frame_000332_gt2d_001_track_-1_VEHICLE_CAR.png,0.8383721709251404
left_rear,332,1772699943413276000,data\camera\left_rear_camera\1772699943413276000.jpg,1000014,1,car,0.826807,1461.0,619.0,1843.0,727.0,1460.5335693359375,618.80615234375,1844.8482666015625,726.6838989257812,matched,0,VEHICLE_CAR,preprocessed/masks/left_rear_camera/masks/frame_000332_gt2d_000_track_-1_VEHICLE_CAR.png,0.9508682489395142
left_rear,332,1772699943413276000,data\camera\left_rear_camera\1772699943413276000.jpg,4000014,4,truck,0.450166,86.0,602.0,154.0,647.0,87.0358657836914,602.0321044921875,154.7760467529297,646.79443359375,matched,2,VEHICLE_TRUCK,preprocessed/masks/left_rear_camera/masks/frame_000332_gt2d_002_track_-1_VEHICLE_TRUCK.png,0.8878757953643799
left_rear,333,1772699943513283000,data\camera\left_rear_camera\1772699943513283000.jpg,1000013,1,car,0.738162,358.0,632.0,422.0,660.0,358.8064270019531,631.8262939453125,423.0664367675781,659.856689453125,matched,1,VEHICLE_CAR,preprocessed/masks/left_rear_camera/masks/frame_000333_gt2d_001_track_-1_VEHICLE_CAR.png,0.8541821241378784
left_rear,333,1772699943513283000,data\camera\left_rear_camera\1772699943513283000.jpg,1000014,1,car,0.820376,1459.0,619.0,1842.0,726.0,1459.049560546875,618.8694458007812,1842.5357666015625,726.12744140625,matched,0,VEHICLE_CAR,preprocessed/masks/left_rear_camera/masks/frame_000333_gt2d_000_track_-1_VEHICLE_CAR.png,0.9479889273643494
left_rear,333,1772699943513283000,data\camera\left_rear_camera\1772699943513283000.jpg,4000014,4,truck,0.429686,86.0,603.0,153.0,648.0,86.91566467285156,602.5964965820312,154.19305419921875,647.5145263671875,matched,2,VEHICLE_TRUCK,preprocessed/masks/left_rear_camera/masks/frame_000333_gt2d_002_track_-1_VEHICLE_TRUCK.png,0.8879948854446411
left_rear,334,1772699943613291000,data\camera\left_rear_camera\1772699943613291000.jpg,1000013,1,car,0.728074,358.0,632.0,423.0,660.0,358.7523193359375,631.748046875,423.53668212890625,659.7785034179688,matched,1,VEHICLE_CAR,preprocessed/masks/left_rear_camera/masks/frame_000334_gt2d_001_track_-1_VEHICLE_CAR.png,0.8533790111541748
left_rear,334,1772699943613291000,data\camera\left_rear_camera\1772699943613291000.jpg,1000014,1,car,0.835823,1458.0,619.0,1837.0,726.0,1457.959228515625,618.7892456054688,1838.482421875,725.8181762695312,matched,0,VEHICLE_CAR,preprocessed/masks/left_rear_camera/masks/frame_000334_gt2d_000_track_-1_VEHICLE_CAR.png,0.9545780420303345
left_rear,334,1772699943613291000,data\camera\left_rear_camera\1772699943613291000.jpg,4000014,4,truck,0.437445,86.0,602.0,154.0,647.0,86.87871551513672,602.0459594726562,154.63893127441406,647.0230102539062,matched,2,VEHICLE_TRUCK,preprocessed/masks/left_rear_camera/masks/frame_000334_gt2d_002_track_-1_VEHICLE_TRUCK.png,0.886262834072113
left_rear,335,1772699943713268000,data\camera\left_rear_camera\1772699943713268000.jpg,1000013,1,car,0.715179,358.0,632.0,422.0,659.0,358.83917236328125,631.8275756835938,423.15985107421875,659.1964721679688,matched,1,VEHICLE_CAR,preprocessed/masks/left_rear_camera/masks/frame_000335_gt2d_001_track_-1_VEHICLE_CAR.png,0.8505898714065552
left_rear,335,1772699943713268000,data\camera\left_rear_camera\1772699943713268000.jpg,1000014,1,car,0.834717,1458.0,619.0,1836.0,725.0,1457.746337890625,618.86474609375,1836.490234375,725.1519775390625,matched,0,VEHICLE_CAR,preprocessed/masks/left_rear_camera/masks/frame_000335_gt2d_000_track_-1_VEHICLE_CAR.png,0.95215904712677
left_rear,335,1772699943713268000,data\camera\left_rear_camera\1772699943713268000.jpg,4000014,4,truck,0.460271,86.0,603.0,153.0,648.0,86.96189880371094,602.6033325195312,154.24354553222656,647.6021118164062,matched,2,VEHICLE_TRUCK,preprocessed/masks/left_rear_camera/masks/frame_000335_gt2d_002_track_-1_VEHICLE_TRUCK.png,0.8865674138069153
left_rear,336,1772699943813275000,data\camera\left_rear_camera\1772699943813275000.jpg,1000013,1,car,0.710838,358.0,632.0,422.0,659.0,358.8747253417969,631.857177734375,423.0126037597656,658.97216796875,matched,1,VEHICLE_CAR,preprocessed/masks/left_rear_camera/masks/frame_000336_gt2d_001_track_-1_VEHICLE_CAR.png,0.8533220291137695
left_rear,336,1772699943813275000,data\camera\left_rear_camera\1772699943813275000.jpg,1000014,1,car,0.824932,1457.0,619.0,1835.0,725.0,1457.1021728515625,618.88818359375,1835.19189453125,724.9036865234375,matched,0,VEHICLE_CAR,preprocessed/masks/left_rear_camera/masks/frame_000336_gt2d_000_track_-1_VEHICLE_CAR.png,0.9516770839691162
left_rear,336,1772699943813275000,data\camera\left_rear_camera\1772699943813275000.jpg,4000014,4,truck,0.502253,85.0,602.0,154.0,648.0,86.32371520996094,602.1488037109375,154.7446746826172,647.8153076171875,matched,2,VEHICLE_TRUCK,preprocessed/masks/left_rear_camera/masks/frame_000336_gt2d_002_track_-1_VEHICLE_TRUCK.png,0.8908922076225281
left_rear,337,1772699943913282000,data\camera\left_rear_camera\1772699943913282000.jpg,1000013,1,car,0.732445,358.0,632.0,422.0,659.0,358.8721923828125,631.8648681640625,422.93817138671875,658.8865966796875,matched,1,VEHICLE_CAR,preprocessed/masks/left_rear_camera/masks/frame_000337_gt2d_001_track_-1_VEHICLE_CAR.png,0.8406069278717041
left_rear,337,1772699943913282000,data\camera\left_rear_camera\1772699943913282000.jpg,1000014,1,car,0.831897,1457.0,619.0,1834.0,725.0,1456.925048828125,618.8917236328125,1834.1248779296875,724.8145751953125,matched,0,VEHICLE_CAR,preprocessed/masks/left_rear_camera/masks/frame_000337_gt2d_000_track_-1_VEHICLE_CAR.png,0.9501639604568481
left_rear,337,1772699943913282000,data\camera\left_rear_camera\1772699943913282000.jpg,4000014,4,truck,0.508476,84.0,602.0,153.0,648.0,85.4198226928711,601.9707641601562,154.26571655273438,647.8873291015625,matched,2,VEHICLE_TRUCK,preprocessed/masks/left_rear_camera/masks/frame_000337_gt2d_002_track_-1_VEHICLE_TRUCK.png,0.8880605697631836
left_rear,338,1772699944013276000,data\camera\left_rear_camera\1772699944013276000.jpg,1000013,1,car,0.720251,358.0,632.0,421.0,660.0,358.90118408203125,631.8358764648438,422.2774353027344,659.4884033203125,matched,1,VEHICLE_CAR,preprocessed/masks/left_rear_camera/masks/frame_000338_gt2d_001_track_-1_VEHICLE_CAR.png,0.8514033555984497
left_rear,338,1772699944013276000,data\camera\left_rear_camera\1772699944013276000.jpg,1000014,1,car,0.826792,1457.0,619.0,1833.0,725.0,1456.9627685546875,618.859375,1833.1846923828125,724.7565307617188,matched,0,VEHICLE_CAR,preprocessed/masks/left_rear_camera/masks/frame_000338_gt2d_000_track_-1_VEHICLE_CAR.png,0.9507158398628235
left_rear,338,1772699944013276000,data\camera\left_rear_camera\1772699944013276000.jpg,4000014,4,truck,0.473957,85.0,602.0,154.0,647.0,85.7562026977539,601.8698120117188,154.759033203125,647.2206420898438,matched,2,VEHICLE_TRUCK,preprocessed/masks/left_rear_camera/masks/frame_000338_gt2d_002_track_-1_VEHICLE_TRUCK.png,0.8936512470245361
left_rear,339,1772699944113192000,data\camera\left_rear_camera\1772699944113192000.jpg,1000013,1,car,0.714681,358.0,632.0,422.0,660.0,358.84088134765625,631.8692016601562,422.6182861328125,659.7577514648438,matched,1,VEHICLE_CAR,preprocessed/masks/left_rear_camera/masks/frame_000339_gt2d_001_track_-1_VEHICLE_CAR.png,0.8292209506034851
left_rear,339,1772699944113192000,data\camera\left_rear_camera\1772699944113192000.jpg,1000014,1,car,0.818273,1457.0,619.0,1831.0,724.0,1456.980224609375,618.8923950195312,1831.530029296875,724.1262817382812,matched,0,VEHICLE_CAR,preprocessed/masks/left_rear_camera/masks/frame_000339_gt2d_000_track_-1_VEHICLE_CAR.png,0.9490800499916077
left_rear,339,1772699944113192000,data\camera\left_rear_camera\1772699944113192000.jpg,4000014,4,truck,0.444645,85.0,603.0,150.0,646.0,85.81808471679688,602.5422973632812,152.2411651611328,646.3485717773438,matched,2,VEHICLE_TRUCK,preprocessed/masks/left_rear_camera/masks/frame_000339_gt2d_002_track_-1_VEHICLE_TRUCK.png,0.8756979703903198
left_rear,340,1772699944213169000,data\camera\left_rear_camera\1772699944213169000.jpg,1000013,1,car,0.740246,358.0,632.0,422.0,660.0,358.8153076171875,631.8561401367188,422.743408203125,659.8339233398438,matched,1,VEHICLE_CAR,preprocessed/masks/left_rear_camera/masks/frame_000340_gt2d_001_track_-1_VEHICLE_CAR.png,0.8487645387649536
left_rear,340,1772699944213169000,data\camera\left_rear_camera\1772699944213169000.jpg,1000014,1,car,0.816507,1457.0,619.0,1831.0,725.0,1457.0361328125,618.8780517578125,1830.9813232421875,724.5341796875,matched,0,VEHICLE_CAR,preprocessed/masks/left_rear_camera/masks/frame_000340_gt2d_000_track_-1_VEHICLE_CAR.png,0.9492752552032471
left_rear,340,1772699944213169000,data\camera\left_rear_camera\1772699944213169000.jpg,4000014,4,truck,0.453291,85.0,603.0,150.0,646.0,85.8040542602539,602.7738037109375,151.23106384277344,645.9950561523438,matched,2,VEHICLE_TRUCK,preprocessed/masks/left_rear_camera/masks/frame_000340_gt2d_002_track_-1_VEHICLE_TRUCK.png,0.8844860792160034
left_rear,341,1772699944313177000,data\camera\left_rear_camera\1772699944313177000.jpg,1000013,1,car,0.73329,358.0,632.0,422.0,660.0,358.7698059082031,631.8502807617188,422.75439453125,659.8601684570312,matched,1,VEHICLE_CAR,preprocessed/masks/left_rear_camera/masks/frame_000341_gt2d_001_track_-1_VEHICLE_CAR.png,0.8594951629638672
left_rear,341,1772699944313177000,data\camera\left_rear_camera\1772699944313177000.jpg,1000014,1,car,0.81912,1457.0,619.0,1831.0,724.0,1457.0751953125,618.86962890625,1830.820556640625,724.0308227539062,matched,0,VEHICLE_CAR,preprocessed/masks/left_rear_camera/masks/frame_000341_gt2d_000_track_-1_VEHICLE_CAR.png,0.9496480822563171
left_rear,341,1772699944313177000,data\camera\left_rear_camera\1772699944313177000.jpg,4000014,4,truck,0.455196,85.0,602.0,149.0,646.0,85.76596069335938,602.1870727539062,150.16453552246094,645.8662109375,matched,2,VEHICLE_TRUCK,preprocessed/masks/left_rear_camera/masks/frame_000341_gt2d_002_track_-1_VEHICLE_TRUCK.png,0.8931095600128174
left_rear,342,1772699944413184000,data\camera\left_rear_camera\1772699944413184000.jpg,1000013,1,car,0.730398,358.0,632.0,422.0,660.0,358.7278747558594,631.8214721679688,422.7327880859375,659.8416137695312,matched,1,VEHICLE_CAR,preprocessed/masks/left_rear_camera/masks/frame_000342_gt2d_001_track_-1_VEHICLE_CAR.png,0.8572550415992737
left_rear,342,1772699944413184000,data\camera\left_rear_camera\1772699944413184000.jpg,1000014,1,car,0.819609,1457.0,619.0,1831.0,724.0,1457.1126708984375,618.8396606445312,1830.8092041015625,723.821533203125,matched,0,VEHICLE_CAR,preprocessed/masks/left_rear_camera/masks/frame_000342_gt2d_000_track_-1_VEHICLE_CAR.png,0.9496846199035645
left_rear,342,1772699944413184000,data\camera\left_rear_camera\1772699944413184000.jpg,4000014,4,truck,0.460915,85.0,603.0,149.0,645.0,85.7216567993164,602.6016235351562,149.74755859375,645.1316528320312,matched,2,VEHICLE_TRUCK,preprocessed/masks/left_rear_camera/masks/frame_000342_gt2d_002_track_-1_VEHICLE_TRUCK.png,0.8920174837112427
left_rear,343,1772699944513192000,data\camera\left_rear_camera\1772699944513192000.jpg,1000013,1,car,0.728628,358.0,632.0,422.0,660.0,358.63043212890625,631.8587646484375,422.6418762207031,659.8809204101562,matched,1,VEHICLE_CAR,preprocessed/masks/left_rear_camera/masks/frame_000343_gt2d_001_track_-1_VEHICLE_CAR.png,0.8567562103271484
left_rear,343,1772699944513192000,data\camera\left_rear_camera\1772699944513192000.jpg,1000014,1,car,0.823839,1457.0,619.0,1832.0,725.0,1457.0870361328125,618.875244140625,1831.4515380859375,724.4603271484375,matched,0,VEHICLE_CAR,preprocessed/masks/left_rear_camera/masks/frame_000343_gt2d_000_track_-1_VEHICLE_CAR.png,0.950281023979187
left_rear,343,1772699944513192000,data\camera\left_rear_camera\1772699944513192000.jpg,4000014,4,truck,0.45232,85.0,603.0,150.0,646.0,85.62429809570312,602.810791015625,150.1908416748047,645.5794677734375,matched,2,VEHICLE_TRUCK,preprocessed/masks/left_rear_camera/masks/frame_000343_gt2d_002_track_-1_VEHICLE_TRUCK.png,0.8883813619613647
left_rear,344,1772699944613168000,data\camera\left_rear_camera\1772699944613168000.jpg,1000013,1,car,0.721534,358.0,632.0,422.0,660.0,358.5254211425781,631.915283203125,422.53826904296875,659.9365234375,matched,1,VEHICLE_CAR,preprocessed/masks/left_rear_camera/masks/frame_000344_gt2d_001_track_-1_VEHICLE_CAR.png,0.8467839956283569
left_rear,344,1772699944613168000,data\camera\left_rear_camera\1772699944613168000.jpg,1000014,1,car,0.822117,1457.0,619.0,1832.0,725.0,1457.0460205078125,618.9293823242188,1831.6826171875,724.7476806640625,matched,0,VEHICLE_CAR,preprocessed/masks/left_rear_camera/masks/frame_000344_gt2d_000_track_-1_VEHICLE_CAR.png,0.95006263256073
left_rear,344,1772699944613168000,data\camera\left_rear_camera\1772699944613168000.jpg,4000014,4,truck,0.449448,85.0,603.0,150.0,646.0,85.52381896972656,602.9259033203125,150.30174255371094,645.7888793945312,matched,2,VEHICLE_TRUCK,preprocessed/masks/left_rear_camera/masks/frame_000344_gt2d_002_track_-1_VEHICLE_TRUCK.png,0.8835998773574829
left_rear,345,1772699944713176000,data\camera\left_rear_camera\1772699944713176000.jpg,1000013,1,car,0.723102,357.0,632.0,422.0,660.0,357.80828857421875,631.9082641601562,422.4812316894531,659.9276733398438,matched,1,VEHICLE_CAR,preprocessed/masks/left_rear_camera/masks/frame_000345_gt2d_001_track_-1_VEHICLE_CAR.png,0.8427697420120239
left_rear,345,1772699944713176000,data\camera\left_rear_camera\1772699944713176000.jpg,1000014,1,car,0.8179,1457.0,619.0,1832.0,725.0,1457.0460205078125,618.920654296875,1831.8013916015625,724.83154296875,matched,0,VEHICLE_CAR,preprocessed/masks/left_rear_camera/masks/frame_000345_gt2d_000_track_-1_VEHICLE_CAR.png,0.9503836631774902
left_rear,345,1772699944713176000,data\camera\left_rear_camera\1772699944713176000.jpg,4000014,4,truck,0.462418,85.0,603.0,149.0,646.0,85.46737670898438,602.9381713867188,149.67115783691406,645.8432006835938,matched,2,VEHICLE_TRUCK,preprocessed/masks/left_rear_camera/masks/frame_000345_gt2d_002_track_-1_VEHICLE_TRUCK.png,0.8930982947349548
left_rear,346,1772699944813183000,data\camera\left_rear_camera\1772699944813183000.jpg,1000013,1,car,0.714639,358.0,632.0,422.0,660.0,358.19757080078125,631.8810424804688,422.4598083496094,659.8984375,matched,1,VEHICLE_CAR,preprocessed/masks/left_rear_camera/masks/frame_000346_gt2d_001_track_-1_VEHICLE_CAR.png,0.8468737006187439
left_rear,346,1772699944813183000,data\camera\left_rear_camera\1772699944813183000.jpg,1000014,1,car,0.818149,1457.0,619.0,1832.0,725.0,1457.07177734375,618.8921508789062,1831.8853759765625,724.8409423828125,matched,0,VEHICLE_CAR,preprocessed/masks/left_rear_camera/masks/frame_000346_gt2d_000_track_-1_VEHICLE_CAR.png,0.9502002000808716
left_rear,346,1772699944813183000,data\camera\left_rear_camera\1772699944813183000.jpg,4000014,4,truck,0.415537,85.0,603.0,150.0,646.0,85.43875885009766,602.915771484375,150.09832763671875,645.8421020507812,matched,2,VEHICLE_TRUCK,preprocessed/masks/left_rear_camera/masks/frame_000346_gt2d_002_track_-1_VEHICLE_TRUCK.png,0.8848272562026978
left_rear,347,1772699944913191000,data\camera\left_rear_camera\1772699944913191000.jpg,1000013,1,car,0.733291,358.0,632.0,422.0,660.0,358.28955078125,631.9209594726562,422.3914794921875,659.9363403320312,matched,1,VEHICLE_CAR,preprocessed/masks/left_rear_camera/masks/frame_000347_gt2d_001_track_-1_VEHICLE_CAR.png,0.8557204604148865
left_rear,347,1772699944913191000,data\camera\left_rear_camera\1772699944913191000.jpg,1000014,1,car,0.825453,1457.0,619.0,1832.0,725.0,1457.0513916015625,618.9307861328125,1831.8983154296875,724.8961181640625,matched,0,VEHICLE_CAR,preprocessed/masks/left_rear_camera/masks/frame_000347_gt2d_000_track_-1_VEHICLE_CAR.png,0.9505839347839355
left_rear,347,1772699944913191000,data\camera\left_rear_camera\1772699944913191000.jpg,4000014,4,truck,0.46632,85.0,603.0,150.0,646.0,85.37638854980469,602.9546508789062,150.212646484375,645.8936767578125,matched,2,VEHICLE_TRUCK,preprocessed/masks/left_rear_camera/masks/frame_000347_gt2d_002_track_-1_VEHICLE_TRUCK.png,0.879055917263031
left_rear,348,1772699945013154000,data\camera\left_rear_camera\1772699945013154000.jpg,1000013,1,car,0.718773,358.0,632.0,422.0,660.0,358.28765869140625,631.9525756835938,422.3279113769531,659.9661865234375,matched,1,VEHICLE_CAR,preprocessed/masks/left_rear_camera/masks/frame_000348_gt2d_001_track_-1_VEHICLE_CAR.png,0.8474744558334351
left_rear,348,1772699945013154000,data\camera\left_rear_camera\1772699945013154000.jpg,1000014,1,car,0.816998,1457.0,619.0,1832.0,725.0,1457.028564453125,618.9612426757812,1831.89794921875,724.9347534179688,matched,0,VEHICLE_CAR,preprocessed/masks/left_rear_camera/masks/frame_000348_gt2d_000_track_-1_VEHICLE_CAR.png,0.9503945112228394
left_rear,348,1772699945013154000,data\camera\left_rear_camera\1772699945013154000.jpg,4000014,4,truck,0.456423,85.0,603.0,149.0,646.0,85.315185546875,602.9834594726562,149.56224060058594,645.9312133789062,matched,2,VEHICLE_TRUCK,preprocessed/masks/left_rear_camera/masks/frame_000348_gt2d_002_track_-1_VEHICLE_TRUCK.png,0.8845281600952148
left_rear,349,1772699945113284000,data\camera\left_rear_camera\1772699945113284000.jpg,1000013,1,car,0.72049,358.0,632.0,422.0,660.0,358.2942199707031,631.9278564453125,422.3106994628906,659.9398803710938,matched,1,VEHICLE_CAR,preprocessed/masks/left_rear_camera/masks/frame_000349_gt2d_001_track_-1_VEHICLE_CAR.png,0.8587728142738342
left_rear,349,1772699945113284000,data\camera\left_rear_camera\1772699945113284000.jpg,1000014,1,car,0.821112,1457.0,619.0,1832.0,725.0,1457.0467529296875,618.9354858398438,1831.9332275390625,724.9136962890625,matched,0,VEHICLE_CAR,preprocessed/masks/left_rear_camera/masks/frame_000349_gt2d_000_track_-1_VEHICLE_CAR.png,0.9498136639595032
left_rear,349,1772699945113284000,data\camera\left_rear_camera\1772699945113284000.jpg,4000014,4,truck,0.439184,85.0,603.0,150.0,646.0,85.2967529296875,602.9556274414062,149.98973083496094,645.9102172851562,matched,2,VEHICLE_TRUCK,preprocessed/masks/left_rear_camera/masks/frame_000349_gt2d_002_track_-1_VEHICLE_TRUCK.png,0.8859392404556274
left_rear,350,1772699945213261000,data\camera\left_rear_camera\1772699945213261000.jpg,1000013,1,car,0.728394,357.0,632.0,422.0,660.0,357.5974426269531,631.9373779296875,422.265625,659.9480590820312,matched,1,VEHICLE_CAR,preprocessed/masks/left_rear_camera/masks/frame_000350_gt2d_001_track_-1_VEHICLE_CAR.png,0.8566043972969055
left_rear,350,1772699945213261000,data\camera\left_rear_camera\1772699945213261000.jpg,1000014,1,car,0.820958,1457.0,619.0,1832.0,725.0,1457.0328369140625,618.9441528320312,1831.933349609375,724.925537109375,matched,0,VEHICLE_CAR,preprocessed/masks/left_rear_camera/masks/frame_000350_gt2d_000_track_-1_VEHICLE_CAR.png,0.9497392177581787
left_rear,350,1772699945213261000,data\camera\left_rear_camera\1772699945213261000.jpg,4000014,4,truck,0.45295,85.0,603.0,150.0,646.0,85.25457000732422,602.962158203125,150.11883544921875,645.92236328125,matched,2,VEHICLE_TRUCK,preprocessed/masks/left_rear_camera/masks/frame_000350_gt2d_002_track_-1_VEHICLE_TRUCK.png,0.8901390433311462
left_rear,351,1772699945313268000,data\camera\left_rear_camera\1772699945313268000.jpg,1000013,1,car,0.725331,357.0,632.0,422.0,660.0,357.3202819824219,631.9588012695312,422.2328796386719,659.9682006835938,matched,1,VEHICLE_CAR,preprocessed/masks/left_rear_camera/masks/frame_000351_gt2d_001_track_-1_VEHICLE_CAR.png,0.8615403175354004
left_rear,351,1772699945313268000,data\camera\left_rear_camera\1772699945313268000.jpg,1000014,1,car,0.824738,1457.0,619.0,1832.0,725.0,1457.0257568359375,618.9647827148438,1831.9383544921875,724.9486083984375,matched,0,VEHICLE_CAR,preprocessed/masks/left_rear_camera/masks/frame_000351_gt2d_000_track_-1_VEHICLE_CAR.png,0.9496101140975952
left_rear,351,1772699945313268000,data\camera\left_rear_camera\1772699945313268000.jpg,4000014,4,truck,0.487109,85.0,603.0,150.0,646.0,85.22154998779297,602.980712890625,150.15394592285156,645.9457397460938,matched,2,VEHICLE_TRUCK,preprocessed/masks/left_rear_camera/masks/frame_000351_gt2d_002_track_-1_VEHICLE_TRUCK.png,0.8820623159408569
left_rear,352,1772699945413276000,data\camera\left_rear_camera\1772699945413276000.jpg,1000013,1,car,0.709668,358.0,632.0,422.0,660.0,357.8646240234375,631.9556884765625,422.208251953125,659.9639892578125,matched,1,VEHICLE_CAR,preprocessed/masks/left_rear_camera/masks/frame_000352_gt2d_001_track_-1_VEHICLE_CAR.png,0.8537569046020508
left_rear,352,1772699945413276000,data\camera\left_rear_camera\1772699945413276000.jpg,1000014,1,car,0.824104,1457.0,619.0,1832.0,725.0,1457.025146484375,618.9609375,1831.9481201171875,724.94677734375,matched,0,VEHICLE_CAR,preprocessed/masks/left_rear_camera/masks/frame_000352_gt2d_000_track_-1_VEHICLE_CAR.png,0.9497499465942383
left_rear,352,1772699945413276000,data\camera\left_rear_camera\1772699945413276000.jpg,4000014,4,truck,0.458021,85.0,603.0,149.0,646.0,85.19773864746094,602.9750366210938,149.49746704101562,645.9442749023438,matched,2,VEHICLE_TRUCK,preprocessed/masks/left_rear_camera/masks/frame_000352_gt2d_002_track_-1_VEHICLE_TRUCK.png,0.8879154920578003
left_rear,353,1772699945513283000,data\camera\left_rear_camera\1772699945513283000.jpg,1000013,1,car,0.723278,357.0,632.0,422.0,660.0,357.40155029296875,631.9555053710938,422.1873474121094,659.9628295898438,matched,1,VEHICLE_CAR,preprocessed/masks/left_rear_camera/masks/frame_000353_gt2d_001_track_-1_VEHICLE_CAR.png,0.851421058177948
left_rear,353,1772699945513283000,data\camera\left_rear_camera\1772699945513283000.jpg,1000014,1,car,0.82373,1457.0,619.0,1832.0,725.0,1457.0272216796875,618.9601440429688,1831.95947265625,724.9476928710938,matched,0,VEHICLE_CAR,preprocessed/masks/left_rear_camera/masks/frame_000353_gt2d_000_track_-1_VEHICLE_CAR.png,0.9500489830970764
left_rear,353,1772699945513283000,data\camera\left_rear_camera\1772699945513283000.jpg,4000014,4,truck,0.453833,85.0,603.0,149.0,646.0,85.17797088623047,602.9725952148438,149.24073791503906,645.9454956054688,matched,2,VEHICLE_TRUCK,preprocessed/masks/left_rear_camera/masks/frame_000353_gt2d_002_track_-1_VEHICLE_TRUCK.png,0.8856598138809204
left_rear,354,1772699945613291000,data\camera\left_rear_camera\1772699945613291000.jpg,1000013,1,car,0.724624,358.0,632.0,422.0,660.0,357.87030029296875,631.964599609375,422.1615905761719,659.9710083007812,matched,1,VEHICLE_CAR,preprocessed/masks/left_rear_camera/masks/frame_000354_gt2d_001_track_-1_VEHICLE_CAR.png,0.8619892597198486
left_rear,354,1772699945613291000,data\camera\left_rear_camera\1772699945613291000.jpg,1000014,1,car,0.823278,1457.0,619.0,1832.0,725.0,1457.0194091796875,618.9686889648438,1831.9595947265625,724.9577026367188,matched,0,VEHICLE_CAR,preprocessed/masks/left_rear_camera/masks/frame_000354_gt2d_000_track_-1_VEHICLE_CAR.png,0.9497169852256775
left_rear,354,1772699945613291000,data\camera\left_rear_camera\1772699945613291000.jpg,4000014,4,truck,0.438395,85.0,602.0,150.0,646.0,85.15196990966797,602.3184814453125,149.79327392578125,645.9557495117188,matched,2,VEHICLE_TRUCK,preprocessed/masks/left_rear_camera/masks/frame_000354_gt2d_002_track_-1_VEHICLE_TRUCK.png,0.8789123892784119
left_rear,355,1772699945713268000,data\camera\left_rear_camera\1772699945713268000.jpg,1000013,1,car,0.713217,359.0,632.0,422.0,660.0,358.69989013671875,631.989501953125,422.1386413574219,659.9951782226562,matched,1,VEHICLE_CAR,preprocessed/masks/left_rear_camera/masks/frame_000355_gt2d_001_track_-1_VEHICLE_CAR.png,0.8574501872062683
left_rear,355,1772699945713268000,data\camera\left_rear_camera\1772699945713268000.jpg,1000014,1,car,0.824065,1457.0,619.0,1832.0,725.0,1457.0140380859375,618.9931030273438,1831.9613037109375,724.9833984375,matched,0,VEHICLE_CAR,preprocessed/masks/left_rear_camera/masks/frame_000355_gt2d_000_track_-1_VEHICLE_CAR.png,0.9502002000808716
left_rear,355,1772699945713268000,data\camera\left_rear_camera\1772699945713268000.jpg,4000014,4,truck,0.442727,85.0,602.0,150.0,646.0,85.13195037841797,602.0939331054688,149.9934844970703,645.9815063476562,matched,2,VEHICLE_TRUCK,preprocessed/masks/left_rear_camera/masks/frame_000355_gt2d_002_track_-1_VEHICLE_TRUCK.png,0.8780651092529297
left_rear,356,1772699945813275000,data\camera\left_rear_camera\1772699945813275000.jpg,1000013,1,car,0.719655,358.0,632.0,422.0,660.0,358.3394470214844,631.9800415039062,422.121826171875,659.9850463867188,matched,1,VEHICLE_CAR,preprocessed/masks/left_rear_camera/masks/frame_000356_gt2d_001_track_-1_VEHICLE_CAR.png,0.8526074886322021
left_rear,356,1772699945813275000,data\camera\left_rear_camera\1772699945813275000.jpg,1000014,1,car,0.827573,1457.0,619.0,1832.0,725.0,1457.01318359375,618.9832153320312,1831.966796875,724.9746704101562,matched,0,VEHICLE_CAR,preprocessed/masks/left_rear_camera/masks/frame_000356_gt2d_000_track_-1_VEHICLE_CAR.png,0.9498616456985474
left_rear,356,1772699945813275000,data\camera\left_rear_camera\1772699945813275000.jpg,4000014,4,truck,0.457865,85.0,602.0,150.0,646.0,85.11738586425781,601.9913940429688,150.06402587890625,645.9727783203125,matched,2,VEHICLE_TRUCK,preprocessed/masks/left_rear_camera/masks/frame_000356_gt2d_002_track_-1_VEHICLE_TRUCK.png,0.8845136761665344
left_rear,357,1772699945913282000,data\camera\left_rear_camera\1772699945913282000.jpg,1000013,1,car,0.718431,359.0,632.0,422.0,660.0,358.85821533203125,631.9728393554688,422.1101989746094,659.9772338867188,matched,1,VEHICLE_CAR,preprocessed/masks/left_rear_camera/masks/frame_000357_gt2d_001_track_-1_VEHICLE_CAR.png,0.8575009703636169
left_rear,357,1772699945913282000,data\camera\left_rear_camera\1772699945913282000.jpg,1000014,1,car,0.828738,1457.0,619.0,1832.0,725.0,1457.0137939453125,618.9755859375,1831.972900390625,724.9680786132812,matched,0,VEHICLE_CAR,preprocessed/masks/left_rear_camera/masks/frame_000357_gt2d_000_track_-1_VEHICLE_CAR.png,0.9501240253448486
left_rear,357,1772699945913282000,data\camera\left_rear_camera\1772699945913282000.jpg,4000014,4,truck,0.440823,85.0,602.0,150.0,646.0,85.105712890625,601.9514770507812,150.08518981933594,645.96630859375,matched,2,VEHICLE_TRUCK,preprocessed/masks/left_rear_camera/masks/frame_000357_gt2d_002_track_-1_VEHICLE_TRUCK.png,0.8804219365119934
left_rear,358,1772699946013276000,data\camera\left_rear_camera\1772699946013276000.jpg,1000013,1,car,0.715279,358.0,632.0,422.0,660.0,358.36993408203125,631.9872436523438,422.08660888671875,659.9911499023438,matched,1,VEHICLE_CAR,preprocessed/masks/left_rear_camera/masks/frame_000358_gt2d_001_track_-1_VEHICLE_CAR.png,0.8594200611114502
left_rear,358,1772699946013276000,data\camera\left_rear_camera\1772699946013276000.jpg,1000014,1,car,0.821505,1457.0,619.0,1832.0,725.0,1457.002197265625,618.9896850585938,1831.966064453125,724.9830932617188,matched,0,VEHICLE_CAR,preprocessed/masks/left_rear_camera/masks/frame_000358_gt2d_000_track_-1_VEHICLE_CAR.png,0.9500834941864014
left_rear,358,1772699946013276000,data\camera\left_rear_camera\1772699946013276000.jpg,4000014,4,truck,0.441121,85.0,602.0,150.0,646.0,85.0832290649414,601.9563598632812,150.07534790039062,645.9815063476562,matched,2,VEHICLE_TRUCK,preprocessed/masks/left_rear_camera/masks/frame_000358_gt2d_002_track_-1_VEHICLE_TRUCK.png,0.8781152367591858
left_rear,359,1772699946113192000,data\camera\left_rear_camera\1772699946113192000.jpg,1000013,1,car,0.70675,357.0,632.0,422.0,660.0,357.52679443359375,631.9893188476562,422.0801086425781,659.9927368164062,matched,1,VEHICLE_CAR,preprocessed/masks/left_rear_camera/masks/frame_000359_gt2d_001_track_-1_VEHICLE_CAR.png,0.8492955565452576
left_rear,359,1772699946113192000,data\camera\left_rear_camera\1772699946113192000.jpg,1000014,1,car,0.820227,1457.0,619.0,1832.0,725.0,1457.0052490234375,618.991455078125,1831.973388671875,724.985595703125,matched,0,VEHICLE_CAR,preprocessed/masks/left_rear_camera/masks/frame_000359_gt2d_000_track_-1_VEHICLE_CAR.png,0.9490464329719543
left_rear,359,1772699946113192000,data\camera\left_rear_camera\1772699946113192000.jpg,4000014,4,truck,0.481246,85.0,602.0,152.0,647.0,85.07670593261719,601.9573974609375,151.39468383789062,646.6437377929688,matched,2,VEHICLE_TRUCK,preprocessed/masks/left_rear_camera/masks/frame_000359_gt2d_002_track_-1_VEHICLE_TRUCK.png,0.8949079513549805
left_rear,360,1772699946213169000,data\camera\left_rear_camera\1772699946213169000.jpg,1000013,1,car,0.705137,357.0,632.0,422.0,660.0,357.2093200683594,631.9761352539062,422.0787353515625,659.9791870117188,matched,1,VEHICLE_CAR,preprocessed/masks/left_rear_camera/masks/frame_000360_gt2d_001_track_-1_VEHICLE_CAR.png,0.851345956325531
left_rear,360,1772699946213169000,data\camera\left_rear_camera\1772699946213169000.jpg,1000014,1,car,0.81866,1457.0,619.0,1831.0,724.0,1457.0120849609375,618.9780883789062,1831.3231201171875,724.3120727539062,matched,0,VEHICLE_CAR,preprocessed/masks/left_rear_camera/masks/frame_000360_gt2d_000_track_-1_VEHICLE_CAR.png,0.9493427276611328
left_rear,360,1772699946213169000,data\camera\left_rear_camera\1772699946213169000.jpg,4000014,4,truck,0.513728,85.0,602.0,151.0,647.0,85.07622528076172,601.945556640625,151.23561096191406,646.878662109375,matched,2,VEHICLE_TRUCK,preprocessed/masks/left_rear_camera/masks/frame_000360_gt2d_002_track_-1_VEHICLE_TRUCK.png,0.8945255279541016
left_rear,361,1772699946313177000,data\camera\left_rear_camera\1772699946313177000.jpg,1000013,1,car,0.700858,357.0,632.0,422.0,660.0,357.0874938964844,631.9854736328125,422.07452392578125,659.9881591796875,matched,1,VEHICLE_CAR,preprocessed/masks/left_rear_camera/masks/frame_000361_gt2d_001_track_-1_VEHICLE_CAR.png,0.8524560928344727
left_rear,361,1772699946313177000,data\camera\left_rear_camera\1772699946313177000.jpg,1000014,1,car,0.821144,1457.0,619.0,1832.0,725.0,1457.0155029296875,618.9872436523438,1831.7423095703125,724.735107421875,matched,0,VEHICLE_CAR,preprocessed/masks/left_rear_camera/masks/frame_000361_gt2d_000_track_-1_VEHICLE_CAR.png,0.948898434638977
left_rear,361,1772699946313177000,data\camera\left_rear_camera\1772699946313177000.jpg,4000014,4,truck,0.500163,85.0,602.0,152.0,647.0,85.07200622558594,601.9576416015625,151.82359313964844,646.9802856445312,matched,2,VEHICLE_TRUCK,preprocessed/masks/left_rear_camera/masks/frame_000361_gt2d_002_track_-1_VEHICLE_TRUCK.png,0.8930976986885071
left_rear,362,1772699946413184000,data\camera\left_rear_camera\1772699946413184000.jpg,-1,1,car,0.403459,0.0,600.0,8.0,663.0,0.0,600.0,8.0,663.0,unassigned,3,VEHICLE_SUV,preprocessed/masks/left_rear_camera/masks/frame_000362_gt2d_003_track_-1_VEHICLE_SUV.png,0.6139311790466309
left_rear,362,1772699946413184000,data\camera\left_rear_camera\1772699946413184000.jpg,1000013,1,car,0.693787,358.0,632.0,422.0,660.0,357.6937255859375,631.985595703125,422.062744140625,659.9879150390625,matched,1,VEHICLE_CAR,preprocessed/masks/left_rear_camera/masks/frame_000362_gt2d_001_track_-1_VEHICLE_CAR.png,0.8600104451179504
left_rear,362,1772699946413184000,data\camera\left_rear_camera\1772699946413184000.jpg,1000014,1,car,0.819673,1457.0,619.0,1832.0,725.0,1457.0107421875,618.987060546875,1831.8980712890625,724.892578125,matched,0,VEHICLE_CAR,preprocessed/masks/left_rear_camera/masks/frame_000362_gt2d_000_track_-1_VEHICLE_CAR.png,0.949310302734375
left_rear,362,1772699946413184000,data\camera\left_rear_camera\1772699946413184000.jpg,4000014,4,truck,0.463449,85.0,602.0,151.0,647.0,85.0609359741211,601.960693359375,151.374755859375,647.0123291015625,matched,2,VEHICLE_TRUCK,preprocessed/masks/left_rear_camera/masks/frame_000362_gt2d_002_track_-1_VEHICLE_TRUCK.png,0.8945381045341492
left_rear,363,1772699946513192000,data\camera\left_rear_camera\1772699946513192000.jpg,1000013,1,car,0.705869,357.0,632.0,422.0,660.0,357.2589416503906,631.9879760742188,422.05194091796875,659.9900512695312,matched,1,VEHICLE_CAR,preprocessed/masks/left_rear_camera/masks/frame_000363_gt2d_001_track_-1_VEHICLE_CAR.png,0.8523532152175903
left_rear,363,1772699946513192000,data\camera\left_rear_camera\1772699946513192000.jpg,1000014,1,car,0.821109,1457.0,619.0,1832.0,725.0,1457.0064697265625,618.9893188476562,1831.95654296875,724.9552001953125,matched,0,VEHICLE_CAR,preprocessed/masks/left_rear_camera/masks/frame_000363_gt2d_000_track_-1_VEHICLE_CAR.png,0.9490820169448853
left_rear,363,1772699946513192000,data\camera\left_rear_camera\1772699946513192000.jpg,1000016,1,car,0.538477,0.0,601.0,13.0,663.0,0.0,601.0,13.0,663.0,tentative,2,VEHICLE_SUV,preprocessed/masks/left_rear_camera/masks/frame_000363_gt2d_002_track_-1_VEHICLE_SUV.png,0.7772228121757507
left_rear,363,1772699946513192000,data\camera\left_rear_camera\1772699946513192000.jpg,4000014,4,truck,0.47749,85.0,602.0,151.0,647.0,85.0505142211914,601.9658813476562,151.19076538085938,647.0237426757812,matched,3,VEHICLE_TRUCK,preprocessed/masks/left_rear_camera/masks/frame_000363_gt2d_003_track_-1_VEHICLE_TRUCK.png,0.8962845802307129
left_rear,364,1772699946613168000,data\camera\left_rear_camera\1772699946613168000.jpg,1000013,1,car,0.694473,357.0,632.0,422.0,660.0,357.0943603515625,631.9853515625,422.0451354980469,659.9871826171875,matched,1,VEHICLE_CAR,preprocessed/masks/left_rear_camera/masks/frame_000364_gt2d_001_track_-1_VEHICLE_CAR.png,0.8492889404296875
left_rear,364,1772699946613168000,data\camera\left_rear_camera\1772699946613168000.jpg,1000014,1,car,0.824937,1457.0,619.0,1832.0,725.0,1457.0047607421875,618.9865112304688,1831.979736328125,724.9754638671875,matched,0,VEHICLE_CAR,preprocessed/masks/left_rear_camera/masks/frame_000364_gt2d_000_track_-1_VEHICLE_CAR.png,0.9495701789855957
left_rear,364,1772699946613168000,data\camera\left_rear_camera\1772699946613168000.jpg,1000016,1,car,0.541458,0.0,597.0,18.0,664.0,3.982010457548313e-05,597.7973022460938,17.00004005432129,663.7973022460938,matched,2,VEHICLE_SUV,preprocessed/masks/left_rear_camera/masks/frame_000364_gt2d_002_track_-1_VEHICLE_SUV.png,0.911810040473938
left_rear,364,1772699946613168000,data\camera\left_rear_camera\1772699946613168000.jpg,4000014,4,truck,0.473418,85.0,602.0,151.0,647.0,85.04357147216797,601.9657592773438,151.11488342285156,647.0216064453125,matched,3,VEHICLE_TRUCK,preprocessed/masks/left_rear_camera/masks/frame_000364_gt2d_003_track_-1_VEHICLE_TRUCK.png,0.897144079208374
left_rear,365,1772699946713176000,data\camera\left_rear_camera\1772699946713176000.jpg,1000013,1,car,0.691953,358.0,632.0,422.0,660.0,357.6931457519531,631.9904174804688,422.0418395996094,659.9920654296875,matched,1,VEHICLE_CAR,preprocessed/masks/left_rear_camera/masks/frame_000365_gt2d_001_track_-1_VEHICLE_CAR.png,0.8511556386947632
left_rear,365,1772699946713176000,data\camera\left_rear_camera\1772699946713176000.jpg,1000014,1,car,0.829414,1457.0,619.0,1831.0,724.0,1457.006103515625,618.991455078125,1831.33056640625,724.3283081054688,matched,0,VEHICLE_CAR,preprocessed/masks/left_rear_camera/masks/frame_000365_gt2d_000_track_-1_VEHICLE_CAR.png,0.949687659740448
left_rear,365,1772699946713176000,data\camera\left_rear_camera\1772699946713176000.jpg,1000016,1,car,0.657426,0.0,596.0,23.0,665.0,0.002080483827739954,596.440185546875,21.22773551940918,664.7057495117188,matched,2,VEHICLE_SUV,preprocessed/masks/left_rear_camera/masks/frame_000365_gt2d_002_track_-1_VEHICLE_SUV.png,0.9378709197044373
left_rear,365,1772699946713176000,data\camera\left_rear_camera\1772699946713176000.jpg,4000014,4,truck,0.451837,85.0,602.0,151.0,647.0,85.04039764404297,601.9730834960938,151.08319091796875,647.0242309570312,matched,3,VEHICLE_TRUCK,preprocessed/masks/left_rear_camera/masks/frame_000365_gt2d_003_track_-1_VEHICLE_TRUCK.png,0.894561767578125
left_rear,366,1772699946813183000,data\camera\left_rear_camera\1772699946813183000.jpg,1000013,1,car,0.697649,357.0,632.0,422.0,660.0,357.260498046875,631.9946899414062,422.0404968261719,659.99609375,matched,1,VEHICLE_CAR,preprocessed/masks/left_rear_camera/masks/frame_000366_gt2d_001_track_-1_VEHICLE_CAR.png,0.849456250667572
left_rear,366,1772699946813183000,data\camera\left_rear_camera\1772699946813183000.jpg,1000014,1,car,0.830883,1457.0,619.0,1832.0,725.0,1457.00927734375,618.99560546875,1831.7506103515625,724.7486572265625,matched,0,VEHICLE_CAR,preprocessed/masks/left_rear_camera/masks/frame_000366_gt2d_000_track_-1_VEHICLE_CAR.png,0.9496632218360901
left_rear,366,1772699946813183000,data\camera\left_rear_camera\1772699946813183000.jpg,1000016,1,car,0.664276,0.0,593.0,28.0,666.0,0.005609728861600161,593.6904907226562,26.246925354003906,665.7854614257812,matched,2,VEHICLE_SUV,preprocessed/masks/left_rear_camera/masks/frame_000366_gt2d_002_track_-1_VEHICLE_SUV.png,0.954954981803894
left_rear,366,1772699946813183000,data\camera\left_rear_camera\1772699946813183000.jpg,4000014,4,truck,0.425299,85.0,602.0,152.0,647.0,85.03954315185547,601.9793701171875,151.73004150390625,647.0252075195312,matched,3,VEHICLE_TRUCK,preprocessed/masks/left_rear_camera/masks/frame_000366_gt2d_003_track_-1_VEHICLE_TRUCK.png,0.900581955909729
left_rear,367,1772699946913191000,data\camera\left_rear_camera\1772699946913191000.jpg,1000013,1,car,0.69655,358.0,632.0,422.0,660.0,357.7550964355469,631.9976806640625,422.03680419921875,659.9989013671875,matched,1,VEHICLE_CAR,preprocessed/masks/left_rear_camera/masks/frame_000367_gt2d_001_track_-1_VEHICLE_CAR.png,0.8495066165924072
left_rear,367,1772699946913191000,data\camera\left_rear_camera\1772699946913191000.jpg,1000014,1,car,0.833266,1457.0,619.0,1831.0,725.0,1457.009033203125,618.9984741210938,1831.2496337890625,724.9096069335938,matched,0,VEHICLE_CAR,preprocessed/masks/left_rear_camera/masks/frame_000367_gt2d_000_track_-1_VEHICLE_CAR.png,0.9499396085739136
left_rear,367,1772699946913191000,data\camera\left_rear_camera\1772699946913191000.jpg,1000016,1,car,0.664715,0.0,592.0,34.0,666.0,0.005704665556550026,592.0840454101562,32.046356201171875,666.1256103515625,matched,2,VEHICLE_SUV,preprocessed/masks/left_rear_camera/masks/frame_000367_gt2d_002_track_-1_VEHICLE_SUV.png,0.9533960223197937
left_rear,367,1772699946913191000,data\camera\left_rear_camera\1772699946913191000.jpg,4000014,4,truck,0.415077,86.0,603.0,151.0,647.0,85.69393157958984,602.6439208984375,151.31045532226562,647.02490234375,matched,3,VEHICLE_TRUCK,preprocessed/masks/left_rear_camera/masks/frame_000367_gt2d_003_track_-1_VEHICLE_TRUCK.png,0.9002307653427124
left_rear,368,1772699947013154000,data\camera\left_rear_camera\1772699947013154000.jpg,1000013,1,car,0.699751,357.0,632.0,422.0,660.0,357.2795104980469,631.9918212890625,422.03265380859375,659.992919921875,matched,2,VEHICLE_CAR,preprocessed/masks/left_rear_camera/masks/frame_000368_gt2d_002_track_-1_VEHICLE_CAR.png,0.8408409953117371
left_rear,368,1772699947013154000,data\camera\left_rear_camera\1772699947013154000.jpg,1000014,1,car,0.833375,1457.0,619.0,1832.0,725.0,1457.0084228515625,618.9924926757812,1831.7225341796875,724.9638061523438,matched,0,VEHICLE_CAR,preprocessed/masks/left_rear_camera/masks/frame_000368_gt2d_000_track_-1_VEHICLE_CAR.png,0.9498071670532227
left_rear,368,1772699947013154000,data\camera\left_rear_camera\1772699947013154000.jpg,1000016,1,car,0.731697,0.0,589.0,41.0,667.0,0.005455799866467714,589.4834594726562,38.68540954589844,666.9032592773438,matched,1,VEHICLE_SUV,preprocessed/masks/left_rear_camera/masks/frame_000368_gt2d_001_track_-1_VEHICLE_SUV.png,0.9430686831474304
left_rear,368,1772699947013154000,data\camera\left_rear_camera\1772699947013154000.jpg,4000014,4,truck,0.388061,86.0,602.0,151.0,646.0,85.9407958984375,602.2259521484375,151.14222717285156,646.351806640625,matched,3,VEHICLE_TRUCK,preprocessed/masks/left_rear_camera/masks/frame_000368_gt2d_003_track_-1_VEHICLE_TRUCK.png,0.9017064571380615
left_rear,369,1772699947113284000,data\camera\left_rear_camera\1772699947113284000.jpg,1000013,1,car,0.696898,357.0,632.0,422.0,660.0,357.1026306152344,631.9967041015625,422.0323791503906,659.9976806640625,matched,2,VEHICLE_CAR,preprocessed/masks/left_rear_camera/masks/frame_000369_gt2d_002_track_-1_VEHICLE_CAR.png,0.8402188420295715
left_rear,369,1772699947113284000,data\camera\left_rear_camera\1772699947113284000.jpg,1000014,1,car,0.833296,1457.0,619.0,1832.0,725.0,1457.0107421875,618.997314453125,1831.9061279296875,724.9911499023438,matched,0,VEHICLE_CAR,preprocessed/masks/left_rear_camera/masks/frame_000369_gt2d_000_track_-1_VEHICLE_CAR.png,0.949638843536377
left_rear,369,1772699947113284000,data\camera\left_rear_camera\1772699947113284000.jpg,1000016,1,car,0.739554,0.0,588.0,47.0,668.0,0.00904560461640358,587.9295043945312,45.0578498840332,667.8460693359375,matched,1,VEHICLE_SUV,preprocessed/masks/left_rear_camera/masks/frame_000369_gt2d_001_track_-1_VEHICLE_SUV.png,0.9439011812210083
left_rear,369,1772699947113284000,data\camera\left_rear_camera\1772699947113284000.jpg,4000014,4,truck,0.373418,86.0,603.0,151.0,646.0,86.03140258789062,602.7384643554688,151.07861328125,646.106201171875,matched,3,VEHICLE_TRUCK,preprocessed/masks/left_rear_camera/masks/frame_000369_gt2d_003_track_-1_VEHICLE_TRUCK.png,0.8918424844741821
left_rear,370,1772699947213291000,data\camera\left_rear_camera\1772699947213291000.jpg,1000013,1,car,0.69794,357.0,632.0,422.0,660.0,357.03472900390625,631.9945678710938,422.0297546386719,659.9954223632812,matched,2,VEHICLE_CAR,preprocessed/masks/left_rear_camera/masks/frame_000370_gt2d_002_track_-1_VEHICLE_CAR.png,0.8377097845077515
left_rear,370,1772699947213291000,data\camera\left_rear_camera\1772699947213291000.jpg,1000014,1,car,0.831744,1457.0,619.0,1832.0,725.0,1457.0106201171875,618.9951171875,1831.97509765625,724.9970092773438,matched,0,VEHICLE_CAR,preprocessed/masks/left_rear_camera/masks/frame_000370_gt2d_000_track_-1_VEHICLE_CAR.png,0.949600338935852
left_rear,370,1772699947213291000,data\camera\left_rear_camera\1772699947213291000.jpg,1000016,1,car,0.713278,0.0,589.0,53.0,669.0,0.009843342006206512,588.0810546875,51.30985641479492,668.83740234375,matched,1,VEHICLE_SUV,preprocessed/masks/left_rear_camera/masks/frame_000370_gt2d_001_track_-1_VEHICLE_SUV.png,0.9478514194488525
left_rear,370,1772699947213291000,data\camera\left_rear_camera\1772699947213291000.jpg,4000014,4,truck,0.369908,86.0,602.0,151.0,646.0,86.05952453613281,602.2605590820312,151.05130004882812,646.0114135742188,matched,3,VEHICLE_TRUCK,preprocessed/masks/left_rear_camera/masks/frame_000370_gt2d_003_track_-1_VEHICLE_TRUCK.png,0.8996233940124512
left_rear,371,1772699947313268000,data\camera\left_rear_camera\1772699947313268000.jpg,1000013,1,car,0.695072,358.0,632.0,422.0,660.0,357.6736755371094,631.9952392578125,422.03131103515625,659.9960327148438,matched,2,VEHICLE_CAR,preprocessed/masks/left_rear_camera/masks/frame_000371_gt2d_002_track_-1_VEHICLE_CAR.png,0.8410905599594116
left_rear,371,1772699947313268000,data\camera\left_rear_camera\1772699947313268000.jpg,1000014,1,car,0.831017,1457.0,619.0,1832.0,725.0,1457.014404296875,618.9957275390625,1832.0050048828125,725.000244140625,matched,0,VEHICLE_CAR,preprocessed/masks/left_rear_camera/masks/frame_000371_gt2d_000_track_-1_VEHICLE_CAR.png,0.949564516544342
left_rear,371,1772699947313268000,data\camera\left_rear_camera\1772699947313268000.jpg,1000016,1,car,0.720624,0.0,585.0,60.0,670.0,0.015314466319978237,585.5631103515625,58.086204528808594,669.8511962890625,matched,1,VEHICLE_SUV,preprocessed/masks/left_rear_camera/masks/frame_000371_gt2d_001_track_-1_VEHICLE_SUV.png,0.9460298418998718
left_rear,371,1772699947313268000,data\camera\left_rear_camera\1772699947313268000.jpg,4000014,4,truck,0.350274,86.0,602.0,151.0,646.0,86.06929016113281,602.0838012695312,151.04293823242188,645.9796142578125,matched,3,VEHICLE_TRUCK,preprocessed/masks/left_rear_camera/masks/frame_000371_gt2d_003_track_-1_VEHICLE_TRUCK.png,0.8960229158401489
left_rear,372,1772699947413276000,data\camera\left_rear_camera\1772699947413276000.jpg,1000013,1,car,0.694432,357.0,632.0,422.0,660.0,357.2554931640625,631.9937744140625,422.032470703125,659.9944458007812,matched,2,VEHICLE_CAR,preprocessed/masks/left_rear_camera/masks/frame_000372_gt2d_002_track_-1_VEHICLE_CAR.png,0.8375372290611267
left_rear,372,1772699947413276000,data\camera\left_rear_camera\1772699947413276000.jpg,1000014,1,car,0.829772,1457.0,619.0,1832.0,725.0,1457.017822265625,618.9942016601562,1832.017822265625,724.999267578125,matched,0,VEHICLE_CAR,preprocessed/masks/left_rear_camera/masks/frame_000372_gt2d_000_track_-1_VEHICLE_CAR.png,0.949787437915802
left_rear,372,1772699947413276000,data\camera\left_rear_camera\1772699947413276000.jpg,1000016,1,car,0.728418,0.0,583.0,66.0,671.0,0.02077452465891838,583.34814453125,64.47972869873047,670.8624877929688,matched,1,VEHICLE_SUV,preprocessed/masks/left_rear_camera/masks/frame_000372_gt2d_001_track_-1_VEHICLE_SUV.png,0.9438858032226562
left_rear,372,1772699947413276000,data\camera\left_rear_camera\1772699947413276000.jpg,4000014,4,truck,0.356878,86.0,602.0,153.0,647.0,86.07064056396484,602.0155639648438,152.3638458251953,646.62939453125,matched,3,VEHICLE_TRUCK,preprocessed/masks/left_rear_camera/masks/frame_000372_gt2d_003_track_-1_VEHICLE_TRUCK.png,0.8992511034011841
left_rear,373,1772699947513283000,data\camera\left_rear_camera\1772699947513283000.jpg,1000013,1,car,0.693084,358.0,632.0,422.0,660.0,357.75244140625,631.9993896484375,422.02685546875,660.0,matched,1,VEHICLE_CAR,preprocessed/masks/left_rear_camera/masks/frame_000373_gt2d_001_track_-1_VEHICLE_CAR.png,0.8376506567001343
left_rear,373,1772699947513283000,data\camera\left_rear_camera\1772699947513283000.jpg,1000014,1,car,0.833338,1457.0,619.0,1832.0,725.0,1457.0137939453125,618.999755859375,1832.01708984375,725.004638671875,matched,0,VEHICLE_CAR,preprocessed/masks/left_rear_camera/masks/frame_000373_gt2d_000_track_-1_VEHICLE_CAR.png,0.9496822357177734
left_rear,373,1772699947513283000,data\camera\left_rear_camera\1772699947513283000.jpg,1000016,1,car,0.687434,0.0,579.0,74.0,672.0,0.01746082305908203,579.9592895507812,71.88826751708984,671.8818969726562,matched,2,VEHICLE_SUV,preprocessed/masks/left_rear_camera/masks/frame_000373_gt2d_002_track_-1_VEHICLE_SUV.png,0.9429665803909302
left_rear,373,1772699947513283000,data\camera\left_rear_camera\1772699947513283000.jpg,4000014,4,truck,0.330311,86.0,602.0,153.0,646.0,86.0630111694336,601.9969482421875,152.85125732421875,646.2242431640625,matched,3,VEHICLE_TRUCK,preprocessed/masks/left_rear_camera/masks/frame_000373_gt2d_003_track_-1_VEHICLE_TRUCK.png,0.8982363939285278
left_rear,374,1772699947613291000,data\camera\left_rear_camera\1772699947613291000.jpg,1000013,1,car,0.690776,357.0,632.0,422.0,660.0,357.2794494628906,631.9922485351562,422.0247497558594,659.9927368164062,matched,2,VEHICLE_CAR,preprocessed/masks/left_rear_camera/masks/frame_000374_gt2d_002_track_-1_VEHICLE_CAR.png,0.8372796177864075
left_rear,374,1772699947613291000,data\camera\left_rear_camera\1772699947613291000.jpg,1000014,1,car,0.824283,1457.0,619.0,1832.0,725.0,1457.013427734375,618.9925537109375,1832.0174560546875,724.9970703125,matched,0,VEHICLE_CAR,preprocessed/masks/left_rear_camera/masks/frame_000374_gt2d_000_track_-1_VEHICLE_CAR.png,0.9494417905807495
left_rear,374,1772699947613291000,data\camera\left_rear_camera\1772699947613291000.jpg,1000016,1,car,0.714814,0.0,572.0,81.0,673.0,0.017859937623143196,574.1915893554688,79.12531280517578,672.8859252929688,matched,1,VEHICLE_SUV,preprocessed/masks/left_rear_camera/masks/frame_000374_gt2d_001_track_-1_VEHICLE_SUV.png,0.9459070563316345
left_rear,374,1772699947613291000,data\camera\left_rear_camera\1772699947613291000.jpg,4000014,4,truck,0.323366,86.0,602.0,153.0,646.0,86.05764770507812,601.9818115234375,153.03131103515625,646.05908203125,matched,3,VEHICLE_TRUCK,preprocessed/masks/left_rear_camera/masks/frame_000374_gt2d_003_track_-1_VEHICLE_TRUCK.png,0.8999333381652832
left_rear,375,1772699947713268000,data\camera\left_rear_camera\1772699947713268000.jpg,1000013,1,car,0.683333,357.0,632.0,422.0,660.0,357.1070556640625,631.9967041015625,422.02923583984375,659.9971313476562,matched,2,VEHICLE_CAR,preprocessed/masks/left_rear_camera/masks/frame_000375_gt2d_002_track_-1_VEHICLE_CAR.png,0.8392689228057861
left_rear,375,1772699947713268000,data\camera\left_rear_camera\1772699947713268000.jpg,1000014,1,car,0.820284,1457.0,619.0,1832.0,725.0,1457.01904296875,618.9969482421875,1832.023193359375,725.0009765625,matched,0,VEHICLE_CAR,preprocessed/masks/left_rear_camera/masks/frame_000375_gt2d_000_track_-1_VEHICLE_CAR.png,0.949543297290802
left_rear,375,1772699947713268000,data\camera\left_rear_camera\1772699947713268000.jpg,1000016,1,car,0.695938,0.0,581.0,88.0,673.0,0.025386245921254158,577.6658325195312,86.30108642578125,673.2674560546875,matched,1,VEHICLE_SUV,preprocessed/masks/left_rear_camera/masks/frame_000375_gt2d_001_track_-1_VEHICLE_SUV.png,0.9491143822669983
left_rear,375,1772699947713268000,data\camera\left_rear_camera\1772699947713268000.jpg,4000014,4,truck,0.317651,87.0,602.0,153.0,647.0,86.71676635742188,601.9843139648438,153.097412109375,646.6671752929688,matched,3,VEHICLE_TRUCK,preprocessed/masks/left_rear_camera/masks/frame_000375_gt2d_003_track_-1_VEHICLE_TRUCK.png,0.9005234837532043
left_rear,376,1772699947813275000,data\camera\left_rear_camera\1772699947813275000.jpg,-1,0,bus,0.373762,0.0,561.0,48.0,654.0,0.0,561.0,48.0,654.0,unassigned,3,VEHICLE_BUS,preprocessed/masks/left_rear_camera/masks/frame_000376_gt2d_003_track_-1_VEHICLE_BUS.png,0.8299784660339355
left_rear,376,1772699947813275000,data\camera\left_rear_camera\1772699947813275000.jpg,1000013,1,car,0.696038,357.0,632.0,422.0,660.0,357.03338623046875,631.9925537109375,422.0214538574219,659.992919921875,matched,2,VEHICLE_CAR,preprocessed/masks/left_rear_camera/masks/frame_000376_gt2d_002_track_-1_VEHICLE_CAR.png,0.8385239839553833
left_rear,376,1772699947813275000,data\camera\left_rear_camera\1772699947813275000.jpg,1000014,1,car,0.826288,1457.0,619.0,1832.0,725.0,1457.012451171875,618.9927978515625,1832.0162353515625,724.996337890625,matched,0,VEHICLE_CAR,preprocessed/masks/left_rear_camera/masks/frame_000376_gt2d_000_track_-1_VEHICLE_CAR.png,0.9498382806777954
left_rear,376,1772699947813275000,data\camera\left_rear_camera\1772699947813275000.jpg,1000016,1,car,0.719774,0.0,580.0,95.0,675.0,0.019003327935934067,578.5931396484375,93.42864227294922,674.6689453125,matched,1,VEHICLE_SUV,preprocessed/masks/left_rear_camera/masks/frame_000376_gt2d_001_track_-1_VEHICLE_SUV.png,0.9555615186691284
left_rear,377,1772699947913282000,data\camera\left_rear_camera\1772699947913282000.jpg,-1,0,bus,0.371747,0.0,560.0,58.0,662.0,0.0,560.0,58.0,662.0,unassigned,3,VEHICLE_BUS,preprocessed/masks/left_rear_camera/masks/frame_000377_gt2d_003_track_-1_VEHICLE_BUS.png,0.9542099833488464
left_rear,377,1772699947913282000,data\camera\left_rear_camera\1772699947913282000.jpg,1000013,1,car,0.680922,358.0,632.0,422.0,659.0,357.66424560546875,631.9841918945312,422.01556396484375,659.32373046875,matched,2,VEHICLE_CAR,preprocessed/masks/left_rear_camera/masks/frame_000377_gt2d_002_track_-1_VEHICLE_CAR.png,0.8478490114212036
left_rear,377,1772699947913282000,data\camera\left_rear_camera\1772699947913282000.jpg,1000014,1,car,0.825489,1457.0,619.0,1832.0,725.0,1457.007568359375,618.984375,1832.010986328125,724.987548828125,matched,0,VEHICLE_CAR,preprocessed/masks/left_rear_camera/masks/frame_000377_gt2d_000_track_-1_VEHICLE_CAR.png,0.9495378136634827
left_rear,377,1772699947913282000,data\camera\left_rear_camera\1772699947913282000.jpg,1000016,1,car,0.737873,0.0,578.0,103.0,676.0,0.01377673540264368,577.689208984375,101.1431655883789,675.8201904296875,matched,1,VEHICLE_SUV,preprocessed/masks/left_rear_camera/masks/frame_000377_gt2d_001_track_-1_VEHICLE_SUV.png,0.954676628112793
left_rear,378,1772699948013276000,data\camera\left_rear_camera\1772699948013276000.jpg,-1,0,bus,0.376206,0.0,558.0,58.0,647.0,0.0,558.0,58.0,647.0,unassigned,3,VEHICLE_BUS,preprocessed/masks/left_rear_camera/masks/frame_000378_gt2d_003_track_-1_VEHICLE_BUS.png,0.9010952711105347
left_rear,378,1772699948013276000,data\camera\left_rear_camera\1772699948013276000.jpg,1000013,1,car,0.684101,357.0,632.0,422.0,659.0,357.2443542480469,631.9804077148438,422.01580810546875,659.0693359375,matched,2,VEHICLE_CAR,preprocessed/masks/left_rear_camera/masks/frame_000378_gt2d_002_track_-1_VEHICLE_CAR.png,0.8485807180404663
left_rear,378,1772699948013276000,data\camera\left_rear_camera\1772699948013276000.jpg,1000014,1,car,0.824205,1457.0,619.0,1832.0,725.0,1457.0089111328125,618.980224609375,1832.011962890625,724.9829711914062,matched,0,VEHICLE_CAR,preprocessed/masks/left_rear_camera/masks/frame_000378_gt2d_000_track_-1_VEHICLE_CAR.png,0.9495518207550049
left_rear,378,1772699948013276000,data\camera\left_rear_camera\1772699948013276000.jpg,1000016,1,car,0.749231,0.0,578.0,111.0,677.0,0.015303099527955055,577.3836669921875,109.10287475585938,676.8811645507812,matched,1,VEHICLE_SUV,preprocessed/masks/left_rear_camera/masks/frame_000378_gt2d_001_track_-1_VEHICLE_SUV.png,0.9580264091491699
left_rear,379,1772699948113192000,data\camera\left_rear_camera\1772699948113192000.jpg,-1,0,bus,0.405764,0.0,556.0,66.0,644.0,0.0,556.0,66.0,644.0,unassigned,3,VEHICLE_BUS,preprocessed/masks/left_rear_camera/masks/frame_000379_gt2d_003_track_-1_VEHICLE_BUS.png,0.8754005432128906
left_rear,379,1772699948113192000,data\camera\left_rear_camera\1772699948113192000.jpg,1000013,1,car,0.704034,357.0,632.0,423.0,660.0,357.086669921875,631.9825439453125,422.675537109375,659.647216796875,matched,2,VEHICLE_CAR,preprocessed/masks/left_rear_camera/masks/frame_000379_gt2d_002_track_-1_VEHICLE_CAR.png,0.8251981139183044
left_rear,379,1772699948113192000,data\camera\left_rear_camera\1772699948113192000.jpg,1000014,1,car,0.825361,1457.0,619.0,1832.0,724.0,1457.0096435546875,618.9822387695312,1832.012451171875,724.3239135742188,matched,0,VEHICLE_CAR,preprocessed/masks/left_rear_camera/masks/frame_000379_gt2d_000_track_-1_VEHICLE_CAR.png,0.950148344039917
left_rear,379,1772699948113192000,data\camera\left_rear_camera\1772699948113192000.jpg,1000016,1,car,0.819998,0.0,579.0,119.0,678.0,0.016414575278759003,577.9666137695312,117.16108703613281,677.912841796875,matched,1,VEHICLE_SUV,preprocessed/masks/left_rear_camera/masks/frame_000379_gt2d_001_track_-1_VEHICLE_SUV.png,0.9589959383010864
left_rear,380,1772699948213169000,data\camera\left_rear_camera\1772699948213169000.jpg,-1,0,bus,0.308561,0.0,555.0,73.0,645.0,0.0,555.0,73.0,645.0,unassigned,3,VEHICLE_BUS,preprocessed/masks/left_rear_camera/masks/frame_000380_gt2d_003_track_-1_VEHICLE_BUS.png,0.8840681314468384
left_rear,380,1772699948213169000,data\camera\left_rear_camera\1772699948213169000.jpg,1000013,1,car,0.702,358.0,632.0,423.0,660.0,357.6930236816406,631.9931640625,422.93194580078125,659.8729858398438,matched,2,VEHICLE_CAR,preprocessed/masks/left_rear_camera/masks/frame_000380_gt2d_002_track_-1_VEHICLE_CAR.png,0.8201756477355957
left_rear,380,1772699948213169000,data\camera\left_rear_camera\1772699948213169000.jpg,1000014,1,car,0.830869,1457.0,619.0,1832.0,724.0,1457.01806640625,618.9931030273438,1832.0203857421875,724.085205078125,matched,0,VEHICLE_CAR,preprocessed/masks/left_rear_camera/masks/frame_000380_gt2d_000_track_-1_VEHICLE_CAR.png,0.9502003192901611
left_rear,380,1772699948213169000,data\camera\left_rear_camera\1772699948213169000.jpg,1000016,1,car,0.828176,0.0,568.0,128.0,680.0,0.026287151500582695,571.10693359375,125.8773193359375,679.5890502929688,matched,1,VEHICLE_SUV,preprocessed/masks/left_rear_camera/masks/frame_000380_gt2d_001_track_-1_VEHICLE_SUV.png,0.9652408361434937
left_rear,381,1772699948313177000,data\camera\left_rear_camera\1772699948313177000.jpg,1000013,1,car,0.699001,357.0,632.0,423.0,660.0,357.2607727050781,632.000732421875,423.02239990234375,659.963134765625,matched,2,VEHICLE_CAR,preprocessed/masks/left_rear_camera/masks/frame_000381_gt2d_002_track_-1_VEHICLE_CAR.png,0.8282835483551025
left_rear,381,1772699948313177000,data\camera\left_rear_camera\1772699948313177000.jpg,1000014,1,car,0.829667,1457.0,619.0,1832.0,725.0,1457.017578125,619.000732421875,1832.0196533203125,724.6638793945312,matched,1,VEHICLE_CAR,preprocessed/masks/left_rear_camera/masks/frame_000381_gt2d_001_track_-1_VEHICLE_CAR.png,0.9494998455047607
left_rear,381,1772699948313177000,data\camera\left_rear_camera\1772699948313177000.jpg,1000016,1,car,0.831788,0.0,558.0,136.0,681.0,0.02679264172911644,562.2150268554688,134.23483276367188,680.8488159179688,matched,0,VEHICLE_SUV,preprocessed/masks/left_rear_camera/masks/frame_000381_gt2d_000_track_-1_VEHICLE_SUV.png,0.9636354446411133
left_rear,382,1772699948413184000,data\camera\left_rear_camera\1772699948413184000.jpg,1000013,1,car,0.695054,357.0,632.0,423.0,660.0,357.0946350097656,631.996826171875,423.0504150390625,659.9901733398438,matched,2,VEHICLE_CAR,preprocessed/masks/left_rear_camera/masks/frame_000382_gt2d_002_track_-1_VEHICLE_CAR.png,0.8228980302810669
left_rear,382,1772699948413184000,data\camera\left_rear_camera\1772699948413184000.jpg,1000014,1,car,0.830242,1457.0,619.0,1832.0,724.0,1457.0146484375,618.996826171875,1832.0164794921875,724.217041015625,matched,0,VEHICLE_CAR,preprocessed/masks/left_rear_camera/masks/frame_000382_gt2d_000_track_-1_VEHICLE_CAR.png,0.9494060277938843
left_rear,382,1772699948413184000,data\camera\left_rear_camera\1772699948413184000.jpg,1000016,1,car,0.822298,0.0,558.0,144.0,683.0,0.024197928607463837,558.6976318359375,142.44622802734375,682.5694580078125,matched,1,VEHICLE_SUV,preprocessed/masks/left_rear_camera/masks/frame_000382_gt2d_001_track_-1_VEHICLE_SUV.png,0.9655118584632874
left_rear,383,1772699948513192000,data\camera\left_rear_camera\1772699948513192000.jpg,1000013,1,car,0.700678,358.0,632.0,423.0,660.0,357.6880187988281,631.9893798828125,423.0545654296875,659.99365234375,matched,2,VEHICLE_CAR,preprocessed/masks/left_rear_camera/masks/frame_000383_gt2d_002_track_-1_VEHICLE_CAR.png,0.8229261636734009
left_rear,383,1772699948513192000,data\camera\left_rear_camera\1772699948513192000.jpg,1000014,1,car,0.829518,1457.0,619.0,1832.0,724.0,1457.0108642578125,618.9894409179688,1832.012451171875,724.0426635742188,matched,1,VEHICLE_CAR,preprocessed/masks/left_rear_camera/masks/frame_000383_gt2d_001_track_-1_VEHICLE_CAR.png,0.9490461349487305
left_rear,383,1772699948513192000,data\camera\left_rear_camera\1772699948513192000.jpg,1000016,1,car,0.839918,0.0,556.0,154.0,684.0,0.020193420350551605,556.0816650390625,151.82412719726562,683.8585815429688,matched,0,VEHICLE_SUV,preprocessed/masks/left_rear_camera/masks/frame_000383_gt2d_000_track_-1_VEHICLE_SUV.png,0.9666155576705933
left_rear,384,1772699948613168000,data\camera\left_rear_camera\1772699948613168000.jpg,1000013,1,car,0.691393,357.0,632.0,422.0,660.0,357.25738525390625,632.0107421875,422.39544677734375,660.0184326171875,matched,2,VEHICLE_CAR,preprocessed/masks/left_rear_camera/masks/frame_000384_gt2d_002_track_-1_VEHICLE_CAR.png,0.8221457600593567
left_rear,384,1772699948613168000,data\camera\left_rear_camera\1772699948613168000.jpg,1000014,1,car,0.823133,1457.0,619.0,1832.0,725.0,1457.0145263671875,619.0107421875,1832.015869140625,724.6653442382812,matched,0,VEHICLE_CAR,preprocessed/masks/left_rear_camera/masks/frame_000384_gt2d_000_track_-1_VEHICLE_CAR.png,0.9487258195877075
left_rear,384,1772699948613168000,data\camera\left_rear_camera\1772699948613168000.jpg,1000016,1,car,0.815773,0.0,554.0,163.0,685.0,0.024327415972948074,553.8760986328125,161.0613250732422,684.9978637695312,matched,1,VEHICLE_SUV,preprocessed/masks/left_rear_camera/masks/frame_000384_gt2d_001_track_-1_VEHICLE_SUV.png,0.9632563591003418
left_rear,385,1772699948713176000,data\camera\left_rear_camera\1772699948713176000.jpg,1000013,1,car,0.696932,358.0,632.0,422.0,660.0,357.7637023925781,632.027099609375,422.1529846191406,660.035400390625,matched,2,VEHICLE_CAR,preprocessed/masks/left_rear_camera/masks/frame_000385_gt2d_002_track_-1_VEHICLE_CAR.png,0.8256749510765076
left_rear,385,1772699948713176000,data\camera\left_rear_camera\1772699948713176000.jpg,1000014,1,car,0.817898,1458.0,619.0,1832.0,724.0,1457.684326171875,619.027099609375,1832.0247802734375,724.25,matched,1,VEHICLE_CAR,preprocessed/masks/left_rear_camera/masks/frame_000385_gt2d_001_track_-1_VEHICLE_CAR.png,0.9495812058448792
left_rear,385,1772699948713176000,data\camera\left_rear_camera\1772699948713176000.jpg,1000016,1,car,0.863792,0.0,551.0,172.0,687.0,0.03488486632704735,551.1831665039062,170.24649047851562,686.6950073242188,matched,0,VEHICLE_SUV,preprocessed/masks/left_rear_camera/masks/frame_000385_gt2d_000_track_-1_VEHICLE_SUV.png,0.9653419256210327
left_rear,386,1772699948813183000,data\camera\left_rear_camera\1772699948813183000.jpg,1000013,1,car,0.68453,357.0,632.0,423.0,660.0,357.2891540527344,632.0064697265625,422.7239990234375,660.014404296875,matched,2,VEHICLE_CAR,preprocessed/masks/left_rear_camera/masks/frame_000386_gt2d_002_track_-1_VEHICLE_CAR.png,0.8101860284805298
left_rear,386,1772699948813183000,data\camera\left_rear_camera\1772699948813183000.jpg,1000014,1,car,0.815643,1458.0,619.0,1832.0,725.0,1457.935302734375,619.0064086914062,1832.026611328125,724.7276611328125,matched,1,VEHICLE_CAR,preprocessed/masks/left_rear_camera/masks/frame_000386_gt2d_001_track_-1_VEHICLE_CAR.png,0.9491766691207886
left_rear,386,1772699948813183000,data\camera\left_rear_camera\1772699948813183000.jpg,1000016,1,car,0.852951,0.0,548.0,182.0,688.0,0.038041528314352036,548.2599487304688,180.01498413085938,687.93896484375,matched,0,VEHICLE_SUV,preprocessed/masks/left_rear_camera/masks/frame_000386_gt2d_000_track_-1_VEHICLE_SUV.png,0.9661893844604492
left_rear,387,1772699948913191000,data\camera\left_rear_camera\1772699948913191000.jpg,1000013,1,car,0.682459,357.0,632.0,423.0,660.0,357.1102600097656,631.9924926757812,422.9350891113281,659.999755859375,matched,2,VEHICLE_CAR,preprocessed/masks/left_rear_camera/masks/frame_000387_gt2d_002_track_-1_VEHICLE_CAR.png,0.8077749013900757
left_rear,387,1772699948913191000,data\camera\left_rear_camera\1772699948913191000.jpg,1000014,1,car,0.822411,1457.0,619.0,1832.0,725.0,1457.36376953125,618.992431640625,1832.0252685546875,724.9021606445312,matched,1,VEHICLE_CAR,preprocessed/masks/left_rear_camera/masks/frame_000387_gt2d_001_track_-1_VEHICLE_CAR.png,0.9492515325546265
left_rear,387,1772699948913191000,data\camera\left_rear_camera\1772699948913191000.jpg,1000016,1,car,0.85953,0.0,544.0,191.0,690.0,0.037534669041633606,544.6309204101562,189.3928680419922,689.6599731445312,matched,0,VEHICLE_SUV,preprocessed/masks/left_rear_camera/masks/frame_000387_gt2d_000_track_-1_VEHICLE_SUV.png,0.9650697708129883
left_rear,388,1772699949013154000,data\camera\left_rear_camera\1772699949013154000.jpg,-1,1,car,0.319011,0.0,591.0,46.0,669.0,0.0,591.0,46.0,669.0,unassigned,3,VEHICLE_SUV,preprocessed/masks/left_rear_camera/masks/frame_000388_gt2d_003_track_-1_VEHICLE_SUV.png,0.7414988875389099
left_rear,388,1772699949013154000,data\camera\left_rear_camera\1772699949013154000.jpg,1000013,1,car,0.686329,357.0,632.0,423.0,660.0,357.04656982421875,631.994873046875,423.0176086425781,660.0013427734375,matched,2,VEHICLE_CAR,preprocessed/masks/left_rear_camera/masks/frame_000388_gt2d_002_track_-1_VEHICLE_CAR.png,0.8054026365280151
left_rear,388,1772699949013154000,data\camera\left_rear_camera\1772699949013154000.jpg,1000014,1,car,0.823741,1457.0,619.0,1833.0,725.0,1457.1494140625,618.9948120117188,1832.689208984375,724.9751586914062,matched,1,VEHICLE_CAR,preprocessed/masks/left_rear_camera/masks/frame_000388_gt2d_001_track_-1_VEHICLE_CAR.png,0.949377179145813
left_rear,388,1772699949013154000,data\camera\left_rear_camera\1772699949013154000.jpg,1000016,1,car,0.841135,0.0,545.0,201.0,692.0,0.041814543306827545,543.9139404296875,199.23843383789062,691.5820922851562,matched,0,VEHICLE_SUV,preprocessed/masks/left_rear_camera/masks/frame_000388_gt2d_000_track_-1_VEHICLE_SUV.png,0.9673879146575928
left_rear,389,1772699949113284000,data\camera\left_rear_camera\1772699949113284000.jpg,1000013,1,car,0.686811,357.0,632.0,423.0,660.0,357.0200500488281,632.012451171875,423.0430603027344,660.0181884765625,matched,2,VEHICLE_CAR,preprocessed/masks/left_rear_camera/masks/frame_000389_gt2d_002_track_-1_VEHICLE_CAR.png,0.804232120513916
left_rear,389,1772699949113284000,data\camera\left_rear_camera\1772699949113284000.jpg,1000014,1,car,0.830337,1457.0,619.0,1832.0,725.0,1457.064453125,619.012451171875,1832.2755126953125,725.0182495117188,matched,1,VEHICLE_CAR,preprocessed/masks/left_rear_camera/masks/frame_000389_gt2d_001_track_-1_VEHICLE_CAR.png,0.9490436315536499
left_rear,389,1772699949113284000,data\camera\left_rear_camera\1772699949113284000.jpg,1000016,1,car,0.851808,0.0,542.0,211.0,693.0,0.040010418742895126,541.8264770507812,209.25840759277344,692.9597778320312,matched,0,VEHICLE_SUV,preprocessed/masks/left_rear_camera/masks/frame_000389_gt2d_000_track_-1_VEHICLE_SUV.png,0.966825544834137
left_rear,390,1772699949213261000,data\camera\left_rear_camera\1772699949213261000.jpg,1000013,1,car,0.688112,357.0,632.0,423.0,660.0,357.0048522949219,632.0205688476562,423.0438537597656,660.025634765625,matched,2,VEHICLE_CAR,preprocessed/masks/left_rear_camera/masks/frame_000390_gt2d_002_track_-1_VEHICLE_CAR.png,0.8068112134933472
left_rear,390,1772699949213261000,data\camera\left_rear_camera\1772699949213261000.jpg,1000014,1,car,0.828517,1457.0,619.0,1832.0,725.0,1457.026123046875,619.0205688476562,1832.1099853515625,725.0345458984375,matched,1,VEHICLE_CAR,preprocessed/masks/left_rear_camera/masks/frame_000390_gt2d_001_track_-1_VEHICLE_CAR.png,0.9487597346305847
left_rear,390,1772699949213261000,data\camera\left_rear_camera\1772699949213261000.jpg,1000016,1,car,0.869133,0.0,539.0,222.0,695.0,0.03225044161081314,539.168701171875,219.96511840820312,694.7406005859375,matched,0,VEHICLE_SUV,preprocessed/masks/left_rear_camera/masks/frame_000390_gt2d_000_track_-1_VEHICLE_SUV.png,0.9657365083694458
left_rear,391,1772699949313268000,data\camera\left_rear_camera\1772699949313268000.jpg,1000013,1,car,0.697368,357.0,632.0,423.0,660.0,357.0115661621094,632.0062255859375,423.05322265625,660.0106811523438,matched,2,VEHICLE_CAR,preprocessed/masks/left_rear_camera/masks/frame_000391_gt2d_002_track_-1_VEHICLE_CAR.png,0.8068680763244629
left_rear,391,1772699949313268000,data\camera\left_rear_camera\1772699949313268000.jpg,1000014,1,car,0.829405,1457.0,619.0,1832.0,725.0,1457.0234375,619.0062255859375,1832.05810546875,725.02197265625,matched,1,VEHICLE_CAR,preprocessed/masks/left_rear_camera/masks/frame_000391_gt2d_001_track_-1_VEHICLE_CAR.png,0.9490760564804077
left_rear,391,1772699949313268000,data\camera\left_rear_camera\1772699949313268000.jpg,1000016,1,car,0.845969,1.0,537.0,232.0,697.0,0.6655341386795044,536.9050903320312,230.33731079101562,696.6585693359375,matched,0,VEHICLE_SUV,preprocessed/masks/left_rear_camera/masks/frame_000391_gt2d_000_track_-1_VEHICLE_SUV.png,0.9655576944351196
left_rear,392,1772699949413276000,data\camera\left_rear_camera\1772699949413276000.jpg,1000013,1,car,0.686045,357.0,632.0,423.0,660.0,357.0196533203125,632.0118408203125,423.0591735839844,660.0158081054688,matched,2,VEHICLE_CAR,preprocessed/masks/left_rear_camera/masks/frame_000392_gt2d_002_track_-1_VEHICLE_CAR.png,0.8037784695625305
left_rear,392,1772699949413276000,data\camera\left_rear_camera\1772699949413276000.jpg,1000014,1,car,0.82738,1457.0,619.0,1832.0,725.0,1457.0274658203125,619.0118408203125,1832.0428466796875,725.027099609375,matched,1,VEHICLE_CAR,preprocessed/masks/left_rear_camera/masks/frame_000392_gt2d_001_track_-1_VEHICLE_CAR.png,0.9494513869285583
left_rear,392,1772699949413276000,data\camera\left_rear_camera\1772699949413276000.jpg,1000016,1,car,0.880124,6.0,534.0,243.0,699.0,4.056508541107178,534.1881713867188,241.19293212890625,698.6603393554688,matched,0,VEHICLE_SUV,preprocessed/masks/left_rear_camera/masks/frame_000392_gt2d_000_track_-1_VEHICLE_SUV.png,0.9630601406097412
left_rear,393,1772699949513283000,data\camera\left_rear_camera\1772699949513283000.jpg,1000013,1,car,0.69104,357.0,632.0,423.0,660.0,357.0286560058594,632.0050048828125,423.06463623046875,660.0084838867188,matched,2,VEHICLE_CAR,preprocessed/masks/left_rear_camera/masks/frame_000393_gt2d_002_track_-1_VEHICLE_CAR.png,0.8088861703872681
left_rear,393,1772699949513283000,data\camera\left_rear_camera\1772699949513283000.jpg,1000014,1,car,0.82733,1457.0,619.0,1832.0,725.0,1457.034423828125,619.0050048828125,1832.042236328125,725.0189208984375,matched,0,VEHICLE_CAR,preprocessed/masks/left_rear_camera/masks/frame_000393_gt2d_000_track_-1_VEHICLE_CAR.png,0.9493445158004761
left_rear,393,1772699949513283000,data\camera\left_rear_camera\1772699949513283000.jpg,1000016,1,car,0.823863,11.0,529.0,255.0,702.0,8.575039863586426,529.994384765625,252.87619018554688,701.3099975585938,matched,1,VEHICLE_SUV,preprocessed/masks/left_rear_camera/masks/frame_000393_gt2d_001_track_-1_VEHICLE_SUV.png,0.964561402797699
left_rear,394,1772699949613291000,data\camera\left_rear_camera\1772699949613291000.jpg,1000013,1,car,0.697871,357.0,632.0,422.0,660.0,357.0148010253906,631.9942016601562,422.38665771484375,659.9972534179688,matched,2,VEHICLE_CAR,preprocessed/masks/left_rear_camera/masks/frame_000394_gt2d_002_track_-1_VEHICLE_CAR.png,0.8020930290222168
left_rear,394,1772699949613291000,data\camera\left_rear_camera\1772699949613291000.jpg,1000014,1,car,0.832183,1457.0,619.0,1832.0,725.0,1457.01953125,618.9942016601562,1832.024169921875,725.0067138671875,matched,1,VEHICLE_CAR,preprocessed/masks/left_rear_camera/masks/frame_000394_gt2d_001_track_-1_VEHICLE_CAR.png,0.9491533041000366
left_rear,394,1772699949613291000,data\camera\left_rear_camera\1772699949613291000.jpg,1000016,1,car,0.841521,15.0,528.0,266.0,704.0,12.877822875976562,527.773681640625,264.22381591796875,703.5718383789062,matched,0,VEHICLE_SUV,preprocessed/masks/left_rear_camera/masks/frame_000394_gt2d_000_track_-1_VEHICLE_SUV.png,0.9632131457328796
left_rear,395,1772699949713268000,data\camera\left_rear_camera\1772699949713268000.jpg,1000013,1,car,0.681744,357.0,632.0,422.0,660.0,357.0168762207031,632.0208740234375,422.1352844238281,660.0236206054688,matched,2,VEHICLE_CAR,preprocessed/masks/left_rear_camera/masks/frame_000395_gt2d_002_track_-1_VEHICLE_CAR.png,0.8005770444869995
left_rear,395,1772699949713268000,data\camera\left_rear_camera\1772699949713268000.jpg,1000014,1,car,0.829857,1457.0,619.0,1832.0,725.0,1457.02099609375,619.0208740234375,1832.0242919921875,725.031982421875,matched,1,VEHICLE_CAR,preprocessed/masks/left_rear_camera/masks/frame_000395_gt2d_001_track_-1_VEHICLE_CAR.png,0.949129045009613
left_rear,395,1772699949713268000,data\camera\left_rear_camera\1772699949713268000.jpg,1000016,1,car,0.831872,20.0,525.0,279.0,707.0,17.7435302734375,525.1013793945312,276.7205505371094,706.3634643554688,matched,0,VEHICLE_SUV,preprocessed/masks/left_rear_camera/masks/frame_000395_gt2d_000_track_-1_VEHICLE_SUV.png,0.9641060829162598
left_rear,396,1772699949813275000,data\camera\left_rear_camera\1772699949813275000.jpg,1000013,1,car,0.68001,357.0,632.0,422.0,660.0,357.0228576660156,632.0384521484375,422.0472106933594,660.0408935546875,matched,2,VEHICLE_CAR,preprocessed/masks/left_rear_camera/masks/frame_000396_gt2d_002_track_-1_VEHICLE_CAR.png,0.7908245325088501
left_rear,396,1772699949813275000,data\camera\left_rear_camera\1772699949813275000.jpg,1000014,1,car,0.834836,1457.0,619.0,1832.0,725.0,1457.0264892578125,619.0385131835938,1832.029052734375,725.0482788085938,matched,1,VEHICLE_CAR,preprocessed/masks/left_rear_camera/masks/frame_000396_gt2d_001_track_-1_VEHICLE_CAR.png,0.9495463371276855
left_rear,396,1772699949813275000,data\camera\left_rear_camera\1772699949813275000.jpg,1000016,1,car,0.84338,24.0,522.0,291.0,709.0,22.186477661132812,522.225341796875,289.029541015625,708.6954956054688,matched,0,VEHICLE_SUV,preprocessed/masks/left_rear_camera/masks/frame_000396_gt2d_000_track_-1_VEHICLE_SUV.png,0.9612925052642822
left_rear,397,1772699949913282000,data\camera\left_rear_camera\1772699949913282000.jpg,1000013,1,car,0.670069,357.0,632.0,423.0,660.0,357.0237731933594,632.002197265625,422.6766357421875,660.0042724609375,matched,2,VEHICLE_CAR,preprocessed/masks/left_rear_camera/masks/frame_000397_gt2d_002_track_-1_VEHICLE_CAR.png,0.7716090679168701
left_rear,397,1772699949913282000,data\camera\left_rear_camera\1772699949913282000.jpg,1000014,1,car,0.836357,1457.0,619.0,1832.0,725.0,1457.0269775390625,619.002197265625,1832.029052734375,725.0108642578125,matched,1,VEHICLE_CAR,preprocessed/masks/left_rear_camera/masks/frame_000397_gt2d_001_track_-1_VEHICLE_CAR.png,0.9496409893035889
left_rear,397,1772699949913282000,data\camera\left_rear_camera\1772699949913282000.jpg,1000016,1,car,0.852833,30.0,518.0,304.0,712.0,27.71559715270996,518.5768432617188,301.8836364746094,711.42919921875,matched,0,VEHICLE_SUV,preprocessed/masks/left_rear_camera/masks/frame_000397_gt2d_000_track_-1_VEHICLE_SUV.png,0.9607549905776978
left_rear,398,1772699950013276000,data\camera\left_rear_camera\1772699950013276000.jpg,1000013,1,car,0.668204,357.0,632.0,423.0,660.0,357.01177978515625,632.0013427734375,422.9017333984375,660.0032348632812,matched,2,VEHICLE_CAR,preprocessed/masks/left_rear_camera/masks/frame_000398_gt2d_002_track_-1_VEHICLE_CAR.png,0.7739427089691162
left_rear,398,1772699950013276000,data\camera\left_rear_camera\1772699950013276000.jpg,1000014,1,car,0.826329,1457.0,619.0,1832.0,725.0,1457.0145263671875,619.0013427734375,1832.016357421875,725.0089721679688,matched,1,VEHICLE_CAR,preprocessed/masks/left_rear_camera/masks/frame_000398_gt2d_001_track_-1_VEHICLE_CAR.png,0.9498187303543091
left_rear,398,1772699950013276000,data\camera\left_rear_camera\1772699950013276000.jpg,1000016,1,car,0.833772,35.0,514.0,318.0,715.0,33.02504348754883,514.6862182617188,315.5736999511719,714.3753051757812,matched,0,VEHICLE_SUV,preprocessed/masks/left_rear_camera/masks/frame_000398_gt2d_000_track_-1_VEHICLE_SUV.png,0.9622130393981934
left_rear,399,1772699950113192000,data\camera\left_rear_camera\1772699950113192000.jpg,1000013,1,car,0.702082,358.0,632.0,422.0,660.0,357.6658935546875,631.9987182617188,422.3257141113281,660.0003662109375,matched,2,VEHICLE_CAR,preprocessed/masks/left_rear_camera/masks/frame_000399_gt2d_002_track_-1_VEHICLE_CAR.png,0.8072308301925659
left_rear,399,1772699950113192000,data\camera\left_rear_camera\1772699950113192000.jpg,1000014,1,car,0.812373,1457.0,619.0,1832.0,725.0,1457.0087890625,618.9987182617188,1832.0103759765625,725.0054931640625,matched,1,VEHICLE_CAR,preprocessed/masks/left_rear_camera/masks/frame_000399_gt2d_001_track_-1_VEHICLE_CAR.png,0.9499905109405518
left_rear,399,1772699950113192000,data\camera\left_rear_camera\1772699950113192000.jpg,1000016,1,car,0.842992,40.0,514.0,331.0,718.0,38.243408203125,513.2330932617188,328.95489501953125,717.3871459960938,matched,0,VEHICLE_SUV,preprocessed/masks/left_rear_camera/masks/frame_000399_gt2d_000_track_-1_VEHICLE_SUV.png,0.9622371196746826
left_rear,400,1772699950213169000,data\camera\left_rear_camera\1772699950213169000.jpg,1000013,1,car,0.693563,357.0,632.0,423.0,661.0,357.26263427734375,632.0046997070312,422.7832336425781,660.6669311523438,matched,2,VEHICLE_CAR,preprocessed/masks/left_rear_camera/masks/frame_000400_gt2d_002_track_-1_VEHICLE_CAR.png,0.8080662488937378
left_rear,400,1772699950213169000,data\camera\left_rear_camera\1772699950213169000.jpg,1000014,1,car,0.816797,1457.0,619.0,1832.0,725.0,1457.0201416015625,619.0046997070312,1832.021484375,725.0106201171875,matched,1,VEHICLE_CAR,preprocessed/masks/left_rear_camera/masks/frame_000400_gt2d_001_track_-1_VEHICLE_CAR.png,0.9488952159881592
left_rear,400,1772699950213169000,data\camera\left_rear_camera\1772699950213169000.jpg,1000016,1,car,0.872392,46.0,510.0,346.0,722.0,44.07273864746094,510.2065124511719,343.4962158203125,721.0762329101562,matched,0,VEHICLE_SUV,preprocessed/masks/left_rear_camera/masks/frame_000400_gt2d_000_track_-1_VEHICLE_SUV.png,0.9610249996185303
left_rear,401,1772699950313177000,data\camera\left_rear_camera\1772699950313177000.jpg,1000013,1,car,0.68365,357.0,632.0,423.0,661.0,357.10833740234375,632.00732421875,422.9495849609375,660.9166259765625,matched,2,VEHICLE_CAR,preprocessed/masks/left_rear_camera/masks/frame_000401_gt2d_002_track_-1_VEHICLE_CAR.png,0.8278800249099731
left_rear,401,1772699950313177000,data\camera\left_rear_camera\1772699950313177000.jpg,1000014,1,car,0.817491,1457.0,619.0,1832.0,725.0,1457.0205078125,619.0072021484375,1832.021728515625,725.012451171875,matched,1,VEHICLE_CAR,preprocessed/masks/left_rear_camera/masks/frame_000401_gt2d_001_track_-1_VEHICLE_CAR.png,0.9485914707183838
left_rear,401,1772699950313177000,data\camera\left_rear_camera\1772699950313177000.jpg,1000016,1,car,0.858419,51.0,507.0,360.0,725.0,49.47821807861328,507.1871032714844,357.82891845703125,724.37451171875,matched,0,VEHICLE_SUV,preprocessed/masks/left_rear_camera/masks/frame_000401_gt2d_000_track_-1_VEHICLE_SUV.png,0.9655704498291016
left_rear,402,1772699950413184000,data\camera\left_rear_camera\1772699950413184000.jpg,1000013,1,car,0.469711,362.0,632.0,423.0,660.0,360.34405517578125,632.0325927734375,423.0103454589844,660.37744140625,matched,2,VEHICLE_CAR,preprocessed/masks/left_rear_camera/masks/frame_000402_gt2d_002_track_-1_VEHICLE_CAR.png,0.8177593946456909
left_rear,402,1772699950413184000,data\camera\left_rear_camera\1772699950413184000.jpg,1000014,1,car,0.820509,1457.0,619.0,1832.0,725.0,1457.01953125,619.0320434570312,1832.0206298828125,725.0366821289062,matched,1,VEHICLE_CAR,preprocessed/masks/left_rear_camera/masks/frame_000402_gt2d_001_track_-1_VEHICLE_CAR.png,0.9493674039840698
left_rear,402,1772699950413184000,data\camera\left_rear_camera\1772699950413184000.jpg,1000016,1,car,0.851461,57.0,503.0,377.0,728.0,55.347740173339844,503.55743408203125,373.9825744628906,727.5441284179688,matched,0,VEHICLE_SUV,preprocessed/masks/left_rear_camera/masks/frame_000402_gt2d_000_track_-1_VEHICLE_SUV.png,0.9631985425949097
left_rear,403,1772699950513192000,data\camera\left_rear_camera\1772699950513192000.jpg,1000014,1,car,0.821464,1458.0,619.0,1832.0,725.0,1457.6806640625,618.9956665039062,1832.020751953125,724.9996948242188,matched,1,VEHICLE_CAR,preprocessed/masks/left_rear_camera/masks/frame_000403_gt2d_001_track_-1_VEHICLE_CAR.png,0.9485874176025391
left_rear,403,1772699950513192000,data\camera\left_rear_camera\1772699950513192000.jpg,1000016,1,car,0.854955,63.0,499.0,393.0,732.0,61.39140701293945,499.61529541015625,390.2028503417969,731.2233276367188,matched,0,VEHICLE_SUV,preprocessed/masks/left_rear_camera/masks/frame_000403_gt2d_000_track_-1_VEHICLE_SUV.png,0.9649820327758789
left_rear,404,1772699950613168000,data\camera\left_rear_camera\1772699950613168000.jpg,1000014,1,car,0.830893,1457.0,619.0,1832.0,725.0,1457.270263671875,618.982177734375,1832.0225830078125,724.9857788085938,matched,1,VEHICLE_CAR,preprocessed/masks/left_rear_camera/masks/frame_000404_gt2d_001_track_-1_VEHICLE_CAR.png,0.9483532905578613
left_rear,404,1772699950613168000,data\camera\left_rear_camera\1772699950613168000.jpg,1000016,1,car,0.869343,69.0,495.0,410.0,735.0,67.50048065185547,495.6015319824219,407.0792236328125,734.5100708007812,matched,0,VEHICLE_SUV,preprocessed/masks/left_rear_camera/masks/frame_000404_gt2d_000_track_-1_VEHICLE_SUV.png,0.9673101902008057
left_rear,405,1772699950713176000,data\camera\left_rear_camera\1772699950713176000.jpg,1000014,1,car,0.836295,1457.0,619.0,1832.0,725.0,1457.1097412109375,618.97705078125,1832.0196533203125,724.9801635742188,matched,1,VEHICLE_CAR,preprocessed/masks/left_rear_camera/masks/frame_000405_gt2d_001_track_-1_VEHICLE_CAR.png,0.947847306728363
left_rear,405,1772699950713176000,data\camera\left_rear_camera\1772699950713176000.jpg,1000016,1,car,0.85916,74.0,489.0,427.0,739.0,72.98369598388672,490.285400390625,424.1926574707031,738.2772216796875,matched,0,VEHICLE_SUV,preprocessed/masks/left_rear_camera/masks/frame_000405_gt2d_000_track_-1_VEHICLE_SUV.png,0.9683947563171387
left_rear,406,1772699950813183000,data\camera\left_rear_camera\1772699950813183000.jpg,1000014,1,car,0.842952,1457.0,619.0,1832.0,725.0,1457.0595703125,618.9700317382812,1832.0294189453125,724.9728393554688,matched,1,VEHICLE_CAR,preprocessed/masks/left_rear_camera/masks/frame_000406_gt2d_001_track_-1_VEHICLE_CAR.png,0.9484744071960449
left_rear,406,1772699950813183000,data\camera\left_rear_camera\1772699950813183000.jpg,1000016,1,car,0.845176,80.0,487.0,446.0,743.0,78.86396789550781,487.00494384765625,442.6718444824219,742.222412109375,matched,0,VEHICLE_SUV,preprocessed/masks/left_rear_camera/masks/frame_000406_gt2d_000_track_-1_VEHICLE_SUV.png,0.9689082503318787
left_rear,407,1772699950913191000,data\camera\left_rear_camera\1772699950913191000.jpg,1000014,1,car,0.835656,1457.0,619.0,1832.0,725.0,1457.0433349609375,618.9952392578125,1832.0357666015625,724.9977416992188,matched,1,VEHICLE_CAR,preprocessed/masks/left_rear_camera/masks/frame_000407_gt2d_001_track_-1_VEHICLE_CAR.png,0.9481829404830933
left_rear,407,1772699950913191000,data\camera\left_rear_camera\1772699950913191000.jpg,1000016,1,car,0.873862,87.0,483.0,464.0,746.0,85.52265930175781,483.29254150390625,461.0303955078125,745.6378173828125,matched,0,VEHICLE_SUV,preprocessed/masks/left_rear_camera/masks/frame_000407_gt2d_000_track_-1_VEHICLE_SUV.png,0.9684442281723022
left_rear,408,1772699951013154000,data\camera\left_rear_camera\1772699951013154000.jpg,1000014,1,car,0.831044,1457.0,619.0,1832.0,725.0,1457.0333251953125,618.9769287109375,1832.0340576171875,724.9790649414062,matched,1,VEHICLE_CAR,preprocessed/masks/left_rear_camera/masks/frame_000408_gt2d_001_track_-1_VEHICLE_CAR.png,0.9482441544532776
left_rear,408,1772699951013154000,data\camera\left_rear_camera\1772699951013154000.jpg,1000016,1,car,0.870149,93.0,478.0,485.0,751.0,91.8439712524414,478.7126159667969,481.2361755371094,750.0562133789062,matched,0,VEHICLE_SUV,preprocessed/masks/left_rear_camera/masks/frame_000408_gt2d_000_track_-1_VEHICLE_SUV.png,0.9742569923400879
left_rear,409,1772699951113284000,data\camera\left_rear_camera\1772699951113284000.jpg,1000014,1,car,0.840936,1457.0,619.0,1832.0,725.0,1457.0281982421875,618.98291015625,1832.0316162109375,724.9848022460938,matched,1,VEHICLE_CAR,preprocessed/masks/left_rear_camera/masks/frame_000409_gt2d_001_track_-1_VEHICLE_CAR.png,0.947839081287384
left_rear,409,1772699951113284000,data\camera\left_rear_camera\1772699951113284000.jpg,1000016,1,car,0.8679,100.0,473.0,506.0,755.0,98.6576156616211,473.8389892578125,502.143798828125,754.2686767578125,matched,0,VEHICLE_SUV,preprocessed/masks/left_rear_camera/masks/frame_000409_gt2d_000_track_-1_VEHICLE_SUV.png,0.9768614172935486
left_rear,410,1772699951213261000,data\camera\left_rear_camera\1772699951213261000.jpg,1000014,1,car,0.832131,1457.0,619.0,1832.0,725.0,1457.030029296875,619.010498046875,1832.0341796875,725.0121459960938,matched,1,VEHICLE_CAR,preprocessed/masks/left_rear_camera/masks/frame_000410_gt2d_001_track_-1_VEHICLE_CAR.png,0.9478113651275635
left_rear,410,1772699951213261000,data\camera\left_rear_camera\1772699951213261000.jpg,1000016,1,car,0.872092,109.0,468.0,529.0,759.0,106.93916320800781,468.8647155761719,524.5955200195312,758.412109375,matched,0,VEHICLE_SUV,preprocessed/masks/left_rear_camera/masks/frame_000410_gt2d_000_track_-1_VEHICLE_SUV.png,0.9777451753616333
left_rear,411,1772699951313268000,data\camera\left_rear_camera\1772699951313268000.jpg,1000014,1,car,0.825341,1458.0,619.0,1832.0,725.0,1457.6766357421875,619.0130615234375,1832.0198974609375,725.0145263671875,matched,1,VEHICLE_CAR,preprocessed/masks/left_rear_camera/masks/frame_000411_gt2d_001_track_-1_VEHICLE_CAR.png,0.9481253027915955
left_rear,411,1772699951313268000,data\camera\left_rear_camera\1772699951313268000.jpg,1000016,1,car,0.884842,114.0,460.0,553.0,765.0,113.23381805419922,461.9083251953125,548.2574462890625,763.7645263671875,matched,0,VEHICLE_SUV,preprocessed/masks/left_rear_camera/masks/frame_000411_gt2d_000_track_-1_VEHICLE_SUV.png,0.9799138903617859
left_rear,412,1772699951413276000,data\camera\left_rear_camera\1772699951413276000.jpg,1000014,1,car,0.828509,1457.0,619.0,1832.0,725.0,1457.271240234375,618.9884033203125,1832.0264892578125,724.9896850585938,matched,1,VEHICLE_CAR,preprocessed/masks/left_rear_camera/masks/frame_000412_gt2d_001_track_-1_VEHICLE_CAR.png,0.9472162127494812
left_rear,412,1772699951413276000,data\camera\left_rear_camera\1772699951413276000.jpg,1000016,1,car,0.89642,123.0,457.0,576.0,770.0,121.29615020751953,457.3433532714844,571.75146484375,768.9273681640625,matched,0,VEHICLE_SUV,preprocessed/masks/left_rear_camera/masks/frame_000412_gt2d_000_track_-1_VEHICLE_SUV.png,0.9781308770179749
left_rear,413,1772699951513283000,data\camera\left_rear_camera\1772699951513283000.jpg,1000014,1,car,0.841039,1457.0,619.0,1832.0,725.0,1457.1136474609375,618.9932861328125,1832.026123046875,724.9944458007812,matched,1,VEHICLE_CAR,preprocessed/masks/left_rear_camera/masks/frame_000413_gt2d_001_track_-1_VEHICLE_CAR.png,0.9478349685668945
left_rear,413,1772699951513283000,data\camera\left_rear_camera\1772699951513283000.jpg,1000016,1,car,0.901458,130.0,451.0,600.0,775.0,128.7781524658203,451.8585205078125,595.8025512695312,774.0624389648438,matched,0,VEHICLE_SUV,preprocessed/masks/left_rear_camera/masks/frame_000413_gt2d_000_track_-1_VEHICLE_SUV.png,0.9804947972297668
left_rear,414,1772699951613291000,data\camera\left_rear_camera\1772699951613291000.jpg,1000014,1,car,0.83276,1457.0,619.0,1832.0,725.0,1457.0433349609375,618.9634399414062,1832.015625,724.9644775390625,matched,1,VEHICLE_CAR,preprocessed/masks/left_rear_camera/masks/frame_000414_gt2d_001_track_-1_VEHICLE_CAR.png,0.9476988911628723
left_rear,414,1772699951613291000,data\camera\left_rear_camera\1772699951613291000.jpg,1000016,1,car,0.912373,138.0,443.0,626.0,780.0,136.64434814453125,444.6930236816406,621.3035278320312,779.127685546875,matched,0,VEHICLE_SUV,preprocessed/masks/left_rear_camera/masks/frame_000414_gt2d_000_track_-1_VEHICLE_SUV.png,0.9798721075057983
left_rear,415,1772699951713268000,data\camera\left_rear_camera\1772699951713268000.jpg,1000014,1,car,0.840477,1457.0,619.0,1832.0,725.0,1457.03759765625,618.9749145507812,1832.0321044921875,724.9757690429688,matched,1,VEHICLE_CAR,preprocessed/masks/left_rear_camera/masks/frame_000415_gt2d_001_track_-1_VEHICLE_CAR.png,0.9475226402282715
left_rear,415,1772699951713268000,data\camera\left_rear_camera\1772699951713268000.jpg,1000016,1,car,0.917334,147.0,437.0,655.0,787.0,145.32395935058594,438.20050048828125,649.2940063476562,785.4876098632812,matched,0,VEHICLE_SUV,preprocessed/masks/left_rear_camera/masks/frame_000415_gt2d_000_track_-1_VEHICLE_SUV.png,0.9792336821556091
left_rear,416,1772699951813275000,data\camera\left_rear_camera\1772699951813275000.jpg,-1,4,truck,0.308077,86.0,602.0,153.0,645.0,86.0,602.0,153.0,645.0,unassigned,2,VEHICLE_TRUCK_SMALL,preprocessed/masks/left_rear_camera/masks/frame_000416_gt2d_002_track_-1_VEHICLE_TRUCK_SMALL.png,0.8924407958984375
left_rear,416,1772699951813275000,data\camera\left_rear_camera\1772699951813275000.jpg,1000014,1,car,0.833817,1457.0,619.0,1832.0,725.0,1457.0186767578125,618.98876953125,1832.0211181640625,724.9895629882812,matched,1,VEHICLE_CAR,preprocessed/masks/left_rear_camera/masks/frame_000416_gt2d_001_track_-1_VEHICLE_CAR.png,0.9476159811019897
left_rear,416,1772699951813275000,data\camera\left_rear_camera\1772699951813275000.jpg,1000016,1,car,0.910735,154.0,431.0,684.0,794.0,153.01025390625,431.9659729003906,678.20361328125,792.3424682617188,matched,0,VEHICLE_SUV,preprocessed/masks/left_rear_camera/masks/frame_000416_gt2d_000_track_-1_VEHICLE_SUV.png,0.9791154861450195
left_rear,417,1772699951913282000,data\camera\left_rear_camera\1772699951913282000.jpg,-1,4,truck,0.318334,86.0,602.0,154.0,645.0,86.0,602.0,154.0,645.0,unassigned,2,VEHICLE_TRUCK,preprocessed/masks/left_rear_camera/masks/frame_000417_gt2d_002_track_-1_VEHICLE_TRUCK.png,0.8696650266647339
left_rear,417,1772699951913282000,data\camera\left_rear_camera\1772699951913282000.jpg,1000014,1,car,0.831719,1457.0,619.0,1832.0,725.0,1457.02099609375,619.006591796875,1832.0260009765625,725.00732421875,matched,1,VEHICLE_CAR,preprocessed/masks/left_rear_camera/masks/frame_000417_gt2d_001_track_-1_VEHICLE_CAR.png,0.9476996660232544
left_rear,417,1772699951913282000,data\camera\left_rear_camera\1772699951913282000.jpg,1000016,1,car,0.922366,162.0,424.0,715.0,800.0,160.95645141601562,425.207275390625,708.74267578125,798.7565307617188,matched,0,VEHICLE_SUV,preprocessed/masks/left_rear_camera/masks/frame_000417_gt2d_000_track_-1_VEHICLE_SUV.png,0.9797881841659546
left_rear,418,1772699952013276000,data\camera\left_rear_camera\1772699952013276000.jpg,-1,4,truck,0.340694,86.0,602.0,153.0,645.0,86.0,602.0,153.0,645.0,unassigned,2,VEHICLE_TRUCK,preprocessed/masks/left_rear_camera/masks/frame_000418_gt2d_002_track_-1_VEHICLE_TRUCK.png,0.885269045829773
left_rear,418,1772699952013276000,data\camera\left_rear_camera\1772699952013276000.jpg,1000014,1,car,0.829891,1457.0,619.0,1832.0,725.0,1457.0242919921875,618.9708251953125,1832.02978515625,724.971435546875,matched,1,VEHICLE_CAR,preprocessed/masks/left_rear_camera/masks/frame_000418_gt2d_001_track_-1_VEHICLE_CAR.png,0.9475338459014893
left_rear,418,1772699952013276000,data\camera\left_rear_camera\1772699952013276000.jpg,1000016,1,car,0.914086,172.0,419.0,747.0,808.0,170.25933837890625,419.4556884765625,740.529541015625,806.1996459960938,matched,0,VEHICLE_SUV,preprocessed/masks/left_rear_camera/masks/frame_000418_gt2d_000_track_-1_VEHICLE_SUV.png,0.9822648763656616
left_rear,419,1772699952113192000,data\camera\left_rear_camera\1772699952113192000.jpg,-1,4,truck,0.360449,85.0,602.0,154.0,646.0,85.0,602.0,154.0,646.0,unassigned,2,VEHICLE_TRUCK,preprocessed/masks/left_rear_camera/masks/frame_000419_gt2d_002_track_-1_VEHICLE_TRUCK.png,0.8775337934494019
left_rear,419,1772699952113192000,data\camera\left_rear_camera\1772699952113192000.jpg,1000014,1,car,0.83331,1457.0,619.0,1831.0,725.0,1457.0303955078125,618.9734497070312,1831.3748779296875,724.9739990234375,matched,1,VEHICLE_CAR,preprocessed/masks/left_rear_camera/masks/frame_000419_gt2d_001_track_-1_VEHICLE_CAR.png,0.9477628469467163
left_rear,419,1772699952113192000,data\camera\left_rear_camera\1772699952113192000.jpg,1000016,1,car,0.926753,180.0,411.0,781.0,815.0,178.83641052246094,412.2652282714844,774.0624389648438,813.4721069335938,matched,0,VEHICLE_SUV,preprocessed/masks/left_rear_camera/masks/frame_000419_gt2d_000_track_-1_VEHICLE_SUV.png,0.9877029061317444
left_rear,420,1772699952213169000,data\camera\left_rear_camera\1772699952213169000.jpg,-1,4,truck,0.368262,85.0,602.0,154.0,646.0,85.0,602.0,154.0,646.0,unassigned,2,VEHICLE_TRUCK,preprocessed/masks/left_rear_camera/masks/frame_000420_gt2d_002_track_-1_VEHICLE_TRUCK.png,0.8746432065963745
left_rear,420,1772699952213169000,data\camera\left_rear_camera\1772699952213169000.jpg,1000014,1,car,0.838477,1457.0,619.0,1831.0,725.0,1457.024658203125,619.0208740234375,1831.11962890625,725.0213623046875,matched,1,VEHICLE_CAR,preprocessed/masks/left_rear_camera/masks/frame_000420_gt2d_001_track_-1_VEHICLE_CAR.png,0.948391318321228
left_rear,420,1772699952213169000,data\camera\left_rear_camera\1772699952213169000.jpg,1000016,1,car,0.931688,190.0,404.0,817.0,823.0,188.36471557617188,405.17755126953125,809.4949340820312,821.3341674804688,matched,0,VEHICLE_SUV,preprocessed/masks/left_rear_camera/masks/frame_000420_gt2d_000_track_-1_VEHICLE_SUV.png,0.9886597394943237
left_rear,421,1772699952313177000,data\camera\left_rear_camera\1772699952313177000.jpg,-1,4,truck,0.407387,85.0,603.0,151.0,646.0,85.0,603.0,151.0,646.0,unassigned,2,VEHICLE_TRUCK,preprocessed/masks/left_rear_camera/masks/frame_000421_gt2d_002_track_-1_VEHICLE_TRUCK.png,0.8781082630157471
left_rear,421,1772699952313177000,data\camera\left_rear_camera\1772699952313177000.jpg,1000014,1,car,0.838062,1457.0,619.0,1831.0,725.0,1457.01513671875,619.0155639648438,1831.018798828125,725.0159912109375,matched,1,VEHICLE_CAR,preprocessed/masks/left_rear_camera/masks/frame_000421_gt2d_001_track_-1_VEHICLE_CAR.png,0.9482282400131226
left_rear,421,1772699952313177000,data\camera\left_rear_camera\1772699952313177000.jpg,1000016,1,car,0.933968,199.0,394.0,855.0,834.0,197.63612365722656,396.1580505371094,846.9242553710938,831.2543334960938,matched,0,VEHICLE_SUV,preprocessed/masks/left_rear_camera/masks/frame_000421_gt2d_000_track_-1_VEHICLE_SUV.png,0.9887692332267761
left_rear,422,1772699952413184000,data\camera\left_rear_camera\1772699952413184000.jpg,-1,4,truck,0.408382,85.0,603.0,151.0,646.0,85.0,603.0,151.0,646.0,unassigned,2,VEHICLE_TRUCK,preprocessed/masks/left_rear_camera/masks/frame_000422_gt2d_002_track_-1_VEHICLE_TRUCK.png,0.8911455869674683
left_rear,422,1772699952413184000,data\camera\left_rear_camera\1772699952413184000.jpg,1000014,1,car,0.846813,1457.0,619.0,1832.0,725.0,1457.02392578125,618.9725341796875,1831.6573486328125,724.9729614257812,matched,1,VEHICLE_CAR,preprocessed/masks/left_rear_camera/masks/frame_000422_gt2d_001_track_-1_VEHICLE_CAR.png,0.9477891325950623
left_rear,422,1772699952413184000,data\camera\left_rear_camera\1772699952413184000.jpg,1000016,1,car,0.936744,209.0,387.0,894.0,843.0,207.44924926757812,388.268798828125,885.7597045898438,840.6810913085938,matched,0,VEHICLE_SUV,preprocessed/masks/left_rear_camera/masks/frame_000422_gt2d_000_track_-1_VEHICLE_SUV.png,0.9923772215843201
left_rear,423,1772699952513192000,data\camera\left_rear_camera\1772699952513192000.jpg,-1,4,truck,0.421287,84.0,602.0,154.0,647.0,84.0,602.0,154.0,647.0,unassigned,2,VEHICLE_TRUCK,preprocessed/masks/left_rear_camera/masks/frame_000423_gt2d_002_track_-1_VEHICLE_TRUCK.png,0.8834316730499268
left_rear,423,1772699952513192000,data\camera\left_rear_camera\1772699952513192000.jpg,1000014,1,car,0.827789,1457.0,619.0,1831.0,725.0,1457.0584716796875,618.955322265625,1831.2713623046875,724.9556884765625,matched,1,VEHICLE_CAR,preprocessed/masks/left_rear_camera/masks/frame_000423_gt2d_001_track_-1_VEHICLE_CAR.png,0.9471449851989746
left_rear,423,1772699952513192000,data\camera\left_rear_camera\1772699952513192000.jpg,1000016,1,car,0.942224,219.0,380.0,937.0,852.0,217.49459838867188,380.869140625,927.6740112304688,849.9578247070312,matched,0,VEHICLE_SUV,preprocessed/masks/left_rear_camera/masks/frame_000423_gt2d_000_track_-1_VEHICLE_SUV.png,0.9925668239593506
left_rear,424,1772699952613168000,data\camera\left_rear_camera\1772699952613168000.jpg,-1,4,truck,0.42983,85.0,602.0,153.0,647.0,85.0,602.0,153.0,647.0,unassigned,2,VEHICLE_TRUCK,preprocessed/masks/left_rear_camera/masks/frame_000424_gt2d_002_track_-1_VEHICLE_TRUCK.png,0.8786286115646362
left_rear,424,1772699952613168000,data\camera\left_rear_camera\1772699952613168000.jpg,1000014,1,car,0.82507,1457.0,619.0,1831.0,725.0,1457.0277099609375,618.9640502929688,1831.082275390625,724.9642944335938,matched,1,VEHICLE_CAR,preprocessed/masks/left_rear_camera/masks/frame_000424_gt2d_001_track_-1_VEHICLE_CAR.png,0.946780264377594
left_rear,424,1772699952613168000,data\camera\left_rear_camera\1772699952613168000.jpg,1000016,1,car,0.936289,229.0,374.0,983.0,861.0,227.54335021972656,374.322021484375,972.576904296875,859.1813354492188,matched,0,VEHICLE_SUV,preprocessed/masks/left_rear_camera/masks/frame_000424_gt2d_000_track_-1_VEHICLE_SUV.png,0.9925811290740967
left_rear,425,1772699952713176000,data\camera\left_rear_camera\1772699952713176000.jpg,-1,4,truck,0.436075,85.0,602.0,156.0,647.0,85.0,602.0,156.0,647.0,unassigned,2,VEHICLE_TRUCK,preprocessed/masks/left_rear_camera/masks/frame_000425_gt2d_002_track_-1_VEHICLE_TRUCK.png,0.8710015416145325
left_rear,425,1772699952713176000,data\camera\left_rear_camera\1772699952713176000.jpg,1000014,1,car,0.826356,1457.0,619.0,1832.0,725.0,1457.04443359375,618.9375,1831.702392578125,724.937744140625,matched,1,VEHICLE_CAR,preprocessed/masks/left_rear_camera/masks/frame_000425_gt2d_001_track_-1_VEHICLE_CAR.png,0.9470521211624146
left_rear,425,1772699952713176000,data\camera\left_rear_camera\1772699952713176000.jpg,1000016,1,car,0.937539,240.0,363.0,1032.0,874.0,238.29293823242188,364.8964538574219,1020.5929565429688,870.8665161132812,matched,0,VEHICLE_SUV,preprocessed/masks/left_rear_camera/masks/frame_000425_gt2d_000_track_-1_VEHICLE_SUV.png,0.991411030292511
left_rear,426,1772699952813183000,data\camera\left_rear_camera\1772699952813183000.jpg,-1,4,truck,0.442371,85.0,603.0,153.0,646.0,85.0,603.0,153.0,646.0,unassigned,2,VEHICLE_TRUCK,preprocessed/masks/left_rear_camera/masks/frame_000426_gt2d_002_track_-1_VEHICLE_TRUCK.png,0.8674291968345642
left_rear,426,1772699952813183000,data\camera\left_rear_camera\1772699952813183000.jpg,1000014,1,car,0.815853,1458.0,619.0,1831.0,725.0,1457.69140625,618.947265625,1831.2576904296875,724.9474487304688,matched,1,VEHICLE_CAR,preprocessed/masks/left_rear_camera/masks/frame_000426_gt2d_001_track_-1_VEHICLE_CAR.png,0.9467106461524963
left_rear,426,1772699952813183000,data\camera\left_rear_camera\1772699952813183000.jpg,1000016,1,car,0.929042,252.0,352.0,1085.0,887.0,249.8936309814453,354.39947509765625,1072.2757568359375,883.548583984375,matched,0,VEHICLE_SUV,preprocessed/masks/left_rear_camera/masks/frame_000426_gt2d_000_track_-1_VEHICLE_SUV.png,0.9912555813789368
left_rear,427,1772699952913191000,data\camera\left_rear_camera\1772699952913191000.jpg,-1,4,truck,0.428616,84.0,602.0,155.0,647.0,84.0,602.0,155.0,647.0,unassigned,2,VEHICLE_TRUCK,preprocessed/masks/left_rear_camera/masks/frame_000427_gt2d_002_track_-1_VEHICLE_TRUCK.png,0.8817138671875
left_rear,427,1772699952913191000,data\camera\left_rear_camera\1772699952913191000.jpg,1000014,1,car,0.813308,1458.0,619.0,1831.0,725.0,1457.9385986328125,618.9412841796875,1831.0926513671875,724.9415283203125,matched,1,VEHICLE_CAR,preprocessed/masks/left_rear_camera/masks/frame_000427_gt2d_001_track_-1_VEHICLE_CAR.png,0.9463176727294922
left_rear,427,1772699952913191000,data\camera\left_rear_camera\1772699952913191000.jpg,1000016,1,car,0.92606,264.0,343.0,1144.0,900.0,261.8510437011719,344.7150573730469,1129.1678466796875,896.5884399414062,matched,0,VEHICLE_SUV,preprocessed/masks/left_rear_camera/masks/frame_000427_gt2d_000_track_-1_VEHICLE_SUV.png,0.9901357293128967
left_rear,428,1772699953013154000,data\camera\left_rear_camera\1772699953013154000.jpg,-1,4,truck,0.452639,85.0,602.0,152.0,647.0,85.0,602.0,152.0,647.0,unassigned,2,VEHICLE_TRUCK,preprocessed/masks/left_rear_camera/masks/frame_000428_gt2d_002_track_-1_VEHICLE_TRUCK.png,0.880788266658783
left_rear,428,1772699953013154000,data\camera\left_rear_camera\1772699953013154000.jpg,1000014,1,car,0.80772,1458.0,619.0,1832.0,725.0,1458.0140380859375,618.9299926757812,1831.6785888671875,724.93017578125,matched,1,VEHICLE_CAR,preprocessed/masks/left_rear_camera/masks/frame_000428_gt2d_001_track_-1_VEHICLE_CAR.png,0.9442335367202759
left_rear,428,1772699953013154000,data\camera\left_rear_camera\1772699953013154000.jpg,1000016,1,car,0.915524,276.0,338.0,1204.0,915.0,273.9200744628906,337.8866882324219,1188.6776123046875,911.02978515625,matched,0,VEHICLE_SUV,preprocessed/masks/left_rear_camera/masks/frame_000428_gt2d_000_track_-1_VEHICLE_SUV.png,0.9864636063575745
left_rear,429,1772699953113284000,data\camera\left_rear_camera\1772699953113284000.jpg,-1,4,truck,0.448903,85.0,602.0,154.0,647.0,85.0,602.0,154.0,647.0,unassigned,2,VEHICLE_TRUCK,preprocessed/masks/left_rear_camera/masks/frame_000429_gt2d_002_track_-1_VEHICLE_TRUCK.png,0.8758811950683594
left_rear,429,1772699953113284000,data\camera\left_rear_camera\1772699953113284000.jpg,1000014,1,car,0.802572,1458.0,619.0,1832.0,725.0,1458.0452880859375,618.936279296875,1831.906982421875,724.9364013671875,matched,1,VEHICLE_CAR,preprocessed/masks/left_rear_camera/masks/frame_000429_gt2d_001_track_-1_VEHICLE_CAR.png,0.9415640830993652
left_rear,429,1772699953113284000,data\camera\left_rear_camera\1772699953113284000.jpg,1000016,1,car,0.923631,288.0,324.0,1271.0,931.0,286.0506591796875,326.5321044921875,1253.6063232421875,926.6752319335938,matched,0,VEHICLE_SUV,preprocessed/masks/left_rear_camera/masks/frame_000429_gt2d_000_track_-1_VEHICLE_SUV.png,0.9864003658294678
left_rear,430,1772699953213261000,data\camera\left_rear_camera\1772699953213261000.jpg,-1,4,truck,0.468996,85.0,602.0,152.0,647.0,85.0,602.0,152.0,647.0,unassigned,2,VEHICLE_TRUCK,preprocessed/masks/left_rear_camera/masks/frame_000430_gt2d_002_track_-1_VEHICLE_TRUCK.png,0.8852827548980713
left_rear,430,1772699953213261000,data\camera\left_rear_camera\1772699953213261000.jpg,1000014,1,car,0.797217,1458.0,619.0,1832.0,726.0,1458.0374755859375,618.97705078125,1831.976318359375,725.6380004882812,matched,1,VEHICLE_CAR,preprocessed/masks/left_rear_camera/masks/frame_000430_gt2d_001_track_-1_VEHICLE_CAR.png,0.9356322884559631
left_rear,430,1772699953213261000,data\camera\left_rear_camera\1772699953213261000.jpg,1000016,1,car,0.923977,300.0,310.0,1341.0,949.0,298.17083740234375,313.4263916015625,1322.475341796875,944.046630859375,matched,0,VEHICLE_SUV,preprocessed/masks/left_rear_camera/masks/frame_000430_gt2d_000_track_-1_VEHICLE_SUV.png,0.9918534755706787
left_rear,431,1772699953313268000,data\camera\left_rear_camera\1772699953313268000.jpg,-1,4,truck,0.434516,85.0,603.0,152.0,647.0,85.0,603.0,152.0,647.0,unassigned,2,VEHICLE_TRUCK,preprocessed/masks/left_rear_camera/masks/frame_000431_gt2d_002_track_-1_VEHICLE_TRUCK.png,0.8842343091964722
left_rear,431,1772699953313268000,data\camera\left_rear_camera\1772699953313268000.jpg,1000014,1,car,0.806841,1457.0,619.0,1832.0,726.0,1457.4024658203125,618.9567260742188,1832.032470703125,725.8660278320312,matched,1,VEHICLE_CAR,preprocessed/masks/left_rear_camera/masks/frame_000431_gt2d_001_track_-1_VEHICLE_CAR.png,0.9348747134208679
left_rear,431,1772699953313268000,data\camera\left_rear_camera\1772699953313268000.jpg,1000016,1,car,0.929834,309.0,298.0,1418.0,966.0,308.45843505859375,300.81524658203125,1397.29833984375,961.3804321289062,matched,0,VEHICLE_SUV,preprocessed/masks/left_rear_camera/masks/frame_000431_gt2d_000_track_-1_VEHICLE_SUV.png,0.9898788332939148
left_rear,432,1772699953413276000,data\camera\left_rear_camera\1772699953413276000.jpg,-1,4,truck,0.441403,86.0,602.0,152.0,647.0,86.0,602.0,152.0,647.0,unassigned,2,VEHICLE_TRUCK,preprocessed/masks/left_rear_camera/masks/frame_000432_gt2d_002_track_-1_VEHICLE_TRUCK.png,0.8832587599754333
left_rear,432,1772699953413276000,data\camera\left_rear_camera\1772699953413276000.jpg,1000014,1,car,0.808247,1481.0,619.0,1831.0,725.0,1473.002197265625,618.9895629882812,1831.3851318359375,725.33056640625,matched,1,VEHICLE_CAR,preprocessed/masks/left_rear_camera/masks/frame_000432_gt2d_001_track_-1_VEHICLE_CAR.png,0.9425041079521179
left_rear,432,1772699953413276000,data\camera\left_rear_camera\1772699953413276000.jpg,1000016,1,car,0.923701,327.0,282.0,1501.0,990.0,323.5740661621094,285.9676513671875,1478.107421875,983.185302734375,matched,0,VEHICLE_SUV,preprocessed/masks/left_rear_camera/masks/frame_000432_gt2d_000_track_-1_VEHICLE_SUV.png,0.9963727593421936
left_rear,433,1772699953513283000,data\camera\left_rear_camera\1772699953513283000.jpg,-1,4,truck,0.427731,86.0,602.0,153.0,647.0,86.0,602.0,153.0,647.0,unassigned,2,VEHICLE_TRUCK,preprocessed/masks/left_rear_camera/masks/frame_000433_gt2d_002_track_-1_VEHICLE_TRUCK.png,0.8776066303253174
left_rear,433,1772699953513283000,data\camera\left_rear_camera\1772699953513283000.jpg,1000014,1,car,0.827071,1501.0,619.0,1832.0,726.0,1492.4200439453125,618.9822387695312,1831.8133544921875,725.7659912109375,matched,1,VEHICLE_CAR,preprocessed/masks/left_rear_camera/masks/frame_000433_gt2d_001_track_-1_VEHICLE_CAR.png,0.9335879683494568
left_rear,433,1772699953513283000,data\camera\left_rear_camera\1772699953513283000.jpg,1000016,1,car,0.939776,340.0,269.0,1598.0,1017.0,337.5365295410156,272.08087158203125,1570.064453125,1008.5358276367188,matched,0,VEHICLE_SUV,preprocessed/masks/left_rear_camera/masks/frame_000433_gt2d_000_track_-1_VEHICLE_SUV.png,0.9785043001174927
left_rear,434,1772699953613291000,data\camera\left_rear_camera\1772699953613291000.jpg,-1,4,truck,0.396248,85.0,603.0,153.0,647.0,85.0,603.0,153.0,647.0,unassigned,2,VEHICLE_TRUCK,preprocessed/masks/left_rear_camera/masks/frame_000434_gt2d_002_track_-1_VEHICLE_TRUCK.png,0.87778639793396
left_rear,434,1772699953613291000,data\camera\left_rear_camera\1772699953613291000.jpg,-1,3,person,0.327645,300.0,596.0,322.0,650.0,300.0,596.0,322.0,650.0,unassigned,3,PEDESTRIAN_NORMAL,preprocessed/masks/left_rear_camera/masks/frame_000434_gt2d_003_track_-1_PEDESTRIAN_NORMAL.png,0.8376859426498413
left_rear,434,1772699953613291000,data\camera\left_rear_camera\1772699953613291000.jpg,1000014,1,car,0.743381,1527.0,619.0,1831.0,727.0,1517.188720703125,619.0076904296875,1831.3082275390625,726.6163940429688,matched,1,VEHICLE_CAR,preprocessed/masks/left_rear_camera/masks/frame_000434_gt2d_001_track_-1_VEHICLE_CAR.png,0.8258015513420105
left_rear,434,1772699953613291000,data\camera\left_rear_camera\1772699953613291000.jpg,1000016,1,car,0.946316,354.0,256.0,1699.0,1045.0,351.6465148925781,258.6358337402344,1668.807373046875,1035.970458984375,matched,0,VEHICLE_SUV,preprocessed/masks/left_rear_camera/masks/frame_000434_gt2d_000_track_-1_VEHICLE_SUV.png,0.9812227487564087
left_rear,435,1772699953713268000,data\camera\left_rear_camera\1772699953713268000.jpg,-1,4,truck,0.42558,86.0,603.0,153.0,647.0,86.0,603.0,153.0,647.0,unassigned,1,VEHICLE_TRUCK,preprocessed/masks/left_rear_camera/masks/frame_000435_gt2d_001_track_-1_VEHICLE_TRUCK.png,0.8798763751983643
left_rear,435,1772699953713268000,data\camera\left_rear_camera\1772699953713268000.jpg,1000016,1,car,0.949836,374.0,240.0,1823.0,1072.0,369.54522705078125,243.45144653320312,1784.53466796875,1063.5433349609375,matched,0,VEHICLE_SUV,preprocessed/masks/left_rear_camera/masks/frame_000435_gt2d_000_track_-1_VEHICLE_SUV.png,0.9838742017745972
left_rear,436,1772699953813275000,data\camera\left_rear_camera\1772699953813275000.jpg,-1,4,truck,0.414376,85.0,603.0,153.0,648.0,85.0,603.0,153.0,648.0,unassigned,1,VEHICLE_TRUCK,preprocessed/masks/left_rear_camera/masks/frame_000436_gt2d_001_track_-1_VEHICLE_TRUCK.png,0.8814235925674438
left_rear,436,1772699953813275000,data\camera\left_rear_camera\1772699953813275000.jpg,1000016,1,car,0.941654,387.0,217.0,1911.0,1106.0,384.58148193359375,223.2189178466797,1884.609130859375,1095.54296875,matched,0,VEHICLE_SUV,preprocessed/masks/left_rear_camera/masks/frame_000436_gt2d_000_track_-1_VEHICLE_SUV.png,0.9848204851150513
left_rear,437,1772699953913282000,data\camera\left_rear_camera\1772699953913282000.jpg,-1,4,truck,0.40567,85.0,603.0,151.0,647.0,85.0,603.0,151.0,647.0,unassigned,2,VEHICLE_TRUCK,preprocessed/masks/left_rear_camera/masks/frame_000437_gt2d_002_track_-1_VEHICLE_TRUCK.png,0.8818730115890503
left_rear,437,1772699953913282000,data\camera\left_rear_camera\1772699953913282000.jpg,1000016,1,car,0.950894,403.0,207.0,1905.0,1137.0,400.3385925292969,209.06068420410156,1920.0621337890625,1127.303955078125,matched,0,VEHICLE_SUV,preprocessed/masks/left_rear_camera/masks/frame_000437_gt2d_000_track_-1_VEHICLE_SUV.png,0.9845901727676392
left_rear,437,1772699953913282000,data\camera\left_rear_camera\1772699953913282000.jpg,1000017,1,car,0.52059,358.0,632.0,417.0,660.0,358.0,632.0,417.0,660.0,tentative,1,VEHICLE_CAR,preprocessed/masks/left_rear_camera/masks/frame_000437_gt2d_001_track_-1_VEHICLE_CAR.png,0.7615737318992615
left_rear,438,1772699954013276000,data\camera\left_rear_camera\1772699954013276000.jpg,-1,4,truck,0.399326,86.0,603.0,151.0,647.0,86.0,603.0,151.0,647.0,unassigned,2,VEHICLE_TRUCK_SMALL,preprocessed/masks/left_rear_camera/masks/frame_000438_gt2d_002_track_-1_VEHICLE_TRUCK_SMALL.png,0.8892924785614014
left_rear,438,1772699954013276000,data\camera\left_rear_camera\1772699954013276000.jpg,1000016,1,car,0.94821,417.0,189.0,1911.0,1177.0,415.1351013183594,192.41307067871094,1935.8310546875,1164.72021484375,matched,0,VEHICLE_SUV,preprocessed/masks/left_rear_camera/masks/frame_000438_gt2d_000_track_-1_VEHICLE_SUV.png,0.9896575808525085
left_rear,438,1772699954013276000,data\camera\left_rear_camera\1772699954013276000.jpg,1000017,1,car,0.624337,358.0,632.0,424.0,661.0,358.09185791015625,631.9599609375,422.69183349609375,660.7599487304688,matched,1,VEHICLE_CAR,preprocessed/masks/left_rear_camera/masks/frame_000438_gt2d_001_track_-1_VEHICLE_CAR.png,0.8205786347389221
left_rear,439,1772699954113192000,data\camera\left_rear_camera\1772699954113192000.jpg,-1,4,truck,0.412254,84.0,602.0,151.0,647.0,84.0,602.0,151.0,647.0,unassigned,2,VEHICLE_TRUCK,preprocessed/masks/left_rear_camera/masks/frame_000439_gt2d_002_track_-1_VEHICLE_TRUCK.png,0.8639270067214966
left_rear,439,1772699954113192000,data\camera\left_rear_camera\1772699954113192000.jpg,1000016,1,car,0.956866,429.0,170.0,1915.0,1217.0,428.28082275390625,174.10140991210938,1942.553466796875,1204.233642578125,matched,0,VEHICLE_SUV,preprocessed/masks/left_rear_camera/masks/frame_000439_gt2d_000_track_-1_VEHICLE_SUV.png,0.9879671931266785
left_rear,439,1772699954113192000,data\camera\left_rear_camera\1772699954113192000.jpg,1000017,1,car,0.632873,358.0,632.0,423.0,660.0,358.150634765625,631.913330078125,423.0498962402344,660.1023559570312,matched,1,VEHICLE_CAR,preprocessed/masks/left_rear_camera/masks/frame_000439_gt2d_001_track_-1_VEHICLE_CAR.png,0.8171545267105103
left_rear,440,1772699954213169000,data\camera\left_rear_camera\1772699954213169000.jpg,-1,4,truck,0.421889,84.0,602.0,151.0,648.0,84.0,602.0,151.0,648.0,unassigned,2,VEHICLE_TRUCK,preprocessed/masks/left_rear_camera/masks/frame_000440_gt2d_002_track_-1_VEHICLE_TRUCK.png,0.8764528036117554
left_rear,440,1772699954213169000,data\camera\left_rear_camera\1772699954213169000.jpg,1000016,1,car,0.954064,449.0,148.0,1918.0,1255.0,445.9018859863281,153.20938110351562,1945.1929931640625,1243.2740478515625,matched,0,VEHICLE_SUV,preprocessed/masks/left_rear_camera/masks/frame_000440_gt2d_000_track_-1_VEHICLE_SUV.png,0.9865996837615967
left_rear,440,1772699954213169000,data\camera\left_rear_camera\1772699954213169000.jpg,1000017,1,car,0.672405,358.0,632.0,423.0,660.0,358.12445068359375,631.88232421875,423.1316223144531,659.86279296875,matched,1,VEHICLE_CAR,preprocessed/masks/left_rear_camera/masks/frame_000440_gt2d_001_track_-1_VEHICLE_CAR.png,0.8093852996826172
left_rear,441,1772699954313177000,data\camera\left_rear_camera\1772699954313177000.jpg,-1,4,truck,0.449605,84.0,602.0,156.0,648.0,84.0,602.0,156.0,648.0,unassigned,2,VEHICLE_TRUCK,preprocessed/masks/left_rear_camera/masks/frame_000441_gt2d_002_track_-1_VEHICLE_TRUCK.png,0.8872959613800049
left_rear,441,1772699954313177000,data\camera\left_rear_camera\1772699954313177000.jpg,1000016,1,car,0.955386,464.0,131.0,1916.0,1264.0,462.0472717285156,134.53053283691406,1943.028076171875,1264.1287841796875,matched,0,VEHICLE_SUV,preprocessed/masks/left_rear_camera/masks/frame_000441_gt2d_000_track_-1_VEHICLE_SUV.png,0.9889171123504639
left_rear,441,1772699954313177000,data\camera\left_rear_camera\1772699954313177000.jpg,1000017,1,car,0.684897,358.0,632.0,423.0,660.0,358.1020812988281,631.9138793945312,423.1355895996094,659.84716796875,matched,1,VEHICLE_CAR,preprocessed/masks/left_rear_camera/masks/frame_000441_gt2d_001_track_-1_VEHICLE_CAR.png,0.8251972198486328
left_rear,442,1772699954413184000,data\camera\left_rear_camera\1772699954413184000.jpg,-1,4,truck,0.440116,84.0,602.0,157.0,649.0,84.0,602.0,157.0,649.0,unassigned,2,VEHICLE_TRUCK,preprocessed/masks/left_rear_camera/masks/frame_000442_gt2d_002_track_-1_VEHICLE_TRUCK.png,0.8810529708862305
left_rear,442,1772699954413184000,data\camera\left_rear_camera\1772699954413184000.jpg,1000016,1,car,0.951655,478.0,111.0,1914.0,1262.0,476.9241027832031,114.81688690185547,1939.0947265625,1270.610595703125,matched,0,VEHICLE_SUV,preprocessed/masks/left_rear_camera/masks/frame_000442_gt2d_000_track_-1_VEHICLE_SUV.png,0.9772427678108215
left_rear,442,1772699954413184000,data\camera\left_rear_camera\1772699954413184000.jpg,1000017,1,car,0.70815,358.0,632.0,423.0,660.0,358.075927734375,631.93212890625,423.1119384765625,659.8623657226562,matched,1,VEHICLE_CAR,preprocessed/masks/left_rear_camera/masks/frame_000442_gt2d_001_track_-1_VEHICLE_CAR.png,0.8253073692321777
left_rear,443,1772699954513192000,data\camera\left_rear_camera\1772699954513192000.jpg,-1,4,truck,0.424016,84.0,602.0,155.0,649.0,84.0,602.0,155.0,649.0,unassigned,2,VEHICLE_TRUCK,preprocessed/masks/left_rear_camera/masks/frame_000443_gt2d_002_track_-1_VEHICLE_TRUCK.png,0.8851466774940491
left_rear,443,1772699954513192000,data\camera\left_rear_camera\1772699954513192000.jpg,1000016,1,car,0.950509,496.0,90.0,1912.0,1266.0,493.8537902832031,94.07424926757812,1934.5697021484375,1275.0308837890625,matched,0,VEHICLE_SUV,preprocessed/masks/left_rear_camera/masks/frame_000443_gt2d_000_track_-1_VEHICLE_SUV.png,0.9487853050231934
left_rear,443,1772699954513192000,data\camera\left_rear_camera\1772699954513192000.jpg,1000017,1,car,0.686997,358.0,632.0,423.0,660.0,358.0002746582031,631.9496459960938,423.03271484375,659.8875732421875,matched,1,VEHICLE_CAR,preprocessed/masks/left_rear_camera/masks/frame_000443_gt2d_001_track_-1_VEHICLE_CAR.png,0.8294914364814758
left_rear,444,1772699954613168000,data\camera\left_rear_camera\1772699954613168000.jpg,-1,4,truck,0.42027,84.0,602.0,154.0,648.0,84.0,602.0,154.0,648.0,unassigned,2,VEHICLE_TRUCK,preprocessed/masks/left_rear_camera/masks/frame_000444_gt2d_002_track_-1_VEHICLE_TRUCK.png,0.8883305788040161
left_rear,444,1772699954613168000,data\camera\left_rear_camera\1772699954613168000.jpg,1000016,1,car,0.944639,506.0,72.0,1913.0,1251.0,506.39874267578125,74.88626098632812,1932.002197265625,1266.6630859375,matched,0,VEHICLE_SUV,preprocessed/masks/left_rear_camera/masks/frame_000444_gt2d_000_track_-1_VEHICLE_SUV.png,0.98728346824646
left_rear,444,1772699954613168000,data\camera\left_rear_camera\1772699954613168000.jpg,1000017,1,car,0.66766,358.0,632.0,423.0,660.0,357.9881591796875,631.9898681640625,423.0160217285156,659.9369506835938,matched,1,VEHICLE_CAR,preprocessed/masks/left_rear_camera/masks/frame_000444_gt2d_001_track_-1_VEHICLE_CAR.png,0.8324231505393982
left_rear,445,1772699954713176000,data\camera\left_rear_camera\1772699954713176000.jpg,-1,4,truck,0.429125,84.0,602.0,157.0,648.0,84.0,602.0,157.0,648.0,unassigned,2,VEHICLE_TRUCK,preprocessed/masks/left_rear_camera/masks/frame_000445_gt2d_002_track_-1_VEHICLE_TRUCK.png,0.8790215253829956
left_rear,445,1772699954713176000,data\camera\left_rear_camera\1772699954713176000.jpg,1000016,1,car,0.948603,519.0,51.0,1919.0,1254.0,519.2802734375,54.31206130981445,1933.7586669921875,1264.5386962890625,matched,0,VEHICLE_SUV,preprocessed/masks/left_rear_camera/masks/frame_000445_gt2d_000_track_-1_VEHICLE_SUV.png,0.9923207759857178
left_rear,445,1772699954713176000,data\camera\left_rear_camera\1772699954713176000.jpg,1000017,1,car,0.691512,358.0,632.0,423.0,660.0,358.0467224121094,631.9625244140625,423.0703430175781,659.9177856445312,matched,1,VEHICLE_CAR,preprocessed/masks/left_rear_camera/masks/frame_000445_gt2d_001_track_-1_VEHICLE_CAR.png,0.8227296471595764
left_rear,446,1772699954813183000,data\camera\left_rear_camera\1772699954813183000.jpg,-1,4,truck,0.440451,84.0,602.0,160.0,649.0,84.0,602.0,160.0,649.0,unassigned,2,VEHICLE_TRUCK,preprocessed/masks/left_rear_camera/masks/frame_000446_gt2d_002_track_-1_VEHICLE_TRUCK.png,0.8786994218826294
left_rear,446,1772699954813183000,data\camera\left_rear_camera\1772699954813183000.jpg,1000016,1,car,0.94101,537.0,28.0,1914.0,1253.0,535.5910034179688,32.000999450683594,1930.0350341796875,1262.54736328125,matched,0,VEHICLE_SUV,preprocessed/masks/left_rear_camera/masks/frame_000446_gt2d_000_track_-1_VEHICLE_SUV.png,0.9855632185935974
left_rear,446,1772699954813183000,data\camera\left_rear_camera\1772699954813183000.jpg,1000017,1,car,0.685335,358.0,632.0,423.0,660.0,358.129638671875,631.9584350585938,423.1497497558594,659.9205322265625,matched,1,VEHICLE_CAR,preprocessed/masks/left_rear_camera/masks/frame_000446_gt2d_001_track_-1_VEHICLE_CAR.png,0.8266775608062744
left_rear,447,1772699954913191000,data\camera\left_rear_camera\1772699954913191000.jpg,-1,4,truck,0.426341,84.0,602.0,154.0,648.0,84.0,602.0,154.0,648.0,unassigned,2,VEHICLE_TRUCK,preprocessed/masks/left_rear_camera/masks/frame_000447_gt2d_002_track_-1_VEHICLE_TRUCK.png,0.883986234664917
left_rear,447,1772699954913191000,data\camera\left_rear_camera\1772699954913191000.jpg,1000016,1,car,0.935952,548.0,2.0,1915.0,1245.0,548.5664672851562,7.021604061126709,1928.217529296875,1256.0770263671875,matched,0,VEHICLE_SUV,preprocessed/masks/left_rear_camera/masks/frame_000447_gt2d_000_track_-1_VEHICLE_SUV.png,0.9861743450164795
left_rear,447,1772699954913191000,data\camera\left_rear_camera\1772699954913191000.jpg,1000017,1,car,0.688103,358.0,632.0,423.0,660.0,358.214111328125,631.8976440429688,423.2312927246094,659.8652954101562,matched,1,VEHICLE_CAR,preprocessed/masks/left_rear_camera/masks/frame_000447_gt2d_001_track_-1_VEHICLE_CAR.png,0.8327133655548096
left_rear,448,1772699955013154000,data\camera\left_rear_camera\1772699955013154000.jpg,-1,4,truck,0.427599,84.0,602.0,153.0,648.0,84.0,602.0,153.0,648.0,unassigned,2,VEHICLE_TRUCK,preprocessed/masks/left_rear_camera/masks/frame_000448_gt2d_002_track_-1_VEHICLE_TRUCK.png,0.8868856430053711
left_rear,448,1772699955013154000,data\camera\left_rear_camera\1772699955013154000.jpg,1000016,1,car,0.93638,569.0,0.0,1918.0,1231.0,566.807861328125,-3.481903314590454,1928.568603515625,1244.1025390625,matched,0,VEHICLE_SUV,preprocessed/masks/left_rear_camera/masks/frame_000448_gt2d_000_track_-1_VEHICLE_SUV.png,0.9848541021347046
left_rear,448,1772699955013154000,data\camera\left_rear_camera\1772699955013154000.jpg,1000017,1,car,0.689133,358.0,632.0,423.0,660.0,358.2095642089844,631.89697265625,423.2243347167969,659.8692016601562,matched,1,VEHICLE_CAR,preprocessed/masks/left_rear_camera/masks/frame_000448_gt2d_001_track_-1_VEHICLE_CAR.png,0.8286657929420471
left_rear,449,1772699955113284000,data\camera\left_rear_camera\1772699955113284000.jpg,-1,4,truck,0.421591,84.0,603.0,155.0,648.0,84.0,603.0,155.0,648.0,unassigned,2,VEHICLE_TRUCK,preprocessed/masks/left_rear_camera/masks/frame_000449_gt2d_002_track_-1_VEHICLE_TRUCK.png,0.8809126615524292
left_rear,449,1772699955113284000,data\camera\left_rear_camera\1772699955113284000.jpg,1000016,1,car,0.919811,571.0,0.0,1913.0,1232.0,574.33984375,-6.900604248046875,1924.4293212890625,1239.6231689453125,matched,0,VEHICLE_SUV,preprocessed/masks/left_rear_camera/masks/frame_000449_gt2d_000_track_-1_VEHICLE_SUV.png,0.9695066213607788
left_rear,449,1772699955113284000,data\camera\left_rear_camera\1772699955113284000.jpg,1000017,1,car,0.685901,358.0,632.0,423.0,660.0,358.10760498046875,631.93408203125,423.1203918457031,659.9100952148438,matched,1,VEHICLE_CAR,preprocessed/masks/left_rear_camera/masks/frame_000449_gt2d_001_track_-1_VEHICLE_CAR.png,0.8303622603416443
left_rear,450,1772699955213261000,data\camera\left_rear_camera\1772699955213261000.jpg,-1,4,truck,0.405264,84.0,603.0,154.0,648.0,84.0,603.0,154.0,648.0,unassigned,2,VEHICLE_TRUCK,preprocessed/masks/left_rear_camera/masks/frame_000450_gt2d_002_track_-1_VEHICLE_TRUCK.png,0.8905438184738159
left_rear,450,1772699955213261000,data\camera\left_rear_camera\1772699955213261000.jpg,1000016,1,car,0.931453,583.0,0.0,1916.0,1229.0,584.59326171875,-7.561730861663818,1924.167724609375,1235.66748046875,matched,0,VEHICLE_SUV,preprocessed/masks/left_rear_camera/masks/frame_000450_gt2d_000_track_-1_VEHICLE_SUV.png,0.9683189392089844
left_rear,450,1772699955213261000,data\camera\left_rear_camera\1772699955213261000.jpg,1000017,1,car,0.676598,358.0,632.0,423.0,660.0,358.07147216796875,632.02099609375,423.0825500488281,660.000244140625,matched,1,VEHICLE_CAR,preprocessed/masks/left_rear_camera/masks/frame_000450_gt2d_001_track_-1_VEHICLE_CAR.png,0.8335749506950378
left_rear,451,1772699955313268000,data\camera\left_rear_camera\1772699955313268000.jpg,-1,4,truck,0.435768,84.0,602.0,159.0,649.0,84.0,602.0,159.0,649.0,unassigned,2,VEHICLE_TRUCK,preprocessed/masks/left_rear_camera/masks/frame_000451_gt2d_002_track_-1_VEHICLE_TRUCK.png,0.8747520446777344
left_rear,451,1772699955313268000,data\camera\left_rear_camera\1772699955313268000.jpg,1000016,1,car,0.935612,596.0,0.0,1916.0,1226.0,596.5980224609375,-7.331125259399414,1923.4925537109375,1231.810791015625,matched,0,VEHICLE_SUV,preprocessed/masks/left_rear_camera/masks/frame_000451_gt2d_000_track_-1_VEHICLE_SUV.png,0.9667136073112488
left_rear,451,1772699955313268000,data\camera\left_rear_camera\1772699955313268000.jpg,1000017,1,car,0.686203,358.0,632.0,422.0,660.0,358.1025695800781,631.9879760742188,422.44732666015625,659.9698486328125,matched,1,VEHICLE_CAR,preprocessed/masks/left_rear_camera/masks/frame_000451_gt2d_001_track_-1_VEHICLE_CAR.png,0.8379725217819214
left_rear,452,1772699955413276000,data\camera\left_rear_camera\1772699955413276000.jpg,-1,4,truck,0.431342,84.0,602.0,156.0,649.0,84.0,602.0,156.0,649.0,unassigned,2,VEHICLE_TRUCK,preprocessed/masks/left_rear_camera/masks/frame_000452_gt2d_002_track_-1_VEHICLE_TRUCK.png,0.8779932260513306
left_rear,452,1772699955413276000,data\camera\left_rear_camera\1772699955413276000.jpg,1000016,1,car,0.942859,615.0,0.0,1915.0,1224.0,613.197265625,-6.669135570526123,1921.9884033203125,1228.826416015625,matched,0,VEHICLE_SUV,preprocessed/masks/left_rear_camera/masks/frame_000452_gt2d_000_track_-1_VEHICLE_SUV.png,0.9930104613304138
left_rear,452,1772699955413276000,data\camera\left_rear_camera\1772699955413276000.jpg,1000017,1,car,0.675803,358.0,632.0,423.0,660.0,358.0886535644531,632.0423583984375,422.8489990234375,660.0265502929688,matched,1,VEHICLE_CAR,preprocessed/masks/left_rear_camera/masks/frame_000452_gt2d_001_track_-1_VEHICLE_CAR.png,0.8284047842025757
left_rear,453,1772699955513283000,data\camera\left_rear_camera\1772699955513283000.jpg,-1,4,truck,0.433821,85.0,603.0,152.0,648.0,85.0,603.0,152.0,648.0,unassigned,2,VEHICLE_TRUCK,preprocessed/masks/left_rear_camera/masks/frame_000453_gt2d_002_track_-1_VEHICLE_TRUCK.png,0.8832231760025024
left_rear,453,1772699955513283000,data\camera\left_rear_camera\1772699955513283000.jpg,1000016,1,car,0.938147,620.0,0.0,1916.0,1218.0,622.1723022460938,-5.9544548988342285,1921.5499267578125,1223.5362548828125,matched,0,VEHICLE_SUV,preprocessed/masks/left_rear_camera/masks/frame_000453_gt2d_000_track_56_VEHICLE_SUV.png,0.9857865571975708
left_rear,453,1772699955513283000,data\camera\left_rear_camera\1772699955513283000.jpg,1000017,1,car,0.673259,358.0,632.0,422.0,660.0,358.0469970703125,632.0704956054688,422.3011169433594,660.056640625,matched,1,VEHICLE_CAR,preprocessed/masks/left_rear_camera/masks/frame_000453_gt2d_001_track_-1_VEHICLE_CAR.png,0.8306455612182617
left_rear,454,1772699955613291000,data\camera\left_rear_camera\1772699955613291000.jpg,-1,4,truck,0.423185,84.0,603.0,153.0,649.0,84.0,603.0,153.0,649.0,unassigned,2,VEHICLE_TRUCK,preprocessed/masks/left_rear_camera/masks/frame_000454_gt2d_002_track_-1_VEHICLE_TRUCK.png,0.8786536455154419
left_rear,454,1772699955613291000,data\camera\left_rear_camera\1772699955613291000.jpg,1000016,1,car,0.939469,629.0,0.0,1915.0,1221.0,630.841796875,-5.1895341873168945,1920.15869140625,1223.371337890625,matched,0,VEHICLE_SUV,preprocessed/masks/left_rear_camera/masks/frame_000454_gt2d_000_track_56_VEHICLE_SUV.png,0.9906612634658813
left_rear,454,1772699955613291000,data\camera\left_rear_camera\1772699955613291000.jpg,1000017,1,car,0.661434,358.0,632.0,423.0,660.0,357.87103271484375,632.156494140625,422.5992736816406,660.1443481445312,matched,1,VEHICLE_CAR,preprocessed/masks/left_rear_camera/masks/frame_000454_gt2d_001_track_-1_VEHICLE_CAR.png,0.832504153251648
left_rear,455,1772699955713268000,data\camera\left_rear_camera\1772699955713268000.jpg,-1,4,truck,0.416113,84.0,603.0,155.0,649.0,84.0,603.0,155.0,649.0,unassigned,2,VEHICLE_TRUCK,preprocessed/masks/left_rear_camera/masks/frame_000455_gt2d_002_track_-1_VEHICLE_TRUCK.png,0.8763135075569153
left_rear,455,1772699955713268000,data\camera\left_rear_camera\1772699955713268000.jpg,1000016,1,car,0.940843,641.0,0.0,1917.0,1219.0,641.507080078125,-4.535198211669922,1920.5426025390625,1221.859619140625,matched,0,VEHICLE_SUV,preprocessed/masks/left_rear_camera/masks/frame_000455_gt2d_000_track_56_VEHICLE_SUV.png,0.9919720888137817
left_rear,455,1772699955713268000,data\camera\left_rear_camera\1772699955713268000.jpg,1000017,1,car,0.679589,358.0,632.0,422.0,660.0,357.739501953125,632.1998291015625,421.9852294921875,660.189208984375,matched,1,VEHICLE_CAR,preprocessed/masks/left_rear_camera/masks/frame_000455_gt2d_001_track_-1_VEHICLE_CAR.png,0.8354091644287109
left_rear,456,1772699955813275000,data\camera\left_rear_camera\1772699955813275000.jpg,-1,4,truck,0.423662,84.0,603.0,155.0,649.0,84.0,603.0,155.0,649.0,unassigned,2,VEHICLE_TRUCK,preprocessed/masks/left_rear_camera/masks/frame_000456_gt2d_002_track_-1_VEHICLE_TRUCK.png,0.8716988563537598
left_rear,456,1772699955813275000,data\camera\left_rear_camera\1772699955813275000.jpg,1000016,1,car,0.922432,645.0,0.0,1914.0,1232.0,647.843017578125,-4.0988993644714355,1918.545654296875,1229.56982421875,matched,0,VEHICLE_SUV,preprocessed/masks/left_rear_camera/masks/frame_000456_gt2d_000_track_56_VEHICLE_SUV.png,0.9896223545074463
left_rear,456,1772699955813275000,data\camera\left_rear_camera\1772699955813275000.jpg,1000017,1,car,0.664842,358.0,632.0,423.0,660.0,357.872802734375,632.0819091796875,422.6000061035156,660.0725708007812,matched,1,VEHICLE_CAR,preprocessed/masks/left_rear_camera/masks/frame_000456_gt2d_001_track_-1_VEHICLE_CAR.png,0.8308478593826294
left_rear,457,1772699955913282000,data\camera\left_rear_camera\1772699955913282000.jpg,-1,4,truck,0.420031,85.0,603.0,153.0,649.0,85.0,603.0,153.0,649.0,unassigned,2,VEHICLE_TRUCK,preprocessed/masks/left_rear_camera/masks/frame_000457_gt2d_002_track_-1_VEHICLE_TRUCK.png,0.876442551612854
left_rear,457,1772699955913282000,data\camera\left_rear_camera\1772699955913282000.jpg,1000016,1,car,0.906261,652.0,0.0,1916.0,1238.0,654.4781494140625,-3.7229132652282715,1918.9371337890625,1236.270263671875,matched,0,VEHICLE_SUV,preprocessed/masks/left_rear_camera/masks/frame_000457_gt2d_000_track_56_VEHICLE_SUV.png,0.9871052503585815
left_rear,457,1772699955913282000,data\camera\left_rear_camera\1772699955913282000.jpg,1000017,1,car,0.676849,358.0,632.0,423.0,660.0,358.0047302246094,631.9854736328125,422.9134216308594,659.977294921875,matched,1,VEHICLE_CAR,preprocessed/masks/left_rear_camera/masks/frame_000457_gt2d_001_track_-1_VEHICLE_CAR.png,0.8334296941757202
left_rear,458,1772699956013276000,data\camera\left_rear_camera\1772699956013276000.jpg,-1,4,truck,0.414478,84.0,603.0,152.0,649.0,84.0,603.0,152.0,649.0,unassigned,2,VEHICLE_TRUCK,preprocessed/masks/left_rear_camera/masks/frame_000458_gt2d_002_track_-1_VEHICLE_TRUCK.png,0.8802589178085327
left_rear,458,1772699956013276000,data\camera\left_rear_camera\1772699956013276000.jpg,1000016,1,car,0.912786,655.0,0.0,1916.0,1234.0,658.4939575195312,-3.3165123462677,1918.8341064453125,1236.0802001953125,matched,0,VEHICLE_SUV,preprocessed/masks/left_rear_camera/masks/frame_000458_gt2d_000_track_56_VEHICLE_SUV.png,0.986568808555603
left_rear,458,1772699956013276000,data\camera\left_rear_camera\1772699956013276000.jpg,1000017,1,car,0.675475,358.0,632.0,422.0,660.0,358.0404357910156,631.966552734375,422.3569641113281,659.9592895507812,matched,1,VEHICLE_CAR,preprocessed/masks/left_rear_camera/masks/frame_000458_gt2d_001_track_-1_VEHICLE_CAR.png,0.8343767523765564
left_rear,459,1772699956113192000,data\camera\left_rear_camera\1772699956113192000.jpg,-1,4,truck,0.358024,85.0,603.0,160.0,648.0,85.0,603.0,160.0,648.0,unassigned,2,VEHICLE_TRUCK,preprocessed/masks/left_rear_camera/masks/frame_000459_gt2d_002_track_-1_VEHICLE_TRUCK.png,0.8668836951255798
left_rear,459,1772699956113192000,data\camera\left_rear_camera\1772699956113192000.jpg,1000016,1,car,0.91238,660.0,0.0,1916.0,1230.0,662.89892578125,-2.8506226539611816,1918.5841064453125,1233.306640625,matched,0,VEHICLE_SUV,preprocessed/masks/left_rear_camera/masks/frame_000459_gt2d_000_track_56_VEHICLE_SUV.png,0.9871184825897217
left_rear,459,1772699956113192000,data\camera\left_rear_camera\1772699956113192000.jpg,1000017,1,car,0.683543,358.0,632.0,423.0,660.0,358.0486755371094,632.0408325195312,422.8035583496094,660.034423828125,matched,1,VEHICLE_CAR,preprocessed/masks/left_rear_camera/masks/frame_000459_gt2d_001_track_-1_VEHICLE_CAR.png,0.8343467712402344
left_rear,460,1772699956213169000,data\camera\left_rear_camera\1772699956213169000.jpg,-1,4,truck,0.36391,85.0,603.0,157.0,648.0,85.0,603.0,157.0,648.0,unassigned,2,VEHICLE_TRUCK,preprocessed/masks/left_rear_camera/masks/frame_000460_gt2d_002_track_-1_VEHICLE_TRUCK.png,0.8707561492919922
left_rear,460,1772699956213169000,data\camera\left_rear_camera\1772699956213169000.jpg,1000016,1,car,0.909777,666.0,0.0,1915.0,1233.0,668.146240234375,-2.4634273052215576,1917.64111328125,1234.1102294921875,matched,0,VEHICLE_SUV,preprocessed/masks/left_rear_camera/masks/frame_000460_gt2d_000_track_56_VEHICLE_SUV.png,0.9849051237106323
left_rear,460,1772699956213169000,data\camera\left_rear_camera\1772699956213169000.jpg,1000017,1,car,0.678814,358.0,632.0,423.0,660.0,358.052001953125,632.079833984375,422.9718322753906,660.07421875,matched,1,VEHICLE_CAR,preprocessed/masks/left_rear_camera/masks/frame_000460_gt2d_001_track_-1_VEHICLE_CAR.png,0.8371616005897522
left_rear,461,1772699956313177000,data\camera\left_rear_camera\1772699956313177000.jpg,-1,4,truck,0.384167,85.0,603.0,152.0,647.0,85.0,603.0,152.0,647.0,unassigned,2,VEHICLE_TRUCK,preprocessed/masks/left_rear_camera/masks/frame_000461_gt2d_002_track_-1_VEHICLE_TRUCK.png,0.8809431195259094
left_rear,461,1772699956313177000,data\camera\left_rear_camera\1772699956313177000.jpg,1000016,1,car,0.906644,674.0,0.0,1914.0,1233.0,674.9944458007812,-2.1247622966766357,1916.391845703125,1234.33642578125,matched,0,VEHICLE_SUV,preprocessed/masks/left_rear_camera/masks/frame_000461_gt2d_000_track_56_VEHICLE_SUV.png,0.9870906472206116
left_rear,461,1772699956313177000,data\camera\left_rear_camera\1772699956313177000.jpg,1000017,1,car,0.66506,358.0,632.0,423.0,660.0,357.9837341308594,632.1181640625,422.9655456542969,660.1132202148438,matched,1,VEHICLE_CAR,preprocessed/masks/left_rear_camera/masks/frame_000461_gt2d_001_track_-1_VEHICLE_CAR.png,0.8353349566459656
left_rear,462,1772699956413184000,data\camera\left_rear_camera\1772699956413184000.jpg,-1,4,truck,0.369558,85.0,603.0,153.0,648.0,85.0,603.0,153.0,648.0,unassigned,2,VEHICLE_TRUCK,preprocessed/masks/left_rear_camera/masks/frame_000462_gt2d_002_track_-1_VEHICLE_TRUCK.png,0.8783659934997559
left_rear,462,1772699956413184000,data\camera\left_rear_camera\1772699956413184000.jpg,1000016,1,car,0.897207,678.0,0.0,1913.0,1242.0,679.94580078125,-1.8174635171890259,1915.1988525390625,1240.2862548828125,matched,0,VEHICLE_SUV,preprocessed/masks/left_rear_camera/masks/frame_000462_gt2d_000_track_56_VEHICLE_SUV.png,0.9860889315605164
left_rear,462,1772699956413184000,data\camera\left_rear_camera\1772699956413184000.jpg,1000017,1,car,0.671471,358.0,632.0,423.0,660.0,358.0389404296875,632.1596069335938,423.0431213378906,660.1552124023438,matched,1,VEHICLE_CAR,preprocessed/masks/left_rear_camera/masks/frame_000462_gt2d_001_track_-1_VEHICLE_CAR.png,0.8394347429275513
left_rear,463,1772699956513192000,data\camera\left_rear_camera\1772699956513192000.jpg,-1,4,truck,0.378248,85.0,603.0,153.0,647.0,85.0,603.0,153.0,647.0,unassigned,2,VEHICLE_TRUCK,preprocessed/masks/left_rear_camera/masks/frame_000463_gt2d_002_track_-1_VEHICLE_TRUCK.png,0.8808553218841553
left_rear,463,1772699956513192000,data\camera\left_rear_camera\1772699956513192000.jpg,1000016,1,car,0.899264,683.0,0.0,1913.0,1242.0,684.848388671875,-1.580064058303833,1914.69921875,1242.4451904296875,matched,0,VEHICLE_SUV,preprocessed/masks/left_rear_camera/masks/frame_000463_gt2d_000_track_56_VEHICLE_SUV.png,0.9875670075416565
left_rear,463,1772699956513192000,data\camera\left_rear_camera\1772699956513192000.jpg,1000017,1,car,0.676106,358.0,632.0,422.0,659.0,358.1221618652344,632.1681518554688,422.4731140136719,659.5032348632812,matched,1,VEHICLE_CAR,preprocessed/masks/left_rear_camera/masks/frame_000463_gt2d_001_track_-1_VEHICLE_CAR.png,0.8616702556610107
left_rear,464,1772699956613168000,data\camera\left_rear_camera\1772699956613168000.jpg,-1,4,truck,0.368721,85.0,603.0,154.0,647.0,85.0,603.0,154.0,647.0,unassigned,2,VEHICLE_TRUCK,preprocessed/masks/left_rear_camera/masks/frame_000464_gt2d_002_track_-1_VEHICLE_TRUCK.png,0.8805208206176758
left_rear,464,1772699956613168000,data\camera\left_rear_camera\1772699956613168000.jpg,1000016,1,car,0.894227,686.0,0.0,1913.0,1242.0,688.2863159179688,-1.3461568355560303,1914.34375,1243.1866455078125,matched,0,VEHICLE_SUV,preprocessed/masks/left_rear_camera/masks/frame_000464_gt2d_000_track_56_VEHICLE_SUV.png,0.9707566499710083
left_rear,464,1772699956613168000,data\camera\left_rear_camera\1772699956613168000.jpg,1000017,1,car,0.673156,358.0,632.0,423.0,660.0,358.0809326171875,632.1920166015625,422.84710693359375,659.944580078125,matched,1,VEHICLE_CAR,preprocessed/masks/left_rear_camera/masks/frame_000464_gt2d_001_track_-1_VEHICLE_CAR.png,0.8428983688354492
left_rear,465,1772699956713176000,data\camera\left_rear_camera\1772699956713176000.jpg,-1,4,truck,0.38702,85.0,603.0,154.0,648.0,85.0,603.0,154.0,648.0,unassigned,2,VEHICLE_TRUCK,preprocessed/masks/left_rear_camera/masks/frame_000465_gt2d_002_track_-1_VEHICLE_TRUCK.png,0.8772909641265869
left_rear,465,1772699956713176000,data\camera\left_rear_camera\1772699956713176000.jpg,1000016,1,car,0.902467,689.0,0.0,1914.0,1239.0,691.2529907226562,-1.2206847667694092,1914.77978515625,1241.3231201171875,matched,0,VEHICLE_SUV,preprocessed/masks/left_rear_camera/masks/frame_000465_gt2d_000_track_56_VEHICLE_SUV.png,0.9388648867607117
left_rear,465,1772699956713176000,data\camera\left_rear_camera\1772699956713176000.jpg,1000017,1,car,0.681828,358.0,632.0,423.0,660.0,358.0531005859375,632.1375732421875,422.97552490234375,660.0454711914062,matched,1,VEHICLE_CAR,preprocessed/masks/left_rear_camera/masks/frame_000465_gt2d_001_track_-1_VEHICLE_CAR.png,0.8388258814811707
left_rear,466,1772699956813183000,data\camera\left_rear_camera\1772699956813183000.jpg,-1,4,truck,0.38817,85.0,603.0,153.0,648.0,85.0,603.0,153.0,648.0,unassigned,2,VEHICLE_TRUCK,preprocessed/masks/left_rear_camera/masks/frame_000466_gt2d_002_track_-1_VEHICLE_TRUCK.png,0.8798974752426147
left_rear,466,1772699956813183000,data\camera\left_rear_camera\1772699956813183000.jpg,1000016,1,car,0.902554,691.0,0.0,1915.0,1240.0,693.422607421875,-1.069814920425415,1915.5452880859375,1241.1956787109375,matched,0,VEHICLE_SUV,preprocessed/masks/left_rear_camera/masks/frame_000466_gt2d_000_track_56_VEHICLE_SUV.png,0.9395111799240112
left_rear,466,1772699956813183000,data\camera\left_rear_camera\1772699956813183000.jpg,1000017,1,car,0.674298,358.0,632.0,423.0,660.0,358.05316162109375,632.1268310546875,423.0343933105469,660.094482421875,matched,1,VEHICLE_CAR,preprocessed/masks/left_rear_camera/masks/frame_000466_gt2d_001_track_-1_VEHICLE_CAR.png,0.836410403251648
left_rear,467,1772699956913191000,data\camera\left_rear_camera\1772699956913191000.jpg,-1,4,truck,0.374587,85.0,603.0,152.0,647.0,85.0,603.0,152.0,647.0,unassigned,2,VEHICLE_TRUCK,preprocessed/masks/left_rear_camera/masks/frame_000467_gt2d_002_track_-1_VEHICLE_TRUCK.png,0.8842498064041138
left_rear,467,1772699956913191000,data\camera\left_rear_camera\1772699956913191000.jpg,1000016,1,car,0.899694,692.0,0.0,1915.0,1243.0,694.5601806640625,-0.9323655366897583,1915.6864013671875,1243.054443359375,matched,0,VEHICLE_SUV,preprocessed/masks/left_rear_camera/masks/frame_000467_gt2d_000_track_56_VEHICLE_SUV.png,0.9411137700080872
left_rear,467,1772699956913191000,data\camera\left_rear_camera\1772699956913191000.jpg,1000017,1,car,0.66808,357.0,632.0,423.0,660.0,357.312255859375,632.1227416992188,422.97515869140625,660.113037109375,matched,1,VEHICLE_CAR,preprocessed/masks/left_rear_camera/masks/frame_000467_gt2d_001_track_-1_VEHICLE_CAR.png,0.8386017084121704
left_rear,468,1772699957013154000,data\camera\left_rear_camera\1772699957013154000.jpg,-1,4,truck,0.386753,85.0,603.0,153.0,647.0,85.0,603.0,153.0,647.0,unassigned,2,VEHICLE_TRUCK,preprocessed/masks/left_rear_camera/masks/frame_000468_gt2d_002_track_-1_VEHICLE_TRUCK.png,0.8841132521629333
left_rear,468,1772699957013154000,data\camera\left_rear_camera\1772699957013154000.jpg,1000016,1,car,0.906929,694.0,0.0,1915.0,1241.0,696.0308227539062,-0.8329344987869263,1915.634033203125,1242.35009765625,matched,0,VEHICLE_SUV,preprocessed/masks/left_rear_camera/masks/frame_000468_gt2d_000_track_56_VEHICLE_SUV.png,0.9423365592956543
left_rear,468,1772699957013154000,data\camera\left_rear_camera\1772699957013154000.jpg,1000017,1,car,0.683034,358.0,632.0,423.0,660.0,357.646240234375,632.0983276367188,422.9067687988281,660.0970458984375,matched,1,VEHICLE_CAR,preprocessed/masks/left_rear_camera/masks/frame_000468_gt2d_001_track_-1_VEHICLE_CAR.png,0.8453692197799683
left_rear,469,1772699957113284000,data\camera\left_rear_camera\1772699957113284000.jpg,-1,4,truck,0.38206,85.0,603.0,152.0,647.0,85.0,603.0,152.0,647.0,unassigned,2,VEHICLE_TRUCK,preprocessed/masks/left_rear_camera/masks/frame_000469_gt2d_002_track_-1_VEHICLE_TRUCK.png,0.885701060295105
left_rear,469,1772699957113284000,data\camera\left_rear_camera\1772699957113284000.jpg,1000016,1,car,0.905896,695.0,0.0,1915.0,1242.0,696.9493408203125,-0.7283962368965149,1915.4803466796875,1242.6806640625,matched,0,VEHICLE_SUV,preprocessed/masks/left_rear_camera/masks/frame_000469_gt2d_000_track_56_VEHICLE_SUV.png,0.9415323734283447
left_rear,469,1772699957113284000,data\camera\left_rear_camera\1772699957113284000.jpg,1000017,1,car,0.686172,358.0,632.0,423.0,660.0,357.6985778808594,632.0922241210938,422.8017578125,660.0938720703125,matched,1,VEHICLE_CAR,preprocessed/masks/left_rear_camera/masks/frame_000469_gt2d_001_track_-1_VEHICLE_CAR.png,0.8454815149307251
left_rear,470,1772699957213261000,data\camera\left_rear_camera\1772699957213261000.jpg,-1,4,truck,0.380654,85.0,603.0,152.0,647.0,85.0,603.0,152.0,647.0,unassigned,2,VEHICLE_TRUCK,preprocessed/masks/left_rear_camera/masks/frame_000470_gt2d_002_track_-1_VEHICLE_TRUCK.png,0.8845825791358948
left_rear,470,1772699957213261000,data\camera\left_rear_camera\1772699957213261000.jpg,1000016,1,car,0.905719,695.0,0.0,1915.0,1240.0,697.073486328125,-0.6443828344345093,1915.351318359375,1241.41943359375,matched,0,VEHICLE_SUV,preprocessed/masks/left_rear_camera/masks/frame_000470_gt2d_000_track_56_VEHICLE_SUV.png,0.9423242807388306
left_rear,470,1772699957213261000,data\camera\left_rear_camera\1772699957213261000.jpg,1000017,1,car,0.679364,358.0,632.0,423.0,660.0,357.69610595703125,632.0791625976562,422.738525390625,660.0817260742188,matched,1,VEHICLE_CAR,preprocessed/masks/left_rear_camera/masks/frame_000470_gt2d_001_track_-1_VEHICLE_CAR.png,0.8443410992622375
left_rear,471,1772699957313268000,data\camera\left_rear_camera\1772699957313268000.jpg,-1,4,truck,0.38933,85.0,603.0,153.0,647.0,85.0,603.0,153.0,647.0,unassigned,2,VEHICLE_TRUCK,preprocessed/masks/left_rear_camera/masks/frame_000471_gt2d_002_track_-1_VEHICLE_TRUCK.png,0.884475827217102
left_rear,471,1772699957313268000,data\camera\left_rear_camera\1772699957313268000.jpg,1000016,1,car,0.906037,694.0,0.0,1915.0,1242.0,696.247802734375,-0.5575907230377197,1915.228759765625,1242.2183837890625,matched,0,VEHICLE_SUV,preprocessed/masks/left_rear_camera/masks/frame_000471_gt2d_000_track_56_VEHICLE_SUV.png,0.9411342740058899
left_rear,471,1772699957313268000,data\camera\left_rear_camera\1772699957313268000.jpg,1000017,1,car,0.680415,358.0,632.0,423.0,660.0,357.66375732421875,632.079833984375,422.6824951171875,660.08251953125,matched,1,VEHICLE_CAR,preprocessed/masks/left_rear_camera/masks/frame_000471_gt2d_001_track_-1_VEHICLE_CAR.png,0.8440384864807129
left_rear,472,1772699957413276000,data\camera\left_rear_camera\1772699957413276000.jpg,-1,4,truck,0.390222,85.0,603.0,153.0,647.0,85.0,603.0,153.0,647.0,unassigned,2,VEHICLE_TRUCK,preprocessed/masks/left_rear_camera/masks/frame_000472_gt2d_002_track_-1_VEHICLE_TRUCK.png,0.8823114633560181
left_rear,472,1772699957413276000,data\camera\left_rear_camera\1772699957413276000.jpg,1000016,1,car,0.903429,694.0,0.0,1915.0,1242.0,695.83935546875,-0.4967135488986969,1915.2052001953125,1242.4654541015625,matched,0,VEHICLE_SUV,preprocessed/masks/left_rear_camera/masks/frame_000472_gt2d_000_track_56_VEHICLE_SUV.png,0.9419248700141907
left_rear,472,1772699957413276000,data\camera\left_rear_camera\1772699957413276000.jpg,1000017,1,car,0.680991,358.0,632.0,423.0,660.0,357.7118835449219,632.0655517578125,422.7212219238281,660.0680541992188,matched,1,VEHICLE_CAR,preprocessed/masks/left_rear_camera/masks/frame_000472_gt2d_001_track_-1_VEHICLE_CAR.png,0.8423269391059875
left_rear,473,1772699957513283000,data\camera\left_rear_camera\1772699957513283000.jpg,-1,4,truck,0.389824,85.0,603.0,153.0,647.0,85.0,603.0,153.0,647.0,unassigned,2,VEHICLE_TRUCK,preprocessed/masks/left_rear_camera/masks/frame_000473_gt2d_002_track_-1_VEHICLE_TRUCK.png,0.8835140466690063
left_rear,473,1772699957513283000,data\camera\left_rear_camera\1772699957513283000.jpg,1000016,1,car,0.903569,694.0,0.0,1915.0,1243.0,695.5535278320312,-0.4734311103820801,1915.169189453125,1243.14208984375,matched,0,VEHICLE_SUV,preprocessed/masks/left_rear_camera/masks/frame_000473_gt2d_000_track_56_VEHICLE_SUV.png,0.9414472579956055
left_rear,473,1772699957513283000,data\camera\left_rear_camera\1772699957513283000.jpg,1000017,1,car,0.682686,358.0,632.0,423.0,660.0,357.7361145019531,632.0223388671875,422.74163818359375,660.0245971679688,matched,1,VEHICLE_CAR,preprocessed/masks/left_rear_camera/masks/frame_000473_gt2d_001_track_-1_VEHICLE_CAR.png,0.8442902565002441
left_rear,474,1772699957613291000,data\camera\left_rear_camera\1772699957613291000.jpg,-1,4,truck,0.381145,85.0,603.0,153.0,647.0,85.0,603.0,153.0,647.0,unassigned,2,VEHICLE_TRUCK,preprocessed/masks/left_rear_camera/masks/frame_000474_gt2d_002_track_-1_VEHICLE_TRUCK.png,0.8842548131942749
left_rear,474,1772699957613291000,data\camera\left_rear_camera\1772699957613291000.jpg,1000016,1,car,0.90251,694.0,0.0,1916.0,1243.0,695.2557373046875,-0.4393000304698944,1915.71875,1243.353515625,matched,0,VEHICLE_SUV,preprocessed/masks/left_rear_camera/masks/frame_000474_gt2d_000_track_56_VEHICLE_SUV.png,0.9413381814956665
left_rear,474,1772699957613291000,data\camera\left_rear_camera\1772699957613291000.jpg,1000017,1,car,0.677403,358.0,632.0,423.0,660.0,357.6759033203125,631.9979248046875,422.6796875,660.0,matched,1,VEHICLE_CAR,preprocessed/masks/left_rear_camera/masks/frame_000474_gt2d_001_track_-1_VEHICLE_CAR.png,0.84146648645401
left_rear,475,1772699957713268000,data\camera\left_rear_camera\1772699957713268000.jpg,-1,4,truck,0.386147,85.0,603.0,153.0,647.0,85.0,603.0,153.0,647.0,unassigned,2,VEHICLE_TRUCK,preprocessed/masks/left_rear_camera/masks/frame_000475_gt2d_002_track_-1_VEHICLE_TRUCK.png,0.8836277723312378
left_rear,475,1772699957713268000,data\camera\left_rear_camera\1772699957713268000.jpg,1000016,1,car,0.904824,694.0,0.0,1915.0,1242.0,695.1175537109375,-0.36395445466041565,1915.31787109375,1242.77099609375,matched,0,VEHICLE_SUV,preprocessed/masks/left_rear_camera/masks/frame_000475_gt2d_000_track_56_VEHICLE_SUV.png,0.9414119720458984
left_rear,475,1772699957713268000,data\camera\left_rear_camera\1772699957713268000.jpg,1000017,1,car,0.678859,358.0,632.0,423.0,660.0,357.7330017089844,632.0215454101562,422.7359619140625,660.0233154296875,matched,1,VEHICLE_CAR,preprocessed/masks/left_rear_camera/masks/frame_000475_gt2d_001_track_-1_VEHICLE_CAR.png,0.8436165452003479
left_rear,476,1772699957813275000,data\camera\left_rear_camera\1772699957813275000.jpg,-1,4,truck,0.3896,85.0,603.0,153.0,647.0,85.0,603.0,153.0,647.0,unassigned,2,VEHICLE_TRUCK,preprocessed/masks/left_rear_camera/masks/frame_000476_gt2d_002_track_-1_VEHICLE_TRUCK.png,0.8836708068847656
left_rear,476,1772699957813275000,data\camera\left_rear_camera\1772699957813275000.jpg,1000016,1,car,0.902095,694.0,0.0,1915.0,1243.0,695.0771484375,-0.2834491729736328,1915.2470703125,1243.2056884765625,matched,0,VEHICLE_SUV,preprocessed/masks/left_rear_camera/masks/frame_000476_gt2d_000_track_56_VEHICLE_SUV.png,0.9404271841049194
left_rear,476,1772699957813275000,data\camera\left_rear_camera\1772699957813275000.jpg,1000017,1,car,0.677688,358.0,632.0,423.0,660.0,357.86029052734375,632.0562133789062,422.86273193359375,660.0578002929688,matched,1,VEHICLE_CAR,preprocessed/masks/left_rear_camera/masks/frame_000476_gt2d_001_track_-1_VEHICLE_CAR.png,0.8433107137680054
left_rear,477,1772699957913282000,data\camera\left_rear_camera\1772699957913282000.jpg,-1,4,truck,0.386768,85.0,603.0,152.0,647.0,85.0,603.0,152.0,647.0,unassigned,2,VEHICLE_TRUCK,preprocessed/masks/left_rear_camera/masks/frame_000477_gt2d_002_track_-1_VEHICLE_TRUCK.png,0.8854944705963135
left_rear,477,1772699957913282000,data\camera\left_rear_camera\1772699957913282000.jpg,1000016,1,car,0.904063,694.0,0.0,1915.0,1242.0,694.9514770507812,-0.24303700029850006,1915.171630859375,1242.67041015625,matched,0,VEHICLE_SUV,preprocessed/masks/left_rear_camera/masks/frame_000477_gt2d_000_track_56_VEHICLE_SUV.png,0.9414803385734558
left_rear,477,1772699957913282000,data\camera\left_rear_camera\1772699957913282000.jpg,1000017,1,car,0.677173,358.0,632.0,422.0,660.0,357.8800964355469,632.0564575195312,422.2213439941406,660.057861328125,matched,1,VEHICLE_CAR,preprocessed/masks/left_rear_camera/masks/frame_000477_gt2d_001_track_-1_VEHICLE_CAR.png,0.8495131134986877
left_rear,478,1772699958013276000,data\camera\left_rear_camera\1772699958013276000.jpg,-1,4,truck,0.390978,85.0,603.0,153.0,648.0,85.0,603.0,153.0,648.0,unassigned,2,VEHICLE_TRUCK,preprocessed/masks/left_rear_camera/masks/frame_000478_gt2d_002_track_-1_VEHICLE_TRUCK.png,0.8816361427307129
left_rear,478,1772699958013276000,data\camera\left_rear_camera\1772699958013276000.jpg,1000016,1,car,0.90199,694.0,0.0,1915.0,1242.0,694.7958374023438,-0.22289176285266876,1915.0897216796875,1242.4283447265625,matched,0,VEHICLE_SUV,preprocessed/masks/left_rear_camera/masks/frame_000478_gt2d_000_track_56_VEHICLE_SUV.png,0.9414267539978027
left_rear,478,1772699958013276000,data\camera\left_rear_camera\1772699958013276000.jpg,1000017,1,car,0.674007,358.0,632.0,422.0,660.0,357.8528747558594,632.0410766601562,421.94427490234375,660.0422973632812,matched,1,VEHICLE_CAR,preprocessed/masks/left_rear_camera/masks/frame_000478_gt2d_001_track_-1_VEHICLE_CAR.png,0.846137285232544
left_rear,479,1772699958113192000,data\camera\left_rear_camera\1772699958113192000.jpg,-1,4,truck,0.398553,84.0,603.0,151.0,648.0,84.0,603.0,151.0,648.0,unassigned,2,VEHICLE_TRUCK,preprocessed/masks/left_rear_camera/masks/frame_000479_gt2d_002_track_-1_VEHICLE_TRUCK.png,0.8913275003433228
left_rear,479,1772699958113192000,data\camera\left_rear_camera\1772699958113192000.jpg,1000016,1,car,0.901699,695.0,0.0,1915.0,1239.0,695.4042358398438,-0.20595267415046692,1915.1134033203125,1240.3267822265625,matched,0,VEHICLE_SUV,preprocessed/masks/left_rear_camera/masks/frame_000479_gt2d_000_track_56_VEHICLE_SUV.png,0.9418352842330933
left_rear,479,1772699958113192000,data\camera\left_rear_camera\1772699958113192000.jpg,1000017,1,car,0.722733,358.0,632.0,422.0,660.0,357.9119873046875,632.0267333984375,421.9125671386719,660.02783203125,matched,1,VEHICLE_CAR,preprocessed/masks/left_rear_camera/masks/frame_000479_gt2d_001_track_-1_VEHICLE_CAR.png,0.8543828129768372
left_rear,480,1772699958213169000,data\camera\left_rear_camera\1772699958213169000.jpg,-1,4,truck,0.408904,84.0,602.0,155.0,648.0,84.0,602.0,155.0,648.0,unassigned,2,VEHICLE_TRUCK,preprocessed/masks/left_rear_camera/masks/frame_000480_gt2d_002_track_-1_VEHICLE_TRUCK.png,0.8922935724258423
left_rear,480,1772699958213169000,data\camera\left_rear_camera\1772699958213169000.jpg,1000016,1,car,0.899661,694.0,0.0,1915.0,1241.0,694.9194946289062,-0.1856006681919098,1915.1131591796875,1240.838134765625,matched,0,VEHICLE_SUV,preprocessed/masks/left_rear_camera/masks/frame_000480_gt2d_000_track_56_VEHICLE_SUV.png,0.9414176940917969
left_rear,480,1772699958213169000,data\camera\left_rear_camera\1772699958213169000.jpg,1000017,1,car,0.713842,358.0,632.0,422.0,660.0,357.93829345703125,632.019287109375,421.9081726074219,660.020263671875,matched,1,VEHICLE_CAR,preprocessed/masks/left_rear_camera/masks/frame_000480_gt2d_001_track_-1_VEHICLE_CAR.png,0.8492130041122437
left_rear,481,1772699958313177000,data\camera\left_rear_camera\1772699958313177000.jpg,-1,4,truck,0.414429,84.0,602.0,152.0,648.0,84.0,602.0,152.0,648.0,unassigned,2,VEHICLE_TRUCK,preprocessed/masks/left_rear_camera/masks/frame_000481_gt2d_002_track_-1_VEHICLE_TRUCK.png,0.8961403965950012
left_rear,481,1772699958313177000,data\camera\left_rear_camera\1772699958313177000.jpg,1000016,1,car,0.90352,694.0,0.0,1915.0,1237.0,694.6614990234375,-0.15911513566970825,1915.07763671875,1238.386474609375,matched,0,VEHICLE_SUV,preprocessed/masks/left_rear_camera/masks/frame_000481_gt2d_000_track_56_VEHICLE_SUV.png,0.9417037963867188
left_rear,481,1772699958313177000,data\camera\left_rear_camera\1772699958313177000.jpg,1000017,1,car,0.706202,358.0,632.0,422.0,660.0,357.9246520996094,632.0216064453125,421.8863525390625,660.0224609375,matched,1,VEHICLE_CAR,preprocessed/masks/left_rear_camera/masks/frame_000481_gt2d_001_track_-1_VEHICLE_CAR.png,0.8524981737136841
left_rear,482,1772699958413184000,data\camera\left_rear_camera\1772699958413184000.jpg,-1,4,truck,0.408166,84.0,603.0,152.0,648.0,84.0,603.0,152.0,648.0,unassigned,2,VEHICLE_TRUCK,preprocessed/masks/left_rear_camera/masks/frame_000482_gt2d_002_track_-1_VEHICLE_TRUCK.png,0.895323634147644
left_rear,482,1772699958413184000,data\camera\left_rear_camera\1772699958413184000.jpg,1000016,1,car,0.900135,694.0,0.0,1915.0,1240.0,694.507568359375,-0.13364577293395996,1915.0416259765625,1239.44140625,matched,0,VEHICLE_SUV,preprocessed/masks/left_rear_camera/masks/frame_000482_gt2d_000_track_56_VEHICLE_SUV.png,0.9416185021400452
left_rear,482,1772699958413184000,data\camera\left_rear_camera\1772699958413184000.jpg,1000017,1,car,0.716041,359.0,632.0,422.0,660.0,358.5691223144531,632.0254516601562,421.8690490722656,660.0261840820312,matched,1,VEHICLE_CAR,preprocessed/masks/left_rear_camera/masks/frame_000482_gt2d_001_track_-1_VEHICLE_CAR.png,0.8514865040779114
left_rear,483,1772699958513192000,data\camera\left_rear_camera\1772699958513192000.jpg,-1,4,truck,0.398136,84.0,603.0,152.0,648.0,84.0,603.0,152.0,648.0,unassigned,2,VEHICLE_TRUCK,preprocessed/masks/left_rear_camera/masks/frame_000483_gt2d_002_track_-1_VEHICLE_TRUCK.png,0.8967522978782654
left_rear,483,1772699958513192000,data\camera\left_rear_camera\1772699958513192000.jpg,1000016,1,car,0.90503,694.0,0.0,1915.0,1239.0,694.411376953125,-0.11296776682138443,1915.0194091796875,1239.1810302734375,matched,0,VEHICLE_SUV,preprocessed/masks/left_rear_camera/masks/frame_000483_gt2d_000_track_56_VEHICLE_SUV.png,0.9416191577911377
left_rear,483,1772699958513192000,data\camera\left_rear_camera\1772699958513192000.jpg,1000017,1,car,0.713363,359.0,632.0,422.0,660.0,358.8133544921875,632.0274047851562,421.8669128417969,660.0280151367188,matched,1,VEHICLE_CAR,preprocessed/masks/left_rear_camera/masks/frame_000483_gt2d_001_track_-1_VEHICLE_CAR.png,0.8539128303527832
left_rear,484,1772699958613168000,data\camera\left_rear_camera\1772699958613168000.jpg,-1,4,truck,0.394443,84.0,603.0,152.0,648.0,84.0,603.0,152.0,648.0,unassigned,2,VEHICLE_TRUCK,preprocessed/masks/left_rear_camera/masks/frame_000484_gt2d_002_track_-1_VEHICLE_TRUCK.png,0.8960726261138916
left_rear,484,1772699958613168000,data\camera\left_rear_camera\1772699958613168000.jpg,1000016,1,car,0.906473,694.0,0.0,1915.0,1238.0,694.3761596679688,-0.10551229119300842,1915.0377197265625,1238.41064453125,matched,0,VEHICLE_SUV,preprocessed/masks/left_rear_camera/masks/frame_000484_gt2d_000_track_56_VEHICLE_SUV.png,0.9416224360466003
left_rear,484,1772699958613168000,data\camera\left_rear_camera\1772699958613168000.jpg,1000017,1,car,0.712406,359.0,632.0,423.0,660.0,358.9361267089844,632.0181884765625,422.56658935546875,660.018798828125,matched,1,VEHICLE_CAR,preprocessed/masks/left_rear_camera/masks/frame_000484_gt2d_001_track_-1_VEHICLE_CAR.png,0.8464082479476929
left_rear,485,1772699958713176000,data\camera\left_rear_camera\1772699958713176000.jpg,-1,4,truck,0.409376,84.0,603.0,152.0,648.0,84.0,603.0,152.0,648.0,unassigned,2,VEHICLE_TRUCK,preprocessed/masks/left_rear_camera/masks/frame_000485_gt2d_002_track_-1_VEHICLE_TRUCK.png,0.8967395424842834
left_rear,485,1772699958713176000,data\camera\left_rear_camera\1772699958713176000.jpg,1000016,1,car,0.905639,694.0,0.0,1915.0,1237.0,694.3667602539062,-0.09800847619771957,1915.0711669921875,1237.4556884765625,matched,0,VEHICLE_SUV,preprocessed/masks/left_rear_camera/masks/frame_000485_gt2d_000_track_56_VEHICLE_SUV.png,0.9418938159942627
left_rear,485,1772699958713176000,data\camera\left_rear_camera\1772699958713176000.jpg,1000017,1,car,0.710291,359.0,632.0,422.0,660.0,359.0120544433594,632.010986328125,422.2025451660156,660.011474609375,matched,1,VEHICLE_CAR,preprocessed/masks/left_rear_camera/masks/frame_000485_gt2d_001_track_-1_VEHICLE_CAR.png,0.8571443557739258
left_rear,486,1772699958813183000,data\camera\left_rear_camera\1772699958813183000.jpg,-1,4,truck,0.407947,84.0,603.0,151.0,648.0,84.0,603.0,151.0,648.0,unassigned,2,VEHICLE_TRUCK,preprocessed/masks/left_rear_camera/masks/frame_000486_gt2d_002_track_-1_VEHICLE_TRUCK.png,0.8961054086685181
left_rear,486,1772699958813183000,data\camera\left_rear_camera\1772699958813183000.jpg,1000016,1,car,0.903816,694.0,0.0,1915.0,1239.0,694.3113403320312,-0.08684618026018143,1915.0517578125,1238.42236328125,matched,0,VEHICLE_SUV,preprocessed/masks/left_rear_camera/masks/frame_000486_gt2d_000_track_56_VEHICLE_SUV.png,0.9418702721595764
left_rear,486,1772699958813183000,data\camera\left_rear_camera\1772699958813183000.jpg,1000017,1,car,0.710366,359.0,632.0,423.0,660.0,359.0112609863281,632.0091552734375,422.7011413574219,660.0096435546875,matched,1,VEHICLE_CAR,preprocessed/masks/left_rear_camera/masks/frame_000486_gt2d_001_track_-1_VEHICLE_CAR.png,0.8482638597488403
left_rear,487,1772699958913191000,data\camera\left_rear_camera\1772699958913191000.jpg,-1,4,truck,0.413292,84.0,603.0,152.0,648.0,84.0,603.0,152.0,648.0,unassigned,2,VEHICLE_TRUCK,preprocessed/masks/left_rear_camera/masks/frame_000487_gt2d_002_track_-1_VEHICLE_TRUCK.png,0.9000810384750366
left_rear,487,1772699958913191000,data\camera\left_rear_camera\1772699958913191000.jpg,1000016,1,car,0.903261,693.0,0.0,1915.0,1240.0,693.5989379882812,-0.07412109524011612,1915.0313720703125,1239.455322265625,matched,0,VEHICLE_SUV,preprocessed/masks/left_rear_camera/masks/frame_000487_gt2d_000_track_56_VEHICLE_SUV.png,0.9421287775039673
left_rear,487,1772699958913191000,data\camera\left_rear_camera\1772699958913191000.jpg,1000017,1,car,0.704027,359.0,632.0,422.0,660.0,359.0001525878906,632.0105590820312,422.22015380859375,660.010986328125,matched,1,VEHICLE_CAR,preprocessed/masks/left_rear_camera/masks/frame_000487_gt2d_001_track_-1_VEHICLE_CAR.png,0.8518273234367371
left_rear,488,1772699959013154000,data\camera\left_rear_camera\1772699959013154000.jpg,-1,4,truck,0.418243,84.0,603.0,152.0,648.0,84.0,603.0,152.0,648.0,unassigned,2,VEHICLE_TRUCK,preprocessed/masks/left_rear_camera/masks/frame_000488_gt2d_002_track_-1_VEHICLE_TRUCK.png,0.900459885597229
left_rear,488,1772699959013154000,data\camera\left_rear_camera\1772699959013154000.jpg,1000016,1,car,0.902953,694.0,0.0,1915.0,1239.0,693.962890625,-0.06092723459005356,1915.0103759765625,1239.188232421875,matched,0,VEHICLE_SUV,preprocessed/masks/left_rear_camera/masks/frame_000488_gt2d_000_track_56_VEHICLE_SUV.png,0.9422746300697327
left_rear,488,1772699959013154000,data\camera\left_rear_camera\1772699959013154000.jpg,1000017,1,car,0.709508,358.0,632.0,422.0,660.0,358.3218078613281,632.0137939453125,422.0284729003906,660.01416015625,matched,1,VEHICLE_CAR,preprocessed/masks/left_rear_camera/masks/frame_000488_gt2d_001_track_-1_VEHICLE_CAR.png,0.8482093811035156
left_rear,489,1772699959113284000,data\camera\left_rear_camera\1772699959113284000.jpg,-1,4,truck,0.428398,84.0,603.0,151.0,648.0,84.0,603.0,151.0,648.0,unassigned,2,VEHICLE_TRUCK,preprocessed/masks/left_rear_camera/masks/frame_000489_gt2d_002_track_-1_VEHICLE_TRUCK.png,0.8998257517814636
left_rear,489,1772699959113284000,data\camera\left_rear_camera\1772699959113284000.jpg,1000016,1,car,0.900886,694.0,0.0,1915.0,1240.0,694.1088256835938,-0.05860597640275955,1915.0223388671875,1239.7381591796875,matched,0,VEHICLE_SUV,preprocessed/masks/left_rear_camera/masks/frame_000489_gt2d_000_track_56_VEHICLE_SUV.png,0.9417898058891296
left_rear,489,1772699959113284000,data\camera\left_rear_camera\1772699959113284000.jpg,1000017,1,car,0.702893,358.0,632.0,423.0,660.0,358.0899353027344,632.0072631835938,422.6409606933594,660.007568359375,matched,1,VEHICLE_CAR,preprocessed/masks/left_rear_camera/masks/frame_000489_gt2d_001_track_-1_VEHICLE_CAR.png,0.8456695675849915
left_rear,490,1772699959213261000,data\camera\left_rear_camera\1772699959213261000.jpg,-1,4,truck,0.413423,84.0,603.0,152.0,648.0,84.0,603.0,152.0,648.0,unassigned,2,VEHICLE_TRUCK,preprocessed/masks/left_rear_camera/masks/frame_000490_gt2d_002_track_-1_VEHICLE_TRUCK.png,0.8998758792877197
left_rear,490,1772699959213261000,data\camera\left_rear_camera\1772699959213261000.jpg,1000016,1,car,0.904049,694.0,0.0,1915.0,1238.0,694.1600952148438,-0.04906430467963219,1915.034423828125,1238.6268310546875,matched,0,VEHICLE_SUV,preprocessed/masks/left_rear_camera/masks/frame_000490_gt2d_000_track_56_VEHICLE_SUV.png,0.942100465297699
left_rear,490,1772699959213261000,data\camera\left_rear_camera\1772699959213261000.jpg,1000017,1,car,0.698415,358.0,632.0,423.0,660.0,358.01434326171875,632.0089721679688,422.8844299316406,660.00927734375,matched,1,VEHICLE_CAR,preprocessed/masks/left_rear_camera/masks/frame_000490_gt2d_001_track_-1_VEHICLE_CAR.png,0.8429369926452637
left_rear,491,1772699959313268000,data\camera\left_rear_camera\1772699959313268000.jpg,-1,4,truck,0.423195,84.0,603.0,151.0,648.0,84.0,603.0,151.0,648.0,unassigned,2,VEHICLE_TRUCK,preprocessed/masks/left_rear_camera/masks/frame_000491_gt2d_002_track_-1_VEHICLE_TRUCK.png,0.8987860679626465
left_rear,491,1772699959313268000,data\camera\left_rear_camera\1772699959313268000.jpg,1000016,1,car,0.902352,694.0,0.0,1915.0,1236.0,694.15576171875,-0.046940095722675323,1915.0260009765625,1236.877197265625,matched,0,VEHICLE_SUV,preprocessed/masks/left_rear_camera/masks/frame_000491_gt2d_000_track_56_VEHICLE_SUV.png,0.9418809413909912
left_rear,491,1772699959313268000,data\camera\left_rear_camera\1772699959313268000.jpg,1000017,1,car,0.699102,358.0,632.0,423.0,660.0,357.9772644042969,632.0042114257812,422.96600341796875,660.0044555664062,matched,1,VEHICLE_CAR,preprocessed/masks/left_rear_camera/masks/frame_000491_gt2d_001_track_-1_VEHICLE_CAR.png,0.840754508972168
left_rear,492,1772699959413276000,data\camera\left_rear_camera\1772699959413276000.jpg,-1,4,truck,0.413917,84.0,603.0,151.0,648.0,84.0,603.0,151.0,648.0,unassigned,2,VEHICLE_TRUCK,preprocessed/masks/left_rear_camera/masks/frame_000492_gt2d_002_track_-1_VEHICLE_TRUCK.png,0.8983280062675476
left_rear,492,1772699959413276000,data\camera\left_rear_camera\1772699959413276000.jpg,1000016,1,car,0.899082,694.0,0.0,1915.0,1239.0,694.1362915039062,-0.03578593581914902,1915.0145263671875,1238.210693359375,matched,0,VEHICLE_SUV,preprocessed/masks/left_rear_camera/masks/frame_000492_gt2d_000_track_56_VEHICLE_SUV.png,0.9421056509017944
left_rear,492,1772699959413276000,data\camera\left_rear_camera\1772699959413276000.jpg,1000017,1,car,0.69916,358.0,632.0,423.0,660.0,357.9595947265625,632.00927734375,422.9896545410156,660.009521484375,matched,1,VEHICLE_CAR,preprocessed/masks/left_rear_camera/masks/frame_000492_gt2d_001_track_-1_VEHICLE_CAR.png,0.841127872467041
left_rear,493,1772699959513283000,data\camera\left_rear_camera\1772699959513283000.jpg,-1,4,truck,0.419995,85.0,603.0,151.0,647.0,85.0,603.0,151.0,647.0,unassigned,2,VEHICLE_TRUCK,preprocessed/masks/left_rear_camera/masks/frame_000493_gt2d_002_track_-1_VEHICLE_TRUCK.png,0.9009062647819519
left_rear,493,1772699959513283000,data\camera\left_rear_camera\1772699959513283000.jpg,1000016,1,car,0.897445,694.0,0.0,1915.0,1239.0,694.1234741210938,-0.03410019725561142,1915.013427734375,1238.7149658203125,matched,0,VEHICLE_SUV,preprocessed/masks/left_rear_camera/masks/frame_000493_gt2d_000_track_56_VEHICLE_SUV.png,0.9422909021377563
left_rear,493,1772699959513283000,data\camera\left_rear_camera\1772699959513283000.jpg,1000017,1,car,0.699789,358.0,632.0,422.0,660.0,357.960205078125,632.0056762695312,422.3429260253906,660.005859375,matched,1,VEHICLE_CAR,preprocessed/masks/left_rear_camera/masks/frame_000493_gt2d_001_track_-1_VEHICLE_CAR.png,0.8481991291046143
left_rear,494,1772699959613291000,data\camera\left_rear_camera\1772699959613291000.jpg,-1,4,truck,0.415139,84.0,603.0,151.0,648.0,84.0,603.0,151.0,648.0,unassigned,2,VEHICLE_TRUCK,preprocessed/masks/left_rear_camera/masks/frame_000494_gt2d_002_track_-1_VEHICLE_TRUCK.png,0.8976877927780151
left_rear,494,1772699959613291000,data\camera\left_rear_camera\1772699959613291000.jpg,1000016,1,car,0.900221,694.0,0.0,1915.0,1239.0,694.1090698242188,-0.02315797656774521,1915.0108642578125,1238.9146728515625,matched,0,VEHICLE_SUV,preprocessed/masks/left_rear_camera/masks/frame_000494_gt2d_000_track_56_VEHICLE_SUV.png,0.9422652721405029
left_rear,494,1772699959613291000,data\camera\left_rear_camera\1772699959613291000.jpg,1000017,1,car,0.702194,358.0,632.0,422.0,660.0,357.96246337890625,632.0119018554688,422.09619140625,660.0120849609375,matched,1,VEHICLE_CAR,preprocessed/masks/left_rear_camera/masks/frame_000494_gt2d_001_track_-1_VEHICLE_CAR.png,0.85202556848526
left_rear,495,1772699959713268000,data\camera\left_rear_camera\1772699959713268000.jpg,-1,4,truck,0.438776,85.0,603.0,151.0,648.0,85.0,603.0,151.0,648.0,unassigned,2,VEHICLE_TRUCK,preprocessed/masks/left_rear_camera/masks/frame_000495_gt2d_002_track_-1_VEHICLE_TRUCK.png,0.8991372585296631
left_rear,495,1772699959713268000,data\camera\left_rear_camera\1772699959713268000.jpg,1000016,1,car,0.901162,694.0,0.0,1915.0,1241.0,694.08984375,-0.03128565847873688,1915.0028076171875,1240.296630859375,matched,0,VEHICLE_SUV,preprocessed/masks/left_rear_camera/masks/frame_000495_gt2d_000_track_56_VEHICLE_SUV.png,0.9414932727813721
left_rear,495,1772699959713268000,data\camera\left_rear_camera\1772699959713268000.jpg,1000017,1,car,0.698692,359.0,632.0,422.0,660.0,358.6214294433594,631.9996337890625,421.9995422363281,659.999755859375,matched,1,VEHICLE_CAR,preprocessed/masks/left_rear_camera/masks/frame_000495_gt2d_001_track_-1_VEHICLE_CAR.png,0.8527752161026001
left_rear,496,1772699959813275000,data\camera\left_rear_camera\1772699959813275000.jpg,-1,4,truck,0.438117,85.0,603.0,151.0,648.0,85.0,603.0,151.0,648.0,unassigned,2,VEHICLE_TRUCK,preprocessed/masks/left_rear_camera/masks/frame_000496_gt2d_002_track_-1_VEHICLE_TRUCK.png,0.8982956409454346
left_rear,496,1772699959813275000,data\camera\left_rear_camera\1772699959813275000.jpg,1000016,1,car,0.902412,694.0,0.0,1915.0,1240.0,694.09765625,-0.0240735225379467,1915.020751953125,1240.163818359375,matched,0,VEHICLE_SUV,preprocessed/masks/left_rear_camera/masks/frame_000496_gt2d_000_track_56_VEHICLE_SUV.png,0.9413717985153198
left_rear,496,1772699959813275000,data\camera\left_rear_camera\1772699959813275000.jpg,1000017,1,car,0.700556,359.0,632.0,422.0,659.0,358.89349365234375,632.003173828125,421.9878234863281,659.342529296875,matched,1,VEHICLE_CAR,preprocessed/masks/left_rear_camera/masks/frame_000496_gt2d_001_track_-1_VEHICLE_CAR.png,0.8652742505073547
left_rear,497,1772699959913282000,data\camera\left_rear_camera\1772699959913282000.jpg,-1,4,truck,0.441502,85.0,603.0,151.0,648.0,85.0,603.0,151.0,648.0,unassigned,2,VEHICLE_TRUCK,preprocessed/masks/left_rear_camera/masks/frame_000497_gt2d_002_track_-1_VEHICLE_TRUCK.png,0.8981653451919556
left_rear,497,1772699959913282000,data\camera\left_rear_camera\1772699959913282000.jpg,1000016,1,car,0.902363,694.0,0.0,1915.0,1240.0,694.0792236328125,-0.022504985332489014,1915.011474609375,1240.10400390625,matched,0,VEHICLE_SUV,preprocessed/masks/left_rear_camera/masks/frame_000497_gt2d_000_track_56_VEHICLE_SUV.png,0.9413418769836426
left_rear,497,1772699959913282000,data\camera\left_rear_camera\1772699959913282000.jpg,1000017,1,car,0.693763,358.0,632.0,422.0,659.0,358.3153381347656,632.0015258789062,421.9709167480469,659.0902709960938,matched,1,VEHICLE_CAR,preprocessed/masks/left_rear_camera/masks/frame_000497_gt2d_001_track_-1_VEHICLE_CAR.png,0.8593069314956665
left_rear,498,1772699960013276000,data\camera\left_rear_camera\1772699960013276000.jpg,-1,4,truck,0.426377,85.0,603.0,152.0,648.0,85.0,603.0,152.0,648.0,unassigned,2,VEHICLE_TRUCK,preprocessed/masks/left_rear_camera/masks/frame_000498_gt2d_002_track_-1_VEHICLE_TRUCK.png,0.8951486945152283
left_rear,498,1772699960013276000,data\camera\left_rear_camera\1772699960013276000.jpg,1000016,1,car,0.901581,694.0,0.0,1915.0,1241.0,694.0616455078125,-0.02007882297039032,1915.0018310546875,1240.7371826171875,matched,0,VEHICLE_SUV,preprocessed/masks/left_rear_camera/masks/frame_000498_gt2d_000_track_56_VEHICLE_SUV.png,0.941653847694397
left_rear,498,1772699960013276000,data\camera\left_rear_camera\1772699960013276000.jpg,1000017,1,car,0.690829,358.0,632.0,422.0,659.0,358.0926208496094,632.0010986328125,421.9614562988281,658.999755859375,matched,1,VEHICLE_CAR,preprocessed/masks/left_rear_camera/masks/frame_000498_gt2d_001_track_-1_VEHICLE_CAR.png,0.8564732074737549
left_rear,499,1772699960113192000,data\camera\left_rear_camera\1772699960113192000.jpg,-1,4,truck,0.414937,84.0,602.0,155.0,649.0,84.0,602.0,155.0,649.0,unassigned,2,VEHICLE_TRUCK,preprocessed/masks/left_rear_camera/masks/frame_000499_gt2d_002_track_-1_VEHICLE_TRUCK.png,0.8879806399345398
left_rear,499,1772699960113192000,data\camera\left_rear_camera\1772699960113192000.jpg,1000016,1,car,0.899334,694.0,0.0,1915.0,1243.0,694.055908203125,-0.01873045042157173,1915.003173828125,1242.2913818359375,matched,0,VEHICLE_SUV,preprocessed/masks/left_rear_camera/masks/frame_000499_gt2d_000_track_56_VEHICLE_SUV.png,0.9411557912826538
left_rear,499,1772699960113192000,data\camera\left_rear_camera\1772699960113192000.jpg,1000017,1,car,0.703438,358.0,632.0,422.0,660.0,358.0148010253906,631.9999389648438,421.9658508300781,659.633056640625,matched,1,VEHICLE_CAR,preprocessed/masks/left_rear_camera/masks/frame_000499_gt2d_001_track_-1_VEHICLE_CAR.png,0.8480783700942993
left_rear,500,1772699960213169000,data\camera\left_rear_camera\1772699960213169000.jpg,-1,4,truck,0.423856,85.0,602.0,158.0,649.0,85.0,602.0,158.0,649.0,unassigned,2,VEHICLE_TRUCK,preprocessed/masks/left_rear_camera/masks/frame_000500_gt2d_002_track_-1_VEHICLE_TRUCK.png,0.8859889507293701
left_rear,500,1772699960213169000,data\camera\left_rear_camera\1772699960213169000.jpg,1000016,1,car,0.900057,694.0,0.0,1916.0,1245.0,694.0691528320312,-0.010319823399186134,1915.6834716796875,1244.1976318359375,matched,0,VEHICLE_SUV,preprocessed/masks/left_rear_camera/masks/frame_000500_gt2d_000_track_56_VEHICLE_SUV.png,0.9405168890953064
left_rear,500,1772699960213169000,data\camera\left_rear_camera\1772699960213169000.jpg,1000017,1,car,0.702948,358.0,632.0,422.0,660.0,358.006591796875,632.0062255859375,421.9891357421875,659.8773803710938,matched,1,VEHICLE_CAR,preprocessed/masks/left_rear_camera/masks/frame_000500_gt2d_001_track_-1_VEHICLE_CAR.png,0.8448635935783386
left_rear,501,1772699960313177000,data\camera\left_rear_camera\1772699960313177000.jpg,-1,4,truck,0.428368,85.0,602.0,156.0,648.0,85.0,602.0,156.0,648.0,unassigned,2,VEHICLE_TRUCK,preprocessed/masks/left_rear_camera/masks/frame_000501_gt2d_002_track_-1_VEHICLE_TRUCK.png,0.887904167175293
left_rear,501,1772699960313177000,data\camera\left_rear_camera\1772699960313177000.jpg,1000016,1,car,0.898103,694.0,0.0,1915.0,1244.0,694.052978515625,-0.013953758403658867,1915.2608642578125,1244.2357177734375,matched,0,VEHICLE_SUV,preprocessed/masks/left_rear_camera/masks/frame_000501_gt2d_000_track_56_VEHICLE_SUV.png,0.9405035376548767
left_rear,501,1772699960313177000,data\camera\left_rear_camera\1772699960313177000.jpg,1000017,1,car,0.702152,359.0,632.0,422.0,659.0,358.6482238769531,632.0006103515625,421.98211669921875,659.3046875,matched,1,VEHICLE_CAR,preprocessed/masks/left_rear_camera/masks/frame_000501_gt2d_001_track_-1_VEHICLE_CAR.png,0.8619260787963867
left_rear,502,1772699960413184000,data\camera\left_rear_camera\1772699960413184000.jpg,-1,4,truck,0.417653,85.0,602.0,156.0,649.0,85.0,602.0,156.0,649.0,unassigned,2,VEHICLE_TRUCK,preprocessed/masks/left_rear_camera/masks/frame_000502_gt2d_002_track_-1_VEHICLE_TRUCK.png,0.8874549865722656
left_rear,502,1772699960413184000,data\camera\left_rear_camera\1772699960413184000.jpg,1000016,1,car,0.899,694.0,0.0,1915.0,1243.0,694.0260620117188,-0.017121292650699615,1915.0809326171875,1243.5679931640625,matched,0,VEHICLE_SUV,preprocessed/masks/left_rear_camera/masks/frame_000502_gt2d_000_track_56_VEHICLE_SUV.png,0.9404255151748657
left_rear,502,1772699960413184000,data\camera\left_rear_camera\1772699960413184000.jpg,1000017,1,car,0.697122,358.0,632.0,422.0,660.0,358.2116394042969,631.9957885742188,421.9638366699219,659.7476806640625,matched,1,VEHICLE_CAR,preprocessed/masks/left_rear_camera/masks/frame_000502_gt2d_001_track_-1_VEHICLE_CAR.png,0.8483017086982727
left_rear,503,1772699960513192000,data\camera\left_rear_camera\1772699960513192000.jpg,-1,4,truck,0.423593,85.0,602.0,154.0,648.0,85.0,602.0,154.0,648.0,unassigned,2,VEHICLE_TRUCK,preprocessed/masks/left_rear_camera/masks/frame_000503_gt2d_002_track_-1_VEHICLE_TRUCK.png,0.8889997005462646
left_rear,503,1772699960513192000,data\camera\left_rear_camera\1772699960513192000.jpg,1000016,1,car,0.895212,694.0,0.0,1915.0,1243.0,694.0249633789062,-0.007314068265259266,1915.02392578125,1243.3095703125,matched,0,VEHICLE_SUV,preprocessed/masks/left_rear_camera/masks/frame_000503_gt2d_000_track_56_VEHICLE_SUV.png,0.9413022994995117
left_rear,503,1772699960513192000,data\camera\left_rear_camera\1772699960513192000.jpg,1000017,1,car,0.702446,358.0,632.0,422.0,660.0,358.05950927734375,632.0040893554688,421.9698486328125,659.92236328125,matched,1,VEHICLE_CAR,preprocessed/masks/left_rear_camera/masks/frame_000503_gt2d_001_track_-1_VEHICLE_CAR.png,0.8502874374389648
left_rear,504,1772699960613168000,data\camera\left_rear_camera\1772699960613168000.jpg,-1,4,truck,0.425482,85.0,602.0,153.0,648.0,85.0,602.0,153.0,648.0,unassigned,2,VEHICLE_TRUCK,preprocessed/masks/left_rear_camera/masks/frame_000504_gt2d_002_track_-1_VEHICLE_TRUCK.png,0.8902228474617004
left_rear,504,1772699960613168000,data\camera\left_rear_camera\1772699960613168000.jpg,1000016,1,car,0.897649,694.0,0.0,1915.0,1242.0,694.0325317382812,-0.007952445186674595,1915.0125732421875,1242.5341796875,matched,0,VEHICLE_SUV,preprocessed/masks/left_rear_camera/masks/frame_000504_gt2d_000_track_56_VEHICLE_SUV.png,0.9411624073982239
left_rear,504,1772699960613168000,data\camera\left_rear_camera\1772699960613168000.jpg,1000017,1,car,0.702123,358.0,632.0,422.0,660.0,358.01324462890625,632.0020751953125,421.9839172363281,659.9832153320312,matched,1,VEHICLE_CAR,preprocessed/masks/left_rear_camera/masks/frame_000504_gt2d_001_track_-1_VEHICLE_CAR.png,0.8500269055366516
left_rear,505,1772699960713176000,data\camera\left_rear_camera\1772699960713176000.jpg,-1,4,truck,0.436388,85.0,602.0,153.0,648.0,85.0,602.0,153.0,648.0,unassigned,2,VEHICLE_TRUCK,preprocessed/masks/left_rear_camera/masks/frame_000505_gt2d_002_track_-1_VEHICLE_TRUCK.png,0.8868523836135864
left_rear,505,1772699960713176000,data\camera\left_rear_camera\1772699960713176000.jpg,1000016,1,car,0.894984,694.0,0.0,1915.0,1243.0,694.0383911132812,-0.006370737217366695,1915.0135498046875,1242.894287109375,matched,0,VEHICLE_SUV,preprocessed/masks/left_rear_camera/masks/frame_000505_gt2d_000_track_56_VEHICLE_SUV.png,0.9409550428390503
left_rear,505,1772699960713176000,data\camera\left_rear_camera\1772699960713176000.jpg,1000017,1,car,0.701364,359.0,632.0,422.0,660.0,358.6626281738281,632.00244140625,421.99554443359375,660.0064086914062,matched,1,VEHICLE_CAR,preprocessed/masks/left_rear_camera/masks/frame_000505_gt2d_001_track_-1_VEHICLE_CAR.png,0.8542971014976501
left_rear,506,1772699960813183000,data\camera\left_rear_camera\1772699960813183000.jpg,-1,4,truck,0.408159,85.0,603.0,154.0,648.0,85.0,603.0,154.0,648.0,unassigned,2,VEHICLE_TRUCK,preprocessed/masks/left_rear_camera/masks/frame_000506_gt2d_002_track_-1_VEHICLE_TRUCK.png,0.8847255706787109
left_rear,506,1772699960813183000,data\camera\left_rear_camera\1772699960813183000.jpg,1000016,1,car,0.89435,694.0,0.0,1915.0,1242.0,694.03076171875,-0.012646455317735672,1915.0059814453125,1242.356201171875,matched,0,VEHICLE_SUV,preprocessed/masks/left_rear_camera/masks/frame_000506_gt2d_000_track_56_VEHICLE_SUV.png,0.9418646097183228
left_rear,506,1772699960813183000,data\camera\left_rear_camera\1772699960813183000.jpg,1000017,1,car,0.688713,358.0,632.0,422.0,660.0,358.2383728027344,631.9951171875,421.9930419921875,660.006591796875,matched,1,VEHICLE_CAR,preprocessed/masks/left_rear_camera/masks/frame_000506_gt2d_001_track_-1_VEHICLE_CAR.png,0.8495216965675354
left_rear,507,1772699960913191000,data\camera\left_rear_camera\1772699960913191000.jpg,-1,4,truck,0.430984,85.0,603.0,151.0,648.0,85.0,603.0,151.0,648.0,unassigned,2,VEHICLE_TRUCK,preprocessed/masks/left_rear_camera/masks/frame_000507_gt2d_002_track_-1_VEHICLE_TRUCK.png,0.8914041519165039
left_rear,507,1772699960913191000,data\camera\left_rear_camera\1772699960913191000.jpg,1000016,1,car,0.89616,694.0,0.0,1915.0,1244.0,694.0222778320312,-0.0035717636346817017,1914.9993896484375,1243.4796142578125,matched,0,VEHICLE_SUV,preprocessed/masks/left_rear_camera/masks/frame_000507_gt2d_000_track_56_VEHICLE_SUV.png,0.940991997718811
left_rear,507,1772699960913191000,data\camera\left_rear_camera\1772699960913191000.jpg,1000017,1,car,0.689113,359.0,632.0,422.0,659.0,358.7350158691406,632.0032958984375,421.9889831542969,659.3566284179688,matched,1,VEHICLE_CAR,preprocessed/masks/left_rear_camera/masks/frame_000507_gt2d_001_track_-1_VEHICLE_CAR.png,0.8632372617721558
left_rear,508,1772699961013154000,data\camera\left_rear_camera\1772699961013154000.jpg,-1,4,truck,0.414993,85.0,603.0,152.0,648.0,85.0,603.0,152.0,648.0,unassigned,2,VEHICLE_TRUCK,preprocessed/masks/left_rear_camera/masks/frame_000508_gt2d_002_track_-1_VEHICLE_TRUCK.png,0.8915445804595947
left_rear,508,1772699961013154000,data\camera\left_rear_camera\1772699961013154000.jpg,1000016,1,car,0.894796,694.0,0.0,1915.0,1243.0,694.0139770507812,-0.0016860875766724348,1914.9932861328125,1243.236328125,matched,0,VEHICLE_SUV,preprocessed/masks/left_rear_camera/masks/frame_000508_gt2d_000_track_56_VEHICLE_SUV.png,0.9413267970085144
left_rear,508,1772699961013154000,data\camera\left_rear_camera\1772699961013154000.jpg,1000017,1,car,0.697359,359.0,632.0,422.0,659.0,358.9200439453125,632.0042724609375,421.98468017578125,659.1064453125,matched,1,VEHICLE_CAR,preprocessed/masks/left_rear_camera/masks/frame_000508_gt2d_001_track_-1_VEHICLE_CAR.png,0.8617101311683655
left_rear,509,1772699961113284000,data\camera\left_rear_camera\1772699961113284000.jpg,-1,4,truck,0.407571,85.0,603.0,152.0,648.0,85.0,603.0,152.0,648.0,unassigned,2,VEHICLE_TRUCK,preprocessed/masks/left_rear_camera/masks/frame_000509_gt2d_002_track_-1_VEHICLE_TRUCK.png,0.8909065127372742
left_rear,509,1772699961113284000,data\camera\left_rear_camera\1772699961113284000.jpg,1000016,1,car,0.894028,694.0,0.0,1915.0,1244.0,694.0160522460938,-0.002807479351758957,1914.9976806640625,1243.79541015625,matched,0,VEHICLE_SUV,preprocessed/masks/left_rear_camera/masks/frame_000509_gt2d_000_track_56_VEHICLE_SUV.png,0.9414528608322144
left_rear,509,1772699961113284000,data\camera\left_rear_camera\1772699961113284000.jpg,1000017,1,car,0.69092,359.0,632.0,422.0,659.0,358.9942321777344,632.00244140625,421.9902648925781,659.0132446289062,matched,1,VEHICLE_CAR,preprocessed/masks/left_rear_camera/masks/frame_000509_gt2d_001_track_-1_VEHICLE_CAR.png,0.8636946678161621
left_rear,510,1772699961213261000,data\camera\left_rear_camera\1772699961213261000.jpg,-1,4,truck,0.415559,85.0,603.0,154.0,648.0,85.0,603.0,154.0,648.0,unassigned,2,VEHICLE_TRUCK,preprocessed/masks/left_rear_camera/masks/frame_000510_gt2d_002_track_-1_VEHICLE_TRUCK.png,0.8927273154258728
left_rear,510,1772699961213261000,data\camera\left_rear_camera\1772699961213261000.jpg,1000016,1,car,0.895035,694.0,0.0,1915.0,1245.0,694.0172729492188,-0.00660597812384367,1915.0010986328125,1244.656982421875,matched,0,VEHICLE_SUV,preprocessed/masks/left_rear_camera/masks/frame_000510_gt2d_000_track_56_VEHICLE_SUV.png,0.9408242702484131
left_rear,510,1772699961213261000,data\camera\left_rear_camera\1772699961213261000.jpg,1000017,1,car,0.68767,359.0,632.0,422.0,659.0,359.02142333984375,631.998046875,421.9945373535156,658.9773559570312,matched,1,VEHICLE_CAR,preprocessed/masks/left_rear_camera/masks/frame_000510_gt2d_001_track_-1_VEHICLE_CAR.png,0.8596535921096802
left_rear,511,1772699961313268000,data\camera\left_rear_camera\1772699961313268000.jpg,-1,4,truck,0.431427,85.0,602.0,153.0,648.0,85.0,602.0,153.0,648.0,unassigned,2,VEHICLE_TRUCK,preprocessed/masks/left_rear_camera/masks/frame_000511_gt2d_002_track_-1_VEHICLE_TRUCK.png,0.8926530480384827
left_rear,511,1772699961313268000,data\camera\left_rear_camera\1772699961313268000.jpg,1000016,1,car,0.893427,694.0,0.0,1915.0,1245.0,694.0089111328125,-0.0017008318100124598,1914.99462890625,1244.97998046875,matched,0,VEHICLE_SUV,preprocessed/masks/left_rear_camera/masks/frame_000511_gt2d_000_track_56_VEHICLE_SUV.png,0.9408748149871826
left_rear,511,1772699961313268000,data\camera\left_rear_camera\1772699961313268000.jpg,1000017,1,car,0.686629,359.0,632.0,422.0,660.0,359.02154541015625,632.00244140625,421.9888610839844,659.6359252929688,matched,1,VEHICLE_CAR,preprocessed/masks/left_rear_camera/masks/frame_000511_gt2d_001_track_-1_VEHICLE_CAR.png,0.8526611328125
left_rear,512,1772699961413276000,data\camera\left_rear_camera\1772699961413276000.jpg,-1,4,truck,0.437361,85.0,603.0,153.0,648.0,85.0,603.0,153.0,648.0,unassigned,2,VEHICLE_TRUCK,preprocessed/masks/left_rear_camera/masks/frame_000512_gt2d_002_track_-1_VEHICLE_TRUCK.png,0.8934962749481201
left_rear,512,1772699961413276000,data\camera\left_rear_camera\1772699961413276000.jpg,1000016,1,car,0.895041,694.0,0.0,1915.0,1245.0,694.0097045898438,-0.0031824044417589903,1914.9970703125,1245.0877685546875,matched,0,VEHICLE_SUV,preprocessed/masks/left_rear_camera/masks/frame_000512_gt2d_000_track_56_VEHICLE_SUV.png,0.9411007165908813
left_rear,512,1772699961413276000,data\camera\left_rear_camera\1772699961413276000.jpg,1000017,1,car,0.678944,359.0,632.0,422.0,659.0,359.0242614746094,632.0004272460938,421.9920349121094,659.22314453125,matched,1,VEHICLE_CAR,preprocessed/masks/left_rear_camera/masks/frame_000512_gt2d_001_track_-1_VEHICLE_CAR.png,0.8635133504867554
left_rear,513,1772699961513283000,data\camera\left_rear_camera\1772699961513283000.jpg,-1,4,truck,0.443705,85.0,603.0,153.0,648.0,85.0,603.0,153.0,648.0,unassigned,2,VEHICLE_TRUCK,preprocessed/masks/left_rear_camera/masks/frame_000513_gt2d_002_track_-1_VEHICLE_TRUCK.png,0.8922982811927795
left_rear,513,1772699961513283000,data\camera\left_rear_camera\1772699961513283000.jpg,1000016,1,car,0.895508,694.0,0.0,1915.0,1244.0,694.0136108398438,-0.0044362773187458515,1915.00244140625,1244.4564208984375,matched,0,VEHICLE_SUV,preprocessed/masks/left_rear_camera/masks/frame_000513_gt2d_000_track_56_VEHICLE_SUV.png,0.9412623047828674
left_rear,513,1772699961513283000,data\camera\left_rear_camera\1772699961513283000.jpg,1000017,1,car,0.691856,359.0,632.0,422.0,660.0,359.02777099609375,631.998779296875,421.998046875,659.7265625,matched,1,VEHICLE_CAR,preprocessed/masks/left_rear_camera/masks/frame_000513_gt2d_001_track_-1_VEHICLE_CAR.png,0.8494324684143066
left_rear,514,1772699961613291000,data\camera\left_rear_camera\1772699961613291000.jpg,-1,4,truck,0.427918,85.0,603.0,153.0,648.0,85.0,603.0,153.0,648.0,unassigned,2,VEHICLE_TRUCK,preprocessed/masks/left_rear_camera/masks/frame_000514_gt2d_002_track_-1_VEHICLE_TRUCK.png,0.8916263580322266
left_rear,514,1772699961613291000,data\camera\left_rear_camera\1772699961613291000.jpg,1000016,1,car,0.897294,694.0,0.0,1915.0,1243.0,694.0067749023438,-0.003963344730436802,1914.9969482421875,1243.548583984375,matched,0,VEHICLE_SUV,preprocessed/masks/left_rear_camera/masks/frame_000514_gt2d_000_track_56_VEHICLE_SUV.png,0.9413493275642395
left_rear,514,1772699961613291000,data\camera\left_rear_camera\1772699961613291000.jpg,1000017,1,car,0.680941,359.0,632.0,422.0,660.0,359.0197448730469,631.9988403320312,421.9930725097656,659.9147338867188,matched,1,VEHICLE_CAR,preprocessed/masks/left_rear_camera/masks/frame_000514_gt2d_001_track_-1_VEHICLE_CAR.png,0.8524057865142822
left_rear,515,1772699961713268000,data\camera\left_rear_camera\1772699961713268000.jpg,-1,4,truck,0.407058,85.0,603.0,152.0,648.0,85.0,603.0,152.0,648.0,unassigned,2,VEHICLE_TRUCK,preprocessed/masks/left_rear_camera/masks/frame_000515_gt2d_002_track_-1_VEHICLE_TRUCK.png,0.8922826647758484
left_rear,515,1772699961713268000,data\camera\left_rear_camera\1772699961713268000.jpg,1000016,1,car,0.895934,694.0,0.0,1915.0,1244.0,694.0067138671875,0.0013466814998537302,1914.998046875,1243.8665771484375,matched,0,VEHICLE_SUV,preprocessed/masks/left_rear_camera/masks/frame_000515_gt2d_000_track_56_VEHICLE_SUV.png,0.9408576488494873
left_rear,515,1772699961713268000,data\camera\left_rear_camera\1772699961713268000.jpg,1000017,1,car,0.684286,358.0,632.0,422.0,660.0,358.3570861816406,632.0038452148438,421.9945983886719,659.9903564453125,matched,1,VEHICLE_CAR,preprocessed/masks/left_rear_camera/masks/frame_000515_gt2d_001_track_-1_VEHICLE_CAR.png,0.8504225015640259
left_rear,516,1772699961813275000,data\camera\left_rear_camera\1772699961813275000.jpg,-1,4,truck,0.408586,85.0,603.0,152.0,648.0,85.0,603.0,152.0,648.0,unassigned,2,VEHICLE_TRUCK,preprocessed/masks/left_rear_camera/masks/frame_000516_gt2d_002_track_-1_VEHICLE_TRUCK.png,0.8928525447845459
left_rear,516,1772699961813275000,data\camera\left_rear_camera\1772699961813275000.jpg,1000016,1,car,0.896144,694.0,0.0,1915.0,1244.0,694.008544921875,-0.0020320434123277664,1915.0008544921875,1243.97900390625,matched,0,VEHICLE_SUV,preprocessed/masks/left_rear_camera/masks/frame_000516_gt2d_000_track_56_VEHICLE_SUV.png,0.94096440076828
left_rear,516,1772699961813275000,data\camera\left_rear_camera\1772699961813275000.jpg,1000017,1,car,0.685347,358.0,632.0,422.0,660.0,358.1097412109375,632.0001831054688,421.99786376953125,660.0117797851562,matched,1,VEHICLE_CAR,preprocessed/masks/left_rear_camera/masks/frame_000516_gt2d_001_track_-1_VEHICLE_CAR.png,0.849895715713501
left_rear,517,1772699961913282000,data\camera\left_rear_camera\1772699961913282000.jpg,-1,4,truck,0.410021,85.0,603.0,152.0,648.0,85.0,603.0,152.0,648.0,unassigned,2,VEHICLE_TRUCK,preprocessed/masks/left_rear_camera/masks/frame_000517_gt2d_002_track_-1_VEHICLE_TRUCK.png,0.8920968770980835
left_rear,517,1772699961913282000,data\camera\left_rear_camera\1772699961913282000.jpg,1000016,1,car,0.896124,694.0,0.0,1915.0,1244.0,694.0059814453125,0.00023434797185473144,1914.999267578125,1244.0218505859375,matched,0,VEHICLE_SUV,preprocessed/masks/left_rear_camera/masks/frame_000517_gt2d_000_track_56_VEHICLE_SUV.png,0.9412766695022583
left_rear,517,1772699961913282000,data\camera\left_rear_camera\1772699961913282000.jpg,1000017,1,car,0.679448,359.0,632.0,422.0,659.0,358.67364501953125,632.002197265625,421.99652099609375,659.3624267578125,matched,1,VEHICLE_CAR,preprocessed/masks/left_rear_camera/masks/frame_000517_gt2d_001_track_-1_VEHICLE_CAR.png,0.8663377165794373
left_rear,518,1772699962013276000,data\camera\left_rear_camera\1772699962013276000.jpg,-1,4,truck,0.420399,85.0,603.0,152.0,648.0,85.0,603.0,152.0,648.0,unassigned,2,VEHICLE_TRUCK,preprocessed/masks/left_rear_camera/masks/frame_000518_gt2d_002_track_-1_VEHICLE_TRUCK.png,0.8917306661605835
left_rear,518,1772699962013276000,data\camera\left_rear_camera\1772699962013276000.jpg,1000016,1,car,0.895965,694.0,0.0,1915.0,1244.0,694.0070190429688,-0.0033085248433053493,1915.0010986328125,1244.030517578125,matched,0,VEHICLE_SUV,preprocessed/masks/left_rear_camera/masks/frame_000518_gt2d_000_track_56_VEHICLE_SUV.png,0.941210150718689
left_rear,518,1772699962013276000,data\camera\left_rear_camera\1772699962013276000.jpg,1000017,1,car,0.682693,359.0,632.0,422.0,659.0,358.8927917480469,631.9984130859375,421.9987487792969,659.1088256835938,matched,1,VEHICLE_CAR,preprocessed/masks/left_rear_camera/masks/frame_000518_gt2d_001_track_-1_VEHICLE_CAR.png,0.866867184638977
left_rear,519,1772699962113192000,data\camera\left_rear_camera\1772699962113192000.jpg,-1,4,truck,0.407566,85.0,602.0,153.0,648.0,85.0,602.0,153.0,648.0,unassigned,2,VEHICLE_TRUCK,preprocessed/masks/left_rear_camera/masks/frame_000519_gt2d_002_track_-1_VEHICLE_TRUCK.png,0.8829609155654907
left_rear,519,1772699962113192000,data\camera\left_rear_camera\1772699962113192000.jpg,1000016,1,car,0.899873,696.0,0.0,1915.0,1242.0,695.3274536132812,-0.001888385508209467,1915.0006103515625,1242.7120361328125,matched,0,VEHICLE_SUV,preprocessed/masks/left_rear_camera/masks/frame_000519_gt2d_000_track_56_VEHICLE_SUV.png,0.9420135617256165
left_rear,519,1772699962113192000,data\camera\left_rear_camera\1772699962113192000.jpg,1000017,1,car,0.695475,358.0,632.0,422.0,660.0,358.31158447265625,631.9996337890625,421.9985046386719,659.68310546875,matched,1,VEHICLE_CAR,preprocessed/masks/left_rear_camera/masks/frame_000519_gt2d_001_track_-1_VEHICLE_CAR.png,0.8518360257148743
left_rear,520,1772699962213169000,data\camera\left_rear_camera\1772699962213169000.jpg,-1,4,truck,0.429018,85.0,602.0,154.0,649.0,85.0,602.0,154.0,649.0,unassigned,2,VEHICLE_TRUCK,preprocessed/masks/left_rear_camera/masks/frame_000520_gt2d_002_track_-1_VEHICLE_TRUCK.png,0.8811285495758057
left_rear,520,1772699962213169000,data\camera\left_rear_camera\1772699962213169000.jpg,1000016,1,car,0.905185,696.0,0.0,1915.0,1242.0,695.8207397460938,0.0030166369397193193,1914.9967041015625,1242.2171630859375,matched,0,VEHICLE_SUV,preprocessed/masks/left_rear_camera/masks/frame_000520_gt2d_000_track_56_VEHICLE_SUV.png,0.9420623183250427
left_rear,520,1772699962213169000,data\camera\left_rear_camera\1772699962213169000.jpg,1000017,1,car,0.683065,358.0,632.0,422.0,660.0,358.0894470214844,632.00439453125,421.9947814941406,659.9014892578125,matched,1,VEHICLE_CAR,preprocessed/masks/left_rear_camera/masks/frame_000520_gt2d_001_track_-1_VEHICLE_CAR.png,0.851517915725708
left_rear,521,1772699962313177000,data\camera\left_rear_camera\1772699962313177000.jpg,-1,4,truck,0.431684,85.0,602.0,153.0,649.0,85.0,602.0,153.0,649.0,unassigned,2,VEHICLE_TRUCK,preprocessed/masks/left_rear_camera/masks/frame_000521_gt2d_002_track_-1_VEHICLE_TRUCK.png,0.8793594837188721
left_rear,521,1772699962313177000,data\camera\left_rear_camera\1772699962313177000.jpg,1000016,1,car,0.899515,695.0,0.0,1915.0,1241.0,695.3443603515625,0.005635502748191357,1915.0,1241.3736572265625,matched,0,VEHICLE_SUV,preprocessed/masks/left_rear_camera/masks/frame_000521_gt2d_000_track_56_VEHICLE_SUV.png,0.9419081807136536
left_rear,521,1772699962313177000,data\camera\left_rear_camera\1772699962313177000.jpg,1000017,1,car,0.682552,358.0,632.0,423.0,660.0,358.0116271972656,632.0068969726562,422.6575927734375,659.9847412109375,matched,1,VEHICLE_CAR,preprocessed/masks/left_rear_camera/masks/frame_000521_gt2d_001_track_-1_VEHICLE_CAR.png,0.8508815765380859
left_rear,522,1772699962413184000,data\camera\left_rear_camera\1772699962413184000.jpg,-1,4,truck,0.43203,85.0,602.0,154.0,649.0,85.0,602.0,154.0,649.0,unassigned,2,VEHICLE_TRUCK,preprocessed/masks/left_rear_camera/masks/frame_000522_gt2d_002_track_-1_VEHICLE_TRUCK.png,0.8797465562820435
left_rear,522,1772699962413184000,data\camera\left_rear_camera\1772699962413184000.jpg,1000016,1,car,0.902324,695.0,0.0,1916.0,1242.0,695.1567993164062,-0.006304949056357145,1915.660888671875,1241.709228515625,matched,0,VEHICLE_SUV,preprocessed/masks/left_rear_camera/masks/frame_000522_gt2d_000_track_56_VEHICLE_SUV.png,0.9422162175178528
left_rear,522,1772699962413184000,data\camera\left_rear_camera\1772699962413184000.jpg,1000017,1,car,0.691993,358.0,632.0,422.0,660.0,357.9831237792969,631.9947509765625,422.24945068359375,660.0017700195312,matched,1,VEHICLE_CAR,preprocessed/masks/left_rear_camera/masks/frame_000522_gt2d_001_track_-1_VEHICLE_CAR.png,0.8579193353652954
left_rear,523,1772699962513192000,data\camera\left_rear_camera\1772699962513192000.jpg,-1,4,truck,0.436492,85.0,602.0,153.0,649.0,85.0,602.0,153.0,649.0,unassigned,2,VEHICLE_TRUCK,preprocessed/masks/left_rear_camera/masks/frame_000523_gt2d_002_track_-1_VEHICLE_TRUCK.png,0.8760709166526794
left_rear,523,1772699962513192000,data\camera\left_rear_camera\1772699962513192000.jpg,1000016,1,car,0.901694,695.0,0.0,1915.0,1240.0,695.0782470703125,0.002527867443859577,1915.2454833984375,1240.53466796875,matched,0,VEHICLE_SUV,preprocessed/masks/left_rear_camera/masks/frame_000523_gt2d_000_track_56_VEHICLE_SUV.png,0.9423319101333618
left_rear,523,1772699962513192000,data\camera\left_rear_camera\1772699962513192000.jpg,1000017,1,car,0.675867,358.0,632.0,422.0,660.0,357.97119140625,632.0034790039062,422.08721923828125,660.0199584960938,matched,1,VEHICLE_CAR,preprocessed/masks/left_rear_camera/masks/frame_000523_gt2d_001_track_-1_VEHICLE_CAR.png,0.8597533106803894
left_rear,524,1772699962613168000,data\camera\left_rear_camera\1772699962613168000.jpg,-1,4,truck,0.421053,85.0,602.0,152.0,648.0,85.0,602.0,152.0,648.0,unassigned,2,VEHICLE_TRUCK,preprocessed/masks/left_rear_camera/masks/frame_000524_gt2d_002_track_-1_VEHICLE_TRUCK.png,0.8799890279769897
left_rear,524,1772699962613168000,data\camera\left_rear_camera\1772699962613168000.jpg,1000016,1,car,0.89937,695.0,0.0,1915.0,1241.0,695.0560913085938,-0.0005365954712033272,1915.0968017578125,1240.7525634765625,matched,0,VEHICLE_SUV,preprocessed/masks/left_rear_camera/masks/frame_000524_gt2d_000_track_56_VEHICLE_SUV.png,0.9419984817504883
left_rear,524,1772699962613168000,data\camera\left_rear_camera\1772699962613168000.jpg,1000017,1,car,0.686407,357.0,632.0,422.0,660.0,357.31884765625,632.0003051757812,422.0361633300781,660.018798828125,matched,1,VEHICLE_CAR,preprocessed/masks/left_rear_camera/masks/frame_000524_gt2d_001_track_-1_VEHICLE_CAR.png,0.8547745943069458
left_rear,525,1772699962713176000,data\camera\left_rear_camera\1772699962713176000.jpg,-1,4,truck,0.418849,85.0,603.0,152.0,648.0,85.0,603.0,152.0,648.0,unassigned,2,VEHICLE_TRUCK,preprocessed/masks/left_rear_camera/masks/frame_000525_gt2d_002_track_-1_VEHICLE_TRUCK.png,0.8802086710929871
left_rear,525,1772699962713176000,data\camera\left_rear_camera\1772699962713176000.jpg,1000016,1,car,0.902235,696.0,0.0,1915.0,1240.0,695.6974487304688,-0.004312037955969572,1915.031494140625,1240.1806640625,matched,0,VEHICLE_SUV,preprocessed/masks/left_rear_camera/masks/frame_000525_gt2d_000_track_56_VEHICLE_SUV.png,0.9425417184829712
left_rear,525,1772699962713176000,data\camera\left_rear_camera\1772699962713176000.jpg,1000017,1,car,0.700471,356.0,632.0,422.0,660.0,356.4093017578125,631.9963989257812,422.0083923339844,660.0142822265625,matched,1,VEHICLE_CAR,preprocessed/masks/left_rear_camera/masks/frame_000525_gt2d_001_track_-1_VEHICLE_CAR.png,0.8514177799224854
left_rear,526,1772699962813183000,data\camera\left_rear_camera\1772699962813183000.jpg,-1,4,truck,0.410078,85.0,603.0,152.0,648.0,85.0,603.0,152.0,648.0,unassigned,2,VEHICLE_TRUCK,preprocessed/masks/left_rear_camera/masks/frame_000526_gt2d_002_track_-1_VEHICLE_TRUCK.png,0.8773825764656067
left_rear,526,1772699962813183000,data\camera\left_rear_camera\1772699962813183000.jpg,1000016,1,car,0.899818,696.0,0.0,1916.0,1243.0,695.937744140625,0.00019680967670865357,1915.668701171875,1241.9622802734375,matched,0,VEHICLE_SUV,preprocessed/masks/left_rear_camera/masks/frame_000526_gt2d_000_track_56_VEHICLE_SUV.png,0.9424257278442383
left_rear,526,1772699962813183000,data\camera\left_rear_camera\1772699962813183000.jpg,1000017,1,car,0.687431,357.0,632.0,423.0,660.0,356.7258605957031,632.0007934570312,422.65484619140625,660.0171508789062,matched,1,VEHICLE_CAR,preprocessed/masks/left_rear_camera/masks/frame_000526_gt2d_001_track_-1_VEHICLE_CAR.png,0.850269079208374
left_rear,527,1772699962913191000,data\camera\left_rear_camera\1772699962913191000.jpg,-1,4,truck,0.407502,85.0,603.0,152.0,648.0,85.0,603.0,152.0,648.0,unassigned,2,VEHICLE_TRUCK,preprocessed/masks/left_rear_camera/masks/frame_000527_gt2d_002_track_-1_VEHICLE_TRUCK.png,0.8794121742248535
left_rear,527,1772699962913191000,data\camera\left_rear_camera\1772699962913191000.jpg,1000016,1,car,0.901239,696.0,0.0,1915.0,1242.0,696.0220947265625,-0.005578238517045975,1915.2464599609375,1241.9735107421875,matched,0,VEHICLE_SUV,preprocessed/masks/left_rear_camera/masks/frame_000527_gt2d_000_track_56_VEHICLE_SUV.png,0.9429530501365662
left_rear,527,1772699962913191000,data\camera\left_rear_camera\1772699962913191000.jpg,1000017,1,car,0.696489,358.0,632.0,422.0,660.0,357.5099182128906,631.9949951171875,422.2431640625,660.0096435546875,matched,1,VEHICLE_CAR,preprocessed/masks/left_rear_camera/masks/frame_000527_gt2d_001_track_-1_VEHICLE_CAR.png,0.8519082069396973
left_rear,528,1772699963013154000,data\camera\left_rear_camera\1772699963013154000.jpg,-1,4,truck,0.426659,85.0,603.0,152.0,648.0,85.0,603.0,152.0,648.0,unassigned,2,VEHICLE_TRUCK,preprocessed/masks/left_rear_camera/masks/frame_000528_gt2d_002_track_-1_VEHICLE_TRUCK.png,0.8808949589729309
left_rear,528,1772699963013154000,data\camera\left_rear_camera\1772699963013154000.jpg,-1,2,motorcycle,0.370566,669.0,626.0,694.0,668.0,669.0,626.0,694.0,668.0,unassigned,3,CYCLIST_MOTOR,preprocessed/masks/left_rear_camera/masks/frame_000528_gt2d_003_track_-1_CYCLIST_MOTOR.png,0.8897426128387451
left_rear,528,1772699963013154000,data\camera\left_rear_camera\1772699963013154000.jpg,1000016,1,car,0.898162,696.0,0.0,1916.0,1242.0,696.0545043945312,0.005611463915556669,1915.7515869140625,1241.991943359375,matched,0,VEHICLE_SUV,preprocessed/masks/left_rear_camera/masks/frame_000528_gt2d_000_track_56_VEHICLE_SUV.png,0.9422833323478699
left_rear,528,1772699963013154000,data\camera\left_rear_camera\1772699963013154000.jpg,1000017,1,car,0.70148,359.0,632.0,422.0,660.0,358.4850769042969,632.006103515625,422.0888366699219,660.0191040039062,matched,1,VEHICLE_CAR,preprocessed/masks/left_rear_camera/masks/frame_000528_gt2d_001_track_-1_VEHICLE_CAR.png,0.8594773411750793
left_rear,529,1772699963113284000,data\camera\left_rear_camera\1772699963113284000.jpg,-1,4,truck,0.428043,84.0,603.0,152.0,648.0,84.0,603.0,152.0,648.0,unassigned,3,VEHICLE_TRUCK,preprocessed/masks/left_rear_camera/masks/frame_000529_gt2d_003_track_-1_VEHICLE_TRUCK.png,0.879934549331665
left_rear,529,1772699963113284000,data\camera\left_rear_camera\1772699963113284000.jpg,1000016,1,car,0.901017,695.0,0.0,1915.0,1241.0,695.392578125,-0.002889929572120309,1915.27197265625,1241.326171875,matched,0,VEHICLE_SUV,preprocessed/masks/left_rear_camera/masks/frame_000529_gt2d_000_track_56_VEHICLE_SUV.png,0.9424681663513184
left_rear,529,1772699963113284000,data\camera\left_rear_camera\1772699963113284000.jpg,1000017,1,car,0.712435,358.0,632.0,422.0,660.0,358.17803955078125,631.99755859375,422.0221862792969,660.009033203125,matched,1,VEHICLE_CAR,preprocessed/masks/left_rear_camera/masks/frame_000529_gt2d_001_track_-1_VEHICLE_CAR.png,0.8563178777694702
left_rear,529,1772699963113284000,data\camera\left_rear_camera\1772699963113284000.jpg,2000018,2,motorcycle,0.655521,657.0,625.0,692.0,669.0,657.0,625.0,692.0,669.0,tentative,2,CYCLIST_MOTOR,preprocessed/masks/left_rear_camera/masks/frame_000529_gt2d_002_track_-1_CYCLIST_MOTOR.png,0.8787443041801453
left_rear,530,1772699963213261000,data\camera\left_rear_camera\1772699963213261000.jpg,-1,4,truck,0.39054,84.0,602.0,153.0,648.0,84.0,602.0,153.0,648.0,unassigned,3,VEHICLE_TRUCK_SMALL,preprocessed/masks/left_rear_camera/masks/frame_000530_gt2d_003_track_-1_VEHICLE_TRUCK_SMALL.png,0.8808338642120361
left_rear,530,1772699963213261000,data\camera\left_rear_camera\1772699963213261000.jpg,1000016,1,car,0.900944,695.0,0.0,1915.0,1242.0,695.1439208984375,-0.0008370531140826643,1915.0938720703125,1241.7421875,matched,0,VEHICLE_SUV,preprocessed/masks/left_rear_camera/masks/frame_000530_gt2d_000_track_56_VEHICLE_SUV.png,0.9420309066772461
left_rear,530,1772699963213261000,data\camera\left_rear_camera\1772699963213261000.jpg,1000017,1,car,0.69856,358.0,632.0,422.0,660.0,358.0672912597656,631.99951171875,422.002685546875,660.0097045898438,matched,1,VEHICLE_CAR,preprocessed/masks/left_rear_camera/masks/frame_000530_gt2d_001_track_-1_VEHICLE_CAR.png,0.8504831790924072
left_rear,530,1772699963213261000,data\camera\left_rear_camera\1772699963213261000.jpg,2000018,2,motorcycle,0.620821,643.0,627.0,678.0,667.0,645.7999267578125,626.6004028320312,680.7999267578125,667.4004516601562,matched,2,CYCLIST_MOTOR,preprocessed/masks/left_rear_camera/masks/frame_000530_gt2d_002_track_-1_CYCLIST_MOTOR.png,0.8116183876991272
left_rear,531,1772699963313268000,data\camera\left_rear_camera\1772699963313268000.jpg,-1,4,truck,0.404106,85.0,602.0,154.0,648.0,85.0,602.0,154.0,648.0,unassigned,3,VEHICLE_TRUCK_SMALL,preprocessed/masks/left_rear_camera/masks/frame_000531_gt2d_003_track_-1_VEHICLE_TRUCK_SMALL.png,0.879271388053894
left_rear,531,1772699963313268000,data\camera\left_rear_camera\1772699963313268000.jpg,1000016,1,car,0.898942,695.0,0.0,1915.0,1239.0,695.0445556640625,-0.0009055591654032469,1915.0220947265625,1239.9188232421875,matched,0,VEHICLE_SUV,preprocessed/masks/left_rear_camera/masks/frame_000531_gt2d_000_track_56_VEHICLE_SUV.png,0.9424474835395813
left_rear,531,1772699963313268000,data\camera\left_rear_camera\1772699963313268000.jpg,1000017,1,car,0.699881,358.0,632.0,422.0,660.0,358.0202941894531,631.9994506835938,421.9913330078125,660.0084228515625,matched,1,VEHICLE_CAR,preprocessed/masks/left_rear_camera/masks/frame_000531_gt2d_001_track_-1_VEHICLE_CAR.png,0.8531782627105713
left_rear,531,1772699963313268000,data\camera\left_rear_camera\1772699963313268000.jpg,2000018,2,motorcycle,0.586828,630.0,627.0,664.0,665.0,633.6185913085938,626.915771484375,667.8478393554688,665.5055541992188,matched,2,CYCLIST_MOTOR,preprocessed/masks/left_rear_camera/masks/frame_000531_gt2d_002_track_-1_CYCLIST_MOTOR.png,0.8698088526725769
left_rear,532,1772699963413276000,data\camera\left_rear_camera\1772699963413276000.jpg,-1,4,truck,0.400259,85.0,602.0,152.0,648.0,85.0,602.0,152.0,648.0,unassigned,3,VEHICLE_TRUCK_SMALL,preprocessed/masks/left_rear_camera/masks/frame_000532_gt2d_003_track_-1_VEHICLE_TRUCK_SMALL.png,0.880877673625946
left_rear,532,1772699963413276000,data\camera\left_rear_camera\1772699963413276000.jpg,1000016,1,car,0.902416,695.0,0.0,1915.0,1240.0,695.017578125,-0.00039485597517341375,1915.006103515625,1239.894775390625,matched,0,VEHICLE_SUV,preprocessed/masks/left_rear_camera/masks/frame_000532_gt2d_000_track_56_VEHICLE_SUV.png,0.9420931339263916
left_rear,532,1772699963413276000,data\camera\left_rear_camera\1772699963413276000.jpg,1000017,1,car,0.695671,358.0,632.0,422.0,660.0,358.0128173828125,631.9998779296875,421.9980773925781,660.0078125,matched,1,VEHICLE_CAR,preprocessed/masks/left_rear_camera/masks/frame_000532_gt2d_001_track_-1_VEHICLE_CAR.png,0.8546960353851318
left_rear,532,1772699963413276000,data\camera\left_rear_camera\1772699963413276000.jpg,2000018,2,motorcycle,0.467752,614.0,627.0,645.0,667.0,616.9766235351562,627.0133666992188,648.5879516601562,666.5398559570312,matched,2,CYCLIST_MOTOR,preprocessed/masks/left_rear_camera/masks/frame_000532_gt2d_002_track_-1_CYCLIST_MOTOR.png,0.8655521869659424
left_rear,533,1772699963513283000,data\camera\left_rear_camera\1772699963513283000.jpg,-1,4,truck,0.405223,85.0,602.0,153.0,648.0,85.0,602.0,153.0,648.0,unassigned,3,VEHICLE_TRUCK_SMALL,preprocessed/masks/left_rear_camera/masks/frame_000533_gt2d_003_track_-1_VEHICLE_TRUCK_SMALL.png,0.8821475505828857
left_rear,533,1772699963513283000,data\camera\left_rear_camera\1772699963513283000.jpg,1000016,1,car,0.900913,695.0,0.0,1915.0,1240.0,695.0009765625,-0.0002717698225751519,1914.994140625,1239.8941650390625,matched,0,VEHICLE_SUV,preprocessed/masks/left_rear_camera/masks/frame_000533_gt2d_000_track_56_VEHICLE_SUV.png,0.9425423741340637
left_rear,533,1772699963513283000,data\camera\left_rear_camera\1772699963513283000.jpg,1000017,1,car,0.699532,358.0,632.0,422.0,660.0,358.00323486328125,632.0,421.994384765625,660.0069580078125,matched,1,VEHICLE_CAR,preprocessed/masks/left_rear_camera/masks/frame_000533_gt2d_001_track_-1_VEHICLE_CAR.png,0.8507639169692993
left_rear,533,1772699963513283000,data\camera\left_rear_camera\1772699963513283000.jpg,2000018,2,motorcycle,0.612774,599.0,626.0,634.0,668.0,600.7103271484375,626.2821655273438,634.7102661132812,667.6173095703125,matched,2,CYCLIST_MOTOR,preprocessed/masks/left_rear_camera/masks/frame_000533_gt2d_002_track_-1_CYCLIST_MOTOR.png,0.8338931798934937
left_rear,534,1772699963613291000,data\camera\left_rear_camera\1772699963613291000.jpg,-1,4,truck,0.385515,85.0,602.0,152.0,648.0,85.0,602.0,152.0,648.0,unassigned,3,VEHICLE_TRUCK,preprocessed/masks/left_rear_camera/masks/frame_000534_gt2d_003_track_-1_VEHICLE_TRUCK.png,0.8800002932548523
left_rear,534,1772699963613291000,data\camera\left_rear_camera\1772699963613291000.jpg,1000016,1,car,0.900805,695.0,0.0,1915.0,1240.0,694.9962158203125,-0.0004860647604800761,1914.991455078125,1239.9013671875,matched,0,VEHICLE_SUV,preprocessed/masks/left_rear_camera/masks/frame_000534_gt2d_000_track_56_VEHICLE_SUV.png,0.9414346218109131
left_rear,534,1772699963613291000,data\camera\left_rear_camera\1772699963613291000.jpg,1000017,1,car,0.7011,358.0,632.0,422.0,660.0,358.0006408691406,631.999755859375,421.99444580078125,660.0059204101562,matched,1,VEHICLE_CAR,preprocessed/masks/left_rear_camera/masks/frame_000534_gt2d_001_track_-1_VEHICLE_CAR.png,0.8490774035453796
left_rear,534,1772699963613291000,data\camera\left_rear_camera\1772699963613291000.jpg,2000018,2,motorcycle,0.691538,591.0,625.0,622.0,671.0,590.3176879882812,625.3252563476562,622.1675415039062,670.1105346679688,matched,2,CYCLIST_MOTOR,preprocessed/masks/left_rear_camera/masks/frame_000534_gt2d_002_track_-1_CYCLIST_MOTOR.png,0.8688051104545593
left_rear,535,1772699963713268000,data\camera\left_rear_camera\1772699963713268000.jpg,-1,4,truck,0.395382,85.0,602.0,153.0,648.0,85.0,602.0,153.0,648.0,unassigned,3,VEHICLE_TRUCK,preprocessed/masks/left_rear_camera/masks/frame_000535_gt2d_003_track_-1_VEHICLE_TRUCK.png,0.8797405958175659
left_rear,535,1772699963713268000,data\camera\left_rear_camera\1772699963713268000.jpg,1000016,1,car,0.903681,696.0,0.0,1915.0,1239.0,695.6704711914062,0.004082916770130396,1915.005859375,1239.2547607421875,matched,0,VEHICLE_SUV,preprocessed/masks/left_rear_camera/masks/frame_000535_gt2d_000_track_56_VEHICLE_SUV.png,0.9421769380569458
left_rear,535,1772699963713268000,data\camera\left_rear_camera\1772699963713268000.jpg,1000017,1,car,0.703029,358.0,632.0,422.0,660.0,358.0144958496094,632.0042724609375,422.0096435546875,660.0097045898438,matched,1,VEHICLE_CAR,preprocessed/masks/left_rear_camera/masks/frame_000535_gt2d_001_track_-1_VEHICLE_CAR.png,0.849353015422821
left_rear,535,1772699963713268000,data\camera\left_rear_camera\1772699963713268000.jpg,2000018,2,motorcycle,0.552084,578.0,627.0,609.0,668.0,578.1950073242188,626.3472900390625,609.2661743164062,668.9603271484375,matched,2,CYCLIST_MOTOR,preprocessed/masks/left_rear_camera/masks/frame_000535_gt2d_002_track_-1_CYCLIST_MOTOR.png,0.8617089986801147
left_rear,536,1772699963813275000,data\camera\left_rear_camera\1772699963813275000.jpg,-1,4,truck,0.409288,85.0,602.0,152.0,648.0,85.0,602.0,152.0,648.0,unassigned,3,VEHICLE_TRUCK,preprocessed/masks/left_rear_camera/masks/frame_000536_gt2d_003_track_-1_VEHICLE_TRUCK.png,0.8802516460418701
left_rear,536,1772699963813275000,data\camera\left_rear_camera\1772699963813275000.jpg,1000016,1,car,0.899162,696.0,0.0,1915.0,1242.0,695.9022216796875,-0.003653203370049596,1914.9893798828125,1240.990966796875,matched,0,VEHICLE_SUV,preprocessed/masks/left_rear_camera/masks/frame_000536_gt2d_000_track_56_VEHICLE_SUV.png,0.941737949848175
left_rear,536,1772699963813275000,data\camera\left_rear_camera\1772699963813275000.jpg,1000017,1,car,0.708411,358.0,632.0,422.0,660.0,357.9971923828125,631.9965209960938,421.9931640625,660.0012817382812,matched,1,VEHICLE_CAR,preprocessed/masks/left_rear_camera/masks/frame_000536_gt2d_001_track_-1_VEHICLE_CAR.png,0.8541284799575806
left_rear,536,1772699963813275000,data\camera\left_rear_camera\1772699963813275000.jpg,2000018,2,motorcycle,0.533283,565.0,626.0,597.0,667.0,565.4099731445312,626.0742797851562,596.9589233398438,667.7317504882812,matched,2,CYCLIST_MOTOR,preprocessed/masks/left_rear_camera/masks/frame_000536_gt2d_002_track_-1_CYCLIST_MOTOR.png,0.8755290508270264
left_rear,537,1772699963913282000,data\camera\left_rear_camera\1772699963913282000.jpg,-1,4,truck,0.407986,85.0,602.0,152.0,648.0,85.0,602.0,152.0,648.0,unassigned,2,VEHICLE_TRUCK,preprocessed/masks/left_rear_camera/masks/frame_000537_gt2d_002_track_-1_VEHICLE_TRUCK.png,0.879797101020813
left_rear,537,1772699963913282000,data\camera\left_rear_camera\1772699963913282000.jpg,1000016,1,car,0.899325,696.0,0.0,1915.0,1241.0,695.9866943359375,0.000104132792330347,1914.9832763671875,1240.9981689453125,matched,0,VEHICLE_SUV,preprocessed/masks/left_rear_camera/masks/frame_000537_gt2d_000_track_56_VEHICLE_SUV.png,0.9422609806060791
left_rear,537,1772699963913282000,data\camera\left_rear_camera\1772699963913282000.jpg,1000017,1,car,0.70355,358.0,632.0,422.0,660.0,357.9902648925781,632.000244140625,421.9867858886719,660.0044555664062,matched,1,VEHICLE_CAR,preprocessed/masks/left_rear_camera/masks/frame_000537_gt2d_001_track_-1_VEHICLE_CAR.png,0.8498753905296326
left_rear,538,1772699964013276000,data\camera\left_rear_camera\1772699964013276000.jpg,-1,4,truck,0.406651,85.0,602.0,153.0,648.0,85.0,602.0,153.0,648.0,unassigned,2,VEHICLE_TRUCK_SMALL,preprocessed/masks/left_rear_camera/masks/frame_000538_gt2d_002_track_-1_VEHICLE_TRUCK_SMALL.png,0.8783875703811646
left_rear,538,1772699964013276000,data\camera\left_rear_camera\1772699964013276000.jpg,1000016,1,car,0.899192,696.0,0.0,1915.0,1240.0,696.0239868164062,-0.0014019851805642247,1914.990234375,1240.3372802734375,matched,0,VEHICLE_SUV,preprocessed/masks/left_rear_camera/masks/frame_000538_gt2d_000_track_56_VEHICLE_SUV.png,0.9422012567520142
left_rear,538,1772699964013276000,data\camera\left_rear_camera\1772699964013276000.jpg,1000017,1,car,0.701064,358.0,632.0,422.0,660.0,357.996337890625,631.9987182617188,421.9933166503906,660.00244140625,matched,1,VEHICLE_CAR,preprocessed/masks/left_rear_camera/masks/frame_000538_gt2d_001_track_-1_VEHICLE_CAR.png,0.8500167727470398
left_rear,539,1772699964113192000,data\camera\left_rear_camera\1772699964113192000.jpg,-1,4,truck,0.413643,85.0,603.0,157.0,648.0,85.0,603.0,157.0,648.0,unassigned,2,VEHICLE_TRUCK,preprocessed/masks/left_rear_camera/masks/frame_000539_gt2d_002_track_-1_VEHICLE_TRUCK.png,0.884628176689148
left_rear,539,1772699964113192000,data\camera\left_rear_camera\1772699964113192000.jpg,1000016,1,car,0.902857,694.0,0.0,1915.0,1239.0,694.7265625,-0.002458044560626149,1915.006591796875,1239.4268798828125,matched,0,VEHICLE_SUV,preprocessed/masks/left_rear_camera/masks/frame_000539_gt2d_000_track_56_VEHICLE_SUV.png,0.9429718255996704
left_rear,539,1772699964113192000,data\camera\left_rear_camera\1772699964113192000.jpg,1000017,1,car,0.700313,358.0,632.0,422.0,660.0,358.0120849609375,631.9976806640625,422.0094299316406,660.0009155273438,matched,1,VEHICLE_CAR,preprocessed/masks/left_rear_camera/masks/frame_000539_gt2d_001_track_-1_VEHICLE_CAR.png,0.852635383605957
left_rear,540,1772699964213169000,data\camera\left_rear_camera\1772699964213169000.jpg,-1,4,truck,0.422136,85.0,603.0,154.0,648.0,85.0,603.0,154.0,648.0,unassigned,2,VEHICLE_TRUCK,preprocessed/masks/left_rear_camera/masks/frame_000540_gt2d_002_track_-1_VEHICLE_TRUCK.png,0.8890316486358643
left_rear,540,1772699964213169000,data\camera\left_rear_camera\1772699964213169000.jpg,1000016,1,car,0.902562,694.0,0.0,1915.0,1237.0,694.2386474609375,-0.00712992250919342,1915.0166015625,1237.760498046875,matched,0,VEHICLE_SUV,preprocessed/masks/left_rear_camera/masks/frame_000540_gt2d_000_track_56_VEHICLE_SUV.png,0.9419515132904053
left_rear,540,1772699964213169000,data\camera\left_rear_camera\1772699964213169000.jpg,1000017,1,car,0.713217,358.0,632.0,422.0,659.0,358.0213623046875,631.9929809570312,422.01904296875,659.3350830078125,matched,1,VEHICLE_CAR,preprocessed/masks/left_rear_camera/masks/frame_000540_gt2d_001_track_-1_VEHICLE_CAR.png,0.862423300743103
left_rear,541,1772699964313177000,data\camera\left_rear_camera\1772699964313177000.jpg,-1,4,truck,0.432264,85.0,603.0,155.0,648.0,85.0,603.0,155.0,648.0,unassigned,2,VEHICLE_TRUCK,preprocessed/masks/left_rear_camera/masks/frame_000541_gt2d_002_track_-1_VEHICLE_TRUCK.png,0.888892412185669
left_rear,541,1772699964313177000,data\camera\left_rear_camera\1772699964313177000.jpg,1000016,1,car,0.898111,694.0,0.0,1915.0,1237.0,694.017333984375,0.0037111809942871332,1914.9803466796875,1237.1519775390625,matched,0,VEHICLE_SUV,preprocessed/masks/left_rear_camera/masks/frame_000541_gt2d_000_track_56_VEHICLE_SUV.png,0.9413344860076904
left_rear,541,1772699964313177000,data\camera\left_rear_camera\1772699964313177000.jpg,1000017,1,car,0.709232,358.0,632.0,422.0,660.0,357.984619140625,632.0037231445312,421.9825439453125,659.7621459960938,matched,1,VEHICLE_CAR,preprocessed/masks/left_rear_camera/masks/frame_000541_gt2d_001_track_-1_VEHICLE_CAR.png,0.852042555809021
left_rear,542,1772699964413184000,data\camera\left_rear_camera\1772699964413184000.jpg,-1,4,truck,0.434972,85.0,603.0,155.0,648.0,85.0,603.0,155.0,648.0,unassigned,2,VEHICLE_TRUCK,preprocessed/masks/left_rear_camera/masks/frame_000542_gt2d_002_track_-1_VEHICLE_TRUCK.png,0.8889582753181458
left_rear,542,1772699964413184000,data\camera\left_rear_camera\1772699964413184000.jpg,1000016,1,car,0.901205,694.0,0.0,1915.0,1239.0,693.9453125,-0.0013356106355786324,1914.973876953125,1238.2486572265625,matched,0,VEHICLE_SUV,preprocessed/masks/left_rear_camera/masks/frame_000542_gt2d_000_track_56_VEHICLE_SUV.png,0.9405441284179688
left_rear,542,1772699964413184000,data\camera\left_rear_camera\1772699964413184000.jpg,1000017,1,car,0.703674,358.0,632.0,422.0,659.0,357.97760009765625,631.9987182617188,421.9757995605469,659.2525634765625,matched,1,VEHICLE_CAR,preprocessed/masks/left_rear_camera/masks/frame_000542_gt2d_001_track_-1_VEHICLE_CAR.png,0.8639137744903564
left_rear,543,1772699964513192000,data\camera\left_rear_camera\1772699964513192000.jpg,-1,4,truck,0.441511,85.0,603.0,154.0,648.0,85.0,603.0,154.0,648.0,unassigned,2,VEHICLE_TRUCK,preprocessed/masks/left_rear_camera/masks/frame_000543_gt2d_002_track_-1_VEHICLE_TRUCK.png,0.8909403085708618
left_rear,543,1772699964513192000,data\camera\left_rear_camera\1772699964513192000.jpg,1000016,1,car,0.901315,694.0,0.0,1915.0,1238.0,693.9533081054688,-0.002654035110026598,1915.0020751953125,1238.0142822265625,matched,0,VEHICLE_SUV,preprocessed/masks/left_rear_camera/masks/frame_000543_gt2d_000_track_56_VEHICLE_SUV.png,0.9416629076004028
left_rear,543,1772699964513192000,data\camera\left_rear_camera\1772699964513192000.jpg,1000017,1,car,0.702674,358.0,632.0,422.0,660.0,358.0053405761719,631.9974365234375,422.0037536621094,659.7254028320312,matched,1,VEHICLE_CAR,preprocessed/masks/left_rear_camera/masks/frame_000543_gt2d_001_track_-1_VEHICLE_CAR.png,0.852054238319397
left_rear,544,1772699964613168000,data\camera\left_rear_camera\1772699964613168000.jpg,-1,4,truck,0.435333,85.0,603.0,155.0,648.0,85.0,603.0,155.0,648.0,unassigned,2,VEHICLE_TRUCK,preprocessed/masks/left_rear_camera/masks/frame_000544_gt2d_002_track_-1_VEHICLE_TRUCK.png,0.8858340978622437
left_rear,544,1772699964613168000,data\camera\left_rear_camera\1772699964613168000.jpg,1000016,1,car,0.90193,694.0,0.0,1915.0,1239.0,693.964599609375,-0.003019339870661497,1915.0166015625,1238.5946044921875,matched,0,VEHICLE_SUV,preprocessed/masks/left_rear_camera/masks/frame_000544_gt2d_000_track_56_VEHICLE_SUV.png,0.9417083263397217
left_rear,544,1772699964613168000,data\camera\left_rear_camera\1772699964613168000.jpg,1000017,1,car,0.708053,358.0,632.0,422.0,660.0,358.01947021484375,631.9970092773438,422.01806640625,659.9017333984375,matched,1,VEHICLE_CAR,preprocessed/masks/left_rear_camera/masks/frame_000544_gt2d_001_track_-1_VEHICLE_CAR.png,0.8574117422103882
left_rear,545,1772699964713176000,data\camera\left_rear_camera\1772699964713176000.jpg,-1,4,truck,0.436779,85.0,603.0,155.0,648.0,85.0,603.0,155.0,648.0,unassigned,2,VEHICLE_TRUCK,preprocessed/masks/left_rear_camera/masks/frame_000545_gt2d_002_track_-1_VEHICLE_TRUCK.png,0.8896638751029968
left_rear,545,1772699964713176000,data\camera\left_rear_camera\1772699964713176000.jpg,1000016,1,car,0.900783,694.0,0.0,1915.0,1240.0,693.94287109375,0.0022368403151631355,1914.9921875,1239.48681640625,matched,0,VEHICLE_SUV,preprocessed/masks/left_rear_camera/masks/frame_000545_gt2d_000_track_56_VEHICLE_SUV.png,0.9415954947471619
left_rear,545,1772699964713176000,data\camera\left_rear_camera\1772699964713176000.jpg,1000017,1,car,0.701439,358.0,632.0,422.0,660.0,357.9947509765625,632.0023193359375,421.9934997558594,659.9744262695312,matched,1,VEHICLE_CAR,preprocessed/masks/left_rear_camera/masks/frame_000545_gt2d_001_track_-1_VEHICLE_CAR.png,0.8580152988433838
left_rear,546,1772699964813183000,data\camera\left_rear_camera\1772699964813183000.jpg,-1,4,truck,0.425335,85.0,603.0,154.0,648.0,85.0,603.0,154.0,648.0,unassigned,2,VEHICLE_TRUCK,preprocessed/masks/left_rear_camera/masks/frame_000546_gt2d_002_track_-1_VEHICLE_TRUCK.png,0.8900727033615112
left_rear,546,1772699964813183000,data\camera\left_rear_camera\1772699964813183000.jpg,1000016,1,car,0.899313,694.0,0.0,1916.0,1240.0,693.9387817382812,-0.0007736042607575655,1915.6444091796875,1239.8221435546875,matched,0,VEHICLE_SUV,preprocessed/masks/left_rear_camera/masks/frame_000546_gt2d_000_track_56_VEHICLE_SUV.png,0.9413546323776245
left_rear,546,1772699964813183000,data\camera\left_rear_camera\1772699964813183000.jpg,1000017,1,car,0.710079,359.0,632.0,422.0,659.0,358.6466979980469,631.999267578125,421.9847717285156,659.3367919921875,matched,1,VEHICLE_CAR,preprocessed/masks/left_rear_camera/masks/frame_000546_gt2d_001_track_-1_VEHICLE_CAR.png,0.86968594789505
left_rear,547,1772699964913191000,data\camera\left_rear_camera\1772699964913191000.jpg,-1,4,truck,0.419489,85.0,603.0,153.0,648.0,85.0,603.0,153.0,648.0,unassigned,2,VEHICLE_TRUCK,preprocessed/masks/left_rear_camera/masks/frame_000547_gt2d_002_track_-1_VEHICLE_TRUCK.png,0.8892085552215576
left_rear,547,1772699964913191000,data\camera\left_rear_camera\1772699964913191000.jpg,1000016,1,car,0.899668,694.0,0.0,1915.0,1239.0,693.9620361328125,-0.0007379206945188344,1915.2510986328125,1239.2891845703125,matched,0,VEHICLE_SUV,preprocessed/masks/left_rear_camera/masks/frame_000547_gt2d_000_track_56_VEHICLE_SUV.png,0.9415698051452637
left_rear,547,1772699964913191000,data\camera\left_rear_camera\1772699964913191000.jpg,1000017,1,car,0.700171,359.0,632.0,422.0,659.0,358.91448974609375,631.9993286132812,422.00311279296875,659.0946044921875,matched,1,VEHICLE_CAR,preprocessed/masks/left_rear_camera/masks/frame_000547_gt2d_001_track_-1_VEHICLE_CAR.png,0.8694394826889038
left_rear,548,1772699965013154000,data\camera\left_rear_camera\1772699965013154000.jpg,-1,4,truck,0.438151,85.0,602.0,154.0,648.0,85.0,602.0,154.0,648.0,unassigned,2,VEHICLE_TRUCK,preprocessed/masks/left_rear_camera/masks/frame_000548_gt2d_002_track_-1_VEHICLE_TRUCK.png,0.8883914947509766
left_rear,548,1772699965013154000,data\camera\left_rear_camera\1772699965013154000.jpg,1000016,1,car,0.901246,694.0,0.0,1915.0,1239.0,693.9695434570312,0.0015784782590344548,1915.0960693359375,1239.0894775390625,matched,0,VEHICLE_SUV,preprocessed/masks/left_rear_camera/masks/frame_000548_gt2d_000_track_56_VEHICLE_SUV.png,0.9415457248687744
left_rear,548,1772699965013154000,data\camera\left_rear_camera\1772699965013154000.jpg,1000017,1,car,0.704335,359.0,632.0,422.0,659.0,359.0077209472656,632.0015869140625,422.00592041015625,659.009033203125,matched,1,VEHICLE_CAR,preprocessed/masks/left_rear_camera/masks/frame_000548_gt2d_001_track_-1_VEHICLE_CAR.png,0.8734604716300964
left_rear,549,1772699965113284000,data\camera\left_rear_camera\1772699965113284000.jpg,-1,4,truck,0.442244,85.0,603.0,154.0,648.0,85.0,603.0,154.0,648.0,unassigned,2,VEHICLE_TRUCK,preprocessed/masks/left_rear_camera/masks/frame_000549_gt2d_002_track_-1_VEHICLE_TRUCK.png,0.8859968781471252
left_rear,549,1772699965113284000,data\camera\left_rear_camera\1772699965113284000.jpg,1000016,1,car,0.90265,694.0,0.0,1915.0,1238.0,693.9646606445312,-0.00021469085186254233,1915.02685546875,1238.3519287109375,matched,0,VEHICLE_SUV,preprocessed/masks/left_rear_camera/masks/frame_000549_gt2d_000_track_56_VEHICLE_SUV.png,0.9417638778686523
left_rear,549,1772699965113284000,data\camera\left_rear_camera\1772699965113284000.jpg,1000017,1,car,0.694299,359.0,632.0,422.0,659.0,359.0290222167969,631.9998168945312,421.9967956542969,658.9771728515625,matched,1,VEHICLE_CAR,preprocessed/masks/left_rear_camera/masks/frame_000549_gt2d_001_track_-1_VEHICLE_CAR.png,0.8714087009429932
left_rear,550,1772699965213291000,data\camera\left_rear_camera\1772699965213291000.jpg,-1,4,truck,0.442375,85.0,603.0,154.0,648.0,85.0,603.0,154.0,648.0,unassigned,2,VEHICLE_TRUCK,preprocessed/masks/left_rear_camera/masks/frame_000550_gt2d_002_track_-1_VEHICLE_TRUCK.png,0.8867191076278687
left_rear,550,1772699965213291000,data\camera\left_rear_camera\1772699965213291000.jpg,1000016,1,car,0.901771,694.0,0.0,1915.0,1239.0,693.9531860351562,0.0018528819782659411,1914.989013671875,1238.7398681640625,matched,0,VEHICLE_SUV,preprocessed/masks/left_rear_camera/masks/frame_000550_gt2d_000_track_56_VEHICLE_SUV.png,0.9408682584762573
left_rear,550,1772699965213291000,data\camera\left_rear_camera\1772699965213291000.jpg,1000017,1,car,0.698695,359.0,632.0,422.0,659.0,359.0217590332031,632.0018920898438,421.98162841796875,658.9707641601562,matched,1,VEHICLE_CAR,preprocessed/masks/left_rear_camera/masks/frame_000550_gt2d_001_track_-1_VEHICLE_CAR.png,0.8736888766288757
left_rear,551,1772699965313268000,data\camera\left_rear_camera\1772699965313268000.jpg,-1,4,truck,0.437004,85.0,603.0,154.0,648.0,85.0,603.0,154.0,648.0,unassigned,2,VEHICLE_TRUCK,preprocessed/masks/left_rear_camera/masks/frame_000551_gt2d_002_track_-1_VEHICLE_TRUCK.png,0.886716365814209
left_rear,551,1772699965313268000,data\camera\left_rear_camera\1772699965313268000.jpg,1000016,1,car,0.903558,693.0,0.0,1915.0,1238.0,693.316650390625,0.0018497774144634604,1915.0018310546875,1238.2288818359375,matched,0,VEHICLE_SUV,preprocessed/masks/left_rear_camera/masks/frame_000551_gt2d_000_track_56_VEHICLE_SUV.png,0.941360592842102
left_rear,551,1772699965313268000,data\camera\left_rear_camera\1772699965313268000.jpg,1000017,1,car,0.697852,359.0,632.0,422.0,659.0,359.0424499511719,632.0018310546875,422.0025634765625,658.9701538085938,matched,1,VEHICLE_CAR,preprocessed/masks/left_rear_camera/masks/frame_000551_gt2d_001_track_-1_VEHICLE_CAR.png,0.8721383213996887
left_rear,552,1772699965413276000,data\camera\left_rear_camera\1772699965413276000.jpg,-1,4,truck,0.454448,85.0,603.0,154.0,648.0,85.0,603.0,154.0,648.0,unassigned,2,VEHICLE_TRUCK,preprocessed/masks/left_rear_camera/masks/frame_000552_gt2d_002_track_-1_VEHICLE_TRUCK.png,0.8874701857566833
left_rear,552,1772699965413276000,data\camera\left_rear_camera\1772699965413276000.jpg,1000016,1,car,0.901771,694.0,0.0,1915.0,1238.0,693.7304077148438,0.0005248492816463113,1914.998046875,1238.03759765625,matched,0,VEHICLE_SUV,preprocessed/masks/left_rear_camera/masks/frame_000552_gt2d_000_track_56_VEHICLE_SUV.png,0.9418767094612122
left_rear,552,1772699965413276000,data\camera\left_rear_camera\1772699965413276000.jpg,1000017,1,car,0.68554,359.0,632.0,422.0,659.0,359.0382995605469,632.0005493164062,422.00146484375,658.9710083007812,matched,1,VEHICLE_CAR,preprocessed/masks/left_rear_camera/masks/frame_000552_gt2d_001_track_-1_VEHICLE_CAR.png,0.8730375170707703
left_rear,553,1772699965513283000,data\camera\left_rear_camera\1772699965513283000.jpg,-1,4,truck,0.454251,85.0,603.0,154.0,648.0,85.0,603.0,154.0,648.0,unassigned,2,VEHICLE_TRUCK,preprocessed/masks/left_rear_camera/masks/frame_000553_gt2d_002_track_-1_VEHICLE_TRUCK.png,0.8895591497421265
left_rear,553,1772699965513283000,data\camera\left_rear_camera\1772699965513283000.jpg,1000016,1,car,0.902795,693.0,0.0,1915.0,1239.0,693.2164306640625,0.00048125331522896886,1914.983642578125,1238.6314697265625,matched,0,VEHICLE_SUV,preprocessed/masks/left_rear_camera/masks/frame_000553_gt2d_000_track_56_VEHICLE_SUV.png,0.9416118860244751
left_rear,553,1772699965513283000,data\camera\left_rear_camera\1772699965513283000.jpg,1000017,1,car,0.695624,359.0,632.0,420.0,659.0,359.02099609375,632.00048828125,420.6648864746094,658.973876953125,matched,1,VEHICLE_CAR,preprocessed/masks/left_rear_camera/masks/frame_000553_gt2d_001_track_-1_VEHICLE_CAR.png,0.8785257339477539
left_rear,554,1772699965613291000,data\camera\left_rear_camera\1772699965613291000.jpg,-1,4,truck,0.440268,85.0,603.0,154.0,648.0,85.0,603.0,154.0,648.0,unassigned,2,VEHICLE_TRUCK,preprocessed/masks/left_rear_camera/masks/frame_000554_gt2d_002_track_-1_VEHICLE_TRUCK.png,0.8884053826332092
left_rear,554,1772699965613291000,data\camera\left_rear_camera\1772699965613291000.jpg,1000016,1,car,0.904582,693.0,0.0,1915.0,1239.0,693.038330078125,0.0031585549004375935,1914.991943359375,1238.8623046875,matched,0,VEHICLE_SUV,preprocessed/masks/left_rear_camera/masks/frame_000554_gt2d_000_track_56_VEHICLE_SUV.png,0.9409311413764954
left_rear,554,1772699965613291000,data\camera\left_rear_camera\1772699965613291000.jpg,1000017,1,car,0.661768,359.0,632.0,419.0,658.0,359.0250549316406,632.003173828125,419.5054626464844,658.317626953125,matched,1,VEHICLE_CAR,preprocessed/masks/left_rear_camera/masks/frame_000554_gt2d_001_track_-1_VEHICLE_CAR.png,0.8966010808944702
left_rear,555,1772699965713268000,data\camera\left_rear_camera\1772699965713268000.jpg,-1,4,truck,0.419272,85.0,603.0,155.0,648.0,85.0,603.0,155.0,648.0,unassigned,2,VEHICLE_TRUCK,preprocessed/masks/left_rear_camera/masks/frame_000555_gt2d_002_track_-1_VEHICLE_TRUCK.png,0.8876000642776489
left_rear,555,1772699965713268000,data\camera\left_rear_camera\1772699965713268000.jpg,1000016,1,car,0.905172,693.0,0.0,1916.0,1241.0,692.9747924804688,0.004365879576653242,1915.65576171875,1240.272705078125,matched,0,VEHICLE_SUV,preprocessed/masks/left_rear_camera/masks/frame_000555_gt2d_000_track_56_VEHICLE_SUV.png,0.9414775967597961
left_rear,555,1772699965713268000,data\camera\left_rear_camera\1772699965713268000.jpg,1000017,1,car,0.586537,359.0,632.0,415.0,657.0,359.0240478515625,632.0042724609375,416.40570068359375,657.4030151367188,matched,1,VEHICLE_CAR,preprocessed/masks/left_rear_camera/masks/frame_000555_gt2d_001_track_-1_VEHICLE_CAR.png,0.8910850286483765
left_rear,556,1772699965813275000,data\camera\left_rear_camera\1772699965813275000.jpg,-1,4,truck,0.429768,85.0,603.0,155.0,648.0,85.0,603.0,155.0,648.0,unassigned,2,VEHICLE_TRUCK,preprocessed/masks/left_rear_camera/masks/frame_000556_gt2d_002_track_-1_VEHICLE_TRUCK.png,0.8876893520355225
left_rear,556,1772699965813275000,data\camera\left_rear_camera\1772699965813275000.jpg,1000016,1,car,0.905496,693.0,0.0,1915.0,1240.0,692.9522094726562,0.0006987671949900687,1915.242431640625,1240.1396484375,matched,0,VEHICLE_SUV,preprocessed/masks/left_rear_camera/masks/frame_000556_gt2d_000_track_56_VEHICLE_SUV.png,0.9413685202598572
left_rear,556,1772699965813275000,data\camera\left_rear_camera\1772699965813275000.jpg,1000017,1,car,0.529496,359.0,632.0,413.0,657.0,359.01849365234375,632.0006103515625,413.8995361328125,657.064208984375,matched,1,VEHICLE_CAR,preprocessed/masks/left_rear_camera/masks/frame_000556_gt2d_001_track_-1_VEHICLE_CAR.png,0.8585376739501953
left_rear,557,1772699965913282000,data\camera\left_rear_camera\1772699965913282000.jpg,-1,4,truck,0.417608,85.0,603.0,155.0,648.0,85.0,603.0,155.0,648.0,unassigned,2,VEHICLE_TRUCK,preprocessed/masks/left_rear_camera/masks/frame_000557_gt2d_002_track_-1_VEHICLE_TRUCK.png,0.8853485584259033
left_rear,557,1772699965913282000,data\camera\left_rear_camera\1772699965913282000.jpg,1000016,1,car,0.905759,693.0,0.0,1916.0,1238.0,692.9451293945312,-0.004580239299684763,1915.742431640625,1238.7589111328125,matched,0,VEHICLE_SUV,preprocessed/masks/left_rear_camera/masks/frame_000557_gt2d_000_track_56_VEHICLE_SUV.png,0.941417932510376
left_rear,557,1772699965913282000,data\camera\left_rear_camera\1772699965913282000.jpg,1000017,1,car,0.523758,359.0,632.0,422.0,659.0,359.01226806640625,631.9955444335938,419.1600341796875,658.2860107421875,matched,1,VEHICLE_CAR,preprocessed/masks/left_rear_camera/masks/frame_000557_gt2d_001_track_-1_VEHICLE_CAR.png,0.8260927200317383
left_rear,558,1772699966013276000,data\camera\left_rear_camera\1772699966013276000.jpg,-1,4,truck,0.405907,85.0,603.0,156.0,648.0,85.0,603.0,156.0,648.0,unassigned,2,VEHICLE_TRUCK,preprocessed/masks/left_rear_camera/masks/frame_000558_gt2d_002_track_-1_VEHICLE_TRUCK.png,0.8821291327476501
left_rear,558,1772699966013276000,data\camera\left_rear_camera\1772699966013276000.jpg,1000016,1,car,0.906988,693.0,0.0,1916.0,1238.0,692.955322265625,-0.000403585028834641,1915.9393310546875,1238.24072265625,matched,0,VEHICLE_SUV,preprocessed/masks/left_rear_camera/masks/frame_000558_gt2d_000_track_56_VEHICLE_SUV.png,0.941170334815979
left_rear,558,1772699966013276000,data\camera\left_rear_camera\1772699966013276000.jpg,1000017,1,car,0.562603,358.0,632.0,423.0,659.0,358.3716735839844,631.9996337890625,421.6344909667969,658.7386474609375,matched,1,VEHICLE_CAR,preprocessed/masks/left_rear_camera/masks/frame_000558_gt2d_001_track_-1_VEHICLE_CAR.png,0.8397858142852783
left_rear,559,1772699966113192000,data\camera\left_rear_camera\1772699966113192000.jpg,-1,4,truck,0.391751,85.0,602.0,162.0,649.0,85.0,602.0,162.0,649.0,unassigned,2,VEHICLE_TRUCK,preprocessed/masks/left_rear_camera/masks/frame_000559_gt2d_002_track_-1_VEHICLE_TRUCK.png,0.8802672624588013
left_rear,559,1772699966113192000,data\camera\left_rear_camera\1772699966113192000.jpg,1000016,1,car,0.904464,695.0,0.0,1915.0,1243.0,694.2805786132812,0.0009027766645886004,1915.34716796875,1241.352294921875,matched,0,VEHICLE_SUV,preprocessed/masks/left_rear_camera/masks/frame_000559_gt2d_000_track_56_VEHICLE_SUV.png,0.9418560862541199
left_rear,559,1772699966113192000,data\camera\left_rear_camera\1772699966113192000.jpg,1000017,1,car,0.618428,359.0,632.0,423.0,659.0,358.7620544433594,632.0009765625,422.6048278808594,658.9149780273438,matched,1,VEHICLE_CAR,preprocessed/masks/left_rear_camera/masks/frame_000559_gt2d_001_track_-1_VEHICLE_CAR.png,0.8233838677406311
left_rear,560,1772699966213169000,data\camera\left_rear_camera\1772699966213169000.jpg,-1,4,truck,0.41477,85.0,602.0,164.0,649.0,85.0,602.0,164.0,649.0,unassigned,2,VEHICLE_TRUCK,preprocessed/masks/left_rear_camera/masks/frame_000560_gt2d_002_track_-1_VEHICLE_TRUCK.png,0.8740289807319641
left_rear,560,1772699966213169000,data\camera\left_rear_camera\1772699966213169000.jpg,1000016,1,car,0.898508,695.0,0.0,1915.0,1242.0,694.7769775390625,0.0013160074595361948,1915.1148681640625,1241.865966796875,matched,0,VEHICLE_SUV,preprocessed/masks/left_rear_camera/masks/frame_000560_gt2d_000_track_56_VEHICLE_SUV.png,0.9424654245376587
left_rear,560,1772699966213169000,data\camera\left_rear_camera\1772699966213169000.jpg,1000017,1,car,0.6537,360.0,632.0,423.0,658.0,359.56524658203125,632.0013427734375,422.96923828125,658.3240356445312,matched,1,VEHICLE_CAR,preprocessed/masks/left_rear_camera/masks/frame_000560_gt2d_001_track_-1_VEHICLE_CAR.png,0.8679813146591187
left_rear,561,1772699966313177000,data\camera\left_rear_camera\1772699966313177000.jpg,-1,4,truck,0.413331,85.0,602.0,166.0,649.0,85.0,602.0,166.0,649.0,unassigned,2,VEHICLE_TRUCK,preprocessed/masks/left_rear_camera/masks/frame_000561_gt2d_002_track_-1_VEHICLE_TRUCK.png,0.8736225962638855
left_rear,561,1772699966313177000,data\camera\left_rear_camera\1772699966313177000.jpg,1000016,1,car,0.902857,695.0,0.0,1916.0,1240.0,694.9466552734375,-0.003844435093924403,1915.674072265625,1240.7239990234375,matched,0,VEHICLE_SUV,preprocessed/masks/left_rear_camera/masks/frame_000561_gt2d_000_track_56_VEHICLE_SUV.png,0.9431681632995605
left_rear,561,1772699966313177000,data\camera\left_rear_camera\1772699966313177000.jpg,1000017,1,car,0.609428,363.0,632.0,424.0,659.0,361.83343505859375,631.9962158203125,423.7393493652344,658.7567749023438,matched,1,VEHICLE_CAR,preprocessed/masks/left_rear_camera/masks/frame_000561_gt2d_001_track_-1_VEHICLE_CAR.png,0.8344775438308716
left_rear,562,1772699966413184000,data\camera\left_rear_camera\1772699966413184000.jpg,-1,4,truck,0.39963,85.0,602.0,165.0,649.0,85.0,602.0,165.0,649.0,unassigned,2,VEHICLE_TRUCK,preprocessed/masks/left_rear_camera/masks/frame_000562_gt2d_002_track_-1_VEHICLE_TRUCK.png,0.8734958171844482
left_rear,562,1772699966413184000,data\camera\left_rear_camera\1772699966413184000.jpg,1000016,1,car,0.90481,694.0,0.0,1916.0,1242.0,694.37060546875,-0.003695977386087179,1915.9107666015625,1241.6068115234375,matched,0,VEHICLE_SUV,preprocessed/masks/left_rear_camera/masks/frame_000562_gt2d_000_track_56_VEHICLE_SUV.png,0.9415953755378723
left_rear,562,1772699966413184000,data\camera\left_rear_camera\1772699966413184000.jpg,1000017,1,car,0.596119,360.0,632.0,424.0,659.0,360.7254943847656,631.996337890625,424.0433654785156,658.919189453125,matched,1,VEHICLE_CAR,preprocessed/masks/left_rear_camera/masks/frame_000562_gt2d_001_track_-1_VEHICLE_CAR.png,0.836327075958252
left_rear,563,1772699966513192000,data\camera\left_rear_camera\1772699966513192000.jpg,-1,4,truck,0.410368,85.0,602.0,163.0,649.0,85.0,602.0,163.0,649.0,unassigned,2,VEHICLE_TRUCK,preprocessed/masks/left_rear_camera/masks/frame_000563_gt2d_002_track_-1_VEHICLE_TRUCK.png,0.8777759075164795
left_rear,563,1772699966513192000,data\camera\left_rear_camera\1772699966513192000.jpg,1000016,1,car,0.904739,695.0,0.0,1916.0,1241.0,694.8228759765625,0.003441705135628581,1916.0113525390625,1241.281005859375,matched,0,VEHICLE_SUV,preprocessed/masks/left_rear_camera/masks/frame_000563_gt2d_000_track_56_VEHICLE_SUV.png,0.9413996338844299
left_rear,563,1772699966513192000,data\camera\left_rear_camera\1772699966513192000.jpg,1000017,1,car,0.502635,363.0,632.0,421.0,658.0,362.2877197265625,632.0034790039062,422.1968994140625,658.3294677734375,matched,1,VEHICLE_CAR,preprocessed/masks/left_rear_camera/masks/frame_000563_gt2d_001_track_-1_VEHICLE_CAR.png,0.8375505208969116
left_rear,564,1772699966613168000,data\camera\left_rear_camera\1772699966613168000.jpg,-1,4,truck,0.419835,85.0,602.0,165.0,649.0,85.0,602.0,165.0,649.0,unassigned,2,VEHICLE_TRUCK,preprocessed/masks/left_rear_camera/masks/frame_000564_gt2d_002_track_-1_VEHICLE_TRUCK.png,0.8726865649223328
left_rear,564,1772699966613168000,data\camera\left_rear_camera\1772699966613168000.jpg,1000016,1,car,0.902939,695.0,0.0,1915.0,1242.0,694.9642333984375,0.0016441023908555508,1915.3587646484375,1241.806640625,matched,0,VEHICLE_SUV,preprocessed/masks/left_rear_camera/masks/frame_000564_gt2d_000_track_56_VEHICLE_SUV.png,0.9423577189445496
left_rear,564,1772699966613168000,data\camera\left_rear_camera\1772699966613168000.jpg,1000017,1,car,0.547253,364.0,632.0,423.0,658.0,363.5322570800781,632.0016479492188,422.7720031738281,658.0982666015625,matched,1,VEHICLE_CAR,preprocessed/masks/left_rear_camera/masks/frame_000564_gt2d_001_track_-1_VEHICLE_CAR.png,0.8660475015640259
left_rear,565,1772699966713176000,data\camera\left_rear_camera\1772699966713176000.jpg,-1,4,truck,0.424646,85.0,602.0,163.0,649.0,85.0,602.0,163.0,649.0,unassigned,2,VEHICLE_TRUCK,preprocessed/masks/left_rear_camera/masks/frame_000565_gt2d_002_track_-1_VEHICLE_TRUCK.png,0.8755021095275879
left_rear,565,1772699966713176000,data\camera\left_rear_camera\1772699966713176000.jpg,1000016,1,car,0.899538,695.0,0.0,1915.0,1242.0,694.9918823242188,-0.006027409341186285,1915.0885009765625,1241.9920654296875,matched,0,VEHICLE_SUV,preprocessed/masks/left_rear_camera/masks/frame_000565_gt2d_000_track_56_VEHICLE_SUV.png,0.9419231414794922
left_rear,565,1772699966713176000,data\camera\left_rear_camera\1772699966713176000.jpg,1000017,1,car,0.63895,363.0,632.0,425.0,659.0,363.2845153808594,631.9940795898438,424.28973388671875,658.6713256835938,matched,1,VEHICLE_CAR,preprocessed/masks/left_rear_camera/masks/frame_000565_gt2d_001_track_-1_VEHICLE_CAR.png,0.8591134548187256
left_rear,566,1772699966813183000,data\camera\left_rear_camera\1772699966813183000.jpg,-1,4,truck,0.418288,85.0,602.0,164.0,649.0,85.0,602.0,164.0,649.0,unassigned,2,VEHICLE_TRUCK,preprocessed/masks/left_rear_camera/masks/frame_000566_gt2d_002_track_-1_VEHICLE_TRUCK.png,0.8735849857330322
left_rear,566,1772699966813183000,data\camera\left_rear_camera\1772699966813183000.jpg,1000016,1,car,0.902306,695.0,0.0,1915.0,1242.0,695.0582885742188,0.005549238994717598,1915.0467529296875,1242.0693359375,matched,0,VEHICLE_SUV,preprocessed/masks/left_rear_camera/masks/frame_000566_gt2d_000_track_56_VEHICLE_SUV.png,0.9422603845596313
left_rear,566,1772699966813183000,data\camera\left_rear_camera\1772699966813183000.jpg,1000017,1,car,0.676563,357.0,632.0,425.0,660.0,359.303466796875,632.0056762695312,424.90142822265625,659.5560913085938,matched,1,VEHICLE_CAR,preprocessed/masks/left_rear_camera/masks/frame_000566_gt2d_001_track_-1_VEHICLE_CAR.png,0.8329230546951294
left_rear,567,1772699966913191000,data\camera\left_rear_camera\1772699966913191000.jpg,-1,4,truck,0.420839,86.0,602.0,162.0,649.0,86.0,602.0,162.0,649.0,unassigned,2,VEHICLE_TRUCK,preprocessed/masks/left_rear_camera/masks/frame_000567_gt2d_002_track_-1_VEHICLE_TRUCK.png,0.875511884689331
left_rear,567,1772699966913191000,data\camera\left_rear_camera\1772699966913191000.jpg,1000016,1,car,0.902401,695.0,0.0,1916.0,1241.0,695.0615844726562,-0.00010713547089835629,1915.6751708984375,1241.420654296875,matched,0,VEHICLE_SUV,preprocessed/masks/left_rear_camera/masks/frame_000567_gt2d_000_track_56_VEHICLE_SUV.png,0.9422004222869873
left_rear,567,1772699966913191000,data\camera\left_rear_camera\1772699966913191000.jpg,1000017,1,car,0.676378,357.0,632.0,423.0,660.0,357.78375244140625,631.9999389648438,423.8247985839844,659.880859375,matched,1,VEHICLE_CAR,preprocessed/masks/left_rear_camera/masks/frame_000567_gt2d_001_track_-1_VEHICLE_CAR.png,0.8399506211280823
left_rear,568,1772699967013154000,data\camera\left_rear_camera\1772699967013154000.jpg,-1,4,truck,0.435089,86.0,602.0,163.0,649.0,86.0,602.0,163.0,649.0,unassigned,2,VEHICLE_TRUCK,preprocessed/masks/left_rear_camera/masks/frame_000568_gt2d_002_track_-1_VEHICLE_TRUCK.png,0.874667763710022
left_rear,568,1772699967013154000,data\camera\left_rear_camera\1772699967013154000.jpg,1000016,1,car,0.900779,695.0,0.0,1916.0,1242.0,695.0322265625,-0.0015594222350046039,1915.885986328125,1241.8311767578125,matched,0,VEHICLE_SUV,preprocessed/masks/left_rear_camera/masks/frame_000568_gt2d_000_track_56_VEHICLE_SUV.png,0.942556619644165
left_rear,568,1772699967013154000,data\camera\left_rear_camera\1772699967013154000.jpg,1000017,1,car,0.674322,357.0,632.0,424.0,660.0,357.15545654296875,631.9984741210938,423.9988098144531,660.002685546875,matched,1,VEHICLE_CAR,preprocessed/masks/left_rear_camera/masks/frame_000568_gt2d_001_track_-1_VEHICLE_CAR.png,0.8313292860984802
left_rear,569,1772699967113284000,data\camera\left_rear_camera\1772699967113284000.jpg,-1,4,truck,0.428449,86.0,602.0,162.0,649.0,86.0,602.0,162.0,649.0,unassigned,2,VEHICLE_TRUCK,preprocessed/masks/left_rear_camera/masks/frame_000569_gt2d_002_track_-1_VEHICLE_TRUCK.png,0.8761813640594482
left_rear,569,1772699967113284000,data\camera\left_rear_camera\1772699967113284000.jpg,1000016,1,car,0.898533,695.0,0.0,1916.0,1238.0,695.0234985351562,-0.0001647282188059762,1915.96923828125,1239.3416748046875,matched,0,VEHICLE_SUV,preprocessed/masks/left_rear_camera/masks/frame_000569_gt2d_000_track_56_VEHICLE_SUV.png,0.9423508644104004
left_rear,569,1772699967113284000,data\camera\left_rear_camera\1772699967113284000.jpg,1000017,1,car,0.648858,358.0,632.0,423.0,660.0,357.5817565917969,631.9998168945312,423.4114990234375,660.0462646484375,matched,1,VEHICLE_CAR,preprocessed/masks/left_rear_camera/masks/frame_000569_gt2d_001_track_-1_VEHICLE_CAR.png,0.8429247140884399
left_rear,570,1772699967213261000,data\camera\left_rear_camera\1772699967213261000.jpg,-1,4,truck,0.416161,86.0,602.0,164.0,649.0,86.0,602.0,164.0,649.0,unassigned,2,VEHICLE_TRUCK,preprocessed/masks/left_rear_camera/masks/frame_000570_gt2d_002_track_-1_VEHICLE_TRUCK.png,0.8731447458267212
left_rear,570,1772699967213261000,data\camera\left_rear_camera\1772699967213261000.jpg,1000016,1,car,0.90027,695.0,0.0,1915.0,1239.0,695.05224609375,0.006766073405742645,1915.3724365234375,1239.06640625,matched,0,VEHICLE_SUV,preprocessed/masks/left_rear_camera/masks/frame_000570_gt2d_000_track_56_VEHICLE_SUV.png,0.942634105682373
left_rear,570,1772699967213261000,data\camera\left_rear_camera\1772699967213261000.jpg,1000017,1,car,0.673096,357.0,632.0,421.0,659.0,357.13739013671875,632.0068359375,421.89306640625,659.4078369140625,matched,1,VEHICLE_CAR,preprocessed/masks/left_rear_camera/masks/frame_000570_gt2d_001_track_-1_VEHICLE_CAR.png,0.867753267288208
left_rear,571,1772699967313268000,data\camera\left_rear_camera\1772699967313268000.jpg,-1,4,truck,0.414543,86.0,602.0,166.0,649.0,86.0,602.0,166.0,649.0,unassigned,2,VEHICLE_TRUCK,preprocessed/masks/left_rear_camera/masks/frame_000571_gt2d_002_track_-1_VEHICLE_TRUCK.png,0.8687537908554077
left_rear,571,1772699967313268000,data\camera\left_rear_camera\1772699967313268000.jpg,1000016,1,car,0.899554,695.0,0.0,1915.0,1238.0,695.0240478515625,-0.00523826340213418,1915.108642578125,1238.29345703125,matched,0,VEHICLE_SUV,preprocessed/masks/left_rear_camera/masks/frame_000571_gt2d_000_track_56_VEHICLE_SUV.png,0.9420468211174011
left_rear,571,1772699967313268000,data\camera\left_rear_camera\1772699967313268000.jpg,1000017,1,car,0.677983,358.0,632.0,422.0,660.0,357.60400390625,631.994873046875,421.93890380859375,659.807373046875,matched,1,VEHICLE_CAR,preprocessed/masks/left_rear_camera/masks/frame_000571_gt2d_001_track_-1_VEHICLE_CAR.png,0.8556525111198425
left_rear,572,1772699967413276000,data\camera\left_rear_camera\1772699967413276000.jpg,-1,4,truck,0.412768,85.0,602.0,164.0,649.0,85.0,602.0,164.0,649.0,unassigned,2,VEHICLE_TRUCK,preprocessed/masks/left_rear_camera/masks/frame_000572_gt2d_002_track_-1_VEHICLE_TRUCK.png,0.8732922077178955
left_rear,572,1772699967413276000,data\camera\left_rear_camera\1772699967413276000.jpg,1000016,1,car,0.900514,695.0,0.0,1915.0,1238.0,695.0233764648438,0.0006979045574553311,1915.02197265625,1238.0196533203125,matched,0,VEHICLE_SUV,preprocessed/masks/left_rear_camera/masks/frame_000572_gt2d_000_track_56_VEHICLE_SUV.png,0.9417969584465027
left_rear,572,1772699967413276000,data\camera\left_rear_camera\1772699967413276000.jpg,1000017,1,car,0.683854,358.0,632.0,422.0,660.0,357.8002014160156,632.0007934570312,421.9693603515625,659.9642944335938,matched,1,VEHICLE_CAR,preprocessed/masks/left_rear_camera/masks/frame_000572_gt2d_001_track_-1_VEHICLE_CAR.png,0.8594043254852295
left_rear,573,1772699967513283000,data\camera\left_rear_camera\1772699967513283000.jpg,-1,4,truck,0.412229,85.0,602.0,165.0,649.0,85.0,602.0,165.0,649.0,unassigned,2,VEHICLE_TRUCK,preprocessed/masks/left_rear_camera/masks/frame_000573_gt2d_002_track_-1_VEHICLE_TRUCK.png,0.8742837905883789
left_rear,573,1772699967513283000,data\camera\left_rear_camera\1772699967513283000.jpg,1000016,1,car,0.897943,695.0,0.0,1915.0,1237.0,695.0311889648438,0.0008639625157229602,1915.000732421875,1237.2625732421875,matched,0,VEHICLE_SUV,preprocessed/masks/left_rear_camera/masks/frame_000573_gt2d_000_track_56_VEHICLE_SUV.png,0.9423737525939941
left_rear,573,1772699967513283000,data\camera\left_rear_camera\1772699967513283000.jpg,1000017,1,car,0.654112,358.0,632.0,422.0,659.0,357.8907165527344,632.0009155273438,421.9916076660156,659.3615112304688,matched,1,VEHICLE_CAR,preprocessed/masks/left_rear_camera/masks/frame_000573_gt2d_001_track_-1_VEHICLE_CAR.png,0.8707519769668579
left_rear,574,1772699967613291000,data\camera\left_rear_camera\1772699967613291000.jpg,-1,4,truck,0.412644,85.0,602.0,165.0,649.0,85.0,602.0,165.0,649.0,unassigned,2,VEHICLE_TRUCK,preprocessed/masks/left_rear_camera/masks/frame_000574_gt2d_002_track_-1_VEHICLE_TRUCK.png,0.8721554279327393
left_rear,574,1772699967613291000,data\camera\left_rear_camera\1772699967613291000.jpg,1000016,1,car,0.897243,695.0,0.0,1915.0,1238.0,695.0242309570312,0.0011483734706416726,1914.986083984375,1237.648193359375,matched,0,VEHICLE_SUV,preprocessed/masks/left_rear_camera/masks/frame_000574_gt2d_000_track_56_VEHICLE_SUV.png,0.9418234825134277
left_rear,574,1772699967613291000,data\camera\left_rear_camera\1772699967613291000.jpg,1000017,1,car,0.663956,358.0,632.0,422.0,659.0,357.9219665527344,632.0011596679688,421.99237060546875,659.1270751953125,matched,1,VEHICLE_CAR,preprocessed/masks/left_rear_camera/masks/frame_000574_gt2d_001_track_-1_VEHICLE_CAR.png,0.8724052906036377
left_rear,575,1772699967713268000,data\camera\left_rear_camera\1772699967713268000.jpg,-1,4,truck,0.418282,85.0,602.0,164.0,649.0,85.0,602.0,164.0,649.0,unassigned,2,VEHICLE_TRUCK,preprocessed/masks/left_rear_camera/masks/frame_000575_gt2d_002_track_-1_VEHICLE_TRUCK.png,0.873429536819458
left_rear,575,1772699967713268000,data\camera\left_rear_camera\1772699967713268000.jpg,1000016,1,car,0.896005,695.0,0.0,1915.0,1238.0,695.0162963867188,-0.0014764034422114491,1914.9783935546875,1237.8017578125,matched,0,VEHICLE_SUV,preprocessed/masks/left_rear_camera/masks/frame_000575_gt2d_000_track_56_VEHICLE_SUV.png,0.942358136177063
left_rear,575,1772699967713268000,data\camera\left_rear_camera\1772699967713268000.jpg,1000017,1,car,0.659336,358.0,632.0,422.0,659.0,357.9344482421875,631.99853515625,421.9894104003906,659.03662109375,matched,1,VEHICLE_CAR,preprocessed/masks/left_rear_camera/masks/frame_000575_gt2d_001_track_-1_VEHICLE_CAR.png,0.8697935938835144
left_rear,576,1772699967813275000,data\camera\left_rear_camera\1772699967813275000.jpg,-1,4,truck,0.43293,85.0,602.0,164.0,650.0,85.0,602.0,164.0,650.0,unassigned,2,VEHICLE_TRUCK,preprocessed/masks/left_rear_camera/masks/frame_000576_gt2d_002_track_-1_VEHICLE_TRUCK.png,0.8729116916656494
left_rear,576,1772699967813275000,data\camera\left_rear_camera\1772699967813275000.jpg,1000016,1,car,0.895064,695.0,0.0,1915.0,1240.0,695.0201416015625,0.0014715981669723988,1914.9849853515625,1239.19384765625,matched,0,VEHICLE_SUV,preprocessed/masks/left_rear_camera/masks/frame_000576_gt2d_000_track_56_VEHICLE_SUV.png,0.9418683052062988
left_rear,576,1772699967813275000,data\camera\left_rear_camera\1772699967813275000.jpg,1000017,1,car,0.674884,358.0,632.0,422.0,660.0,357.95123291015625,632.00146484375,421.9969177246094,659.6700439453125,matched,1,VEHICLE_CAR,preprocessed/masks/left_rear_camera/masks/frame_000576_gt2d_001_track_-1_VEHICLE_CAR.png,0.8547439575195312
left_rear,577,1772699967913282000,data\camera\left_rear_camera\1772699967913282000.jpg,-1,4,truck,0.433737,85.0,602.0,164.0,649.0,85.0,602.0,164.0,649.0,unassigned,2,VEHICLE_TRUCK,preprocessed/masks/left_rear_camera/masks/frame_000577_gt2d_002_track_-1_VEHICLE_TRUCK.png,0.8745533227920532
left_rear,577,1772699967913282000,data\camera\left_rear_camera\1772699967913282000.jpg,1000016,1,car,0.895491,695.0,0.0,1916.0,1240.0,695.0159912109375,-0.0014800014905631542,1915.645263671875,1239.720703125,matched,0,VEHICLE_SUV,preprocessed/masks/left_rear_camera/masks/frame_000577_gt2d_000_track_56_VEHICLE_SUV.png,0.9419522881507874
left_rear,577,1772699967913282000,data\camera\left_rear_camera\1772699967913282000.jpg,1000017,1,car,0.675084,358.0,632.0,422.0,660.0,357.95654296875,631.99853515625,421.9957275390625,659.9024047851562,matched,1,VEHICLE_CAR,preprocessed/masks/left_rear_camera/masks/frame_000577_gt2d_001_track_-1_VEHICLE_CAR.png,0.8518773317337036
left_rear,578,1772699968013276000,data\camera\left_rear_camera\1772699968013276000.jpg,-1,4,truck,0.427033,85.0,602.0,163.0,649.0,85.0,602.0,163.0,649.0,unassigned,2,VEHICLE_TRUCK,preprocessed/masks/left_rear_camera/masks/frame_000578_gt2d_002_track_-1_VEHICLE_TRUCK.png,0.8778156042098999
left_rear,578,1772699968013276000,data\camera\left_rear_camera\1772699968013276000.jpg,1000016,1,car,0.896355,694.0,0.0,1915.0,1238.0,694.3519287109375,-0.005391005426645279,1915.2335205078125,1238.595458984375,matched,0,VEHICLE_SUV,preprocessed/masks/left_rear_camera/masks/frame_000578_gt2d_000_track_56_VEHICLE_SUV.png,0.9421623945236206
left_rear,578,1772699968013276000,data\camera\left_rear_camera\1772699968013276000.jpg,1000017,1,car,0.679304,357.0,632.0,422.0,659.0,357.2999572753906,631.9945678710938,421.99481201171875,659.3292846679688,matched,1,VEHICLE_CAR,preprocessed/masks/left_rear_camera/masks/frame_000578_gt2d_001_track_-1_VEHICLE_CAR.png,0.8561584949493408
left_rear,579,1772699968113192000,data\camera\left_rear_camera\1772699968113192000.jpg,-1,4,truck,0.410364,85.0,602.0,155.0,648.0,85.0,602.0,155.0,648.0,unassigned,2,VEHICLE_TRUCK_SMALL,preprocessed/masks/left_rear_camera/masks/frame_000579_gt2d_002_track_-1_VEHICLE_TRUCK_SMALL.png,0.8873466849327087
left_rear,579,1772699968113192000,data\camera\left_rear_camera\1772699968113192000.jpg,1000016,1,car,0.898161,695.0,0.0,1915.0,1240.0,694.77001953125,0.004066553432494402,1915.0850830078125,1239.50244140625,matched,0,VEHICLE_SUV,preprocessed/masks/left_rear_camera/masks/frame_000579_gt2d_000_track_56_VEHICLE_SUV.png,0.9432114362716675
left_rear,579,1772699968113192000,data\camera\left_rear_camera\1772699968113192000.jpg,1000017,1,car,0.681793,358.0,632.0,422.0,659.0,357.7220764160156,632.0040283203125,422.003173828125,659.1173095703125,matched,1,VEHICLE_CAR,preprocessed/masks/left_rear_camera/masks/frame_000579_gt2d_001_track_-1_VEHICLE_CAR.png,0.8508186340332031
left_rear,580,1772699968213169000,data\camera\left_rear_camera\1772699968213169000.jpg,-1,4,truck,0.413077,85.0,602.0,154.0,648.0,85.0,602.0,154.0,648.0,unassigned,2,VEHICLE_TRUCK,preprocessed/masks/left_rear_camera/masks/frame_000580_gt2d_002_track_-1_VEHICLE_TRUCK.png,0.8893584609031677
left_rear,580,1772699968213169000,data\camera\left_rear_camera\1772699968213169000.jpg,1000016,1,car,0.900871,694.0,0.0,1915.0,1241.0,694.2611083984375,0.006768875755369663,1915.0218505859375,1240.5064697265625,matched,0,VEHICLE_SUV,preprocessed/masks/left_rear_camera/masks/frame_000580_gt2d_000_track_56_VEHICLE_SUV.png,0.9427366256713867
left_rear,580,1772699968213169000,data\camera\left_rear_camera\1772699968213169000.jpg,1000017,1,car,0.687527,358.0,632.0,422.0,659.0,357.8809509277344,632.0067138671875,421.9991455078125,659.0374755859375,matched,1,VEHICLE_CAR,preprocessed/masks/left_rear_camera/masks/frame_000580_gt2d_001_track_-1_VEHICLE_CAR.png,0.8525146842002869
left_rear,581,1772699968313177000,data\camera\left_rear_camera\1772699968313177000.jpg,-1,4,truck,0.417687,85.0,602.0,154.0,648.0,85.0,602.0,154.0,648.0,unassigned,2,VEHICLE_TRUCK,preprocessed/masks/left_rear_camera/masks/frame_000581_gt2d_002_track_-1_VEHICLE_TRUCK.png,0.8886241912841797
left_rear,581,1772699968313177000,data\camera\left_rear_camera\1772699968313177000.jpg,1000016,1,car,0.900424,694.0,0.0,1915.0,1241.0,694.0550537109375,-0.005934634245932102,1914.984375,1240.8699951171875,matched,0,VEHICLE_SUV,preprocessed/masks/left_rear_camera/masks/frame_000581_gt2d_000_track_56_VEHICLE_SUV.png,0.9429144859313965
left_rear,581,1772699968313177000,data\camera\left_rear_camera\1772699968313177000.jpg,1000017,1,car,0.691047,358.0,632.0,422.0,660.0,357.92889404296875,631.9940795898438,421.9833679199219,659.6576538085938,matched,1,VEHICLE_CAR,preprocessed/masks/left_rear_camera/masks/frame_000581_gt2d_001_track_-1_VEHICLE_CAR.png,0.8388264179229736
left_rear,582,1772699968413184000,data\camera\left_rear_camera\1772699968413184000.jpg,-1,4,truck,0.420449,85.0,602.0,154.0,648.0,85.0,602.0,154.0,648.0,unassigned,2,VEHICLE_TRUCK,preprocessed/masks/left_rear_camera/masks/frame_000582_gt2d_002_track_-1_VEHICLE_TRUCK.png,0.8901622891426086
left_rear,582,1772699968413184000,data\camera\left_rear_camera\1772699968413184000.jpg,1000016,1,car,0.903411,694.0,0.0,1915.0,1239.0,693.9959716796875,-0.0005620411830022931,1914.987548828125,1239.6907958984375,matched,0,VEHICLE_SUV,preprocessed/masks/left_rear_camera/masks/frame_000582_gt2d_000_track_56_VEHICLE_SUV.png,0.9436085224151611
left_rear,582,1772699968413184000,data\camera\left_rear_camera\1772699968413184000.jpg,1000017,1,car,0.67315,358.0,632.0,422.0,659.0,357.9651184082031,631.9994506835938,421.99407958984375,659.2435913085938,matched,1,VEHICLE_CAR,preprocessed/masks/left_rear_camera/masks/frame_000582_gt2d_001_track_-1_VEHICLE_CAR.png,0.8552492260932922
left_rear,583,1772699968513192000,data\camera\left_rear_camera\1772699968513192000.jpg,-1,4,truck,0.429201,84.0,602.0,156.0,648.0,84.0,602.0,156.0,648.0,unassigned,2,VEHICLE_TRUCK,preprocessed/masks/left_rear_camera/masks/frame_000583_gt2d_002_track_-1_VEHICLE_TRUCK.png,0.8866982460021973
left_rear,583,1772699968513192000,data\camera\left_rear_camera\1772699968513192000.jpg,1000016,1,car,0.902791,694.0,0.0,1915.0,1238.0,693.9943237304688,0.0024214573204517365,1915.0076904296875,1238.580322265625,matched,0,VEHICLE_SUV,preprocessed/masks/left_rear_camera/masks/frame_000583_gt2d_000_track_56_VEHICLE_SUV.png,0.9426802396774292
left_rear,583,1772699968513192000,data\camera\left_rear_camera\1772699968513192000.jpg,1000017,1,car,0.676467,358.0,632.0,422.0,659.0,357.9980163574219,632.0023803710938,422.01617431640625,659.0828247070312,matched,1,VEHICLE_CAR,preprocessed/masks/left_rear_camera/masks/frame_000583_gt2d_001_track_-1_VEHICLE_CAR.png,0.8573471307754517
left_rear,584,1772699968613168000,data\camera\left_rear_camera\1772699968613168000.jpg,-1,4,truck,0.467746,85.0,602.0,155.0,648.0,85.0,602.0,155.0,648.0,unassigned,2,VEHICLE_TRUCK,preprocessed/masks/left_rear_camera/masks/frame_000584_gt2d_002_track_-1_VEHICLE_TRUCK.png,0.8907686471939087
left_rear,584,1772699968613168000,data\camera\left_rear_camera\1772699968613168000.jpg,1000016,1,car,0.900959,694.0,0.0,1915.0,1241.0,693.9593505859375,-0.0035483671817928553,1914.9791259765625,1240.137939453125,matched,0,VEHICLE_SUV,preprocessed/masks/left_rear_camera/masks/frame_000584_gt2d_000_track_56_VEHICLE_SUV.png,0.9429323673248291
left_rear,584,1772699968613168000,data\camera\left_rear_camera\1772699968613168000.jpg,1000017,1,car,0.665438,358.0,632.0,422.0,659.0,357.9745178222656,631.9964599609375,421.9877014160156,659.0159301757812,matched,1,VEHICLE_CAR,preprocessed/masks/left_rear_camera/masks/frame_000584_gt2d_001_track_-1_VEHICLE_CAR.png,0.8583706021308899
left_rear,585,1772699968713176000,data\camera\left_rear_camera\1772699968713176000.jpg,-1,4,truck,0.47398,85.0,602.0,155.0,649.0,85.0,602.0,155.0,649.0,unassigned,2,VEHICLE_TRUCK,preprocessed/masks/left_rear_camera/masks/frame_000585_gt2d_002_track_-1_VEHICLE_TRUCK.png,0.8885083198547363
left_rear,585,1772699968713176000,data\camera\left_rear_camera\1772699968713176000.jpg,1000016,1,car,0.900747,694.0,0.0,1915.0,1239.0,693.9581298828125,-0.0027400541584938765,1914.9786376953125,1239.4097900390625,matched,0,VEHICLE_SUV,preprocessed/masks/left_rear_camera/masks/frame_000585_gt2d_000_track_56_VEHICLE_SUV.png,0.9424456357955933
left_rear,585,1772699968713176000,data\camera\left_rear_camera\1772699968713176000.jpg,1000017,1,car,0.6817,358.0,632.0,422.0,659.0,357.97607421875,631.997314453125,421.9866027832031,658.9947509765625,matched,1,VEHICLE_CAR,preprocessed/masks/left_rear_camera/masks/frame_000585_gt2d_001_track_-1_VEHICLE_CAR.png,0.8529778122901917
left_rear,586,1772699968813183000,data\camera\left_rear_camera\1772699968813183000.jpg,-1,4,truck,0.450864,84.0,602.0,155.0,649.0,84.0,602.0,155.0,649.0,unassigned,2,VEHICLE_TRUCK,preprocessed/masks/left_rear_camera/masks/frame_000586_gt2d_002_track_-1_VEHICLE_TRUCK.png,0.8880535364151001
left_rear,586,1772699968813183000,data\camera\left_rear_camera\1772699968813183000.jpg,1000016,1,car,0.898947,695.0,0.0,1915.0,1241.0,694.6455078125,0.005530353169888258,1915.00390625,1240.4622802734375,matched,0,VEHICLE_SUV,preprocessed/masks/left_rear_camera/masks/frame_000586_gt2d_000_track_56_VEHICLE_SUV.png,0.9427568912506104
left_rear,586,1772699968813183000,data\camera\left_rear_camera\1772699968813183000.jpg,1000017,1,car,0.683686,358.0,632.0,422.0,659.0,358.0022888183594,632.0055541992188,422.0111389160156,658.9957275390625,matched,1,VEHICLE_CAR,preprocessed/masks/left_rear_camera/masks/frame_000586_gt2d_001_track_-1_VEHICLE_CAR.png,0.8524541258811951
left_rear,587,1772699968913191000,data\camera\left_rear_camera\1772699968913191000.jpg,-1,4,truck,0.431638,85.0,602.0,156.0,649.0,85.0,602.0,156.0,649.0,unassigned,2,VEHICLE_TRUCK,preprocessed/masks/left_rear_camera/masks/frame_000587_gt2d_002_track_-1_VEHICLE_TRUCK.png,0.8850055932998657
left_rear,587,1772699968913191000,data\camera\left_rear_camera\1772699968913191000.jpg,1000016,1,car,0.897798,694.0,0.0,1915.0,1238.0,694.2290649414062,0.000878412276506424,1914.997802734375,1238.8692626953125,matched,0,VEHICLE_SUV,preprocessed/masks/left_rear_camera/masks/frame_000587_gt2d_000_track_56_VEHICLE_SUV.png,0.942999541759491
left_rear,587,1772699968913191000,data\camera\left_rear_camera\1772699968913191000.jpg,1000017,1,car,0.67909,358.0,632.0,422.0,660.0,357.9965515136719,632.0008544921875,422.00421142578125,659.651123046875,matched,1,VEHICLE_CAR,preprocessed/masks/left_rear_camera/masks/frame_000587_gt2d_001_track_-1_VEHICLE_CAR.png,0.8392058610916138
left_rear,588,1772699969013154000,data\camera\left_rear_camera\1772699969013154000.jpg,-1,4,truck,0.434307,85.0,602.0,156.0,649.0,85.0,602.0,156.0,649.0,unassigned,2,VEHICLE_TRUCK,preprocessed/masks/left_rear_camera/masks/frame_000588_gt2d_002_track_-1_VEHICLE_TRUCK.png,0.8851267695426941
left_rear,588,1772699969013154000,data\camera\left_rear_camera\1772699969013154000.jpg,1000016,1,car,0.897009,695.0,0.0,1915.0,1241.0,694.7192993164062,-0.002956327749416232,1914.983154296875,1240.24609375,matched,0,VEHICLE_SUV,preprocessed/masks/left_rear_camera/masks/frame_000588_gt2d_000_track_56_VEHICLE_SUV.png,0.9429639577865601
left_rear,588,1772699969013154000,data\camera\left_rear_camera\1772699969013154000.jpg,1000017,1,car,0.667101,358.0,632.0,422.0,659.0,357.9821472167969,631.9970092773438,421.98883056640625,659.2391967773438,matched,1,VEHICLE_CAR,preprocessed/masks/left_rear_camera/masks/frame_000588_gt2d_001_track_-1_VEHICLE_CAR.png,0.8541248440742493
left_rear,589,1772699969113284000,data\camera\left_rear_camera\1772699969113284000.jpg,-1,4,truck,0.433052,85.0,602.0,156.0,649.0,85.0,602.0,156.0,649.0,unassigned,2,VEHICLE_TRUCK,preprocessed/masks/left_rear_camera/masks/frame_000589_gt2d_002_track_-1_VEHICLE_TRUCK.png,0.8845131397247314
left_rear,589,1772699969113284000,data\camera\left_rear_camera\1772699969113284000.jpg,1000016,1,car,0.896858,694.0,0.0,1915.0,1240.0,694.2597045898438,0.0014577551046386361,1914.993896484375,1240.1123046875,matched,0,VEHICLE_SUV,preprocessed/masks/left_rear_camera/masks/frame_000589_gt2d_000_track_56_VEHICLE_SUV.png,0.9433333873748779
left_rear,589,1772699969113284000,data\camera\left_rear_camera\1772699969113284000.jpg,1000017,1,car,0.67705,358.0,632.0,422.0,660.0,357.9930725097656,632.0014038085938,421.9989318847656,659.7467041015625,matched,1,VEHICLE_CAR,preprocessed/masks/left_rear_camera/masks/frame_000589_gt2d_001_track_-1_VEHICLE_CAR.png,0.8397840261459351
left_rear,590,1772699969213261000,data\camera\left_rear_camera\1772699969213261000.jpg,-1,4,truck,0.424937,85.0,602.0,155.0,648.0,85.0,602.0,155.0,648.0,unassigned,2,VEHICLE_TRUCK,preprocessed/masks/left_rear_camera/masks/frame_000590_gt2d_002_track_-1_VEHICLE_TRUCK.png,0.8881331086158752
left_rear,590,1772699969213261000,data\camera\left_rear_camera\1772699969213261000.jpg,1000016,1,car,0.897819,694.0,0.0,1915.0,1240.0,694.0963745117188,0.0009617469040676951,1915.0093994140625,1240.0567626953125,matched,0,VEHICLE_SUV,preprocessed/masks/left_rear_camera/masks/frame_000590_gt2d_000_track_56_VEHICLE_SUV.png,0.9431442022323608
left_rear,590,1772699969213261000,data\camera\left_rear_camera\1772699969213261000.jpg,1000017,1,car,0.676412,358.0,632.0,422.0,660.0,358.0086975097656,632.0009765625,422.01385498046875,659.9329833984375,matched,1,VEHICLE_CAR,preprocessed/masks/left_rear_camera/masks/frame_000590_gt2d_001_track_-1_VEHICLE_CAR.png,0.8360846638679504
left_rear,591,1772699969313268000,data\camera\left_rear_camera\1772699969313268000.jpg,-1,4,truck,0.430302,85.0,602.0,156.0,649.0,85.0,602.0,156.0,649.0,unassigned,2,VEHICLE_TRUCK,preprocessed/masks/left_rear_camera/masks/frame_000591_gt2d_002_track_-1_VEHICLE_TRUCK.png,0.883466899394989
left_rear,591,1772699969313268000,data\camera\left_rear_camera\1772699969313268000.jpg,1000016,1,car,0.901554,694.0,0.0,1915.0,1239.0,694.007080078125,-0.002336490200832486,1914.9871826171875,1239.369873046875,matched,0,VEHICLE_SUV,preprocessed/masks/left_rear_camera/masks/frame_000591_gt2d_000_track_56_VEHICLE_SUV.png,0.9429717063903809
left_rear,591,1772699969313268000,data\camera\left_rear_camera\1772699969313268000.jpg,1000017,1,car,0.676758,358.0,632.0,422.0,660.0,357.98651123046875,631.9976196289062,421.9910583496094,659.9986572265625,matched,1,VEHICLE_CAR,preprocessed/masks/left_rear_camera/masks/frame_000591_gt2d_001_track_-1_VEHICLE_CAR.png,0.8400099277496338
left_rear,592,1772699969413276000,data\camera\left_rear_camera\1772699969413276000.jpg,-1,4,truck,0.438366,85.0,602.0,155.0,648.0,85.0,602.0,155.0,648.0,unassigned,2,VEHICLE_TRUCK,preprocessed/masks/left_rear_camera/masks/frame_000592_gt2d_002_track_-1_VEHICLE_TRUCK.png,0.8885661363601685
left_rear,592,1772699969413276000,data\camera\left_rear_camera\1772699969413276000.jpg,1000016,1,car,0.897234,694.0,0.0,1915.0,1240.0,693.98583984375,-0.0015324782580137253,1914.9901123046875,1239.772705078125,matched,0,VEHICLE_SUV,preprocessed/masks/left_rear_camera/masks/frame_000592_gt2d_000_track_56_VEHICLE_SUV.png,0.9429630041122437
left_rear,592,1772699969413276000,data\camera\left_rear_camera\1772699969413276000.jpg,1000017,1,car,0.67618,358.0,632.0,422.0,660.0,357.9895324707031,631.9984130859375,421.9935302734375,660.0230102539062,matched,1,VEHICLE_CAR,preprocessed/masks/left_rear_camera/masks/frame_000592_gt2d_001_track_-1_VEHICLE_CAR.png,0.8437718152999878
left_rear,593,1772699969513283000,data\camera\left_rear_camera\1772699969513283000.jpg,-1,4,truck,0.447542,85.0,602.0,155.0,649.0,85.0,602.0,155.0,649.0,unassigned,2,VEHICLE_TRUCK,preprocessed/masks/left_rear_camera/masks/frame_000593_gt2d_002_track_-1_VEHICLE_TRUCK.png,0.885732114315033
left_rear,593,1772699969513283000,data\camera\left_rear_camera\1772699969513283000.jpg,1000016,1,car,0.898777,694.0,0.0,1915.0,1240.0,693.9921875,-0.0002570504730101675,1915.00439453125,1239.9266357421875,matched,0,VEHICLE_SUV,preprocessed/masks/left_rear_camera/masks/frame_000593_gt2d_000_track_56_VEHICLE_SUV.png,0.9430027008056641
left_rear,593,1772699969513283000,data\camera\left_rear_camera\1772699969513283000.jpg,1000017,1,car,0.678354,358.0,632.0,422.0,660.0,358.00384521484375,631.9996948242188,422.00738525390625,660.0305786132812,matched,1,VEHICLE_CAR,preprocessed/masks/left_rear_camera/masks/frame_000593_gt2d_001_track_-1_VEHICLE_CAR.png,0.8444643020629883
left_rear,594,1772699969613291000,data\camera\left_rear_camera\1772699969613291000.jpg,-1,4,truck,0.445547,85.0,602.0,154.0,648.0,85.0,602.0,154.0,648.0,unassigned,2,VEHICLE_TRUCK,preprocessed/masks/left_rear_camera/masks/frame_000594_gt2d_002_track_-1_VEHICLE_TRUCK.png,0.8900601267814636
left_rear,594,1772699969613291000,data\camera\left_rear_camera\1772699969613291000.jpg,1000016,1,car,0.899919,694.0,0.0,1915.0,1240.0,693.9863891601562,-0.0005440858076326549,1915.000244140625,1239.9835205078125,matched,0,VEHICLE_SUV,preprocessed/masks/left_rear_camera/masks/frame_000594_gt2d_000_track_56_VEHICLE_SUV.png,0.9432383179664612
left_rear,594,1772699969613291000,data\camera\left_rear_camera\1772699969613291000.jpg,1000017,1,car,0.681371,358.0,632.0,422.0,660.0,357.9998474121094,631.9994506835938,422.0029602050781,660.0302124023438,matched,1,VEHICLE_CAR,preprocessed/masks/left_rear_camera/masks/frame_000594_gt2d_001_track_-1_VEHICLE_CAR.png,0.8421995639801025
left_rear,595,1772699969713268000,data\camera\left_rear_camera\1772699969713268000.jpg,-1,4,truck,0.42942,85.0,602.0,154.0,648.0,85.0,602.0,154.0,648.0,unassigned,2,VEHICLE_TRUCK,preprocessed/masks/left_rear_camera/masks/frame_000595_gt2d_002_track_-1_VEHICLE_TRUCK.png,0.8897676467895508
left_rear,595,1772699969713268000,data\camera\left_rear_camera\1772699969713268000.jpg,1000016,1,car,0.897228,694.0,0.0,1915.0,1240.0,693.9729614257812,0.00034378611599095166,1914.986572265625,1240.0048828125,matched,0,VEHICLE_SUV,preprocessed/masks/left_rear_camera/masks/frame_000595_gt2d_000_track_56_VEHICLE_SUV.png,0.9434592127799988
left_rear,595,1772699969713268000,data\camera\left_rear_camera\1772699969713268000.jpg,1000017,1,car,0.682627,358.0,632.0,422.0,660.0,357.9861145019531,632.0003051757812,421.9888610839844,660.0288696289062,matched,1,VEHICLE_CAR,preprocessed/masks/left_rear_camera/masks/frame_000595_gt2d_001_track_-1_VEHICLE_CAR.png,0.8420781493186951
left_rear,596,1772699969813275000,data\camera\left_rear_camera\1772699969813275000.jpg,-1,4,truck,0.433463,85.0,602.0,154.0,648.0,85.0,602.0,154.0,648.0,unassigned,2,VEHICLE_TRUCK,preprocessed/masks/left_rear_camera/masks/frame_000596_gt2d_002_track_-1_VEHICLE_TRUCK.png,0.8834328651428223
left_rear,596,1772699969813275000,data\camera\left_rear_camera\1772699969813275000.jpg,1000016,1,car,0.896476,694.0,0.0,1915.0,1239.0,693.98828125,0.0013268113834783435,1915.000732421875,1239.3516845703125,matched,0,VEHICLE_SUV,preprocessed/masks/left_rear_camera/masks/frame_000596_gt2d_000_track_56_VEHICLE_SUV.png,0.9433673620223999
left_rear,596,1772699969813275000,data\camera\left_rear_camera\1772699969813275000.jpg,1000017,1,car,0.67242,358.0,632.0,422.0,660.0,358.0003356933594,632.0013427734375,422.0027770996094,660.0270385742188,matched,1,VEHICLE_CAR,preprocessed/masks/left_rear_camera/masks/frame_000596_gt2d_001_track_-1_VEHICLE_CAR.png,0.8408976197242737
left_rear,597,1772699969913282000,data\camera\left_rear_camera\1772699969913282000.jpg,-1,4,truck,0.461433,85.0,602.0,154.0,648.0,85.0,602.0,154.0,648.0,unassigned,2,VEHICLE_TRUCK,preprocessed/masks/left_rear_camera/masks/frame_000597_gt2d_002_track_-1_VEHICLE_TRUCK.png,0.8867851495742798
left_rear,597,1772699969913282000,data\camera\left_rear_camera\1772699969913282000.jpg,1000016,1,car,0.896943,694.0,0.0,1915.0,1242.0,693.989501953125,-0.00044867853284813464,1915.0006103515625,1241.0853271484375,matched,0,VEHICLE_SUV,preprocessed/masks/left_rear_camera/masks/frame_000597_gt2d_000_track_56_VEHICLE_SUV.png,0.9429810047149658
left_rear,597,1772699969913282000,data\camera\left_rear_camera\1772699969913282000.jpg,1000017,1,car,0.683312,358.0,632.0,422.0,660.0,358.0003356933594,631.9995727539062,422.0024719238281,660.0224609375,matched,1,VEHICLE_CAR,preprocessed/masks/left_rear_camera/masks/frame_000597_gt2d_001_track_-1_VEHICLE_CAR.png,0.8369409441947937
